SMILES,AQSOL
O=C1Nc2cccc3cccc1c23,-3.254767098
Clc1ccc(C=O)cc1,-2.177077944
C1OC1CN(CC2CO2)c3ccc(Cc4ccc(cc4)N(CC5CO5)CC6CO6)cc3,-4.662064583
Cc1cccc(C=C)c1,-3.123150304
CCC1CCC(CCC(O)=O)C1,-3.286116314
CC12CC(O)C3C(CCC4=CC(=O)C=CC34C)C1CC(O)C2(O)C(=O)CO,-2.664548539
Fc1ccc(cc1)C(=O)c2ccc(F)cc2,-4.396652185
O=C(OCCCOCCCOC(=O)c1ccccc1)c2ccccc2,-4.595502564
CN(C)c1ccc(C=O)cc1,-2.28276885
CC(=O)OC(C)(C)Cc1ccccc1,-2.394649969
CC(C)(C)c1ccc(OCC2CO2)cc1,-3.43023888
COCCCCC(=O)c1ccc(cc1)C(F)(F)F,-3.544059701
CC(C)=CCC\C(C)=C/CO,-2.320601166
CC(Oc1ccc(Cl)cc1C)C(O)=O,-2.466030786
FC(F)(F)c1cccc(Cl)c1,-3.411513885
CCC(C)(CCC(C)C)C(=O)OCC1CO1,-3.513468741
CC(C)CCCCCOC(=O)CCS,-4.4543817
CC(C)=C1CCC(=CC1)C,-4.287342935
CCNCC(O)c1cccc(O)c1,-3.45410264
ClCc1ccc(Cl)cc1Cl,-3.512942193
CC1(C)C2CCC(=C)C1C2,-4.292313455
CCCCCCCCCCCCOC(=O)C(C)O,-4.63414462
NO,-0.763033718
C=CC(=O)OCCOc1ccccc1,-2.563625713
OC(=O)CCCCCCCCC=C,-3.552826145
CCC(Cc1ccccc1)(N(C)C)C(=O)c2ccc(cc2)N3CCOCC3,-4.793227892
CC(C)CCCCCCc1ccc(O)cc1,-4.587250025
CC(=C)c1cccc(c1)C(C)=C,-4.451139225
CC(C)(C)CCCCCC(=O)OC=C,-4.581332511
Cc1ccc(cc1)C(C)(C)C,-4.472021768
OC(=O)C1CCCCC1,-1.445031941
C(CCCN=C\C=C\c1ccccc1)CCN=C/C=C/c2ccccc2,-3.893739071
CC(C)(C)CC(C)(C)c1cc(Cc2cc(cc(n3nc4ccccc4n3)c2O)C(C)(C)CC(C)(C)C)c(O)c(c1)n5nc6ccccc6n5,-7.973715535
C1CN(CCO1)Sc2sc3ccccc3n2,-3.810962795
CCCN(CCC)C(=O)SCC,-2.703174404
C1CC(CCC1COCC2CO2)COCC3CO3,-1.835797234
C=COC(=O)c1ccccc1,-2.622959195
COC(=O)c1ccc(cc1)C(C)(C)C,-3.739816376
Cc1cccc(CC(C)(C)CO)c1,-2.826535469
CC(=O)OC\C=C(C)/CCC=C(C)C,-3.754953216
CC1CC(=O)CC(C)(C)C1,-1.647141463
C=CC(=O)OCCOc1ccccc1c2ccccc2,-3.951518842
SCCC(=O)OCC(COC(=O)CCS)(COC(=O)CCS)COC(=O)CCS,-5.123168748
Cc1cc(cc(C)c1O)C(C)(C)c2cc(C)c(O)c(C)c2,-4.952868803
CCCCCCCCCCCCCCCCCC(=O)OCC(COC(=O)CCCCCCCCCCCCCCCCC)OC(=O)CCCCCCCCCCCCCCCCC,-5.47300058
CCOC(=O)CC(C)CC(C)(C)C,-3.823043168
CCc1ccc(C)nc1,-1.004260454
CC(=C)C(=O)OCCOc1ccccc1,-2.95264717
CCCCOCCOCCOCc1cc2OCOc2cc1CCC,-4.151088918
CF,-0.175874376
C(COc1ccccc1)Oc2ccccc2,-3.988526528
CCc1cc(Cc2cc(CC)c(N)c(CC)c2Cl)c(Cl)c(CC)c1N,-7.278038713
CCCC(CCC)C(O)=O,-1.857977427
CCCCCC/C=C/C1CC(=O)OC1=O,-4.021753515
FC(=C)C(F)(F)F,-2.759957367
O=C1Oc2ccccc2C=C1,-1.886030361
CC(=C)C1CCC(=CC1)C,-3.84649653
CCCC(=O)OC(C)(C)Cc1ccccc1,-4.135942613
CCCOCC(C)OCC(C)O,-0.070052651
CC1(C)CC(CC(C)(CN=C=O)C1)N=C=O,-4.170824759
O=C(Oc1ccccc1)Oc2ccccc2,-4.216916663
CCCCC(CC)C(=O)OC=C,-4.151910976
CC(=C)C(=O)NCNC(=O)C(C)=C,-1.189236756
C\1C\C=C/CC\C=C1,-2.965977173
CCCCOC(=O)c1ccccc1C(=O)OCCCC,-4.387683254
Oc1ccc(c(O)c1O)C(=O)c2ccccc2,-3.345107824
CCCCCCCCC\C=C\CC1CC(=O)OC1=O,-4.425503245
CC(C)CC(C)CC(C)\C=C(/C)C1CC(=O)OC1=O,-4.425503245
CCCCCCCCCC(=O)Oc1ccc(cc1)C(O)=O,-5.42454755
COc1ccc(\C=C\C(=O)OCCC(C)C)cc1,-5.49192521
CCCCCCCCCCCCCCCC(=O)NCC(O)=O,-5.593122622
C\1C\C=C/CC\C=C/CC/C=C1,-5.365156254
BrCc1ccc(cc1)c2ccccc2C#N,-6.656649109
CCCCC(CC)CNC(=O)CCCCCC(C)C,-5.731545253
c1ccc(cc1)c2ccc(cc2)c3ccccc3,-6.183335848
c1cc2ccc3cccc4ccc(c1)c2c34,-6.178796616
CCCCOC(=O)c1ccc(cc1)C(=O)OCCCC,-6.40319542
CCC(CC)CC1(CCCCC1)C#N,-6.587338232
CC(C)CCCCCCCOC(=O)CCCCCCCCC(=O)OCCCCCCCC(C)C,-7.252394502
CCCCN(CCCC)c1ccc2c(Oc3cc(C)c(Nc4ccccc4)cc3C25OC(=O)c6ccccc56)c1,-7.404250358
FC1(F)Oc2cccc(C=O)c2O1,-2.155833357
CCNc1cc(C#N)c(N)c2C(=O)c3ccccc3C(=O)c12,-7.638280591
CCCCC(CC)COC(=O)c1ccc(Nc2nc(Nc3ccc(cc3)C(=O)NC(C)(C)C)nc(Nc4ccc(cc4)C(=O)OCC(CC)CCCC)n2)cc1,-8.185258765
Cc1cccc(C)c1OCC(O)=O,-2.256644531
CC(=O)c1ccc(O)cc1,-1.138382451
CC(C)=CCC\C(C)=C\C=C\C(C)=O,-3.297212067
C=CN1CCN(C=C)C1=O,-1.155886444
CCC1=C(O)C(=O)C=CO1,-1.17595802
COC(=O)Cc1ccccc1,-2.211401723
CCCCCCCl,-3.122388733
CC(=C)C(=O)OCC(F)(F)F,-2.268475684
CCCCCCC(C)=O,-2.153696327
CCCCC/C=C/CC(CC(O)=O)C(O)=O,-2.404240574
CCCC(CCC)(C(O)=O)C(CCC)(\C=C\C)C(O)=O,-3.495359601
CC(C)(O)C(=O)c1ccc(Cc2ccc(cc2)C(=O)C(C)(C)O)cc1,-4.536378597
C=CC(=O)OCC1CCC2C3CC(CC3COC(=O)C=C)C12,-4.493085819
CCCCC(CC)COC(=O)C=C,-4.283204614
CC(=O)OC1CC2CC1C3CCCC23,-3.338049828
CCS,-0.84591656
CCCCC(CC)COC(=O)OOC(=O)OCC(CC)CCCC,-2.595175443
CC(C)c1ccc(CCC=O)cc1,-3.302656786
CCCCBr,-2.197764187
CCCOC(C)OCCc1ccccc1,-3.384192904
COC(OC)C(C)(C)CC=C(C)C,-3.339761604
COC(C)(C)C1CCC(=CC1)C,-3.296613578
CC/C(C)=C/CCC(C)(O)C#C,-2.302767888
O=C1C=CC(=O)N1c2ccccc2,-2.327317556
Cc1ccc(cc1)N2N=C(C)CC2=O,-2.365667988
OB(O)c1ccc(C=O)cc1,-2.267384667
CC(=O)CC(C)(C)c1ccccc1,-2.337666283
CCCCCOC(=O)CC,-2.250522404
FC(F)=C(F)Cl,-2.160954298
CCCCCCCCCCCCOCCO,-1.459377408
NCCCCCCCCCCC(O)=O,-2.400775362
NC(Nc1ccc(Cl)cc1)=NC(N)=NCCCCCCN=C(N)N=C(N)Nc2ccc(Cl)cc2,-2.800595088
C\C=C1/CC2CC1C=C2,-3.176796415
CCN(C(=O)N(CC)c1ccccc1)c2ccccc2,-3.525627796
CCCCOC(=O)c1ccccc1N,-3.383020526
Oc1ccccc1C(=O)OCc2ccccc2,-4.413922406
CCC(C)(OOC(C)(C)C)OOC(C)(C)C,-4.45076092
S(c1ccccc1)c2ccccc2,-4.360607869
Clc1c(Cl)c(Cl)c2C(=O)OC(=O)c2c1Cl,-4.553119611
CCO,1.233668218
COc1ccc(OC)cc1,-2.245531528
C1CCC(CC1)OCCc2ccccc2,-2.418090055
C/C=C/C(=O)C1C(C)C=CCC1(C)C,-3.396366501
O=C(OCC1CO1)c2ccc(cc2)C(=O)OCC3CO3,-3.557960056
CCCCC/C=C/CCC=O,-3.301742894
Cc1cc(C)c(C)c(O)c1,-2.252203004
CC(F)(F)F,-2.043101387
CC(C)(O)C(=O)c1ccc(OCCO)cc1,-1.469930479
CN=C=S,-0.98322259
CN(C(=O)N(C)c1ccccc1)c2ccccc2,-3.497557581
O=C1CCCCCCCCCCC(=O)OCCO1,-3.533758505
CC(C)CCCCCCCO,-3.324378497
CCOC(=O)C1OC1c2ccccc2,-2.409651238
CC(C)CCCC(C)(C)O,-2.286983634
CCC(=O)OCc1ccccc1,-2.344979827
CC(=O)OC1(CCCCC1)C#C,-2.352215179
CCN(CC)CC,-0.137682984
CCCCCCCC\C=C/CCCCCCCCNCCCNCCCN,-3.718391335
CSC,-0.931218902
Nc1cc(Cl)c(Cl)cc1Cl,-3.435950486
Clc1cccc(n1)C(Cl)(Cl)Cl,-3.506108364
OC(=O)c1cc2ccccc2cc1O,-3.417245584
CC(C)c1cccc(c1)C(C)CC=O,-3.677346846
FC1CC(F)(F)C(F)(F)C1(F)F,-2.436880918
CCCCC,-3.006984006
COc1cc(\C=C\C)ccc1O,-2.364737497
Cc1ccc(C=O)cc1C,-2.277035079
CCCCOC(C)=O,-1.219958563
CCN(CC)c1cccc(NC(C)=O)c1,-2.469378031
Cc1ccccc1NC(N)=Nc2ccccc2C,-3.533884584
CCCC(CC)COC(=O)CCc1cc(c(O)c(c1)C(C)(C)C)C(C)(C)C,-7.09873715
CC1(C)CCCC2(C)C3CCC(C13)C2=C,-4.412762427
Oc1ccccc1C(=O)OCCc2ccccc2,-4.489105335
CC(COC(=O)c1ccccc1)OC(=O)c2ccccc2,-4.567302938
CCC(C)(C)C1CCCCC1OC(C)=O,-4.446203904
OC(=O)Cc1ccccc1Nc2c(Cl)cccc2Cl,-4.620257788
CC(C)(C)CC(C)(C)c1ccc(O)cc1,-4.469462233
CCCCCCCCCc1ccc(O)cc1,-4.49802684
CC(C)=CCC\C(C)=C\CO,-2.351909504
COc1ccccc1OC,-1.314975067
CCCCCCOC,-2.245085326
CC(C)c1ccc(cc1)C(C)CC=O,-3.459862901
CC1CC(=CC(C)C1CO)C,-2.371197393
CC/C(C)=C/CCC(C)(O)C=C,-2.409128664
O=C(OCC1CO1)c2ccc(C(=O)OCC3CO3)c(c2)C(=O)OCC4CO4,-2.762296476
CC1CC(C)(CO1)c2ccccc2,-2.433237945
CCCCC(CC)C(=O)OCC,-3.423291255
Oc1cccc2cccnc12,-2.349605255
CCOc1ccccc1OCC,-2.41045076
C\C=C\C,-1.939465074
OCC(O)C(O)C(O)CO,0.625274489
CC(=C)C=C,-2.025733236
CCCCCCCC/C=C/CCCCCCCCNCCCNCCCNCCCN,-3.836075758
CC(C)CCCC(C)CCO,-3.393259787
CC(=O)c1ccccc1,-1.28038684
CCCCCC(O)C(/C)=C/CC,-3.431863898
CCCCOC(=O)CCC,-2.361047779
OC(=O)c1ccccc1C(O)=O,-1.424573276
O=CC1CCC2C3CCC(C3)C12,-2.419967647
Cc1cccc(C)c1O,-1.292396158
CCC(O)c1ccccc1,-2.340367591
CC(=O)c1cccc(c1)C(F)(F)F,-2.482107917
Nc1ccc(Cl)cc1Cl,-2.417174258
CC/C=C/CC/C=C/C=C,-3.34190657
OC\C=C/CO,0.846685164
CCOCCOCCOCCOC(=O)C(C)=C,-0.603011426
CCCCCCCCCC(O)=O,-3.445216137
CC(C)C,-2.977604072
CCCC,-2.977604072
CC,-2.691382006
CC1(C)C2CC=C(CCC=O)C1C2,-3.46576061
OC(=O)Cc1ccc(O)cc1,-0.399080411
COc1ccc(COC(C)=O)cc1,-2.474006642
Nc1nc(N)nc(n1)c2ccccc2,-2.494168514
CC(C)(C)C1CCC(CC1)OC(=O)C=C,-3.539328096
Brc1ccc(Br)c(C=C)c1,-4.578730408
Cc1ccccc1NC(=O)c2cc3ccccc3cc2O,-4.623441954
COC(=O)c1nc(Cl)c(Cl)nc1N,-4.534838609
CCCCCCCC\C=C/CCCCCCCC(=O)N(CCCC)CCCC,-4.788985441
CC(=C)C(=O)OC1CC2CCC1(C)C2(C)C,-4.544220436
CCCCCCCCCOC(C)=O,-4.47086065
c1ccc2ccccc2c1,-4.311225605
Oc1ccccc1C(=O)OC2CCCCC2,-4.554076293
CC\C=C/CCOC(=O)C\C=C/CC,-4.509709484
CCCCCCCCCCCC(=O)OCC(O)CO,-4.660234439
COc1ccc(c(O)c1)C(=O)c2ccccc2,-4.580253828
CC1CCC2C(C)(C)C3CC12CC(=C3C)C(C)=O,-4.613478878
CCOC(=O)c1ccccc1,-2.39990224
OC(=O)CCc1ccccc1,-1.405751413
CC(C)=CCC\C(C)=C\C=O,-2.411668206
CCCCCCC1CCCC1=O,-3.451515538
CC(C)C(=O)C(C)(C)CC=C(C)C,-3.489215864
Oc1ccc(C=C)cc1C=C,-3.394062684
Nc1ccc(Cl)cc1O,-2.390659928
CCOc1ccc(cc1)C(O)=O,-2.454899746
Nc1c(Cl)cc(cc1Cl)C(F)(F)F,-3.591642752
CNCCCN1c2ccccc2CCc3ccccc13,-3.657617041
CC(C)(C)C(=O)C(Oc1ccc(Cl)cc1)n2ccnc2,-3.703092646
CCCCCCCCC(O)CO,-2.478578955
CCC(C)C1CCCCC1=O,-2.427057806
COc1cc(C=O)ccc1OC(=O)C(C)C,-2.588667606
Cc1ccccc1,-2.206298299
CCc1ccc(CC(C)(C)C#N)cc1,-3.351339264
ClCCCCCCCl,-3.43464733
CCC(=O)OC1C=CC2C3CCC(C3)C12,-3.558592794
CCOc1ccccc1,-2.331841643
CN1C(=O)N(C(=O)C=C1C(F)(F)F)c2ccc(Cl)c(c2)C(=O)OC(C)(C)C(=O)OCC=C,-4.676528089
C=CCOC(=O)COc1ccccc1,-2.536373209
NC(N)=O,0.957840099
O=C1Nc2ccccc2N1,-2.392751997
CC(CCOC(=O)C=C)CCOC(=O)C=C,-2.621433551
Nc1cccc(Cl)c1,-1.373368413
CC(=O)OC1CCC2CCCCC2C1,-3.560504415
CCCCCCCCCCCCCCC(C)c1cc(C)cc(C)c1O,-7.335707323
C1CC=CC1,-2.104914482
FC(F)(F)C(F)(F)F,-2.423907212
CC(C)=CCC\C(C)=C/CCC=O,-3.538303545
CC(=C)C(=O)Oc1ccccc1,-2.494851361
CC1=C(C=O)C(C)(C)CC=C1,-2.465007757
CN(C)Cc1cc(c(O)c(c1)C(C)(C)C)C(C)(C)C,-2.711387028
CC(=O)CC(C)(C)C1CCCCC1,-3.548153643
CC(C)C1CCC(C)CC1O,-2.488009121
Nc1ccc(Nc2ccccc2)cc1,-2.563130476
CCC(C)C(=O)N(C)c1ccccc1,-1.580579513
NC(=O)c1cccnc1,0.612158315
Cc1cc(C)cc(O)c1,-1.387983905
CCC(COC(=O)C=C)(COC(=O)C=C)COC(=O)C=C,-2.772789495
CC(C)CC(=O)CC(C)C,-2.454057846
COc1ccc(CC=C)cc1OC,-2.55201324
CCCCCC1=C(CCC1CC(=O)OC)OC(C)=O,-3.721988672
C=CC1CCC=CC1,-3.335193031
CCCCCCCC/C=C/CCCCCCCCN(CCO)CCO,-4.78011829
CCCCOC(=O)c1ccc(C(=O)OCCCC)c(c1)C(=O)OCCCC,-4.807173711
CCC(C)N1N=CN(C1=O)c2ccc(cc2)N3CCN(CC3)c4ccc(O)cc4,-4.828521956
CCCCCCCCCCCO,-4.480440668
O=C1C(c2ccc3ccccc3n2)C(=O)c4ccccc14,-4.701186127
CCCCC(CC)COC(=O)OOC(C)(C)C,-4.659958513
CC1CC(CC(C)(C)C1)OC(=O)C(C)=C,-4.598598509
CC/C=C/CCOC(=O)c1ccccc1O,-4.643981404
Cc1cc(C)cc(C)c1,-3.382657059
CC(=O)OC(C)(C)CCCC(=C)C=C,-3.597416499
CCCN(CCC)CCC,-2.472220255
N,1.451806889
O=C1CCCCCN1C(=O)NCCCCCCNC(=O)N2CCCCCC2=O,-3.906400656
CC(C)CCOC(=O)CC(C)C,-3.554059535
CCCCCC(CO)CCC,-3.518198523
Nc1ccc(CCc2ccc(N)cc2)cc1,-3.645700574
COC(=O)c1cccnc1,-0.459550859
CC(C)(C)c1ccc(cc1)C(O)=O,-3.577962337
FC(F)C(F)(F)F,-1.416495791
Cc1cccc(O)c1C,-1.424196078
Oc1c(I)cc(Cl)c2cccnc12,-1.822256226
CCCCC(CC)C(=O)OOC(C)(C)C,-3.669517691
CC1C(CC2CC1C2(C)C)C=O,-3.558040393
CC(C)(O)CCc1ccccc1,-1.555639677
CC(=O)c1oc2ccccc2c1,-2.548488397
CCC(O)COC1CCCCC1C(C)(C)C,-3.698734262
CC(C)C1CCC(C)CC1OO,-2.588821642
CC(C)COC(=O)c1cc(N)c(Cl)c(N)c1,-2.738284824
OC1(CCCCC1)C(=O)c2ccccc2,-2.664780194
Clc1nc(Cl)nc(Cl)n1,-2.622338856
COc1cc(c(O)c(c1)C(C)(C)C)c2cc(OC)cc(c2O)C(C)(C)C,-6.776311258
CN(C=O)c1ccccc1,-1.494780947
CC12CCC3C(CCC4=CC(=O)C=CC34C)C1CCC2=O,-2.820459609
CC(C)(C)C(=O)OCCc1ccccc1,-3.675280089
CC(OC(C)=O)C1CCCCC1,-3.597623767
CC(=O)CCC1=C(C)CCCC1(C)C,-3.655044576
CCCCCCO,-1.382910122
CC/C(C)=C/CC/C(C)=C/C#N,-3.589641142
CCCCCCC1(C)CCC(=O)O1,-2.643261824
COC(C)(C)C,-0.323526854
C(NCc1ccccc1)c2ccccc2,-2.687630237
COC(=O)c1ccccc1C(=O)OC,-1.686157925
CCCCCC1CCCC(=O)O1,-1.629032231
CCOC(=O)CC(=O)C(F)(F)F,-1.663024463
CCCCCOC(=O)CCCC,-3.624481304
CC1=CC(=O)N(Cc2cccc(CN3C(=O)C=C(C)C3=O)c2)C1=O,-3.900334993
CC\C=C/CCOC(=O)c1ccccc1,-3.704897417
COC(=O)c1ccc(c(N)c1)C(=O)OC,-3.718503765
CCCC(CC)CCCCCCCN,-3.697625957
OC(=O)CCCCCCCCCCC(O)=O,-3.76024149
CC1(C)CCC2OC23C(C)(C)C4CCC13C4,-4.6529288
CC(O)CSCCCCCCCCC(C)(C)C,-4.730940692
CCCCCCCCCCCC(O)=O,-4.619583571
CCCCC(CC)COC(=O)CS,-4.635481621
CCC(C)(C)c1ccccc1,-4.50074592
CC(CCC=O)C1C(=CCCC1(C)C)C,-4.653202091
CC1(C)C2CCC(C2)C1=C,-4.471540428
CC(CC1CCCC1=O)C2CCC(=CC2)C,-4.680367049
CCCCCCCCCC(=O)OC,-4.626748523
CCCCN(CCCC)C(=O)N(CCCC)CCCC,-4.820595497
COC1CCCCCCCCCCC1,-4.683590383
CCOC1(C)CCC2C(=C)C1CCC2(C)C,-4.734296245
CCN(CC)C(=S)SSC(=S)N(CC)CC,-4.860377549
Cc1ccc(N2C(=O)c3cccc4c(N)ccc(C2=O)c34)c(C)c1,-4.891655533
Cc1cc(cc(C)c1CC#N)C(C)(C)C,-4.701811829
O=C1NC(=O)c2cccc3cccc1c23,-4.692831503
O=C1CCC2CCCCC2O1,-0.586560326
COC(=O)c1ccc(C)cc1,-2.576720352
CC1CC(C)(C)OC(Cc2ccccc2)O1,-2.744685443
Nc1ccccc1N,-0.439609879
CC(C)CCCC(C)CC#N,-3.587759138
O=C1CCCCCN1C(=O)c2cccc(c2)C(=O)N3CCCCCC3=O,-3.958346195
CC(C)=CCC\C(C)=C\CCC(C)=O,-3.697448425
CCCCCC(=O)OCC=C,-2.610551759
Fc1ccc(cc1)C(=O)CCCCl,-2.722633923
CC(C)OC(=O)CCC(=O)OC(C)C,-1.729316846
NC(=O)C(F)(F)F,-1.485022741
CCC(C)(C)C1CCC(=O)CC1,-2.656892778
CCCCCCC#CC(=O)OC,-3.651887666
CCCCCCCCCCO,-3.631238036
COc1ccc(OC)c(Cl)c1,-2.672402404
OCCOc1ccc2ccccc2c1,-2.71429469
CCCCOc1ccccc1,-3.613249563
O=C(OCCOCCOC(=O)c1ccccc1)c2ccccc2,-3.937488879
CCCCCCCC\C=C/CCCCCCCCNCCCN,-3.955042001
Clc1ccc(Cl)c(Cl)c1,-3.702452078
Cc1c(CO)nccc1OCC(F)(F)F,-1.792073711
COC,0.88436592
COc1cc(\C=C\C(O)=O)cc(OC)c1OC,-2.830470194
BrCCCCBr,-2.790216782
C1CCc2ccccc2C1,-3.567368139
CCCCOC(=O)CCCCC(=O)OCCCC,-3.86815387
Cc1ccc(c(O)c1)C(C)(C)C,-2.672674663
C=CC(=O)OCCCCCCOC(=O)C=C,-2.819336696
CCCCCCCCCC(=O)N(C)C,-2.76811118
Nc1ccc(cc1)N=Nc2ccccc2,-3.759703076
CC1=CCC(CC#N)C1(C)C,-2.647537233
Cc1ccc(O)c(c1)C(C)(C)C,-2.691753623
C=CCOc1nc(OCC=C)nc(OCC=C)n1,-2.87422578
CCCCC(O)=O,-0.490652149
CC(O)C(C)Cc1ccccc1,-1.69697299
CCCCC(C(=O)OCC)C(=O)OCC,-2.816496397
CCCCCCCCCCCC1=NCCN1CCO,-3.898655621
FC(F)(F)c1ccc(Cl)cc1,-3.727695225
Oc1ccc(cc1)c2ccc(O)cc2,-3.742373099
C\C=C\OC1CCC(CC1)O\C=C\C,-3.903732091
O=C1CCCCCCCCCOCCCCCO1,-3.8838495
CCCCCCCCCCC(C)CCCCCCCC,-6.451104534
NC(=O)N=NC(N)=O,-3.54624346
CC(C)(C)c1ccc(O)c(c1)C(C)(C)C,-3.796046333
CC(Cc1ccc(cc1)C(C)(C)C)C=O,-3.791782061
COc1ccc(cc1N)C(=O)Nc2ccccc2,-3.86580004
CCC(C)(C)Cl,-2.51054501
N#CCN(CCN(CC#N)CC#N)CC#N,-2.820404347
CC(C)(C)OOC(=O)c1ccccc1,-2.776432949
CC(F)F,-1.314722844
CCC(C)(O)CCCC(C)C,-2.694289782
COc1ccc2NC(=S)Nc2c1,-2.750681924
FC(F)(F)Br,-2.667770969
C1OC1COc2ccc3c(OCC4CO4)cccc3c2,-3.919173798
CC(C)=CCC\C(C)=C\COC=O,-3.746150762
CC(C)(N=NC(C)(C)C#N)C#N,-2.713250998
CCC(C)COC(=O)C=C,-2.653206406
Clc1sc2ccccc2n1,-2.732588375
Clc1ccc2c(Cl)ccnc2c1,-2.802624638
CCC(=O)OC1C(C)CCCC1(C)C,-3.803181261
COC(=O)c1ccc(cc1)C(=O)OC,-3.796856222
CCCCCCCC1CCCC1=O,-3.769441651
O=C(Cc1ccccc1)OCc2ccccc2,-3.86327488
CN(C)C(=S)SC(=S)N(C)C,-2.830299065
CCC(=O)C(C)CC=C(C)C,-2.701095244
s1cccc1,-1.445011049
CC(C)(c1ccc(O)cc1)c2ccc(O)cc2,-2.879922295
ClC(Cl)(Cl)C=O,-0.691340871
CCC(C)CO,-0.468101062
CC(C)CCO,-0.468101062
s1cnc2ccccc12,-1.653826526
O=C1Nc2ccccc2C(=O)O1,-2.735417906
OC(c1ccccc1)C(=O)c2ccccc2,-2.849722352
CCCCCCCCO,-2.637593121
COC(=O)COc1nc(F)c(Cl)c(N)c1Cl,-3.951281028
CC(C)=CCCC(C)(OC(C)=O)C=C,-3.81577692
CC(C)(C)c1cccc(c1O)C(C)(C)C,-4.713587378
CCCCC(CC)COC(C)=O,-4.645140005
CCCCCCCCC(C)C#N,-4.63242095
CC(C)CCCC=C,-4.458990177
ClCCc1cc2CC(=O)Nc2cc1Cl,-4.77757407
CCCCOCCOC(=O)CCCCC(=O)OCCOCCCC,-4.958733139
CC(c1ccccc1)c2ccccc2,-4.692503939
Cc1ccccc1Cc2ccccc2,-4.692503939
OC(=O)c1cc(Nc2ccccc2)c(cc1Nc3ccccc3)C(O)=O,-4.985723288
O=C(OCc1ccccc1)/C=C/c2ccccc2,-4.820796026
O=C1N=C(NC(=N1)c2ccccc2)c3ccccc3,-5.493585254
CC(C)C(=O)OC(C)(CCC=C(C)C)C=C,-4.810584984
CCCCC(CC)C(=O)OCC(C)(C)COC(=O)C(CC)CCCC,-5.02063787
CCOC(=O)C1C(C=C(C)C)C1(C)C,-4.765268274
CC(=O)c1cc(cc2c1CCC2(C)C)C(C)(C)C,-4.870866208
Cc1ccc(Nc2cc(C(O)=O)c(Nc3ccc(C)cc3)cc2C(O)=O)cc1,-5.070513482
COc1cc(NC(=O)c2cc3ccccc3cc2O)c(OC)cc1Cl,-5.062270146
CCCCC(CC)COC(=O)C(C)=C,-4.805974161
CCCCC(CC)CCl,-4.680882096
NC(=O)c1ccc(NC(=O)c2ccc(N)cc2)cc1,-4.915649994
C=CC(=O)OCCCCCCCCCCOC(=O)C=C,-4.960875455
CC1(C)CC2(CC(C)(C)N1)OC3(CCCCCCCCCCC3)NC2=O,-5.084664439
CCC(C)(C)c1ccc(O)c(c1)C(C)(C)CC,-4.892804854
ClC(=O)OCCOCCOC(Cl)=O,-4.886549003
OCc1cccc(Oc2ccccc2)c1,-2.825873142
O=C1CCCCCCCCCCCN1,-2.81950432
COC(=O)\C=C\c1ccccc1,-2.73434753
CSc1cc(SC)c(N)c(C)c1N,-2.856925458
COc1ccc(\C=C\C)cc1OC,-2.778226795
Cc1ccc2cccc(O)c2n1,-1.730618615
CC(C)(COCCCOC(=O)C=C)COCCCOC(=O)C=C,-3.04954214
CCCCCOC=O,-1.602059991
COC(=O)c1cccc(c1)C(=O)OC,-2.825819918
C=Cc1ccccc1,-2.555269616
CCCCCCOC(=O)C(C)=C,-3.755421034
Clc1cc(Cl)c(Cl)nc1Cl,-3.861424691
Nc1scc(n1)c2ccc3ccccc3c2,-4.849542252
CCCCCC(CO)Cc1ccccc1,-3.843268562
CCCCCCCCCC=O,-3.725525503
CC(=O)OC/C=C(C)/CCC=C(C)C,-3.830500177
CC(CC/C=C(C)/CCC=O)C=C,-3.79357605
COC(=O)C(F)(F)F,-0.647983703
CCOc1cc(C=O)ccc1O,-1.764202268
CC(=O)CCc1ccccc1,-1.716017996
COc1cc(NC(=O)CC(C)=O)c(OC)cc1Cl,-2.979244778
CC(=O)OC\C=C\c1ccccc1,-2.792724534
CC(=O)Oc1ccc(cc1C2C(=O)Oc3ccc(cc23)C(C)(C)CC(C)(C)C)C(C)(C)CC(C)(C)C,-6.692582562
CCC(C)CCCC(C)(C)O,-2.749344685
CC(CO)CCC1CC=C(C)C1(C)C,-3.842746406
CCCCCCCCCCCC(=O)N(C)C,-3.909307051
CC(C)(C)C1CCC(O)CC1,-3.103262125
CCCCCCCCCCCCCCN(C)C,-3.935692561
CCCCl,-1.45340682
CC(=O)c1ccc2ccccc2c1,-2.796418719
CC(Cl)CCl,-1.621664713
CCNc1ccccc1,-1.652077936
CC(C)CCOCCC(C)C,-3.760107067
Cc1ccc(Cl)c(Cl)c1,-3.775545726
CC(=O)CC(c1ccccc1)C2=C(O)Oc3ccccc3C2=O,-3.062508747
COC(=O)c1ccccc1C,-1.756647676
CC(C)=C,-2.32906904
Nc1cccc(O)c1,-0.622962848
CCCCCCCC/C=C/CCCCCCCC(=O)NCCCN(C)C,-4.149259389
Cc1c(Cl)cccc1Cl,-3.791936142
O=C1CCCCCCCCCCC1,-3.845829996
CC(C)=CCCC(C)(O)C#C,-1.772080431
Oc1ccc(cc1O)C(=O)c2ccccc2,-2.92262005
CCCCC(CC)CN,-1.713480463
Cc1ccc(N)cc1Cl,-1.753126312
Oc1ccc(c(O)c1)C2=C(O)C(=O)c3c(O)cc(O)cc3O2,-3.082409058
CC(c1ccc(O)cc1)(c2ccc(O)cc2)c3ccc(O)cc3,-4.086559757
Cc1ccc(Cl)cc1Cl,-3.808969481
COc1ccccc1C,-2.689083393
OC(=O)Cc1ccc(Cl)cc1Cl,-2.91914164
Clc1ccc(cc1)C#N,-2.749354496
CC(C)c1ccc(C=O)cc1,-2.785256582
CC(=C)C(=O)OCCCCOC(=O)C(C)=C,-2.969024542
CCC(=O)c1cccc(Cl)c1,-1.84670557
C1OC1COc2ccccc2,-1.796392183
OC(=O)CCCCCCCC(O)=O,-1.894461449
O=C1CCCCCCCCCCOCCCCO1,-4.0179592
CC(C)CCCC(C)CC=O,-3.806483007
S=C(Nc1ccccc1)Nc2ccccc2,-3.971688427
CCCBr,-1.710756249
COc1ccc(Cl)cc1,-2.779325494
CNC(=O)N(c1ccccc1)c2ccccc2,-2.983946158
Nc1ccccc1c2ccccc2,-2.861113735
OC(=O)C1CCC(CC1)C(O)=O,-0.872370724
CCOC(C)OC(C)(CCC=C(C)C)C=C,-3.976401784
O=C(c1ccccc1)c2ccccc2,-3.882202908
CCCC(=O)OC(C)C1CCCCC1,-3.920758898
CCC1(CC=C2CCCc3cc(OC)ccc23)C(O)CCC1=O,-4.122768724
CCC(C)c1ccccc1,-3.758607848
CC(=O)OC(C)(C)C1CCC(=CC1)C,-3.931170339
CC(C)=CCC\C(C)=C\CCC(C)(O)C=C,-3.985352266
CC(=C)C(=O)OCCCCCCOC(=O)C(C)=C,-4.043662925
Nc1ccc(cc1)C(F)(F)F,-2.847330143
CCCCOCCOCCOC(=O)C(C)=C,-2.015948507
Oc1ccc(cc1)C(c2ccc(O)cc2)(C(F)(F)F)C(F)(F)F,-3.179502969
CC(=O)c1cccc2ccccc12,-2.884634649
CC(C)c1ccc(N)cc1,-1.785831196
COc1ccc(N)cc1,-0.748029368
CCCCCO,-0.602799636
CC(=C)C(=O)OCC=C,-1.758481787
FC(F)(I)C(F)(F)C(F)(F)C(F)(F)I,-3.314476262
CC(C)(C)c1cc(CO)cc(c1O)C(C)(C)C,-4.012782104
CC(C)CCOCCc1ccccc1,-3.933735783
Oc1ccc2ccccc2c1C=O,-3.89356759
Nc1nc(N)c(N=O)c(N)n1,-3.845472951
ClC\C=C/Cl,-1.706753006
CNC(=O)c1cc(Oc2ccc(NC(=O)Nc3ccc(Cl)c(c3)C(F)(F)F)cc2)ccn1,-6.667295084
COCc1ccc(O)c(OC)c1,-1.893447681
CCCCCC1COCCC1OC(C)=O,-2.998795888
Nc1ccc(N=Nc2ccccc2)c(N)c1,-2.997665561
COc1ccc(O)c(c1)C(C)(C)C,-2.927488442
C1CC(CCN1)N2CCOCC2,-2.902722822
CCOC(=O)C(C)(C)c1ccccc1,-3.045838317
S=C=S,-1.559422096
COC(=O)c1ccccc1,-1.811798351
CCCCCCCC(OC)OC,-2.918005419
C1CNCCNCCNCCN1,-0.031020416
C=CCCCCCCCCC=O,-3.8931862
CC(C)Cc1ccc(cc1)C(C)C(O)=O,-3.992248355
CCNc1nc(NC(C)C)nc(SC)n1,-3.047039957
COc1cccc(c1)C(C)=O,-1.869107387
O=C1NC(=O)NC(=O)N1,-1.807646076
ClCCCN1C(=O)Nc2ccccc12,-3.020394269
Clc1ccccn1,-0.754145669
Oc1cc(Cl)ccc1Cl,-1.911165602
CCCCC(CC)COC(=O)CCCCCCCCC(=O)OCC(CC)CCCC,-3.329074326
CCC(COC(=O)C(C)=C)(COC(=O)C(C)=C)COC(=O)C(C)=C,-4.226234297
CC(C)c1ccc(O)cc1C,-2.854511354
COC1CC(C)CCC1C(C)C,-3.930174451
CC1=CCC2C(C1)C2(C)C,-4.670405271
O=C1CCCCCCCCCC\C=C/CC1,-4.883187113
Cc1ccccc1Oc2ccccc2C,-4.843927714
CC(C)c1cccc2ccccc12,-4.782393555
CCC(Cc1ccc(C)cc1)(N(C)C)C(=O)c2ccc(cc2)N3CCOCC3,-5.133233152
CC1CC2=C(CC1(C)C(C)=O)C(C)(C)CCC2,-4.941791315
Nc1cc(Cl)ccc1Oc2ccc(Cl)cc2Cl,-5.045264286
CCCCCCOC(=O)CCCCC(=O)OCCCCCC,-5.082600349
CC1CCC(CC2=C1CCC2C)C(C)(C)OC(C)=O,-5.022602512
CCCCC(CC)CCCCCC(C)CCCC(O)=O,-5.056117837
CC(C)CCCC(C)CCCC(C)(O)C#C,-4.953059619
FC(F)=C(F)OC(F)(F)C(F)(F)F,-4.954296793
CC(=C)CC(C)(C)C,-4.688326948
CC(C)(C)OOC(C)(C)C#CC(C)(C)OOC(C)(C)C,-5.114568529
CCCCCCC(CCCC)C(O)=O,-4.959305967
CCCCC(CC)COC(=O)c1ccc(N)cc1,-5.054393659
CCCCOC(=O)CCC(C)(OOC(C)(C)C)OOC(C)(C)C,-5.189881345
ClC1=C(Cl)C(=O)c2ccccc2C1=O,-5.023776406
Clc1ccccc1C(Cl)(Cl)Cl,-5.043933097
CCCCCCCCCCOC(C)=O,-4.985758302
CCCCC(C#N)c1ccccc1,-3.662354453
FC(F)(F)C(Cl)(Cl)Cl,-4.333192393
CC(C)CCCCCCCCCCO,-5.000794033
CCOc1ccccc1NC(=O)c2cc3ccccc3cc2O,-5.186601809
CC(C)OC(=O)CCCCCCCCC(=O)OC(C)C,-5.155961214
CCCCCCOC(=O)c1ccccc1O,-5.045878208
CCCCCCC(O)CCCCCCCCCCCO,-5.156094631
ClC1=C(Cl)C(=O)C(=C(Cl)C1=O)Cl,-5.089686144
CCN(CCCl)c1ccc(C=O)cc1,-3.033448375
CCC(=O)OCCC(C)C,-2.870073641
CCCCCC(O)C=C,-1.821931715
FC(F)=C(F)C(F)(F)F,-2.888798283
CC(C)(C1CCC(O)CC1)C2CCC(O)CC2,-3.097609749
CC(F)(F)Cl,-1.723390854
FCF,-1.437441792
CC(CN\C=C/1C=CC=CC1=O)N\C=C/2C=CC=CC2=O,-3.172023424
CC(CCOC(C)=O)CC(C)(C)C,-3.989167832
ClC(=O)c1ccc(cc1)C(Cl)=O,-4.028793779
CC(=C)C(=O)OCC1CCCO1,-0.952455004
CC(=C)C(=O)OCc1ccccc1,-2.968204541
CCOC(=O)OCC,-0.798209708
C/C=C/C(=O)C1=C(C)C=CCC1(C)C,-3.005248988
COc1cc(Cl)c(OC)cc1N,-3.006121292
CCCC(=O)OCCC(C)C,-2.932852123
CCCCC/C(C=O)=C/c1ccccc1,-3.046658418
ClCCCBr,-1.940151412
OC(O)C(Cl)(Cl)Cl,1.037167298
OC(=O)c1cc(O)cc(c1)C(O)=O,-2.005111367
CC(C)OC(=O)CCCCC(=O)OC(C)C,-3.107028976
CCCCCC1(C)CCC(C)(C)C1=O,-4.016533711
OC1CCCCCCCCCCC1,-3.989117726
OCCC(F)(F)C(F)(F)C(F)(F)C(F)(F)C(F)(F)C(F)(F)F,-4.287064023
CC1(C)CNCC(C)(C)C1OC(=O)CCCCCCCCC(=O)OC2C(C)(C)CNCC2(C)C,-4.40774699
CC(CCCC(C)(C)OC(C)=O)C=C,-4.030164126
CC(C)COC(=O)C1CCCCC1C(=O)OCC(C)C,-4.19123514
CC1CC(CC(C)(C)C1)OC(=O)C=C,-4.030447085
O=C(C1CCCCC1)c2ccccc2,-4.014709735
Clc1cccc(Cl)c1Cl,-4.003482074
COC(=O)c1c(C)cc(O)c(C)c1O,-4.037430925
CC(C)C1(O)CCC(=CC1)C,-1.94099707
CCCCNC(=O)OCC#CI,-3.203337363
Cc1cc2NC(=O)Nc2cc1N,-1.977138482
CC(C)(C)OOC(C)(C)C,-2.93204037
CCOC(=O)\C=C\c1ccccc1,-3.013046764
O=C1NSc2ccccc12,-1.947289546
CSc1ccc(cc1)C(=O)C(C)(C)N2CCOCC2,-4.193381143
CC1(C)C2CCC3(C2)C1C(=O)CCC3(C)C,-4.097612213
CCCCC(CC)C(=O)OOC(C)(C)CC,-4.116871778
COC1(CCCCCCCCCCC1)OC,-4.125654352
S=C1NN=C(SSC2=NNC(=S)S2)S1,-3.252213315
CCCCCCCC(C)=O,-2.930311379
CCCCCC1CC(=O)C=C(C)C1C(=O)OCC,-3.187166345
Cc1ccccc1C,-2.81916776
Cc1ccc(C)cc1,-2.81916776
O=C1NC(=O)C2=C1CCCC2,-1.974517726
CC(C)C(=O)OCCc1ccccc1,-3.079764438
CC(=O)/C=C/C1=C(C)CCCC1(C)C,-3.079863818
CCCCCCCCCCN(C)C,-4.045287835
O=CCC\C=C1/CC2CC1C3CCCC23,-4.090187913
CCCCCCC(C)(C)S,-3.990160109
CC(CCOC=O)CCC=C(C)C,-4.055960832
CCCCCCCCC(C)C=O,-4.027084465
COC(=O)C1CC(=O)C(CC1=O)C(=O)OC,-4.154195657
OCC1OC(C(O)C1O)n2cnc3C(=O)N=CNc23,-1.229848644
Cc1ccc(C)c(O)c1C,-1.935500888
Cc1cccc(C)c1,-2.832869038
CCCCCCCC(=O)NCC(O)=O,-2.111537593
CC(=O)OC1C(C)(C)C2CCC1(C)C2,-3.874596884
CC1=C(/C=C/C(C)(O)C=C)C(C)(C)CCC1,-3.164147933
CCCCCC#CC(=O)OC,-3.009132774
Oc1ccccc1C(=O)Oc2ccccc2,-3.154768756
CC(CCOC(C)=O)CCC=C(C)C,-4.09593873
FC(F)(F)C(F)(F)C(F)(F)C(F)(F)C=C,-4.197937601
O=C(Cc1ccccc1)OCCc2ccccc2,-4.188747793
CCC(COCC(CC)(COC(=O)C=C)COC(=O)C=C)(COC(=O)C=C)COC(=O)C=C,-4.492785524
C=CC(=O)OCCN1C(=O)N(CCOC(=O)C=C)C(=O)N(CCOC(=O)C=C)C1=O,-2.451419462
CC(C)c1ccc(cc1)C#N,-2.988795303
C=CCOC(=O)c1ccccc1C(=O)OCC=C,-3.221135687
NC(Nc1ccccc1)=Nc2ccccc2,-2.157516386
CC(C)(C)S,-1.787845868
CC1CC(O)CC(C)(C)C1,-1.991659848
CN(C)c1ccccc1,-1.922073697
O=C/C=C/c1ccccc1,-1.968818258
CC12CCCC(C)(CC1)C2=NO,-3.074152207
CC(=O)Nc1ccc(O)cc1,-1.033323213
C/C=C/C(=O)C1C(=CCCC1(C)C)C,-3.137855765
CCCCCCCCCO,-3.013011871
CCCOC(=O)C1CCCCC1C(=O)OCCC,-3.262691733
O=C1CCCCCCCCCCCC(=O)OCCO1,-4.261695179
Oc1cc(Cl)ccc1Oc2ccc(Cl)cc2,-4.239393124
CC(C)=CC\C=C(/C)C=C,-3.972930257
CC(CC(=O)OOC(C)(C)C)CC(C)(C)C,-4.210096102
Nc1nc(N)nc(Nc2nc(N)nc(N)n2)n1,-4.225336978
CCCCOC(=O)CSCSCC(=O)OCCCC,-4.343077858
COC(=O)C1CC2(CCC1(C)C=C2)C(C)C,-4.200866126
CC1CCCCC1,-3.845934801
CC(C)(OO)c1ccccc1,-1.039379878
O=C(OCC1CCC2OC2C1)C3CCC4OC4C3,-1.26048469
COC(=O)OC,0.185260351
CC(=C)C(=O)OC1CCCCC1,-3.088564823
CCC(=O)OCCc1ccccc1,-3.117444335
CCCC(=O)OCc1ccccc1,-3.117444335
CC/C=C/CCOC(=O)OC,-3.069830648
C1CC2CC1C=C2,-2.847721205
OC(=O)CSc1sc2ccccc2n1,-3.228897985
CC(C)(C)c1ccc(CCC=O)cc1,-3.158832906
CC1(C)CC(CC(C)(C)N1)N(CCCCCCN(C=O)C2CC(C)(C)NC(C)(C)C2)C=O,-1.539955769
NNC(N)=S,-0.845760907
CCCCC(CC)C1OCCO1,-3.119596868
CCC(C)(C)OOC(C)(C)CC,-4.100435339
CCC(=O)/C=C/C1=C(C)CCCC1(C)C,-4.187455475
CC(C)C(OC(=O)C(C)C)C(C)(C)COC(=O)C(C)C,-4.333139569
CCC(=O)OC1CCC(CC1)C(C)C,-4.173484214
CCC1(C)OOC(C)(CC)OOC(C)(CC)OO1,-4.304855444
CCOC(=O)C1=NN(C(=O)C1)c2ccccc2,-3.255345443
C=CCCCCCC=O,-1.997252193
OC(=O)C(c1ccccc1)c2ccccc2,-3.223039886
CC(C)OC(Cl)=O,-0.988291129
CC(=O)OC(=C)c1ccccc1,-2.113595388
CCOC(=O)CC1(C)OCC(C)O1,-2.179887223
Clc1cccc(Cl)c1,-3.072159801
Cc1ccccc1CCO,-1.042878011
Oc1ccc(Cl)c(O)c1,-1.070567643
CC1(C)C2CC(O)C(=C)C1C2,-2.09612479
CC(C)C1CCC(O)CC1,-2.068094275
C=CC(=O)OCCCOCC(COCCCOC(=O)C=C)OCCCOC(=O)C=C,-2.552747282
C#C,-1.336426377
CCC(=O)c1ccccc1,-2.048500068
CC(C)(C)c1ccc(C=O)cc1,-3.130955276
CCOC1CC(C)CC(C)(C)C1,-4.134294434
CC(C)CCCCCOC(=O)C=C,-4.170655466
O=C1N(SC2CCCCC2)C(=O)c3ccccc13,-4.323794172
Cc1cc(c(O)c(C)c1CC#N)C(C)(C)C,-4.257902463
CC(CCC=C(C)C)CC#N,-3.104157036
CCOc1cc(NC(=O)c2ccccc2)c(OCC)cc1N,-2.405757197
S=C1Nc2ccccc2S1,-3.151504892
O=C1CCN(N1)c2ccccc2,-1.144823301
Cc1ccccc1CCl,-3.081326924
CC(=C)c1ccccc1,-3.008082322
COc1cc(CC=C)ccc1O,-2.153177924
Fc1cccc(F)c1,-2.000357955
CC\C=C/CCOC(=O)C(C)C,-3.174187371
CC1C(C)(C)C2=C(C(=O)CCC2)C1(C)C,-3.265342251
CC(C)(c1ccc(OCCO)cc1)c2ccc(OCCO)cc2,-3.451790553
CC(C)NC(C)C,0.036242214
CC(C)COC(=O)c1ccccc1C(=O)OCC(C)C,-4.383890265
CC(CCNC(=O)OCCOC(=O)C(C)=C)CC(C)(C)CNC(=O)OCCOC(=O)C(C)=C,-4.619923834
CCC(CC)CC1(CCCCC1)C(O)=O,-4.281694517
CCCCOC(=O)\C=C\C(=O)OCCCC,-4.313551537
CC(=C)C(=O)OCCOC(=O)C(C)=C,-2.261313265
Oc1ccc(cc1)C(=O)OCc2ccccc2,-3.324981323
N#C/C=C/c1ccccc1,-2.082970342
CC(=O)/C=C/C1C(=CCCC1(C)C)C,-3.258677936
CCOC=O,0.151494188
NCCc1ccc(O)cc1,-1.116107831
CCCCOCCOC(=O)c1ccccc1,-3.322422536
OC(=O)CN(CCCN(CC(O)=O)CC(O)=O)CC(O)=O,-1.469072537
Oc1cc(F)c(F)c(F)c1,-0.153609692
CCCCCC(O)=O,-1.052219379
CCCCOC(=O)CC(O)(CC(=O)OCCCC)C(=O)OCCCC,-3.545270972
CC1C=C(C)CCC1COC(C)=O,-3.250398558
CCCCC(CC)COC(=O)CC#N,-3.286478485
Nc1ccc(Cc2ccc(N)cc2)cc1,-2.292933442
CCOc1ccc2NC(C)(C)C=C(C)c2c1,-3.332762335
CCCCCCCCC=O,-3.148706476
NCc1occc1,1.012704742
OCC(F)(F)F,0.999830658
CCOCCOCCOC(C)=O,0.75396452
OCCCCO,1.045169179
OCC(O)CO,1.035768663
OO,0.468342293
Cc1ccc(C(O)=O)c(O)c1,-1.182269102
ClCc1ccccc1Cl,-3.20690949
N#CCc1ccccc1,-3.068746
Cc1cc(Cc2cc(C)c(O)c(C)c2)cc(C)c1O,-3.408824851
CCCCCCCCCCCCCO,-3.301824028
CCOC(=O)OC1CCCCC1C(C)(C)C,-4.321140283
CCCCCC(=O)OC(=O)CCCCC,-4.296805043
CCCCCCCCCC(C)=O,-4.20182067
CC(C)(C)OOC(C)(C)c1ccccc1,-4.29093415
CC(C)CCCCCOC(=O)CS,-4.285036897
C=CCCCCC=C,-4.02327315
Oc1cc(Cl)ccc1Oc2ccc(Cl)cc2Cl,-4.46171607
CCCCCCCCCCCCCCCCCC(=O)NCCCN(C)C,-4.566614238
CCCCCCCCCCCCO,-4.984746451
CC(=C)C(=O)OCCOc1ccc(cc1)C(C)(C)c2ccc(OCCOC(=O)C(C)=C)cc2,-5.379201886
CC1(C)CCCC2(C)C1CCC3(C)OCCC23,-5.099487786
CCCCC\C(=C/c1ccccc1)C(OCC)OCC,-5.172056518
CC(=O)CC(=O)Nc1ccc(cc1C)c2ccc(NC(=O)CC(C)=O)c(C)c2,-5.325018234
CC(=O)Nc1ccc(NC(=O)c2cc3ccccc3cc2O)cc1,-5.250349512
Cc1ccc(Cl)cc1NC(=O)c2cc3ccccc3cc2O,-5.238559032
CC(C)(C)NSc1sc2ccccc2n1,-5.136722389
CCCC(=O)OCCC(C)CCC=C(C)C,-5.142612081
COc1ccc(NC(=O)c2cc3ccccc3cc2O)cc1,-5.263224655
CC(c1ccc(OC#N)cc1)c2ccc(OC#N)cc2,-5.217950889
CCCCCCCCCCCC=O,-5.061459548
CCC1(C)Nc2cccc3cccc(N1)c23,-3.247760565
CCCCC(CC)C(=O)OCCOCCOCCOC(=O)C(CC)CCCC,-5.420152134
Nc1c(ccc2C(=O)c3ccccc3C(=O)c12)c4oc5cc6C(=O)c7ccccc7C(=O)c6cc5n4,-5.496412982
CCOc1ccc(NC(=O)c2cc3ccccc3cc2O)cc1,-5.311540545
COc1cc(OC)c(NC(=O)c2cc3ccccc3cc2O)cc1Cl,-5.377540581
COc1ccc(cc1)C(=O)CSc2cccc(OC)c2,-5.284725265
O=C1c2ccccc2C(=O)c3c4Nc5ccc6c7ccccc7C(=O)c8ccc(c4ccc13)c5c68,-5.506567843
CC(C)C1CCC(=CC1)C,-5.010343937
OC(=O)CCCCCNc1nc(NCCCCCC(O)=O)nc(NCCCCCC(O)=O)n1,-2.542361308
CC(C)CCCCCCCOC(=O)C=C,-5.199912698
CCCCCCCCCC(C)C=O,-5.151636178
CN(C)c1ccc(cc1)C(c2ccc(cc2)N(C)C)c3ccc(cc3)N(C)C,-5.458398413
O=C1c2cccc(Sc3ccccc3)c2C(=O)c4c(Sc5ccccc5)cccc14,-5.517335043
Cc1cc(ccc1O)C2(CCCCC2)c3ccc(O)c(C)c3,-5.371522306
CCCCC(CC)COC(=O)\C=C\C(=O)OCC(CC)CCCC,-5.456575257
CC(C)(COC(=O)c1ccccc1)COC(=O)c2ccccc2,-5.422780359
CCOCOC1CCCCCCCCCCC1,-5.335319968
CC(C)(c1cc(Br)c(O)c(Br)c1)c2cc(Br)c(O)c(Br)c2,-5.694106411
CC(C)CCOC(=O)c1ccccc1C(=O)OCCC(C)C,-5.444898911
O=C(OC1CCCCC1)c2ccccc2C(=O)OC3CCCCC3,-5.512605542
CC(=O)OC1(CCC2C3CCC4=CC(=O)CCC4(C)C3CCC12C)C(C)=O,-5.566810733
CCCCCCCC/C=C/CCCCCCCC(=O)N(CCO)CCO,-5.567720212
CCOC(=O)C(=Cc1ccc(cc1)C=C(C(=O)OCC)C(=O)OCC)C(=O)OCC,-5.621635269
O=C(OCCc1ccccc1)/C=C/c2ccccc2,-5.401939627
CCCCCCCCCCCCCCCCCC(=O)NCCO,-5.515281581
Oc1cc2ccccc2cc1C(=O)Nc3ccc(Cl)cc3,-5.473838643
CCCCC(Cc1cc(c(O)c(c1)C(C)(C)C)C(C)(C)C)(C(=O)OC2CC(C)(C)N(C)C(C)(C)C2)C(=O)OC3CC(C)(C)N(C)C(C)(C)C3,-5.835720369
Fc1ccccc1C(=O)c2cc(Cl)ccc2NC(=O)CBr,-5.569345786
CCCCCCC(O)CCCCCCCCCCC(O)=O,-5.488370089
O=C1n2c3ccccc3nc2c4ccc5c6nc7ccccc7n6C(=O)c8ccc1c4c58,-5.633055848
CC(C)(c1ccc(OC#N)cc1)c2ccc(OC#N)cc2,-5.469558378
CCCCCCCCCCCC#N,-5.289969947
CC(C)CCC(C)Nc1ccc(NC(C)CCC(C)C)cc1,-5.575133655
CC(CO)C1CCCCCCCCCCC1,-5.451794109
COC(=O)CCCCCCCCC=C,-5.397515352
Cc1cc(c(O)c(c1)C(C)(C)C)C(C)(C)C,-5.462311288
CCC(C)c1cc(C(C)CC)c(O)c(c1)C(C)CC,-5.549793345
N(c1ccccc1)c2ccc3ccccc3c2,-5.495914846
CC(CCCC(C)C=O)CCC=C(C)C,-5.496890424
CC(C)CCC(C)Nc1ccc(Nc2ccccc2)cc1,-5.624837561
O=C1CCCCCCCCCC\C=C/CCC1,-5.560732278
COC1=CCC2=C(CCC3C2CCC4(C)C3CCC4(O)C#N)C1,-5.683242448
CC1(C)CCCC2(C)C1CCC34COC(C)(CCC23)O4,-5.645384837
CC1CCC(CC1)C(C)C,-5.354573108
CCCCCC(C)OC(=O)COc1ccc(Cl)c2cccnc12,-5.747969532
CCCCCCCCCCCCCCCCCCN(CCO)CCO,-5.775274192
O=C1CCCCCCC\C=C/CCCCCCO1,-5.629397555
COC(=O)c1ccc(NC(=O)c2cc(Cl)ccc2Cl)cc1N,-5.790064986
Oc1c(cccc1c2ccccc2)c3ccccc3,-5.683910105
CC1(C)CC\C(=C/c2ccc(Cl)cc2)C1=O,-5.671591194
CC(C)(C)c1cc(ccc1O)C(C)(CC(=O)OCCOC(=O)CC(C)(c2ccc(O)c(c2)C(C)(C)C)c3ccc(O)c(c3)C(C)(C)C)c4ccc(O)c(c4)C(C)(C)C,-6.201435362
CC(C)c1ccc(cc1)c2ccccc2,-5.609857774
CCc1cc(Cc2cc(CC)c(N)c(CC)c2)cc(CC)c1N,-5.848587947
CC(C)(c1ccc(OCCOC(=O)C=C)cc1)c2ccc(OCCOC(=O)C=C)cc2,-5.999481603
CC(c1ccccc1)c2ccc(Nc3ccc(cc3)C(C)c4ccccc4)cc2,-5.964168762
CCCCC(CC)COC(=O)c1ccccc1,-5.767784581
CC1CC(CC(C)(C)C1)OC(=O)c2ccccc2O,-5.816819422
C\C=C(/C)C(=O)OCCC(C)CCC=C(C)C,-5.791792689
CC(=C)C(=O)OCCC(F)(F)C(F)(F)C(F)(F)C(F)(F)C(F)(F)C(F)(F)F,-6.058168846
O=C1C=CC(=O)N1c2ccc(Cc3ccc(cc3)N4C(=O)C=CC4=O)cc2,-5.998008544
CCCCCCCCCCCCCCO,-5.787142557
C1CCC(CC1)NSc2sc3ccccc3n2,-5.91714268
CCOc1ccccc1NC(=O)C(=O)Nc2ccccc2CC,-6.017546673
O=C1CCCCCCCCCCCCCCO1,-5.903789723
Cc1ccc2oc(\C=C\c3oc4ccc(C)cc4n3)nc2c1,-6.000481949
CCN(CC)c1ccc(cc1)N=Nc2ccccc2,-5.982115268
CCc1ccc2C(=O)c3ccccc3C(=O)c2c1,-5.984242497
CC(C)(CC(=C)c1ccccc1)c2ccccc2,-6.01184247
CCCCc1nc(Cl)c(CO)n1Cc2ccc(cc2)c3ccccc3c4nnn(n4)C(c5ccccc5)(c6ccccc6)c7ccccc7,-6.461251172
COC(=O)c1ccc(C(=O)OC)c(c1)N=NC(C(C)=O)C(=O)Nc2ccc3NC(=O)Nc3c2,-6.314069371
CCCCCCCCCCC1CO1,-5.92315685
CCCCCCCCCCCCC1CO1,-5.984684801
C1COC2(C1)CC3CC2C4CCCC34,-5.94156112
CC(C)C(c1cc(C)cc(C)c1O)c2cc(C)cc(C)c2O,-6.16734062
COC(=O)c1cc(cc(c1)C(=O)OC)N=NC(C(C)=O)C(=O)Nc2ccc3NC(=O)Nc3c2,-6.377738451
COc1ccc(cc1O)C2=CC(=O)c3c(O)cc(O)cc3O2,-6.198752558
FC(F)(F)C(F)(F)C(F)(F)C(F)(F)C(F)(F)C(F)(F)CCOC(=O)C=C,-6.354159334
CC(C)CCCCCCCOP(OCCCCCCCC(C)C)Oc1ccccc1,-6.382029914
Cc1ccc2C(=O)c3ccccc3C(=O)c2c1,-6.117146249
N(c1ccccc1)c2ccc(Nc3ccccc3)cc2,-6.239449641
COC(=O)c1ccc2cc(ccc2c1)C(=O)OC,-6.211736201
Oc1ccc(O)c2C(=O)c3ccccc3C(=O)c12,-6.253493517
CC(C)c1ccc2ccccc2c1C(C)C,-6.230113619
COc1ccc(cc1)N2CCN(CC2)c3ccc(cc3)N4C=NNC4=O,-6.488909265
Clc1ccc(NC(=O)Nc2ccc(Cl)c(Cl)c2)cc1,-6.45772642
CC1CC(C)(C)CC(C1)(OOC(C)(C)C)OOC(C)(C)C,-6.480660768
CC(C)(c1ccccc1)C(C)(C)c2ccccc2,-6.474168897
C(Oc1ccc2ccccc2c1)c3ccccc3,-6.477673979
CN1C(=O)C=C2c3ccccc3C(=O)c4c(Br)ccc1c24,-6.680445321
C1CC=CC(C1)c2ccc(cc2)C3CCC=CC3,-6.591929049
Cc1ccc(N\N=C2/C(=O)C=Cc3ccccc23)c(C)c1,-6.705444298
CCCCCCCCCCCCCC(=O)OC,-6.649738161
CN(C)c1ccc(cc1)C(O)(c2ccc(cc2)N(C)C)c3ccc(Nc4ccccc4)c5ccccc35,-6.989135552
O=C(Nc1ccccc1SSc2ccccc2NC(=O)c3ccccc3)c4ccccc4,-6.978287061
CCCCCCCCCCCC(=O)N(CCCC)CCCC,-7.016412077
Cc1ccc(cc1)C(=O)OOC(=O)c2ccc(C)cc2,-6.798351882
Cc1cc(Cc2cc(C)cc(C3CCCCC3)c2O)c(O)c(c1)C4CCCCC4,-6.979034273
CCCCC(CC)COC(=O)c1ccccc1C(=O)OCC(CC)CCCC,-6.978908353
CC(C)c1ccccc1C(C)C,-6.602799271
CC(C)c1cccc(c1)C(C)C,-6.602799271
CCCCCCCCCCCCCCCC(O)C(CO)NC(=O)CCCCCCC\C=C/CCCCCCCC,-6.451761881
CCCCCCCCCCCCCCCC(O)=O,-6.806908841
CC(=O)OC1=CCC2C3CCC(C3)C12,-3.009726571
CCCCCCCC(=O)OCCCOC(=O)CCCCCCC,-7.516526119
CC1(C)CCCC(C1)C(=O)CCC=C,-4.77931051
CCn1c2ccccc2c3ccccc13,-6.813503151
CCN(CCOC(C)OCC(C)C)c1ccc(cc1)N=Nc2ccccc2,-7.090503766
C(Sc1nnc(c2ccccc2)c(n1)c3ccccc3)\C=C\CSc4nnc(c5ccccc5)c(n4)c6ccccc6,-7.025125555
COc1ccc(cc1)C(=O)CC(=O)c2ccc(cc2)C(C)(C)C,-7.060548154
COCCCN1C(=O)c2c(N)c3C(=O)c4ccccc4C(=O)c3c(N)c2C1=O,-7.323792769
CCCCCCCCCCCCCCCCCCCCCC(O)=O,-7.32811446
O=C(OCCCc1ccccc1)c2ccccc2,-4.800973789
CCCCCC(C)CO,-2.528127071
O=C1NC(=O)c2ccc3c4ccc5C(=O)NC(=O)c6ccc(c7ccc1c2c37)c4c56,-7.591458634
Cc1ccc(Nc2ccc(O)c3C(=O)c4ccccc4C(=O)c23)cc1,-7.549181312
CCC1(C\C=C2/CCCc3cc(OC)ccc23)C(=O)CCC1=O,-4.172504242
CCCCCCCCCCCCCCCCCC,-7.627539949
CC(C)C1OC2(CCCC2)OCC1(C)C,-3.524243771
CCCCC(CC)COC(=O)c1ccc(Nc2nc(Nc3ccc(cc3)C(=O)OCC(CC)CCCC)nc(Nc4ccc(cc4)C(=O)OCC(CC)CCCC)n2)cc1,-8.216478376
CCCCCCCCCCCCCCCC(=O)OC,-7.830038235
CC1(C)Nc2cccc3cccc(N1)c23,-2.929898895
CCN(CCOc1ccc(cc1)C2CCCCC2)c3ccc(C=C(C#N)C#N)c(C)c3,-8.386094856
CC(C)(C)c1cc(c(O)c(c1)C(C)(C)C)c2cc(cc(c2O)C(C)(C)C)C(C)(C)C,-6.889187497
COc1ccccc1N\N=C2/C(=O)C=Cc3ccccc23,-8.926016432
CCCCCCCCCCCCCCCCCC(=O)OC,-8.997839085
CC(C)CCCCCCCOC(=O)c1ccccc1C(=O)OCCCCCCCC(C)C,-9.419539808
CCC(COCCOC(=O)C=C)(COCCOC(=O)C=C)COCCOC(=O)C=C,-2.687445856
Oc1ccc(cc1)C(c2ccc(O)cc2)c3ccccn3,-4.523907797
OC(=O)c1ccccc1C(=O)c2ccc(cc2)c3ccccc3,-4.828233467
CCC(C)(N=NC(C)(CC)C#N)C#N,-2.696191526
ClC(=C)C=C,-2.550925455
FC(F)(F)F,-3.670339628
CC(C)(c1ccccc1)c2ccc(O)cc2,-4.096484707
CCCCCCCCCCCCCCCCOC(=O)Oc1c(Cl)cc(cc1Cl)C(=O)OCC,-7.133803789
O=C1NC2CC1C=C2,0.936160808
C1CCC(CC1)c2ccccc2,-4.341502278
CC1=CCC2CC1C2(C)C,-3.772570424
CC(C)(c1ccc(OCC2CO2)cc1)c3ccc(OCC4CO4)cc3,-4.799620032
CCCCCCCCCCCCCCCCN(C)C,-4.652434914
CC(C)C1CC2=C(C)CC1C(C2)C=O,-3.850854284
CCCCCCCCCCCCN(C)C,-4.426122744
Clc1ccc(Oc2cccc(Cl)c2)cc1,-5.387355317
CCCCC(CC)C(=O)OCC(COCC(COC(=O)CCCCCC(C)C)(COC(=O)C(CC)CCCC)COC(=O)C(CC)CCCC)(COC(=O)CCCCCC(C)C)COC(=O)CCCCCC(C)C,-7.323686796
CCC(=O)/C=C/C1C(=CCCC1(C)C)C,-3.992340979
CC(=O)C(\C)=C/C1C(=CCCC1(C)C)C,-3.992340979
CC(=O)CC(=O)Nc1ccc(NC(=O)CC(C)=O)cc1,-3.12750109
O=C(OCc1ccccc1)c2ccccc2,-4.177624494
C=CC(=O)N1CCOCC1,0.850257585
COCC(C)O,1.045169179
OC(=O)CS,-1.964349215
CCCCCCCCCCCCCCCCCCOC(=O)\C=C\C(=O)OCCCCCCCCCCCCCCCCCC,-7.094152366
CCOC(=O)CN=C(c1ccccc1)c2ccccc2,-3.427044449
Cc1cc(c(OP2OCC3(CO2)COP(OC3)Oc4c(cc(C)cc4C(C)(C)C)C(C)(C)C)c(c1)C(C)(C)C)C(C)(C)C,-7.801238331
CCOC(=O)CC(NC1CCC(CC2CCC(NC(CC(=O)OCC)C(=O)OCC)C(C)C2)CC1C)C(=O)OCC,-5.06653389
CN(C)CCOCCO,-0.12447488
c1ccc(cc1)P(c2ccccc2)c3ccccc3,-6.2013011
CC(CCC=C(C)C)C=C,-5.964586446
CCCCC(CC)COC(=O)CSCC(=O)OCC(CC)CCCC,-6.654998171
CC(C)=CCCc1ccc2C(=O)c3ccccc3C(=O)c2c1,-7.985818524
CCCCCCCCCOC(=O)c1ccccc1C(=O)OCCCCCCCC,-4.780941415
CC(C)CCCCCCCCOCCCNCCC#N,-3.618466492
CC(=O)c1cc(Nc2nc(Nc3cc(C(C)=O)c(N)c4C(=O)c5ccccc5C(=O)c34)nc(n2)c6ccccc6)c7C(=O)c8ccccc8C(=O)c7c1N,-4.950431795
CCCCCCCCCCCCCCCC(=O)OCC(O)CO,-4.726791601
CCCCCCCC\C=C/CCCCCCCC1=NCCN1CCO,-3.845830759
CCOCCCCCCCCCCCCCC\C=C\CC,-4.799983961
Fc1cc(Cl)ccc1CC#N,-2.59390625
CC(CC(C)(C)C#N)c1ccccc1,-3.235078816
CC(=O)OC1CCC(CC1)C(C)(C)C,-3.699640669
O=C(NC1CCCCC1)Nc2ccc(Cc3ccc(NC(=O)NC4CCCCC4)cc3)cc2,-5.142667396
Cc1ccc(cc1N=C=O)N2C(=O)N(c3ccc(C)c(c3)N=C=O)C2=O,-5.03682594
Nc1ccc(N=Nc2cccc(c2)N=Nc3ccc(N)cc3N)c(N)c1,-4.197152695
CC\C=C\C,-2.544904806
S,-5.532537815
N#Cc1ccccc1/C=C/c2ccc(cc2)/C=C/c3ccccc3C#N,-4.220638859
CCCCCCCCCCCCCCCCCCCCCC(=O)OCC(O)CO,-6.91873366
CC(C)(C)c1cc(O)ccc1O,-1.220683278
CCOC(OCC)\C=C(C)\CCC=C(C)C,-2.354799685
S=C1Nc2ccccc2N1,-2.176687281
CCCCCCOCCCCCC,-4.270303761
CCCCN(C1CC(C)(C)N(C)C(C)(C)C1)c2nc(NCCCN(CCN(CCCNc3nc(nc(n3)N(CCCC)C4CC(C)(C)N(C)C(C)(C)C4)N(CCCC)C5CC(C)(C)N(C)C(C)(C)C5)c6nc(nc(n6)N(CCCC)C7CC(C)(C)N(C)C(C)(C)C7)N(CCCC)C8CC(C)(C)N(C)C(C)(C)C8)c9nc(nc(n9)N(CCCC)C%10CC(C)(C)N(C)C(C)(C)C%10)N(CCCC)C%11CC(C)(C)N(C)C(C)(C)C%11)nc(n2)N(CCCC)C%12CC(C)(C)N(C)C(C)(C)C%12,-5.359014668
C1CCC2CCCCC2C1,-4.140677705
CCCCCCCC\C=C/CCCCCCCC(=O)OCC(C)OC(=O)CCCCCCC\C=C/CCCCCCCC,-4.781756093
O=C(Nc1cccc2C(=O)c3ccccc3C(=O)c12)c4ccc(cc4)c5ccc(cc5)N=Nc6ccc(cc6)c7ccc(cc7)C(=O)Nc8cccc9C(=O)c%10ccccc%10C(=O)c89,-5.716458279
C1Cc2ccc(CCc3ccc1cc3)cc2,-5.169478497
O=C1c2ccccc2c3ccc4c5ccc6c7ccccc7C(=O)c8ccc(c9ccc1c3c49)c5c68,-5.513312746
COc1cc2c3ccccc3C(=O)c4ccc5c6ccc7C(=O)c8ccccc8c9cc(OC)c(c1c5c24)c6c79,-5.599170695
CC(C)(C)OOC1(CCCCC1)OOC(C)(C)C,-5.386213837
CCCCCCCCCCCCCCCC(=O)OC/C=C(C)/C=C/C=C(C)/C=C/C1=C(C)CCCC1(C)C,-5.72005506
CCC(C)(C)OOC1(CCCCC1)OOC(C)(C)CC,-5.460037419
CC1=CC(C)(C)Nc2ccccc12,-5.238695804
CCCCCCCCCl,-5.172243789
B12B3B4B1C234,-4.742403021
CC(C)(C)CC(C)(C)c1ccc(O)c(c1)n2nc3ccccc3n2,-5.509793728
Cc1ccc(O)c(c1)n2nc3ccccc3n2,-5.352666728
CC(C)(C)c1cc(CCC(=O)OCCSCCOC(=O)CCc2cc(c(O)c(c2)C(C)(C)C)C(C)(C)C)cc(c1O)C(C)(C)C,-5.808172472
Cc1cc(CCC(=O)OCCOCCOCCOC(=O)CCc2cc(C)c(O)c(c2)C(C)(C)C)cc(c1O)C(C)(C)C,-5.768464941
CCCCCCCCOc1ccc(c(O)c1)C(=O)c2ccccc2,-5.513798048
CCCCCCC(CO)CCCC,-5.270303761
CCCCCCCCCCCCC(CO)CCCCCCCCCC,-5.549815883
CCCCCCCCCCCCCCC(CO)CCCCCCCCCCCC,-5.613599775
CCCCC(CC)COCOCC(CC)CCCC,-5.435323474
CCCCCCCCC(CO)CCCCCC,-5.384616815
Cc1cc(n2nc3ccc(Cl)cc3n2)c(O)c(c1)C(C)(C)C,-5.499417627
CCc1cc(Cc2cc(CC)cc(c2O)C(C)(C)C)c(O)c(c1)C(C)(C)C,-5.566509378
CCCCCCCCCCCCCCCCC(CO)CCCCCCCCCCCCCC,-5.66920434
CCCCCCCCCCCCCCCCCCNC(=O)NCCCNC(=O)NCCCCCCCCCCCCCCCCCC,-5.822918943
CC(C)(C)c1ccc2oc(nc2c1)c3sc(cc3)c4oc5ccc(cc5n4)C(C)(C)C,-5.634046793
O=C1OC(=O)c2ccc3c4ccc5C(=O)OC(=O)c6ccc(c7ccc1c2c37)c4c56,-5.593642663
CC(C)CCCCCCCCCCOC(=O)c1ccccc1C(=O)OCCCCCCCCCCC(C)C,-5.724958732
CC(C)CCCCCCCCCCOC(=O)CCCCC(=O)OCCCCCCCCCCC(C)C,-5.708288297
CCCCCCCCCCCCCCCCCCCCCCO,-5.514028148
CCCCCCCCCCCCOC(=O)CCSCCC(=O)OCCCCCCCCCCCC,-5.711686622
CCOC(=O)c1ccc(cc1)N=CN(C)c2ccccc2,-5.450777025
CCCCCCCCCCCCCCCCOC(=O)OOC(=O)OCCCCCCCCCCCCCCCC,-5.756557
CCCCCCCCCCCCCCCCCCCCO,-5.475024349
CCCCCCCCCCCCCCCCCCO,-5.432168875
CCCCCCCCCCCC(=O)OC(C)C,-5.38453799
CCCCCCCCCCCCCCCCCCCCCCCCO,-5.549815883
CCCCCCC\C=C\CC,-5.188357482
CCCCCCCCCCCC(=O)OC=C,-5.354799685
CCCCC(CC)C1CCON1CCOC(=O)NCCCCCCNC(=O)OCCN2OCCC2C(CC)CCCC,-5.790560824
COC(=O)CCc1cc(n2nc3ccccc3n2)c(O)c(c1)C(C)(C)C,-6.849323576
CCCCCCCCCCCCCCCCCCNC(=O)Nc1ccc(Cc2ccc(NC(=O)NCCCCCCCCCCCCCCCCCC)cc2)cc1,-5.942994641
ICC1CCC(CI)CC1,-5.748197572
CC(C)(C)OOC(C)(C)c1ccc(cc1)C(C)(C)OOC(C)(C)C,-5.737151587
CCCCCCCCCCCCCCCCCCSSCCCCCCCCCCCCCCCCCC,-6.057758885
CCCCCCCCCCCCC(CCCCCCCCCC)C(O)=O,-5.867639522
CCOc1ccccc1NC(=O)C(=O)Nc2ccc(CCCCCCCCCC(C)C)cc2,-6.09944947
CCCCC(CC)COC(=O)CC(C)CC(C)(C)C,-5.954976972
CCC(C)CCCOC(=O)CCc1cc(n2nc3ccccc3n2)c(O)c(c1)C(C)(C)C,-6.163940179
CC(Cc1cccc(CC(C)c2ccc(O)cc2)c1)c3ccc(O)cc3,-6.23863564
Cc1cccc(c1)N(c2ccccc2)c3ccc(cc3)c4ccc(cc4)N(c5ccccc5)c6cccc(C)c6,-6.41219838
CN(C(=S)SSC(=S)N(C)c1ccccc1)c2ccccc2,-6.260769992
CCCCCCCCCCCC(=O)OCCOCC(OCCO)C1OCC(OCCO)C1OCCO,-6.417202563
CC(C)CCCCCCCCCCCCCCCO,-6.256077616
CCCCCCCCCCCC(=O)OCC(COC(C)=O)OC(C)=O,-6.378367614
CCCCCCCCCCCCCCCOC(=O)/C=C/C(=O)OCCCCCCCCCCCCCCC,-6.553787585
CCCCCCCCOC(=O)\C=C\C(=O)OCCCCCCCC,-6.356030959
CC(C)CCCCCCCOC(=O)\C=C\C(=O)OCCCCCCCC(C)C,-6.422274591
CCCCCCCCCCCCOC(=O)\C=C\C(=O)OCCCCCCCCCCCC,-6.479738422
CCCCCCCC\C=C/CCCCCCCC(=O)OC(C)C,-6.335189016
CCCCCCC(O)CCCCCCCCCCC(=O)NCCNC(=O)CCCCCCCCCCC(O)CCCCCC,-6.735207192
O=C1OC(=Nc2ccccc12)c3ccc(cc3)C4=Nc5ccccc5C(=O)O4,-6.517040294
CCCCCCCC\C=C/CCCCCCCCCCCC(N)=O,-6.528392147
O=C=Nc1ccc(cc1)C(c2ccc(cc2)N=C=O)c3ccc(cc3)N=C=O,-6.565096595
CC(C)CCCCCCOC(=O)c1ccccc1C(=O)OCCCCCCC(C)C,-6.621817899
CCCCC(CC)COC(=O)CCCCC(=O)OCC(CC)CCCC,-6.568874945
CC(C)CCCCCCCOC(=O)CCCCC(=O)OCCCCCCCC(C)C,-6.630104322
CC(C)CCCCCCOC(=O)CCCCC(=O)OCCCCCCC(C)C,-6.600567801
CCCCCCCCOCCCCCCCC,-6.384616815
CCCCCCCCCCCCCCCCCCOC=C,-6.472081819
CCCCC(CC)COC(=O)C(C#N)=C(c1ccccc1)c2ccccc2,-6.558090281
CCCC1CCC(CC1)C2CCC(CC2)c3ccc(c(F)c3)c4cc(F)c(F)c(F)c4,-6.636031296
CCCCCCCCCCC(CO)CCCCCCCC,-6.475024349
O=C1OC(=O)c2cccc3cccc1c23,-6.29705325
CC(C)(C)c1cc(CCC(=O)OCC(COC(=O)CCc2cc(c(O)c(c2)C(C)(C)C)C(C)(C)C)(COC(=O)CCc3cc(c(O)c(c3)C(C)(C)C)C(C)(C)C)COC(=O)CCc4cc(c(O)c(c4)C(C)(C)C)C(C)(C)C)cc(c1O)C(C)(C)C,-7.07101808
CC(C)(C)CC(C)(C)c1ccc(Nc2ccc(cc2)C(C)(C)CC(C)(C)C)cc1,-6.595120185
CCCCCCCCCCCCCCCCCCCCCC(=O)NCCCN(C)C,-6.628141567
CCCCCCCCCCCC(=O)OOC(=O)CCCCCCCCCCC,-6.600567801
CCCCCCCCC(=O)OCC(CC)(COC(=O)CCCCCCCC)COC(=O)CCCCCCCC,-6.841087952
CCC(C)(C)c1cc(O)c(cc1O)C(C)(C)CC,-6.495513117
CC1(OCCO1)C2CCC3C4=CC=C5CC6(CCC5(C)C4CCC23C)OCCO6,-6.700119715
CC(C)CCCCCCCCCCOC(=O)c1ccc(C(=O)OCCCCCCCCCCC(C)C)c(c1)C(=O)OCCCCCCCCCCC(C)C,-7.18023716
CCCCCCC(=O)OCC(COC(=O)CCCCCC)OC(=O)CCCCCC,-6.933092295
CCCCCCC(O)CCCCCCCCCCC(=O)OCC(COC(=O)CCCCCCCCCCC(O)CCCCCC)OC(=O)CCCCCCCCCCC(O)CCCCCC,-7.273925856
CCCCC(CC)C(=O)OCC(COC(=O)C(CC)CCCC)OC(=O)C(CC)CCCC,-6.97376589
CCCCCCCC\C=C/CCCCCCCC(=O)OCC(COC(=O)CCCCCCC\C=C/CCCCCCCC)OC(=O)CCCCCCC\C=C/CCCCCCCC,-7.248195509
CC(C)CCCCCOC(=O)CCCCC(=O)OCCCCCC(C)C,-6.869904941
CCCCCCCCCCCCCCCCCCOCCCCCCCCCCCCCCCCCC,-7.019520889
CCCCCCC(=O)OCC(CC)(COC(=O)CCCCCC)COC(=O)CCCCCC,-6.97376589
CCCCCCCC\C=C/CCCCCCCC(=O)OCC(C)(C)COC(=O)CCCCCCC\C=C/CCCCCCCC,-7.102471439
CCCCCCCC(=O)OCC(C)(C)COC(=O)CCCCCCC,-6.853146782
CCCCCCCCCCCCCCCCCOC(=O)/C=C/C(=O)OCCCCCCCCCCCCCCCCC,-7.074077365
Clc1ccc(NC(=O)CBr)c(c1)C(=O)c2ccccc2Cl,-6.888808288
CCC(COC(=O)CCCCCCCCCCCCCCC(C)C)(COC(=O)CCCCCCCCCCCCCCC(C)C)COC(=O)CCCCCCCCCCCCCCC(C)C,-7.271182465
CCCCCCCCCCCCCCCCCC(=O)OCCCCCCCC,-6.899492196
CCCCCCCCCCCCCCC1CO1,-6.682020458
CC(C)(C)c1cc(CCC(=O)NNC(=O)CCc2cc(c(O)c(c2)C(C)(C)C)C(C)(C)C)cc(c1O)C(C)(C)C,-7.04359803
CCCCCCC(=O)OCC(COC(=O)CCCCCC)(COC(=O)CCCCCC)COC(=O)CCCCCC,-7.068063351
CCCCCCCC\C=C/CCCCCCCC(=O)OCC(COC(=O)CCCCCCC\C=C/CCCCCCCC)(COC(=O)CCCCCCC\C=C/CCCCCCCC)COC(=O)CCCCCCC\C=C/CCCCCCCC,-7.378019409
CC(C)CCCCCCCCCCCCCCC(=O)OCC(COC(=O)CCCCCCCCCCCCCCC(C)C)(COC(=O)CCCCCCCCCCCCCCC(C)C)COC(=O)CCCCCCCCCCCCCCC(C)C,-7.380942773
CCCCCCCC/C=C/CCCCCCCC(=O)OCC(CO)(CO)COC(=O)CCCCCCC\C=C\CCCCCCCC,-7.123886253
CCCCCCCCCCCC(=O)OCCC(C)C,-6.733128222
CCCCC(=O)OCC(CO)(CO)COCC(CO)(CO)CO,-6.8304565
CC(C)c1cccc(C(C)C)c1N=C=Nc2c(cccc2C(C)C)C(C)C,-6.860411082
CC(C)CCCCCCCOC(=O)CCCCCCCC(=O)OCCCCCCCC(C)C,-6.971983321
CCCCCCCCCCCCCCOC(=O)\C=C\C(=O)OCCCCCCCCCCCCCC,-7.007600998
CCCCCCCCCCCCCCCCCCCCCC(N)=O,-6.832007908
CCCCCCCCCCCCCCCCCCCCCCOC(=O)CCCCCCCCCCCCCCCCCCCCC,-7.113399141
CCCCCCCCCCCCOC(=O)CCCCCCC\C=C\CCCCCCCC,-6.955006196
CCCCCCCCCCCCCCCCOC(=O)C(CC)CCCC,-6.867639522
CCCCCCCCCCCC(=O)OCCCCCC,-6.755087841
CC(C)CCCCCCCCCCCCCCC(=O)OC(CO)CO,-6.855595469
CCCCCCCC\C=C/CCCCCCCCCCCC(=O)OCCCCCCCC\C=C/CCCCCCCC,-7.071179207
CCCCCCCCC\C=C/CCCCCCC(=O)OCCCCCCCC\C=C/CCCCCCCC,-7.027706683
CCCCCCCCOC(=O)CCCCCCC,-6.709998828
CCCCCCCCCCCCCCOC(=O)CCCCCCC\C=C/CCCCCCCC,-6.98122586
CCCCC(CC)COC(=O)CC(CC(=O)OCC(CC)CCCC)(OC(C)=O)C(=O)OCC(CC)CCCC,-7.057520047
CC(C)(c1ccccc1)c2cc(n3nc4ccccc4n3)c(O)c(c2)C(C)(C)c5ccccc5,-7.048812621
CC(CC(c1cc(c(O)cc1C)C(C)(C)C)c2cc(c(O)cc2C)C(C)(C)C)c3cc(c(O)cc3C)C(C)(C)C,-7.13419305
CCCCC(CC)CNC(=O)c1ccc(N\N=C2\C(=C(C#N)C(=O)N(C)C2=O)C)cc1,-7.024810856
CN1C(=O)C(=N/Nc2ccc(Cl)c(Cl)c2)/C(=C(C#N)C1=O)C,-6.925783782
CC(C)(C)c1cc(CN2C(=O)N(Cc3cc(c(O)c(c3)C(C)(C)C)C(C)(C)C)C(=O)N(Cc4cc(c(O)c(c4)C(C)(C)C)C(C)(C)C)C2=O)cc(c1O)C(C)(C)C,-7.292308693
OC(COc1ccc(c(O)c1)C(=O)c2ccccc2)COc3ccc(c(O)c3)C(=O)c4ccccc4,-7.138754703
CN(C\C=C\C#CC(C)(C)C)Cc1cccc2ccccc12,-4.464546178
CCCCCCCCCC(C)(C)SSC(C)(C)CCCCCCCCC,-7.127966051
CCCCC(CC)COC(=O)OCC(CC)CCCC,-6.979936669
CC(C)(c1ccc(Oc2ccc(N)cc2)cc1)c3ccc(Oc4ccc(N)cc4)cc3,-7.19172722
CCN(CC)c1ccc2C=C3C(=C(C#N)C(=O)n4c5ccccc5nc34)Oc2c1,-7.202332762
FC(F)(F)C(F)(F)C(F)(F)C(F)(F)C(F)(F)C(F)(F)C(F)(F)C(F)(F)Br,-7.397033995
Cc1cc(C)cc(c1)N2C(=O)c3ccc4c5ccc6C(=O)N(c7cc(C)cc(C)c7)C(=O)c8ccc(c9ccc(C2=O)c3c49)c5c68,-7.476148795
CCCCCCCCCCCCCCOC(=O)CCCCCCCCCCCCC,-7.327107482
CCCC1CCC(CC1)c2ccc(cc2)c3ccc(CC)cc3,-7.185390564
CC1=C(\C=C\C(C)=C\C=C\C(C)=C\C=C\C=C(C)\C=C\C=C(C)\C=C\C2=C(C)CCCC2(C)C)C(C)(C)CCC1,-7.553792438
CCCCCCCCCCCCCCCCCCNC(=O)CCCCCCCCCCC\C=C/CCCCCCCC,-7.770909423
CCCCCCCCCCCCCCCC(=O)NCCCCCCCC\C=C/CCCCCCCC,-7.704078415
CCCCCCCCCCCCCCCCCCNC(=O)CCc1cc(c(O)c(c1)C(C)(C)C)C(C)(C)C,-7.724189002
CC(C)(C)c1cc(CCC(=O)NCCCCCCNC(=O)CCc2cc(c(O)c(c2)C(C)(C)C)C(C)(C)C)cc(c1O)C(C)(C)C,-7.804113524
Nc1ccc(Cl)cc1C(=O)c2ccccc2Cl,-7.425088938
O=C1N(c2ccc(cc2)N=Nc3ccccc3)C(=O)c4ccc5c6ccc7C(=O)N(c8ccc(cc8)N=Nc9ccccc9)C(=O)c%10ccc(c%11ccc1c4c5%11)c6c7%10,-7.875509224
CCOc1cc2N=C3C(=C4Oc5cc(NC(=O)c6ccccc6)c(OCC)cc5N=C4C(=C3Oc2cc1NC(=O)c7ccccc7)NC(C)=O)NC(C)=O,-7.86138265
CCCCCCCCCCCCCCCCCCNC(=O)CCCCCCCCCCCCCCCCC,-7.729153446
B#N,-6.394784279
Cc1c(Cc2cc(c(O)c(c2)C(C)(C)C)C(C)(C)C)c(C)c(Cc3cc(c(O)c(c3)C(C)(C)C)C(C)(C)C)c(C)c1Cc4cc(c(O)c(c4)C(C)(C)C)C(C)(C)C,-7.981473646
CC(C)(c1ccccc1)c2ccc(Nc3ccc(cc3)C(C)(C)c4ccccc4)cc2,-7.782007082
O=C1c2ccccc2C(=O)c3c4Nc5ccc6C(=O)c7ccccc7C(=O)c6c5Nc4ccc13,-7.946874563
CCCCC(CC)COCCCNC(=O)Nc1cccc2c(NC(=O)NCCCOCC(CC)CCCC)cccc12,-8.06807152
CCN(CC)c1ccc2c(OC(=O)C(=C2C#N)c3sc4ccccc4n3)c1,-8.097434324
N#Cc1ccc(C=Cc2ccc(cc2)C=Cc3cccc(c3)C#N)cc1,-8.123728846
COc1cc(ccc1N=NC(C(C)=O)C(=O)Nc2ccccc2)c3ccc(N=NC(C(C)=O)C(=O)Nc4ccccc4)c(OC)c3,-8.616766696
CCCCCCOc1ccc(c(O)c1)c2nc(nc(n2)c3ccccc3)c4ccccc4,-9.15181097
CCCCCCCCCCCCCCCCCCCC\C=C\C\C=C\CCCCCCCCCCCNCCCCCCCCCCCCCCCCCCCC\C=C\C\C=C\CCCCCCCCCCC,-9.707106255
CCCCCC(CCC)COC(=O)c1ccccc1C(=O)OCC(CCC)CCCCC,-9.649988729
CC1COc2ccccc2N1C(=O)C(Cl)Cl,-3.835390149
OCC(=O)CO,1.013864214
Nc1ccc(cc1)C#N,-1.142974365
O=C1OCCO1,0.946191052
OC(=O)CC(=C)C(O)=O,-0.225028298
ClCC1CO1,-0.147373679
N=C(c1ccccc1)c2ccccc2,-2.781128006
CC1(C)CC(O)CC(C)(CN)C1,0.488999371
CC(=C)C(=O)OCC1CO1,-0.45378908
CCCCCCOC(CO)CO,-1.055812212
COC(C)(C)CCOC(C)=O,-0.439029198
NC(=O)NC1NC(=O)NC1=O,-1.508782486
O=C1CCO1,0.710489386
CCCCCCCC(=O)OCC(O)CO,0.179474131
OC(=O)CCSCCC(O)=O,-0.799143198
CC(C)CC1CC(C)(O)CCO1,2.13768162
Cc1cc(C)c(N)c(C)c1N,-0.820716356
Cc1ccc(O)cc1,-0.701547905
COC(=O)c1ccccc1N,-1.733847045
CCNC(=S)OC(C)C,-1.744788784
CCOC(=O)c1ccc(O)c(O)c1,-1.855655062
OC(=O)c1cc(cc(c1)C(O)=O)C(O)=O,-1.942299553
COc1ccc(CCC#N)cc1OC,-1.901344783
O=C1NC(=O)C2CCCC12,0.155357382
OCC(CO)(CBr)CBr,-1.130401751
C/C=C(\C)/C(=O)OC1C(C2(C(CC1(C)C)C3=CCC4C5(CCC(C(C5CCC4(C3(CC2O)C)C)(C)CO)OC6C(C(C(C(O6)C(=O)O)OC7C(C(C(C(O7)CO)O)O)O)O)OC8C(C(C(C(O8)CO)O)O)O)C)CO)OC(=O)C,-1.103103668
CC(N)C(O)=O,0.267898616
ON=C1CCCCC1,-0.849572956
OC(=O)C1CCCN1,1.129135649
CN(C)C1CCCCC1,-0.977488142
NCCCCCCNC(O)=O,-0.095298805
CCOCCOCCOC(=O)C=C,-0.181251006
N#CCCC#N,0.175240889
OC(=O)C(O)=O,0.07901721
CCCCNCCO,0.931102034
CNCCO,1.124296456
NCCO,1.214072532
CN(C)C=O,1.13611233
CCOC(=O)N(CC)c1ccccc1,0.867399476
Cc1c(N)cccc1Cl,-2.15106632
CC(=O)OCCc1ccccc1,-2.231757445
OC(=O)CCCCC1CCSS1,-2.375047335
Cc1ccccc1OCC2CO2,-2.291104446
CC(CC=O)CC(C)(C)C,-2.675906595
Clc1ccccc1Cl,-3.0533858
COc1ccc(\C=C\C)cc1,-3.125539877
CCOC(=O)N(c1ccccc1)c2ccccc2,-3.969239559
Nc1ccc(OCc2cccc(F)c2)c(Cl)c1,-4.693292334
Oc1c(Br)c2ccccc2nc1C3C(=O)c4ccccc4C3=O,-4.867097266
CC(C)CCCC(C)CCCC(C)CCCCC(C)CCCC(C)CCCC(C)C,-5.14904043
CCCCCCCCCCCCCCC/C=C/CC(CC(O)=O)C(O)=O,-6.964445851
CCCCCCCCCCCCCCCCOc1ccccc1C(=O)CC(=O)Nc2scc(n2)c3ccccc3,-4.847279535
CC(C)OCCOC(C)=O,-0.165775242
CC(CC(O)=O)CC(C)(C)C(O)=O,-0.279037497
OCCN1CCNC1=O,0.877677326
Nc1ccc(OCCO)c(N)c1,-0.233704176
CC(=C)C(O)=O,0.056273368
CC(=C)C(=O)OC(=O)C(C)=C,-0.196759712
OCCNCCO,0.957792794
C=CC(=O)OCCOCCOCCOCCOC(=O)C=C,-0.500013296
COCCOCCOC,0.84545625
C/C=C/C(O)=O,0.038175146
CC(=C)CCO,0.019067893
Cc1ccc(N)cc1,-1.047745261
CCOc1ccccc1O,-1.171451504
CCC1(COCOC1)COC(=O)C=C,-1.333054875
COc1cc(C=O)ccc1O,-1.228026593
BrCBr,-1.285894713
CC(C)(N)C#C,1.031655988
CC(O)CNCC(C)O,0.815044373
C1N2CN3CN1CN(C2)C3,0.792402682
CCC1CO1,0.080542298
O=C1CCCCC1,-0.057369728
CC(C)(CO)CO,0.901422988
CCOC(C)=O,-0.025404461
O=C1CCCCCN1,0.860120914
C=CCNCC=C,-0.079006957
N#CCCCCC#N,-0.130912442
CC(=O)CC(=O)Nc1ccccc1,-1.299081063
CCCCC(CC)(CO)CO,-1.260334336
CI,-1.214583849
CC\C=C(/C)C=O,-1.057369728
O=C1OC(=O)c2cc3C(=O)OC(=O)c3cc12,-1.406221724
CCCCOC(=O)CCC(C)=O,-1.306674746
CC1CCC2C(C1)C(=O)OC2=O,-1.301526049
Cc1cccc(C)c1N,-1.167514488
COC(=O)C1CCC(CC1)C(=O)OC,-1.387194666
NC(=O)c1ccc(N)cc1,-1.225545386
CN(C)Cc1ccccc1,-1.227918826
ClC(Cl)Cl,-1.173834312
C=CC(=O)OCC1CCCO1,-0.295451716
COC(=O)\C=C/C(=O)OC,-0.267204876
Cc1cc(O)ccc1O,-0.207417517
CNC(=O)NC,0.938636234
COCCC(=O)OC,0.802693707
OCCCCOC=C,-0.18999534
OC(=O)C=C,0.00596733
CN,1.368643478
C=CC(=O)OC1C=CC2C3CCC(C3)C12,-3.708142472
Oc1ccc(O)cc1,-0.196736611
NC(CC(O)=O)C(O)=O,-1.229318187
C1COC=CC1,-1.038398213
CCCCCCC(O)CO,-1.289975217
CCN(C(C)C)C(C)C,-1.241602263
CC(C)OC(=O)C(F)(F)F,-1.336078753
OC(=O)\C=C\C(O)=O,-1.219629428
CC(O)CN(CC(C)O)c1ccc(C)cc1,-1.5038218
OC=O,1.175855294
CCCCO,-0.050409053
CC(C)=CCO,-0.128994642
NCCCCCCN,0.738903406
CCC(C)(C)OO,-0.216594575
NCCc1ccccc1,-0.28238117
O=C1CCC(=O)O1,-0.201666274
OCC(CO)(CO)CO,-0.341616387
CC(C)C(=O)OC(=O)C(C)C,0.591790232
CC1(C)C(O)C(C)(C)C1O,-0.373677588
OCCOCCOCCCNc1ccc(NCCCOCCOCCO)c2C(=O)c3ccccc3C(=O)c12,0.057188696
CC(O)=O,1.001717808
OC(=O)CCC(=O)C(O)=O,0.614880073
CC(=C)C=O,-0.067511006
CC(C)C=O,-0.079826177
CNC(=O)C(C)(C(C)C)C(C)C,-1.394867706
ClC(Cl)=O,-1.160845842
OC(=O)CC1(CCCCC1)CC(O)=O,-1.47223405
CCSC,-1.056973282
O=Cc1ccccc1,-1.209572311
CCC(C)(OO)OOC(C)(CC)OO,-1.507773246
CCOC(=O)C(C)C,-1.255496889
O=C1OC(=O)c2ccccc12,-1.364424933
Cl\C=C\Cl,-1.187180386
c1ccc2ncccc2c1,-1.325093551
CCN1CCCCC1,-1.275710522
O=C1NCCN1,0.840273374
CC(=O)OCC(COC(C)=O)OC(C)=O,-0.575436704
CC1(C)CO1,-0.094549434
OC(=O)CC(O)(CC(O)=O)C(O)=O,0.476843124
OCCN1C(=O)N(CCO)C(=O)N(CCO)C1=O,0.340366328
OC1COC(O)C(O)C1O,0.577880851
CC(C)(CO)C(O)C(=O)NCCCO,0.437676454
OC(C(O)C(O)=O)C(O)=O,0.571847844
COC(=O)CC(C(C)=O)C(=O)OC,-0.524834841
C(CCOCC1CO1)COCC2CO2,-0.560813739
NCCC(O)=O,0.786548045
CCC(C)NCCO,0.666700934
CCOCCC(=O)OCC,-0.431708518
CNC1CCCCC1,-0.321468013
COC(=O)CC#N,-0.263631686
CCOC(=O)CC#N,-0.327612407
CC(CCC#N)C#N,-0.31550074
CCCCOCC(C)O,-0.405237967
O=C1OC=CO1,0.777076543
Cc1ncoc1C#N,-0.324555733
OCCCCCCO,1.626440718
CN(C)CCOC(=O)C(C)=C,0.502481549
OC(=O)C1CCC(=O)N1,-0.404258917
CCCC=O,-0.159007423
C1CCSC1,-1.181917475
CC(=O)Oc1ccccc1,-1.373595162
CCCl,-1.050748809
Clc1cc(Cl)ncn1,-1.417253114
Cc1ccc(N)c(C)c1,-1.335253673
Nc1ccccc1Cl,-1.357574146
CC(CN)CCCN,-1.327248701
CN1C(=CC(=O)N(C)C1=O)N,-1.453578731
C/C=C/CCC1CCCC(=O)O1,-1.488726291
CCCOC(=O)C(/O)=C/Oc1ccccc1,-1.622546359
NC1=CC(=O)N=C(N)N1,-1.378146596
Cc1ccc(N)c(Cl)c1O,-1.48155287
CC(COCC(C)OC(=O)C=C)OC(=O)C=C,-1.668298088
OC(=O)c1ccncc1,-1.375967099
OC1CSC(O)CS1,-1.469038232
CC(=O)CCCCCl,-1.415573876
CC1CC(NC(N)=O)NC(=O)N1,-1.531423432
Nc1cccc(c1)C(F)(F)F,-1.508195621
NC1CCC(CC1)CC2CCC(N)CC2,-1.62400348
COc1ccc(OC)c(NC(C)=O)c1,-1.591549855
Nc1ncccc1O,-0.346106152
C=CN1CCCCCC1=O,-0.450786076
CC(=O)OC\C=C(/C)C=O,-0.460793982
OB(O)O,-0.099255215
CCC(CO)(CO)C(O)=O,0.516803854
CC(C)CC(O)=O,-0.327924852
OCCN(CCO)c1ccccc1,-0.583380931
CCOC(=O)OC,-0.344450681
CCCCOC(=O)CO,-0.458338912
COC(=O)CCl,-0.372767961
Oc1ccccc1O,0.612341891
CCN(O)CC,0.70363191
CC(=C)C(=O)OCCOC(=O)CCC(O)=O,-0.706708916
CCC(C)C(O)=O,-0.355953575
CC1=CN(C2CC(O)C(CO)O2)C(=O)NC1=O,-0.742062088
Cc1ncc(CN)c(N)n1,0.490306563
CN(C)CCCNCCCN(C)C,0.355850804
O=C1OC(=O)C=C1,0.618115807
CCOCCCC(C)OCCOCC(C)CO,-0.790860844
CC(N)c1ccccc1,-0.481381708
CCCCNC(=O)OCCOC(=O)C=C,-1.634840597
Cc1cc(C)cc(N)c1,-1.402200462
CC1(C)CC(=O)CC(C)(C1)C#N,-1.54049772
CC(C)C1=NN(C(=O)NC(C)(C)C)C(=O)N1N,-1.718847397
CC(=O)CCc1ccc(O)cc1,-1.552040941
Nc1cc(Cl)nc(C(O)=O)c1Cl,-0.004250052
Oc1ccc(Cl)cc1Cl,-1.558983084
COC(=O)C=C(C)C,-1.414000411
CC(=O)OCC=C(C)C,-1.474321317
CCCCCCCC(=O)N(C)C,-1.600248341
CCCCCC(C)=O,-1.433338371
CCCC(C)C=O,-1.377449362
O=C1OC(=O)C2CCCCC12,-1.564736497
CCC(CO)(COCC=C)COCC=C,-1.718248447
CCCCNCCCC,-1.503965448
CC(COCC(C)OC(=O)C=C)OCC(C)OC(=O)C=C,-1.875569091
CCCCN(CCO)CCCC,-1.636738571
Cc1ccc(cc1N)C(N)=O,-0.57673192
OCc1scnc1,0.525735536
Cc1ccc(N)cc1N,-0.507184532
Cc1cc(N)ccc1N,-0.507184532
CCCCOC(=O)\C=C/C(O)=O,-0.667780979
Cc1ccc(NCCO)cc1O,-0.655055328
OC1CNC(C1)C(O)=O,0.439922115
CCOC(=O)C(C)C=C,-1.576310856
CNC(=S)NN,-0.465572855
COC(=O)CC(=C)C(=O)OC,-0.653770318
OCCOCCOc1ccccc1,-0.716525615
CC(CCCC(C)(C)O)CC=O,-0.692136567
CCCNCCC,-0.461082427
Nc1ccccc1,-0.425016895
CCc1nccnc1C,0.444510788
C=CC(=O)NCNC(=O)C=C,-0.655242676
Nc1ccc(F)cc1,-0.527274385
CC(=O)C1CCOC1=O,0.397509321
CC1OC(=C(O)C1=O)C,0.390669896
CC(C)C(O)C(C)(C)CO,-0.666725926
O=C1CCCC1,0.553677557
COC=O,0.698593779
CC1C=CCC2C1C(=O)OC2=O,-0.736268462
CC(C)NC(=O)C(C)=C,-0.620142884
CCOCCOC(C)(C)C,-0.687915225
COC(C)CCOC(C)=O,-0.687784528
CC(C)C(=O)OOC(C)(C)C,-1.607002567
COC(Cc1ccccc1)OC,-1.629618671
C1OCC2Cc3ccccc3C2O1,-1.656093273
COc1cc(CC(C(C)=O)C(C)=O)ccc1O,-1.786365949
CCOC(=O)C(Cl)C(=O)OCC,-1.720972355
CC(=C)C(=O)OCCOCCOCCOC(=O)C(C)=C,-1.900555252
CC1CC(CCC1N)CC2CCC(N)C(C)C2,-1.821038361
Cc1ccc(C)c(O)c1,-1.537582757
ClCC(Cl)Cl,-1.581104063
Cc1cc(O)c(C)c(C)c1O,-1.638326634
C=CCN1C(=O)N(CC=C)C(=O)N(CC=C)C1=O,-1.852601969
COC(=O)c1nccnc1N,-1.642266052
Nc1nc(N)nc(N)n1,-1.559215049
Nc1ccccc1C(F)(F)F,-1.675686709
CC(=O)N1CCN(CC1)c2ccc(O)cc2,-1.817914488
C1OC1COc2ccc(cc2)N(CC3CO3)CC4CO4,-1.919234725
CNCc1cccc2ccccc12,-1.715098888
COc1ccccc1NC(=O)CC(C)=O,-1.805905521
CC(C)OC(C)C,-1.516592758
CC(C)Br,-1.598518701
CCSCC,-1.468024827
CC(C)=CCCC(C)=O,-1.621048971
CCCCOCCOCCOCCCC,-1.862006084
CC1CCC(C(O)C1)C(C)=C,-1.711112365
COc1ccc(C)cc1N,-1.660175876
Nc1ccc(Cl)cc1,-1.628640918
CCC(C)CC(=O)CC,-1.630817582
FC(F)Cl,-1.459734159
OCC#CCO,1.536339003
OC(=O)CCC(N(CC(O)=O)CC(O)=O)C(O)=O,0.043603804
CC(=C)OC(C)=O,-0.527751378
O=C1OC(=O)C2CC=CCC12,-0.713921772
CC(C)(C)C(O)=O,-0.563561886
CC1(C)CC(O)CC(C)(C)N1CCO,-0.859820553
CCN(CC)CC#C,-0.602013123
C1CCOCOC1,0.41078966
CC(C)=CC(C)=O,-0.560826234
Oc1ccc(Cl)cc1,-0.687659717
CC(=C)C#N,-0.406708517
Cc1ccccc1O,-0.619013017
OCCOc1ccccc1,-0.742461176
CC(=O)NNC(C)=O,0.328668176
CCOC(=O)C(C)C1CCCCC1,-3.327456749
CN(C)CCOC(=O)C=C,0.224310685
CC1COC(=O)O1,0.371232292
COc1ccc(CO)cc1,-0.744727146
OC1(CCCCC1)C#C,-0.704896063
OC(=O)c1ccc2C(=O)OC(=O)c2c1,-0.896196315
CC(C)(CO)COC(=O)C(C)(C)CO,0.068201817
NNC(=O)NN,0.414558554
CCCC(C)O,-0.254140825
Cc1cccc(O)c1,-0.662918503
CS,-0.314879436
CCCC1CO1,-0.57344678
Oc1ccccc1Cl,-0.753839202
Clc1ccc(Br)cc1Cl,-1.01149355
CC(=O)CC(=O)OCCOC(=O)CC(C)=O,-0.0337559
C1OCOCO1,0.371717126
CCC(CO)(CO)COCC(CC)(CO)CO,-1.076302279
COC(=O)CCS,-0.757587608
C=CC=O,0.569379255
CC(=C)C(N)=O,0.37539119
CC1=CC(=O)CC(C)(C)C1=O,-0.87790415
OCCOCC#CCOCCO,0.758961822
OCCc1ccccc1,-0.785923914
CC(=O)OC=C,-0.633922712
Oc1ccccc1C#N,-0.774965627
OC(=O)c1ccccc1,-1.619929844
OC1=CC(=O)NC=N1,-1.587161122
O=COCc1ccccc1,-1.673119803
CCCCOCC,-1.54996066
Cc1ccccc1N=C(N)N=C(N)N,-1.842241499
CC(C)(O)C1CCC(C)(O1)C=C,-1.799728458
CC(=O)CC(=O)Nc1ccccc1C,-1.850192261
CC(C)C(NC(N)=O)NC(N)=O,-1.809694359
FC(F)CCl,-0.922963208
CC(C)(O)c1cccc(c1)C(C)(C)O,-1.863533046
CCc1cccc(C)c1N,-1.706127176
COc1ccc(NC(=O)CC(C)=O)cc1,-1.901477183
CC1OCC(O1)c2ccccc2,-1.805450609
CCCC1CC(=CC(=O)C1)C,-1.772587094
CC(=O)Oc1ccc(cc1)C#N,-1.799017293
ClC(Cl)=C,-1.588580927
Sc1ccccc1Cl,-1.780035133
Nc1nccnc1C(O)=O,-1.763159597
CN(C)Cc1ccccc1Cl,-1.849355422
C=CCOC(=O)OCCOCCOC(=O)OCC=C,-2.06526472
OCCCCCCC=C,-1.744232864
CC(C)C1CCC(C)CC1OCC(O)CO,-2.006358589
COc1ccc(C=O)cc1O,-1.826243245
Cc1ccc(C=O)cc1,-1.723701533
CC1CC(=CC(C)C1C=O)C,-1.844063724
CC(=O)COc1c(C)cccc1C,-1.918544784
COc1ccc(OC)c(N)c1,-1.858869039
CC(=O)CC(=O)Nc1ccc(C)cc1C,-1.990078682
COc1ccc(C)cc1NC(C)=O,-1.931164755
CC1=NN(C(=O)C1)c2ccccc2,-1.925085284
CCCCCCC=O,-1.750124429
CC(C)(C)OC(=O)C=C,-1.804593715
CC(O)C(=O)N(C)C,1.630235126
OC(=O)c1cccc2cccc(c3cccc4cccc(C(O)=O)c34)c12,-2.233440337
CC(C)COC(=O)C=C,-1.806759777
CC(CC=O)c1ccccc1,-1.86983286
Cc1cc(O)ccc1N,-1.789422053
COC(=O)C(=O)c1ccccc1,-1.914237348
Cc1c(O)cccc1O,0.192772727
CC(C)(O)C=C,0.351057238
COc1cc(Nc2c(cnc3cc(OCCCN4CCN(C)CC4)c(OC)cc23)C#N)c(Cl)cc1Cl,-4.879551326
C/C=N/O,0.495819462
CCC(OCCCOC)OC(C)=O,-0.016848465
C\C=C/C=O,0.412016319
CC1OC1C,0.397295078
CCOc1ccc(N)cc1,-0.860835326
Clc1ccccc1C(=O)CC#N,-2.175139595
CC(=O)CC(=O)OCCOC(=O)C(C)=C,-1.063682205
O=C1OCc2ccccc12,-0.862721053
O=C1CCN(CC1)Cc2ccccc2,-1.016982858
COC(=O)\C=C(/C)N,-0.805923544
OC(C(F)(F)F)C(F)(F)F,0.020110333
CC(=O)OCCOC(C)=O,0.068474963
ClC(Cl)(Cl)C(=O)C(Cl)(Cl)Cl,-1.17979792
COC=C,-0.531030497
CCOCCOC(=O)C(C)=C,-0.96747386
CCOC(=O)C(Cl)C(C)=O,-0.985949247
CCN(CC)CC(C)O,0.102111364
CC(N)=S,0.336339534
COCC(C)OC(C)=O,0.083023239
CCCCOCCOCCOCOCCOCCOCCCC,-1.301635776
CC1OC(=O)C(C)OC1=O,-0.936025863
ClCBr,-0.889164102
NC(=O)c1ccccc1N,-0.913922317
CC\C=C/CCO,-0.785854804
COC1CCC=CO1,-0.853333105
CCCCCCCCCc1ccc(OCCOCCO)cc1,-0.304510239
CC(C)C(N1CCCNC1=O)C(O)=O,-1.102861926
CC(=O)OC(C=C)C#N,-0.898693945
CC1CCCCC1O,-0.864495868
CC(O)COc1ccccc1,-1.003417731
CN(CC(O)=O)C(N)=N,-0.938741673
Cc1ccccc1N,-0.853925235
CCCCC(CC)COCCCN,-1.096509119
CC(C)CC=O,-0.759083357
COCCOC(=O)C=C,0.043941678
CN(C)C(N)=O,0.212431567
OC(C(O)=O)c1ccccc1,-0.032126941
CC1(C)NC(=O)NC1=O,0.03847382
CC(C)CC(C)=O,-0.851479539
COc1ccccc1N,-0.944324013
C=COCCOCCOC=C,-1.053070208
CC(CO)OC(=O)C(C)=C,-0.044931546
Cc1ccc2OCC(=O)COc2c1,-1.114155449
CCOC(=O)c1ccnc(c1)C(=O)OCC,-1.2184149
CC(C)(O)C(=O)c1ccccc1,-1.091532091
CC1=CCC2C(C1)C(=O)OC2=O,-1.09999437
CCC(C)C=O,-0.821231264
CC(C)CN(CC(C)C)C=O,-1.082666634
CN1C(=C(NC=O)C(=O)N(C)C1=O)N,-1.183120855
C=CCOCC1CO1,0.049756882
CCOC(=O)CC1(C)OCCO1,-0.144823593
COC(=O)CCC(=O)OC,-0.075223164
O=C(OCC1CO1)C2CC=CCC2C(=O)OCC3CO3,-1.34010886
Oc1ccc(cc1O)C#N,-1.023516095
CC(=C)C(=O)OCCOCCOCCOCCOC(=O)C(C)=C,-1.41863926
COC1CCCC1,-0.903788639
O=N\C=C/1NC=CC=C1,-1.000451858
O=C1NC(=O)C2CC=CCC12,-1.093091418
CC1=CC(=O)CC(C)(C)C1,-1.061358221
Cc1cccc(N)c1,-0.950835248
CCC(C)(C)O,0.126659691
NC(N)=S,0.188516266
Oc1cccc(O)c1,1.003488328
CCC(CO)(CO)COCC=C,-0.199755177
CSCCC(O)C#N,-0.07654115
CC(C)=CC=O,0.116503747
CC(C)CC(C)(O)C#C,-1.036597924
O=CC1CCC=CC1,-0.977550168
O=C1CC(=O)NC(=O)N1,-1.048661639
OCCCCCCCl,-1.082442195
N#CCCCCCCC#N,-1.081092287
CC(C)C1(C)N=C(NC1=O)c2ncccc2C(O)=O,-1.364029386
CC\C=C/C#N,-0.859899212
OCC1CCC2C3CC(CC3CO)C12,-1.25150549
COC1OC(CO)C(O)C(O)C1O,0.745212549
CC1CCOC1,0.090131249
CC(O)SC=C,0.005493119
CCC(C)(O)C#C,0.016731992
NNC(=O)CCCCC(=O)NN,-0.232457951
COCCOC,1.045169179
C1COCCO1,1.054994515
CN1CCCC1=O,1.003781751
CNC(N)=O,1.130281439
OCCSCCO,0.91296789
OCCOCCO,0.974198666
CC(=C)C(=O)OCCN1CCNC1=O,0.702848146
NCCNCCO,0.982328216
CN(CCO)CCO,0.923854927
OCCOCCOCCO,0.823405251
OCCN(CCO)CCO,0.826260286
OCCCl,1.094128597
OC(=O)CC#N,1.07026441
OCCOC(=O)C=C,0.935107933
CC(O)C#N,1.148258691
CC(C)(O)C#C,1.075111062
CC(C)(C)N,1.135850982
CC(C)(C)O,1.130047012
Cc1ccccn1,1.03091506
OCCS,1.107148825
CN(C)CCCO,0.986467618
OCCCCOC(=O)C=C,0.841125102
CN(C)C(C)=O,1.059872163
CC(NC=O)C#N,1.008308858
CCNCC,1.135850982
CNC(C)=O,1.13611233
C1CN1,1.365835212
CCC(O)CO,1.045169179
NC1CCCCC1,1.003589033
NC1CC1,1.243394316
ClC(=O)C(Cl)=O,0.896449406
NC=O,1.346391976
COC(=O)COCO,0.920442528
CNN,1.336553508
O=C1CCCCO1,0.999492173
CCCC(O)CO,0.982344896
OCCCCCO,0.982344896
CC(N)CN,1.130023576
CCC(O)=O,1.130304889
OC(=O)C(F)(F)F,0.943011346
OC(=O)c1cc(Br)nn1c2ncccc2Cl,-1.448934642
CCC(C)(C)OC,-0.979563677
CC(=O)C(O)c1ccccc1,-1.176603424
COC(OC)OC,-1.025801334
OCC(CBr)(CBr)CBr,-2.226109519
CC1CC=C(C)C(=O)C1C,-1.885266962
CCCCC(CC)COCC(O)CO,-2.055017119
NC(=O)c1ccc(Cl)c(N)c1,-1.976703976
C1OC1COc2cccc(c2)N(CC3CO3)CC4CO4,-2.192561189
c1ccccc1,-1.642308875
CC1(C)CC(CC(C)(C)N1)NCCCCCCNC2CC(C)(C)NC(C)(C)C2,-2.350745656
CC(C)CC(C)(O)C#CC(C)(O)CC(C)C,-2.124350764
CCCCOC(=O)C=C,-1.877340851
CCCCOCc1ccc(O)c(OC)c1,-2.094896806
Nc1scc(CC(O)=O)n1,-1.981673118
CCN(CC)c1cccc(O)c1,-2.011278797
COC(=O)C=C1CCCC1,-1.942572269
Fc1ccccc1,-1.792409766
NCC(F)F,0.522530377
CC(=O)OCC1OC(OC(C)=O)C(OC(C)=O)C(OC(C)=O)C1OC(C)=O,-2.415352911
CC(C)(CO)Cc1ccccc1,-2.042313822
C1OC1c2ccccc2,-1.906541121
CC(C)(C)OOC(=O)C(C)(C)C,-2.067961594
CC\C=C/CC1=C(C)CCC1=O,-2.045238375
Clc1ccccc1C=O,-1.980572221
CCC(C)c1ccccc1O,-2.012377793
CCCCCCCCN(CCO)CCO,-2.191037603
CCOC(OCC)OCC,-2.040520296
CCCCCCCCC(=O)N(C)C,-2.144049559
Cc1cc(ccc1N=C=O)c2ccc(N=C=O)c(C)c2,-2.308127519
CC(=O)\C=C\c1ccccc1,-2.050971343
Oc1ccc(cc1)C2NC(=O)NC2=O,-2.17310492
CC(O)CC(C)(C)c1ccccc1,-2.147286724
Oc1cccc2ccccc12,-2.061973923
Nc1cccc(Cl)c1Cl,-2.130384701
Cc1ccc(Cl)cc1N,-2.071885074
CC(=O)N(CCN(C(C)=O)C(C)=O)C(C)=O,-2.279225735
CC(C)C1CCC(C)CC12OCC(CO)O2,-2.279385535
CCOC(=O)Cc1ccccc1,-2.136202486
CC\C=C/CCOC(C)=O,-2.111500803
CCCCN1C(=O)C=C(C)C(=C1O)C#N,-2.272990744
CCCc1ccc(O)c(OC)c1,-2.179290593
ClCC(Cl)C=C,-2.055510379
CCCCCCCCN1CCCC1=O,-2.257749011
CCC(C)C\C(CC)=N\O,-2.130728127
FC(F)(F)C(Br)=C,-2.238585126
COc1ccc(CC(C)C=O)cc1,-2.24666187
CC(C)(C)CC(C)(C)NC(=O)C=C,-2.258829244
FCC(F)(F)F,-2.008727887
CCOC(=O)C1OC1(C)c2ccccc2,-2.314375006
Nc1ccc(Cl)cc1C(F)(F)F,-2.293481376
CC(C)(C)c1ccccc1O,-2.189958914
CC(CCCC(C)(C)O)C=C,-2.221207241
CC(Cc1ccc2OCOc2c1)C=O,-2.31343814
CCC(C)Cl,-2.001263871
CC1CCOC(C1)C=C(C)C,-2.224445792
CCCCC(CC)CO,-2.160471866
CC\C(C)=C\CCC(C)=O,-2.192586036
OC(=O)c1oc(cc1)C(O)=O,-2.239623736
OC(=O)c1cccc(Cl)c1Cl,-2.331672919
CC(=O)CC(=O)Nc1ccccc1Cl,-2.406536077
CC(=O)Oc1ccc(Br)cc1,-2.416604157
Nc1cccc2cccc(N)c12,-2.307122857
C=CC=C,-1.8668457
CCC\C=C(/CC)C=O,-2.255957874
CCCCC(CC)C=O,-2.262840797
CC(CC(O)=O)CC(C)(C)C,-2.354220979
CC(=O)CC(=O)Nc1ccc2NC(=O)Nc2c1,-2.522680786
Nc1ccc2NC(=O)Nc2c1,-2.334782902
CCCCC1OC(C)CC(C)(C)O1,-2.45329736
CC(C)C(=O)c1ccccc1,-2.35661526
CC(C)(C)c1ccc(O)cc1,-2.391400814
ClCC(Cl)C(Cl)=C,-2.424454207
CCOC(=O)C(C)CC,-2.336416369
CC(C)(C)C1CCC(=O)CC1,-2.417381608
Nc1ccc(Cl)c(Cl)c1,-2.446137954
CCCCOCCOCCOC(=O)CCCCC(=O)OCCOCCOCCCC,-2.882184886
COc1ccc(C)cc1,-2.339542101
C(CNc1cccc2ccccc12)CN3CCOCC3,-2.702803349
Oc1ccccc1c2ccccc2,-2.506711754
CCC(C)(C)c1ccccc1O,-2.49122422
CC(CCC=C(C)C)C=O,-2.447858542
OC(=O)CN(CCN(CC(O)=O)CC(O)=O)CC(O)=O,-2.766775599
CCCCCCCCCCCC(=O)N(C)CC(O)=O,-2.734641439
C/C(C=O)=C/c1ccccc1,-2.474718615
CC(C)=CC1CC(=C)CCO1,-2.510422359
CCCC(C)C(=O)OCC,-2.489690542
CC(=C)C(=O)OC(C)(C)C,-2.486375508
CCCCOC=C,-2.33794082
CC1(C)CCCC(C)(O1)C=C,-2.535987278
CC1=Nc2ccc(cc2C1(C)C)C(O)=O,-2.662589054
CC1CCCCC1OC(C)=O,-2.550297857
CCCCC(CC)COC(=O)C(C)O,-2.67352571
Brc1ccccc1,-2.568561457
COc1cc(CC=C)ccc1OC(C)=O,-2.701591149
CC=C(C)C,-2.233150945
CCCCOC(=O)C(C)=C,-2.544367455
CC(CCO)CC(C)(C)C,-2.557079916
Clc1ccccc1,-2.449320235
CCOC(=O)N1C(=O)c2ccccc2C1=O,-2.738772633
CC(CCO)CCc1ccccc1,-2.660025838
C=COC1CCCCC1,-2.582541974
C=COCCCCOC=C,-2.64774351
COc1ccc2CCCCc2c1,-2.747738524
Nc1cccc2c(N)cccc12,-2.767853696
CC(O)CCC1CCCCC1,-2.767361572
CCCCOCOCCCC,-2.806877
CC1(C)COC(=O)C2CC=CCC2C(=O)OC1,-3.004181056
COC(=O)C1C(=CCCC1(C)C)C,-2.908515996
CC(C)(C)C#C,-2.613556425
CC(C)C(=O)OCCOc1ccccc1,-3.026343537
CC1=C(N2C(SC1)C(N)C2=O)C(O)=O,-3.045355413
Cc1ccc(C(N)=O)c(O)c1,-2.917000159
Clc1ccc2CC(=O)Nc2c1,-2.968988553
CC(Cc1ccccc1)(C=C)C#N,-3.000616717
CCCCOC(=O)\C=C/C(=O)OCCCC,-3.128034162
CCCCC(CC)C(=O)OC,-2.989804004
C1CCC=CC1,-2.710466438
OCCN1C(=O)Nc2ccccc2C1=O,-3.112893643
CCCC=C,-2.675673086
CCCCC(CC)COCC1CO1,-3.114865161
OC(Cn1ccnc1)c2ccc(Cl)cc2Cl,-3.264007824
CC(C)CC1CC(C)CCO1,-3.079929481
C1CN(CCO1)SSN2CCOCC2,-3.259634304
Fc1cc(Br)cc(F)c1F,-3.210297936
S=C(SN1CCOCC1)N2CCOCC2,-3.291300662
CCC(=O)N(C1CCN(CC1)Cc2ccccc2)c3ccccc3,-3.41504339
Cc1cc(C)c(O)c(c1)C(C)(C)C,-3.171909199
Cc1cccc2NC(=S)Nc12,-3.13627918
CCCCCCCCCCC=O,-3.152023201
FC(F)(F)c1ccc(Cl)c(Cl)c1,-3.267982491
CC(O)COc1ccc(cc1)C(C)(C)c2ccc(OCC(C)O)cc2,-3.499700952
CCC(C)Br,-3.111478098
CC(C)COC(=O)Cc1ccccc1,-3.271047196
Cc1ccc(Cl)cc1,-3.102385677
C=CC1CC2CC1C=C2,-3.079886402
CC(C)CCC(C)(O)C#CC(C)(O)CCC(C)C,-3.437525292
CCOC(=O)C1=C(C)C=CCC1(C)C,-3.411619706
CCCCCCCCCCCCCCCCN,-3.583510043
CCCCCCCCCCCCCCCCCCN,-3.631245614
ClCCN1C(=O)Nc2ccccc2C1=O,-3.574799439
CC1(C)CCC=C(C1)C(=O)CCC=C,-3.534247486
CCOC(=C)C1C(C)(C)CC(=O)CC1(C)C,-3.643344283
SC1CCCCC1,-3.367213956
CC(C)N(C(=O)CO)c1ccc(F)cc1,-1.178639899
CCCCCCC(=O)OCC=C,-3.597623767
CCCCCCCc1ccc(O)cc1,-3.659701705
CCCCCCCCCc1ccc(OCC(O)=O)cc1,-3.84259676
CCCCCCCCCC(C)(C)SSC1=NNC(=S)S1,-3.988563911
CC(O)C(C)\C=C/C1CC=C(C)C1(C)C,-3.786028703
CC(C)(c1ccc(O)c(CC=C)c1)c2ccc(O)c(CC=C)c2,-3.996383552
CC(C)CC1(C)OCC(CO)O1,-0.705980377
CC(C)CCCCCN(CCCCCC(C)C)CCCCCC(C)C,-4.05724758
C1CN(CCC1Nc2ccccc2)Cc3ccccc3,-3.954222946
OC(=O)C(CCBr)(c1ccccc1)c2ccccc2,-4.069491258
CC12CCC(=O)C=C1C=CC3C2CCC4(C)C3CCC45CCC(=O)O5,-4.100706158
CC(=C)C(=O)OCC(F)(F)C(F)(F)C(F)(F)C(F)F,-4.045967349
CC(C)(C)CCCCC(O)=O,-2.475043149
COCc1ccc(cc1)c2ccc(COC)cc2,-4.002368633
CCCCCCCCCCCCCCOC(=O)OOC(=O)OCCCCCCCCCCCCCC,-4.349900579
C1C=CC2C3CC(C=C3)C12,-3.82022117
CC(C)CCCC(C)CCCC(C)=O,-4.005176134
C1CCC\C=C/CC1,-3.770339988
CN(C)C(=S)SSC(=S)N(C)C,-4.116196121
CN1C(C)(C)CC(CC1(C)C)OC(=O)CC(C(CC(=O)OC2CC(C)(C)N(C)C(C)(C)C2)C(=O)OC3CC(C)(C)N(C)C(C)(C)C3)C(=O)OC4CC(C)(C)N(C)C(C)(C)C4,-4.672731896
CCOC(=O)C1=C(COCCN2C(=O)c3ccccc3C2=O)NC(=C(C1c4ccccc4Cl)C(=O)OC)C,-4.501126952
C=CCOC(=O)CCC1CCCCC1,-4.062449254
Cc1cc(Cc2ccc(N)c(C)c2)ccc1N,-4.150608709
CCCCNC(=S)N(CCCC)CCCC,-4.184066506
CCCCC(CC)CNCC(CC)CCCC,-4.236722556
Nc1ccc(Cc2ccc(N)c(Cl)c2)cc1Cl,-4.286890723
CC(O)C(C)(C)\C=C\C1CC=C(C)C1(C)C,-4.216746334
CCOC(=O)c1nn(c2ccc(OC)cc2)c3C(=O)N(CCc13)c4ccc(cc4)N5CCCCC5=O,-4.628205844
ON1CC(=O)N=C2C=CC(=CC2=C1c3ccccc3Cl)Cl,-4.465332821
CCCCCC,-3.944170335
NC(NC#N)=NCCCCCCN=C(N)NC#N,-4.434690373
CCC(=O)OC(C)(CCC=C(C)C)C=C,-4.382357893
COC1=Cc2ccccc2Nc3ccccc13,-4.514419394
CC(C)CCCC(C)CCCC(C)CCCC(C)(O)C=C,-4.708653825
CCC1(C/C=C2/CCCc3cc(OC)ccc23)C(=O)CCC1=O,-4.838817119
CC(=O)OC1N=C(c2ccccc2Cl)c3cc(Cl)ccc3NC1=O,-5.028666923
COC1=CCC2=C(CCC3C2CCC4(C)C3CCC4=O)C1,-4.979874504
N(c1ccccc1)c2cccc3ccccc23,-4.863891631
O=C(OCCOC(=O)c1ccccc1)c2ccccc2,-5.070092502
CC1CCC2(C)C(=CCCC2(C)C1OC=O)C,-5.031142113
COC(=O)CCc1cc(c(O)c(c1)C(C)(C)C)C(C)(C)C,-5.123582907
C1CC(CC=C1)C2OCC3(CO2)COC(OC3)C4CCC=CC4,-5.239735444
CCC(C)C(C)C(C)CCc1ccc(O)cc1,-5.182405388
CC(C)CCCCCCCOC(=O)c1ccc(C(=O)OCCCCCCCC(C)C)c(c1)C(=O)OCCCCCCCC(C)C,-5.706573948
CC(C)CCCC(C)CCCC(C)CCCC(C)=O,-5.474677518
O=C(CC(=O)c1ccccc1)c2ccccc2,-5.657902962
CCCCCCCCCCCCCCCCCCCCCCOC(=O)CCCCCCCCC(=O)OCCCCCCCCCCCCCCCCCCCCCC,-6.405660228
CC(=O)OC1(CCC2C3CC(=C)C4=CC(=O)CCC4(C)C3CCC12C)C(C)=O,-6.107793161
CCCCN(CCCC)C(=S)SCSC(=S)N(CCCC)CCCC,-6.240523569
CCCCCCCCCCCCCCCCCCOCCCN(C)C,-6.85205403
COc1ccc(c(O)c1)C(=O)c2ccccc2O,-7.273884108
O=C1CCCCCN1C(=O)Nc2ccc(Cc3ccc(NC(=O)N4CCCCCC4=O)cc3)cc2,-7.763261262
Cc1ccc(Sc2ccc(cc2)C(=O)c3ccccc3)cc1,-7.61540826
CC(C(C)(C)C)C(C)(C)SSSC(C)(C)C(C)C(C)(C)C,-9.129966133
NC(CO)CO,0.974427117
NC(CO)(CO)CO,0.790628369
OCCCOCC(OCCCO)C(OCCCO)C(OCCCO)C(COCCCO)OCCCO,0.053341445
CC1=CC(=O)N2NC=NC2=N1,-1.347195531
NCCCCCCCCCCN,1.527701003
CC1CO1,0.832570488
CCCCOCNC(=O)C=C,-0.653663028
CC(O)C(=O)NCCO,1.307032379
OCC1CCCO1,0.38877392
CC(=O)CC(C)=O,0.186448508
COC(=O)CC(=O)OC,0.027341968
CN(C)C(=N)N(C)C,0.938622926
OCC(O)COC(=O)CS,0.779374207
OCCOCCOCCOCCO,0.711690398
CC(CCO)CCO,0.927470714
CO,1.494280384
CC(=C)C(=O)OCCO,-0.114420814
COC(C)(C)CCO,-0.072529286
CC(C)CCCCCC(=O)NCCCCCC(O)=O,-2.770853612
CCCCCCCCC(O)=O,-2.722197764
OC(=O)c1ccc2cc(O)ccc2c1,-3.278942885
CC(C)(C)c1ccc(C=C)cc1,-4.563351028
Cc1cc(C)cc(c1)C(Cl)=O,-3.32928972
o1c(cnc1c2ccccc2)c3ccccc3,-5.553210296
CCC(N)(CO)CO,0.901578533
O=C1N(CC2CO2)C(=O)N(CC3CO3)C(=O)N1CC4CO4,-1.495423095
CN(C)Cc1cc(CN(C)C)c(O)c(CN(C)C)c1,0.505516371
OC(=O)COCCOCC(O)=O,0.670925028
COCNC(=O)C(C)=C,0.791965313
CCCCNC1CC(C)(C)NC(C)(C)C1,0.57461503
CC(C)(C)OO,0.884647226
CC(O)CN(CC(C)O)C(=O)CCCCC(=O)N(CC(C)O)CC(C)O,0.210993363
OC(=O)CCS,0.754917543
CC1(C)COC(=O)C1O,0.651530723
CN(C)CCOCCN(C)CCO,0.476465736
NC#N,1.124514989
NCCN1CCNC1=O,0.63354594
CN(C)CCCN1CN(CCCN(C)C)CN(CCCN(C)C)C1,0.16421307
CC(O)CN(CC(C)O)CC(C)O,0.417320876
CC1(O)CC(C)(O)OO1,0.571440842
NCCNCCNCCNCCNCCN,0.332778733
CN(C)CCCNC1CC(C)(C)NC(C)(C)C1,0.316191362
CC(CCN)CC(C)(C)CN,0.478156217
OCC(O)=O,0.596016326
N#CCN(CC#N)CC#N,-1.647557834
CC(C)OC(C)=O,-0.546768091
CC(=O)OCC(=C)COC(C)=O,-0.77961667
CCCC(CCC)CCCC1COCCN1CCO,0.964258162
NCc1ccc(CN)cc1,1.175071806
COC1COC2C(COC12)OC,1.059991817
CCCCCCCCCCCCN(CCCN)CCCN,-0.197711374
CC(CO)(CO)C=O,0.928933376
CN(C)CCCN,0.990629851
CCC1(CO)COCOC1,0.835094217
CC(C)(C)CCCCCCCC(O)=O,-2.111396949
CN1CCCN(C)C1=O,0.892196674
OCC1CN2CCN1CC2,0.847094295
CN1CCN(C)CC1,0.942364321
CCOCCOCCOC,0.829145935
CCN1CCCC1=O,0.946307061
OCCCOC(=O)C=C,0.885579186
Cn1ccnc1,1.085625105
CC(O)CN(CCCN(C)C)CCCN(C)C,0.610105975
NCCOCCN,0.982328216
COCCOCCOCCOCCOC,0.653097658
COCCOCCOCCOC,0.749024066
CC1CNCC(C)O1,0.938638008
CC(CCC(O)=O)C(O)=O,0.835224953
OC(=O)CC(=O)C(O)=O,0.879192534
OCC(O)COCC(O)CO,0.77943954
OCN1C(NC(=O)NCNC(=O)NC2N(CO)C(=O)NC2=O)C(=O)NC1=O,0.410835965
NCC(O)CO,1.040433953
CC(=O)CC(N)=O,0.995227367
OCC1COC(=O)O1,0.927794233
CC(=O)N1CCOCC1,0.888875326
OCCOCC(COCCO)OCCO,0.649261738
CN(C)C(=O)CC(C)=O,0.888875326
CN(C)CCCNC=O,0.885419037
CNC=O,1.228647734
CN(CCCN)CCCN,0.837883859
CC(=O)OCCOCCOCCOC(C)=O,0.630324108
CCOC(=O)N1CCC(=O)CC1,0.766506387
O=C1CCCCCO1,0.942546912
O=C1CCCO1,1.065047292
C1CCNCC1,1.069815348
OCC#C,1.25131592
OCCCO,1.118643879
OCc1cccnc1,0.962063804
CC(C)COC(C)(C)C,0.885285625
CC1(C)CC(O)CC(C)(C)N1,-0.196609986
NCCN1CCNCC1,-0.111286043
CC(C)OCCO,-0.017655104
NC(=O)CCNCCO,-0.121109888
FC(F)(F)C(F)(F)C(=O)C(F)(C(F)(F)F)C(F)(F)F,-1.499743427
OCCN(CCO)C(=O)CCCCCCCCC=C,-2.761513586
CC(C)=CCCC(C)(OC=O)C=C,-4.040590426
O=C1NC(=CC=N1)NC(=O)c2ccccc2,-5.159680215
OC(=O)\C=C/C(=O)OCCOCCOCCOC(=O)\C=C/C(O)=O,0.159532562
Fc1cccc2CC(=O)Nc12,-2.225136908
CC(C)CCCCCCCOCCCNCCCN,-3.204880928
CCCCCCC(=O)OCC(CC)(CO)COC(=O)CCCC,-5.982567027
CCOC(=O)C1CCC(CC1)C(=O)OCC,-2.251273114
ClCCCN1CCOCC1,0.786089298
CC1=C(C#N)C(=O)N(CCC(O)=O)C(=C1)O,-1.443654068
CC1=C(C(N)=O)C(=O)N(CCC(O)=O)C(=C1)O,-1.602448873
CCCCCCCC\C=C/CCCCCCCCOCCO,-2.494902829
CC(C)(C)c1cc(CCC(O)=O)cc(n2nc3ccccc3n2)c1O,-5.53070544
CCCCCCC(O)CCCCCCCCCCC(=O)OCC(O)CO,-3.397432456
CCOC(=O)CC(NC1CCC(CC1)CC2CCC(CC2)NC(CC(=O)OCC)C(=O)OCC)C(=O)OCC,-3.744077739
CC(CC(C)(C)C)CC(C)(C)CC(C)(C)C,-3.354968489
COCC(NC(C)=O)C(=O)NCc1ccccc1,-3.398457379
CCCCOCC(C)OCC(C)O,-0.653059623
CCCCCCCCCCCCCCCCCCC(O)=O,-3.775990335
CCOC(C)(C)CC,-1.471935011
CC(CO)CC(C)c1ccccc1,-2.346916077
Nc1c(Oc2ccccc2)cc(O)c3C(=O)c4ccccc4C(=O)c13,-4.219226833
CCn1nc2cc(cc3C(=O)c4ccccc4c1c23)c5cc6nn(CC)c7c8ccccc8C(=O)c(c5)c67,-4.393183723
Brc1ccc2c3cc4ccc5C(=O)c6ccccc6c7cc8ccc(C(=O)c2c1Br)c3c8c4c57,-4.450427718
COc1ccc(cc1)C(CN(C)C)C2(O)CCCCC2,0.256718745
CCCCCCCCCCCCOC(=O)C=C,-4.380910978
CCCCCCCCCCCCCCOC(=O)C=C,-4.428848848
ClC1=C(Cl)C2(Cl)C3C(C(=O)OC3=O)C1(Cl)C2(Cl)Cl,-5.171234853
COC(=O)c1sc(N)c(C#N)c1C,-4.991737621
CCCCCCCC\C=C/CCCCCCCC(=O)NCC(C)O,-5.530921641
CC(C)(O)C(=O)c1ccc(cc1)C2(C)CC(C)(C)c3cc(ccc23)C(=O)C(C)(C)O,-5.93729046
CC(C)(O)C(=O)c1ccc(cc1)C2(C)CC(C)(C)c3ccc(cc23)C(=O)C(C)(C)O,-5.963849488
CC(C)=CCC\C(C)=C\CCC(=C)C=C,-6.310389519
CCCCC1CCC(CC1)C2CCC(=O)CC2,-6.373645635
CC(C)CCCCCCCCCCOC(=O)CSCc1cc(c(O)c(c1)C(C)(C)C)C(C)(C)C,-6.789589525
Nc1ccc(cc1Cl)C2(c3ccc(N)c(Cl)c3)c4ccccc4c5ccccc25,-6.904485627
Clc1c(Cl)c(Cl)c2C3=Nc4cccc5cccc(N3C(=O)c2c1Cl)c45,-7.133614478
OC1=Cc2ccccc2NC1=C3C(=O)c4ccccc4C3=O,-7.046360074
Cc1cc(c(O)c(C)c1CN2C(=O)N(Cc3c(C)cc(c(O)c3C)C(C)(C)C)C(=O)N(Cc4c(C)cc(c(O)c4C)C(C)(C)C)C2=O)C(C)(C)C,-7.544026474
CCc1cc(C)cc(CC)c1Nc2ccc(Nc3c(CC)cc(C)cc3CC)c4C(=O)c5ccccc5C(=O)c24,-7.423828912
CCc1cccc(C)c1Nc2ccc(Nc3c(C)cccc3CC)c4C(=O)c5ccccc5C(=O)c24,-7.375301399
O=C1N2c3cccc4cccc(N=C2c5cccc6cccc1c56)c34,-7.204596088
CCCCCCCCSCc1cc(C)c(O)c(CSCCCCCCCC)c1,-7.327113617
CCCCCCCCSc1nc(Nc2cc(c(O)c(c2)C(C)(C)C)C(C)(C)C)nc(SCCCCCCCC)n1,-7.469064653
CCCCCCCCCCCCCCCCOC(C)=O,-7.397152994
CCCCC(CC)COC(=O)CCC(=O)OCC(CC)CCCC,-7.835715931
CC(C)(C)c1cc(Cc2cc(c(O)c(c2)C(C)(C)C)C(C)(C)C)cc(c1O)C(C)(C)C,-8.62805056
CCCCCCCC(=O)OOC(=O)CCCCCCC,-7.61189317
BrC1CC(Br)CC(Br)CC(Br)CC(Br)CC(Br)C1,-6.9904282
c1ccc2cc3ccccc3cc2c1,-6.44481058
Clc1ccc(Cl)c(N\N=C2/C(=O)C(=Cc3ccccc23)C(=O)Nc4cc(Cl)c(NC(=O)C5=Cc6ccccc6C(=N/Nc7cc(Cl)ccc7Cl)\C5=O)cc4Cl)c1,-8.150868125
CCCCCCCCCCCCS,-7.573831768
O=C1c2ccccc2C(=O)c3ccccc13,-6.039760498
CC(C)(C)CCCCC(=O)OC=C,-7.122461047
FC(F)(F)C1(F)C(F)(F)C(F)(F)C(F)(F)C(F)(C(F)(F)F)C1(F)F,-7.602120788
FC1(F)C(F)(F)C(F)(F)C2(F)C(F)(F)C(F)(F)C(F)(F)C(F)(F)C2(F)C1(F)F,-7.664711532
FC(F)(F)C(F)(F)C(F)(F)C(F)(F)C(F)(F)C(F)(F)C(F)(F)C(F)(F)F,-7.641525668
CC(C)(C)N(Sc1sc2ccccc2n1)Sc3sc4ccccc4n3,-8.362937857
Brc1c(Br)c(Br)c(CCc2c(Br)c(Br)c(Br)c(Br)c2Br)c(Br)c1Br,-9.129987804
CCCCC(CC)COC(=O)c1ccc(cc1)C(=O)OCC(CC)CCCC,-8.989632219
CC(C)OC(=O)c1ccc(C)c(c1)N=Nc2c(O)c(cc3ccccc23)C(=O)Nc4cc(Cl)c(NC(=O)c5cc6ccccc6c(N=Nc7cc(ccc7C)C(=O)OC(C)C)c5O)cc4Cl,-7.007487981
Cc1ccccc1NC(=O)C2=Cc3ccccc3C(=N/Nc4cc(Cl)c(Cl)cc4Cl)\C2=O,-7.69430966
COc1cc(OC)c(NC(=O)C2=Cc3ccccc3C(=N/Nc4cc(ccc4OC)C(=O)Nc5ccc(cc5)C(N)=O)\C2=O)cc1Cl,-7.866240199
COc1ccc(cc1N\N=C2/C(=O)C(=Cc3ccccc23)C(=O)Nc4cc(OC)c(Cl)cc4OC)C(=O)Nc5ccccc5,-7.846560339
Brc1c(Br)c(Br)c(COC(=O)C=C)c(Br)c1Br,-7.806077004
COc1ccccc1N=NC(C(C)=O)C(=O)Nc2ccc3NC(=O)Nc3c2,-7.630599326
COc1cc(NC(=O)C(N=Nc2ccc(cc2Cl)c3ccc(N=NC(C(C)=O)C(=O)Nc4cc(OC)c(Cl)cc4OC)c(Cl)c3)C(C)=O)c(OC)cc1Cl,-8.004532604
CC1=NN(c2ccccc2)C(=O)C1N=Nc3ccccc3,-7.541446627
CCCCC(CC)COC(=O)c1c(Br)c(Br)c(Br)c(Br)c1C(=O)OCC(CC)CCCC,-5.949075231
FC(F)(F)N1C(F)(F)C(F)(F)OC(F)(F)C1(F)F,-5.596058626
O=C1n2c3ccccc3nc2c4ccc5C(=O)n6c7ccccc7nc6c8ccc1c4c58,-7.757994585
Cc1cc(C)c(Nc2ccc(Nc3c(C)cc(C)cc3C)c4C(=O)c5ccccc5C(=O)c24)c(C)c1,-7.825073045
CC(C)C1CCCCC1,-5.311626594
CCCCCCCCCCCCCCCCCCN1C(=O)c2ccc3Sc4ccccc4c5ccc(C1=O)c2c35,-7.96678917
CCC(C)CCCC(C)CCCC(C)C,-6.61539022
CC(=O)C(N=Nc1cc(ccc1Cl)C(=O)Nc2cc(Cl)ccc2C)C(=O)Nc3cc(C)c(NC(=O)C(N=Nc4cc(ccc4Cl)C(=O)Nc5cc(Cl)ccc5C)C(C)=O)cc3C,-7.263233538
CCCC(Cl)CCCC(Cl)CCC(Cl)CCC(Cl)CCC(Cl)CCCC(Cl)CCC,-7.965810564
Cc1ccccc1OP(Oc2ccccc2C)Oc3ccccc3C,-7.77984306
Cc1ccc2Nc3cc4C(=O)c5cc(C)ccc5Nc4cc3C(=O)c2c1,-7.783778559
Clc1ccc(Cl)c(N\N=C2\C(=O)C(=Cc3ccccc23)C(=O)Nc4ccccc4)c1,-7.907389462
CC(=O)C(N=Nc1ccc(cc1Cl)c2ccc(N=NC(C(C)=O)C(=O)Nc3ccc(C)cc3)c(Cl)c2)C(=O)Nc4ccc(C)cc4,-8.101930722
O=C(c1ccc(Oc2ccccc2)cc1)c3ccc(cc3)C(=O)c4ccc(Oc5ccccc5)cc4,-7.973611776
COc1ccc(cc1)\C=C/2N=C(OC2=O)c3ccc(cc3)C4=NC(=C/c5ccc(OC)cc5)/C(=O)O4,-6.983571154
CCOC(=O)c1ccc2Sc3ccccc3C(=O)c2c1,-6.756602507
CCCCC(CC)COC(=O)C1CCC(CC1)C(=O)OCC(CC)CCCC,-6.926267992
CC(C)CCCCCCCCCCCCCCCOC(=O)CCCCCCCCCCCCCCC(C)C,-7.086497346
CC1CCCCCCCCCCCCC(=O)C1,-5.74386512
CC(C)c1ccc(cc1)C(C)C,-6.602799271
CC1=NN(c2ccccc2)C(=O)C1/C=C/3C(=NN(c4ccccc4)C3=O)C,-7.882271355
CC\1=NN(C(=O)C1=N/Nc2ccc(cc2Cl)c3ccc(N\N=C4/C(=NN(C4=O)c5ccccc5)C)c(Cl)c3)c6ccccc6,-8.14162673
COC(=O)c1ccc(cc1N\N=C2/C(=O)C(=Cc3ccccc23)C(=O)Nc4ccccc4OC)C(=O)Nc5cc(Cl)ccc5Cl,-8.175068622
CCCCNc1ccc(NCCCC)c2C(=O)c3ccccc3C(=O)c12,-7.931857078
CCCCCCCCCCCCCCCCCCCN,-5.85712424
CC(C)(C)CCCCC1(OO1)C(=O)OC(C)(C)CC(C)(C)C,-6.971234419
Clc1ccc2Nc3cc4C(=O)c5ccccc5Nc4cc3C(=O)c2c1Cl,-7.066625646
CCCCC(CC)C(=O)OOC(C)(C)CC(C)(C)C,-5.94953191
FC(F)(F)C(F)(F)C(F)(F)C(F)(F)C(F)(F)C(F)(F)CCI,-7.188638134
CC(C)C(C)(C)C(C)(C)C(C)(C)S,-7.711832978
COc1ccc(cc1N\N=C2/C(=O)C(=Cc3ccccc23)C(=O)Nc4cc(Cl)ccc4OC)C(=O)Nc5ccccc5,-8.184413465
Nc1c(OCCOC(=O)Oc2ccccc2)cc(O)c3C(=O)c4ccccc4C(=O)c13,-8.054415311
CCCCCCCCCCCCCCCCCCCCCC(=O)OCC(CO)(CO)COC(=O)CCCCCCCCCCCCCCCCCCCCC,-8.348750336
Cc1ccc(cc1)N2N=C(C)C(N=Nc3ccc(cc3Cl)c4ccc(N=NC5C(=NN(c6ccc(C)cc6)C5=O)C)c(Cl)c4)C2=O,-8.269885037
O=C1c2ccccc2c3ccc4Sc5ccccc5c6ccc1c3c46,-7.982807307
CC(=O)OCCOc1ccc(cc1)C(C)(C)c2ccc(OCCOC(C)=O)cc2,-8.058503028
CCCCOC(=O)c1ccccc1N\N=C2/C(=O)C(=Cc3ccccc23)C(=O)Nc4ccc5NC(=O)Nc5c4,-8.213807356
CC(C)CCCCCCCCCCCCCCC(=O)OCC(COC(=O)CCCCCCCCCCCCCCC(C)C)OC(=O)CCCCCCCCCCCCCCC(C)C,-8.458760141
CCCCC(CC)COC(=O)c1ccc(C(=O)OCC(CC)CCCC)c(c1)C(=O)OCC(CC)CCCC,-8.252098343
COc1ccccc1NC(=O)C2=Cc3ccccc3C(=N/Nc4ccc(cc4)C(N)=O)/C2=O,-8.166784234
CCCCC(CC)C(=O)OOC(C)(C)CCC(C)(C)OOC(=O)C(CC)CCCC,-7.188496045
Cc1cc(O)c(cc1Sc2cc(c(O)cc2C)C(C)(C)C)C(C)(C)C,-7.112066324
CC(C)(c1cc(Br)c(OCC2CO2)c(Br)c1)c3cc(Br)c(OCC4CO4)c(Br)c3,-7.395301899
CC(=O)Nc1ccc(NC(=O)C2=Cc3ccccc3C(=N/Nc4cc(ccc4Cl)C(N)=O)/C2=O)cc1,-7.304443807
CCOC(=O)C(=C)C#N,-6.71713979
Nc1ccc(c2ccc(N)c3C(=O)c4ccccc4C(=O)c23)c5C(=O)c6ccccc6C(=O)c15,-6.293710563
CCCCC(CC)COC(=O)OOC(C)(C)CC,-6.088238681
CCOC(F)(C(F)(F)C(F)(F)C(F)(F)F)C(F)(C(F)(F)F)C(F)(F)F,-7.288734017
CCCCCCCCCCCCCCCCCCOC(=O)CCc1cc(c(O)c(c1)C(C)(C)C)C(C)(C)C,-8.270149868
CC(=O)C(N=Nc1cc(Cl)c(cc1Cl)c2cc(Cl)c(cc2Cl)N=NC(C(C)=O)C(=O)Nc3ccc(C)cc3C)C(=O)Nc4ccc(C)cc4C,-8.462687047
COc1ccccc1NC(=O)C(N=Nc2ccc(cc2Cl)c3ccc(N=NC(C(C)=O)C(=O)Nc4ccccc4OC)c(Cl)c3)C(C)=O,-8.423596194
COCCOCCCN1C(=O)c2c(N)c3C(=O)c4ccccc4C(=O)c3c(N)c2C1=O,-8.26504866
Nc1c(Oc2ccccc2)c(Oc3ccccc3)c(N)c4C(=O)c5ccccc5C(=O)c14,-8.271656595
CCOC(=O)C1=NN(C(=O)C1N=Nc2ccc(cc2Cl)c3ccc(N=NC4C(=O)N(N=C4C(=O)OCC)c5ccccc5)c(Cl)c3)c6ccccc6,-8.526560129
CC(C)CCCCCCCOC(=O)C(C)=C,-6.055946609
FC(F)(F)c1ccc(Cl)c(N\N=C2/C(=O)C(=Cc3ccccc23)C(=O)Nc4cc(Cl)c(NC(=O)C5=Cc6ccccc6C(=N/Nc7cc(ccc7Cl)C(F)(F)F)\C5=O)cc4Cl)c1,-7.692243372
Cc1cccc(Cc2ccccc2)c1Cc3ccccc3,-7.179920249
CC(=O)C(N=Nc1ccccc1C(O)=O)C(=O)Nc2ccc3NC(=O)Nc3c2,-7.330901471
CC(=O)C(N=Nc1ccccc1OCCOc2ccccc2N=NC(C(C)=O)C(=O)Nc3ccc4NC(=O)Nc4c3)C(=O)Nc5ccc6NC(=O)Nc6c5,-7.634485568
Clc1ccc(Cl)c(N\N=C2/C(=O)C(=Cc3ccccc23)C(=O)Nc4ccc5NC(=O)Nc5c4)c1,-7.461800322
C1CCCCCCCCCCC1,-7.02202606
CCCCCCOC(=O)c1ccccc1C(=O)c2ccc(cc2O)N(CC)CC,-7.395233539
CCCCOC(=O)C1C(C(=O)OCCCC)C2(Cl)C(=C(Cl)C1(Cl)C2(Cl)Cl)Cl,-7.509558903
O=C1N2c3cccc4cccc(N=C2c5ccccc15)c34,-7.255740326
Clc1ccc2Nc3cc4C(=O)c5cc(Cl)ccc5Nc4cc3C(=O)c2c1,-7.419805396
CC(=O)C(N=Nc1ccccc1C(F)(F)F)C(=O)Nc2ccc3NC(=O)Nc3c2,-7.455526833
Cc1ccc(cc1N\N=C2\C(=O)C(=Cc3ccccc23)C(=O)Nc4cc(C)c(NC(=O)C5=Cc6ccccc6C(=N/Nc7c(C)cccc7C(=O)OCCCl)/C5=O)cc4C)C(=O)OCCCl,-7.814241029
CC(=C)C(=O)OCCCCCCCCCCOC(=O)C(C)=C,-6.350206051
Clc1cccc2C(=O)c3cc4Nc5c(Cl)cccc5C(=O)c4cc3Nc12,-6.457321758
CCCCCCCCCC(=O)OOC(=O)CCCCCCCCC,-6.44975236
CCOc1ccccc1NC(=O)C2=Cc3ccccc3C(=N/Nc4ccc(cc4)C(N)=O)\C2=O,-7.581973548
Clc1ccc(Cl)c(N\N=C2\C(=O)C(=Cc3ccccc23)C(=O)Nc4ccc(NC(=O)C5=Cc6ccccc6C(=N/Nc7cc(Cl)ccc7Cl)\C5=O)c(Cl)c4)c1,-7.869298263
CC(=C)C(=O)OCCCCCCCCCCCCOC(=O)C(C)=C,-7.484220298
CC(=O)C(N=Nc1ccc(cc1)C(=O)Nc2ccc(cc2)C(N)=O)C(=O)Nc3ccc4NC(=O)Nc4c3,-6.672808806
CCOc1ccc(NC(=O)C(N=Nc2ccc(cc2Cl)c3ccc(N=NC(C(C)=O)C(=O)Nc4ccc(OCC)cc4)c(Cl)c3)C(C)=O)cc1,-7.830582617
S=C(SSSSSSC(=S)N1CCCCC1)N2CCCCC2,-7.631732206
O=C1c2ccccc2Nc3cc4C(=O)c5ccccc5Nc4cc13,-7.481773695
CC(=O)C(N=Nc1cc(ccc1Cl)C(=O)Nc2cccc(Cl)c2C)C(=O)Nc3cc(Cl)c(NC(=O)C(N=Nc4cc(ccc4Cl)C(=O)Nc5cccc(Cl)c5C)C(C)=O)cc3C,-7.971771107
COc1ccc(cc1N\N=C2/C(=O)C(=Cc3ccccc23)C(=O)Nc4cc(Cl)ccc4C)C(=O)Nc5ccccc5,-7.752070739
CCCCCCCCOC(=O)c1ccccc1C(=O)OCc2ccccc2,-8.287652069
COc1ccc(cc1N\N=C2/C(=O)C(=Cc3ccccc23)C(=O)Nc4ccc5NC(=O)Nc5c4)C(=O)Nc6ccccc6,-8.479083332
CC(C)(C)CC(C)(C)N(c1ccccc1)c2cccc3ccccc23,-8.290038542
COc1ccccc1NC(=O)C2=Cc3ccccc3C(=N/Nc4cc(Cl)ccc4Cl)\C2=O,-8.464567785
CC(C)(C)c1cc(CCC(=O)OCCNC(=O)C(=O)NCCOC(=O)CCc2cc(c(O)c(c2)C(C)(C)C)C(C)(C)C)cc(c1O)C(C)(C)C,-8.667095408
CCCCCCCCCCCCCCCCCC(=O)OC(CCCCCC)CCCCCCCCCCC(=O)OCCCCCCCCCCCCCC(C)C,-8.755372465
CC(C)CCCC(C)CCCC(C)CCCC1(C)CCc2cc(O)c(C)c(C)c2O1,-8.505869726
CCCCCCCC\C=C/CCCCCCCC(=O)OCC(CC)(CO)COC(=O)CCCCCCC\C=C/CCCCCCCC,-8.721196039
CC(=O)C(N=Nc1ccc(cc1Cl)c2ccc(N=NC(C(C)=O)C(=O)Nc3ccccc3C)c(Cl)c2)C(=O)Nc4ccccc4C,-8.914844079
Clc1cccc(N\N=C2/C(=O)C(=Cc3ccccc23)C(=O)Nc4cccc5c(NC(=O)C6=Cc7ccccc7C(=N/Nc8cccc(Cl)c8Cl)\C6=O)cccc45)c1Cl,-9.227651248
CC(=O)C(N=Nc1ccc(cc1Cl)c2ccc(N=NC(C(C)=O)C(=O)Nc3ccccc3)c(Cl)c2)C(=O)Nc4ccccc4,-9.196938503
FC(F)(F)C(F)(F)C(F)(F)N(C(F)(F)C(F)(F)C(F)(F)F)C(F)(F)C(F)(F)C(F)(F)F,-9.135966093
CC(=O)C(N=Nc1ccc(cc1Cl)c2ccc(N=NC(C(C)=O)C(=O)Nc3ccc(C)cc3C)c(Cl)c2)C(=O)Nc4ccc(C)cc4C,-9.292010366
CCOC(=O)OCCOc1cc(O)c2C(=O)c3ccccc3C(=O)c2c1N,-9.219529562
CC(C)(c1cc(Br)c(OCC(Br)CBr)c(Br)c1)c2cc(Br)c(OCC(Br)CBr)c(Br)c2,-9.816435105
CC(C)CCCCCCCCCCCCCCCOC(=O)CC(O)C(=O)OCCCCCCCCCCCCCCCC(C)C,-7.992627599
CCCCCCCCCCOC(=O)C(CC)CCCC,-8.193986458
CC(CCOC(=O)CC(C)CC(C)(C)C)CC(C)(C)C,-8.277966587
CCCCCCCCCCCCCCCCCC(=O)OCCCCCCCCCCCCCC,-8.983050454
CCCCCCCC(=O)CC(=O)c1ccccc1,-5.883696695
Cc1cc(Cl)cc2SC(/C(=O)c12)=C/3Sc4cc(Cl)cc(C)c4C3=O,-7.931983782
Cc1cc(Cc2cc(C)cc(c2O)C3(C)CCCCC3)c(O)c(c1)C4(C)CCCCC4,-8.146786217
Brc1cc2C(=O)c3cccc4c(Br)cc5C(=O)c6cccc1c6c2c5c34,-7.633199042
CC1=CC2=NC(=O)N=C2C=C1NNC3C(=O)NC(=O)NC3=O,-6.489140234
Cc1ccc(Nc2nc(Nc3ccc(C)cc3)c(C#N)c(C)c2N=Nc4ccccc4C(F)(F)F)cc1,-7.717157144
CN1C(=O)c2ccc3c4ccc5C(=O)N(C)C(=O)c6ccc(c7ccc(C1=O)c2c37)c4c56,-7.718509993
COCCCN1C(=O)c2ccc3C(=O)n4c5ccc(C)cc5nc4c6ccc(C1=O)c2c36,-6.771509907
Oc1cc2ccccc2cc1C(=O)N=NNc3cc(Cl)c(cc3Cl)c4ccc(cc4)c5cc(Cl)c(NN=NC(=O)c6cc7ccccc7cc6O)cc5Cl,-8.087170706
CCCCCCCOCC(COCCCCCCC)(COCCCCCCC)COCCCCCCC,-7.94522478
O=C1\C(Nc2ccccc12)=C/3Nc4ccccc4C3=O,-6.7197753
CCCCCCCCCCCCCC(=O)OC(C)C,-6.733128222
CCCCCCCCCc1cccc(Nc2cccc(CCCCCCCCC)c2)c1,-7.926046985
CCOC(=O)C(C#N)=C(c1ccccc1)c2ccccc2,-7.744015885
CC(C)(C)c1cc(CCC(=O)OCCCCCCOC(=O)CCc2cc(c(O)c(c2)C(C)(C)C)C(C)(C)C)cc(c1O)C(C)(C)C,-8.106483276
CC(C)(C)c1ccc(OP(Oc2ccc(cc2C(C)(C)C)C(C)(C)C)Oc3ccc(cc3C(C)(C)C)C(C)(C)C)c(c1)C(C)(C)C,-8.111891986
CCCC(c1cc(c(O)cc1C)C(C)(C)C)c2cc(c(O)cc2C)C(C)(C)C,-7.980671353
CCCCCCCCCCCCCCCCCCOC(=O)CCSCCC(=O)OCCCCCCCCCCCCCCCCCC,-8.232475788
CCCCC(CC)COC(=O)\C=C/C(=O)OCC(CC)CCCC,-6.975819717
CCCCCCCCCCCC(=O)OCC(C)C,-7.931847578
CCCCCCCC\C=C\CCCCCCCC(=O)OCCC(C)C,-8.070164748
Fc1ccc(Cc2ccc(F)cc2)cc1,-6.912156137
CC(=O)C(N=Nc1cc(ccc1Cl)C(=O)Nc2cc(ccc2Oc3ccc(Cl)cc3)C(F)(F)F)C(=O)Nc4cc(Cl)c(NC(=O)C(N=Nc5cc(ccc5Cl)C(=O)Nc6cc(ccc6Oc7ccc(Cl)cc7)C(F)(F)F)C(C)=O)cc4C,-7.69168325
CC(Br)(CBr)COc1c(Br)cc(cc1Br)C(C)(C)c2cc(Br)c(OCC(C)(Br)CBr)c(Br)c2,-7.686491033
CC(C)(C)c1ccc(OC(=O)c2cc(c(O)c(c2)C(C)(C)C)C(C)(C)C)c(c1)C(C)(C)C,-7.341090118
Clc1ccc(c(Cl)c1)C(=O)OOC(=O)c2ccc(Cl)cc2Cl,-8.27876503
CCCCC(CC)CN(CC(CC)CCCC)CC(CC)CCCC,-8.247579278
O=C1N(CCc2ccccc2)C(=O)c3ccc4c5ccc6C(=O)N(CCc7ccccc7)C(=O)c8ccc(c9ccc1c3c49)c5c68,-8.476148795
CC(=C)C(=O)OCCCOc1ccc(cc1)C(C)(C)c2ccc(OCCCOC(=O)C(C)=C)cc2,-7.456475388
Clc1c(Cl)c(Cl)c2C(=O)C(c3ccc4cccc(N5C(=O)c6c(Cl)c(Cl)c(Cl)c(Cl)c6C5=O)c4n3)C(=O)c2c1Cl,-7.727396093
CCCCCCCCCCCCCC(=O)OCC(O)CO,-7.397875398
CCN(CC)c1ccc2C=C(C(=O)Oc2c1)c3oc4ccc(Cl)cc4n3,-7.487633218
CCCCCCCCCOC(=O)c1ccc(C(=O)OCCCCCCCCC)c(c1)C(=O)OCCCCCCCCC,-6.757182205
Cc1ccc(Cl)cc1N\N=C2\C(=O)C(=Cc3ccccc23)C(=O)Nc4cc(C)c(NC(=O)C5=Cc6ccccc6C(=N/Nc7cc(Cl)ccc7C)/C5=O)cc4C,-7.678196264
O=C1c2ccccc2C(=O)c3c(Nc4nc(Nc5cccc6C(=O)c7ccccc7C(=O)c56)nc(n4)c8ccccc8)cccc13,-7.77786597
CNC(=O)/C(C#N)=C/1NC(c2ccccc12)=C3C(=O)NC(=O)NC3=O,-7.528009903
O=C1NC(=O)C(C(=O)N1)=C2NC(c3ccccc23)=C4C(=O)NC(=O)NC4=O,-7.564993732
CC(=O)OC/C=C(C)/C=C/C=C(C)/C=C/C1=C(C)CCCC1(C)C,-7.516530086
CCC(=O)OC/C=C(C)/C=C/C=C(C)/C=C/C1=C(C)CCCC1(C)C,-7.534689739
CCCCCCCCCCCCCC(=O)OCC(COC(=O)CCCCCCCCCCCCC)OC(=O)CCCCCCCCCCCCC,-8.647057001
CCCCCC1CCC(CC1)c2ccc(CCC)cc2,-6.772570424
CCC(C)(C)c1cc(n2nc3ccccc3n2)c(O)c(c1)C(C)(C)CC,-8.545917916
CC(=O)C(N=Nc1ccc(c(Cl)c1)c2ccc(N=NC(C(C)=O)C(=O)NN)c(Cl)c2)C(=O)NN,-8.705297393
CCCCCCCCCCCCOC(=O)C(C)=C,-8.405541006
CCCCCCCCCCCCCCCCCCOC(=O)C(C)=C,-8.52965617
CCCCCCCCCCCCCCCCOC(=O)CCCCCCCCCCCCCCC,-8.754650095
CC(C)(C)c1ccc2OC(=O)C(c2c1)c3cc(ccc3OC(=O)c4cc(c(O)c(c4)C(C)(C)C)C(C)(C)C)C(C)(C)C,-8.848512617
CCCCC(CC)C(=O)OCC(COC(=O)C(CC)CCCC)(COC(=O)C(CC)CCCC)COC(=O)C(CC)CCCC,-9.204759418
Brc1c(Br)c(Br)c(Oc2c(Br)c(Br)c(Br)c(Br)c2Br)c(Br)c1Br,-9.98189604
CCCCCCCCCCCCCCCCCCC1CC(=O)N(CCNCCNCCNCCN2C(=O)CC(CCCCCCCCCCCCCCCCCC)C2=O)C1=O,-10.23471717
ClCc1ccc(cc1)c2ccc(CCl)cc2,-10.09891356
Oc1cc(Br)cc(C=O)c1,-3.2502
CCC(O)(COC(N)=O)c1ccccc1,-0.9227
CC(O)C(O)=O,1.0454
OC(=O)c1c(Cl)cccc1Cl,-1.1309
OC(=O)c1c(Cl)ccc(Cl)c1Cl,-1.4666
O=C1CCC(N2C(=O)c3ccccc3C2=O)C(=O)N1,-2.6758
OC(=O)c1cc(Cl)c(Cl)cc1Cl,-2.4446
OC(=O)c1ccc(Cl)cc1Cl,-2.6003
BrC1=CNC(=O)NC1=O,-2.3698
CCCC1=CC(=O)NC(=S)N1,-2.1504
CN(CCCl)CCCl,-1.1141
NC(CS)C(O)=O,0.3597
ClC(Cl)C(c1ccc(Cl)cc1)c2ccccc2Cl,-6.5052
OCC1OC(CC1O)N2C=C(I)C(=O)NC2=O,-2.2481
CN(C)c1ccc(cc1)N=Nc2cccc(C)c2,-5.7769
CC1=CC(=O)NC(=S)N1,-2.4259
NCCCC(O)=O,1.1006
NCCCCC(N)C(O)=O,0.8351
C=CCN=C=S,-1.6953
CN(C)N,1.2211
CCOC(=O)C1(CCN(C)CC1)c2ccccc2,-1.8861
CC(O)CO,1.1186
ClC1CC2C(C1Cl)C3(Cl)C(=C(Cl)C2(Cl)C3(Cl)Cl)Cl,-6.8644
CN=C1CN(O)C(=C2C=C(Cl)C=CC2=N1)c3ccccc3,-2.1757
CN1CCN(CCCN2c3ccccc3Sc4ccc(Cl)cc24)CC1,-4.3979
CCN(CC)C(=O)c1cccnc1,0.749
O=C1Nc2ccccc2C=C1,-2.1394
Cc1ccccc1OCC(O)CO,-1.1887
Cc1cc(O)ccc1Cl,-1.5704
CSCCC(N)C(O)=O,-0.6593
OCC(S)CS,-0.1547
O=NN1CCOCC1,0.9351
NC(Cc1ccc(O)c(O)c1)C(O)=O,-1.5959
NCCCCCC(O)=O,0.5854
CC(N)=O,1.5808
ClC1=C(Cl)C2(Cl)C3C4CC(C5OC45)C3C1(Cl)C2(Cl)Cl,-6.2908
Cc1cccc(Nc2ccccc2C(O)=O)c1C,-4.0815
CC(C)(N)C(O)=O,0.2453
COC(=O)C1=CCCN(C)C1,0.8091
CNC(=O)Oc1cccc(c1)C(C)C,-3.3567
CCC(C)C(C)(COC(N)=O)COC(N)=O,-2.366
c1cnc2c(c1)ccc3cccnc23,-1.826
Cc1ncc(CO)c(C=O)c1O,0.4758
CC(C)=O,1.236
OCC1OC(OC2C(O)C(O)C(O)OC2CO)C(O)C(O)C1O,0.3577
Oc1c(Cl)cc(Cl)c(Cl)c1Cc2c(O)c(Cl)cc(Cl)c2Cl,-3.4634
CC(=O)N(O)CCCCCNC(=O)CCC(=O)N(O)CCCCCNC(=O)CCC(=O)N(O)CCCCCN,-1.6695
NC1=CC=NC(=O)N1,-1.1426
COc1ccc(cc1)C(c2ccc(OC)cc2)C(Cl)(Cl)Cl,-6.5386
Oc1ccc2C(=O)c3ccccc3C(=O)c2c1O,-2.7785
C,-2.8629
C#N,1.5682
CC#C,-1.0417
CCN,1.346
ON=C,0.5768
C1CO1,1.356
BrC(Br)Br,-1.9113
CC(C)I,-2.0843
CC(C)N,1.2283
IC(I)I,-3.5952
CC1CN1,1.2434
CC(C)(O)C#N,1.07
FC(F)(F)CCl,-1.1098
CC(=O)C(C)(C)C,-0.7219
CC(Cl)(Cl)C(O)=O,0.5455
CC(O)C(Cl)(Cl)Cl,-0.7574
OC(=O)C(F)(F)Cl,0.8845
FC(F)(Cl)C(Cl)(Cl)Cl,-3.3093
FC(Cl)(Cl)C(F)(Cl)Cl,-3.2301
CC1(C)C2CCC1(C)C(=O)C2,-1.9784
OC1(C(=O)NC(=O)NC1=O)C2(O)C(=O)NC(=O)NC2=O,-1.9942
CC(Cl)C(Cl)(Cl)C(O)O,-0.8666
ClC1C=CC2C1C3(Cl)C(=C(Cl)C2(Cl)C3(Cl)Cl)Cl,-6.3168
Cc1cc(ccc1N)C(O)(c2ccc(N)cc2)c3ccc(N)cc3,-3.0272
OC(c1ccccc1)(c2ccccc2)c3ccccc3,-2.2596
CC1(C(=O)NC(=O)NC1=O)c2ccccc2,-2.4581
Oc1ccc(cc1)C2(OC(=O)c3ccccc23)c4ccc(O)cc4,-2.9008
CC(C)CC1(CC=C)C(=O)NC(=O)NC1=O,-2.1193
CCC(C)(O)CC,-0.38
CCCCOC(=O)CC(CC(=O)OCCCC)(OC(C)=O)C(=O)OCCCC,-4.9058
CCOC(=O)CC(O)(CC(=O)OCC)C(=O)OCC,-0.6285
CCC(CO)(CO)CO,0.8723
CCC(C)(CC)OC(N)=O,-1.5599
CCCC(C)(COC(N)=O)COC(=O)NC(C)C,-2.9384
CC(C)=CCCC(C)(O)C=C,-1.9871
BrCC(Br)Br,-2.7272
CC(Br)CBr,-2.1498
CC(C)CN,1.1359
ClCC(Cl)=C,-1.7128
CC(=O)CCl,-0.012
CC(O)CN,1.1243
CCC(Cl)Cl,-1.6217
OC(=O)CBr,1.1002
CC(=O)OO,1.1189
OC(=O)C(Cl)Cl,0.8896
CC(C)(CO)C(O)C(=O)NCCC(O)=O,0.6591
CC(C)(OOC(C)(C)c1ccccc1)c2ccccc2,-5.7692
CCC(C)(C)c1ccc(O)cc1,-2.9902
Oc1cc(O)c2C(=O)c3ccccc3C(=O)c2c1O,-4.6024
CC(=O)CC(c1ccc(Cl)cc1)C2=C(O)Oc3ccccc3C2=O,-5.836
Oc1ccc(cc1)C(c2ccc(O)cc2)c3ccccc3C(O)=O,-3.2626
Cc1ccc2C(=O)c3ccccc3C(=O)c2c1N,-5.8541
CN1CCN(CC1)C(c2ccccc2)c3ccccc3,-2.4255
CC(C)(C)C(=O)C1C(=O)c2ccccc2C1=O,-4.107
CN1C=CC(=O)c2ccccc12,-0.9818
Cc1cc2N=C3C(=O)NC(=O)N=C3N(CC(O)C(O)C(O)CO)c2cc1C,-3.6478
c1ccc(cc1)c2ccccc2c3ccccc3,-5.2692
COc1ccc2nccc(C(=O)C3CC4CCN3CC4C=C)c2c1,-5.0313
Oc1ccc2C(=O)c3cc(O)ccc3C(=O)c2c1,-5.8892
O=C(Oc1ccccc1)c2ccccc2C(=O)Oc3ccccc3,-6.5891
CCCCCCCCCCOC(=O)c1ccccc1C(=O)OCCCCCCCCCC,-9.3076
COc1c2C=CC(=O)Oc2cc3OC(C)(C)C=Cc13,-3.81
OC(=O)c1ccccc1C(=O)c2ccc(Cl)cc2,-2.7171
Cc1cccc(NC(=O)c2ccccc2C(O)=O)c1,-2.407
N#CC(c1ccccc1)c2ccccc2,-2.9437
OC(=O)c1cccc2cccnc12,-1.7447
COc1cc(C=O)cc(OC)c1OC,-2.1195
CC(C)CCOC(=O)c1ccccc1O,-3.1572
OCCOC(=O)c1ccccc1O,-1.1567
CN(C)C(=O)Oc1cc(C)nn1c2ccccc2,-2.0886
Cc1cccc(Cl)c1O,-0.7739
Oc1cccc(O)c1O,0.6043
Brc1c(Br)c(Br)c(Br)c(Br)c1Br,-9.5374
ClN1C(=O)N(Cl)C(=O)N(Cl)C1=O,-1.2871
Oc1c(Cl)cc(Cl)cc1Cl,-2.3924
CC(=O)c1sccc1,-0.9549
NC(=O)c1ccccc1C(N)=O,-2.4371
OC(=O)Cc1ccccc1C(O)=O,-1.0515
OCC(O)C(O)C1OC(=O)C(O)C1O,0.3348
CC(C)c1cc(Cl)c(C)cc1O,-2.2664
Brc1cccc2ccccc12,-4.3468
COC(=CC(O)=O)C(=O)C(C)=C,-0.9299
OCC1OC(=O)C(O)C(O)C1O,0.5201
CN(C)c1ccc(cc1)C(=O)c2ccc(cc2)N(C)C,-2.8267
c1ccc2nccnc2c1,0.7051
Nc1ccc2ccccc2c1,-2.8795
CN(C)CCN(Cc1sccc1)c2ccccn2,-2.6383
Oc1ccc(cc1O)c2ccccc2,-2.0659
c1ccc(cc1)c2cccc(c2)c3ccccc3,-5.183
Oc1cc2ccccc2cc1O,-2.7377
CCN(CCO)c1ccccc1,-1.9171
Nc1ccc2cc3ccc(N)cc3nc2c1,0.3783
CC(=O)c1ccc(cc1)c2ccccc2,-3.3104
COc1ccc(OC)c(C=O)c1,-2.3202
OC(=O)c1ccc2ccccc2n1,-1.0911
Cc1ccc2ccc(C)nc2c1,-1.9424
ClCC(=O)N(CC=C)CC=C,-0.9452
OC(=O)CCCOc1cc(Cl)c(Cl)cc1Cl,-3.8294
CC(=O)CC(=O)c1ccccc1,-2.6268
O=C(OC(=O)c1ccccc1)c2ccccc2,-4.3546
CC(C)OC(=O)COc1ccc(Cl)cc1Cl,-3.848
CC(C)COC(=O)c1ccc(N)cc1,-2.9437
CCOc1ccc(cc1)C(=O)OCCN(CC)CC,-2.7145
CCCCOC(=O)COc1ccc(Cl)cc1Cl,-3.78
Cc1cc(Cl)ccc1OCCCC(O)=O,-3.678
Clc1ccc(OCCOC(=O)c2ccccc2)c(Cl)c1,-3.8118
CCCC(O)C(CC)CO,-0.5418
CCC(CC)C(=O)OCCOCCOCCOC(=O)C(CC)CC,-3.2386
C\C(NO)=C(/C)N=O,-2.2868
Cc1ccc(N)cc1C,-1.5036
Oc1ccc(Cl)c(Cl)c1,-1.2458
CCOC(=O)C(=O)OCC,-0.6085
OCC(Br)CBr,-0.6222
ClCC(Cl)CCl,-1.9255
CCC(N)CO,1.0499
OCC(O)CCl,0.9565
CC\C(C)=N\O,0.0599
CC1CCCO1,0.2069
CC(C)N(CCO)C(C)C,-1.0829
Oc1c(Cl)cc(Cl)cc1Sc2cc(Cl)cc(Cl)c2O,-4.9495
CCCC(C)C(O)=O,-0.889
CCOC(=O)C(C)O,0.9276
CC(C)COC(=O)C(C)C,-2.159
OCc1occc1,1.0083
CC(C)(C)c1ccc(O)c(O)c1,-1.9197
CC(O)c1ccccc1,-1.7969
ClC(Cl)c1ccccc1,-2.809
OC(=O)c1ccccn1,0.892
COC(=O)c1cc(O)c(O)c(O)c1,-1.2399
OC(=O)C1=CC(=O)C=C(O1)C(O)=O,-1.1097
CC(=C)C1CC=C(C)C(=O)C1,-2.0628
CCC(C)c1ccc(O)cc1,-2.1945
CC(C)C1=CCC(=CC1)C,-4.1958
OC(=O)c1ccc(cc1)C(O)=O,-4.0444
CCN(CC)CCO,0.9311
N#Cc1ccncc1,-0.4154
N#Cc1cccnc1,0.1128
OCC1CCCCO1,0.9349
CCN1CCOCC1,0.9386
CC(Oc1cccc(Cl)c1)C(O)=O,-2.2232
Oc1ccc(Cc2ccccc2)cc1,-3.4009
O=C(Nc1ccccc1)Nc2ccccc2,-3.1508
CCc1cc(CC)cc(CC)c1,-7.0641
CCN(CC)CN(CC)CC,-0.1995
CC(O)CN(CCN(CC(C)O)CC(C)O)CC(C)O,0.534
C=CCN(CC=C)CC=C,-1.7395
CCCCN(CCCC)CCCC,-3.1157
BrCCc1ccccc1,-3.6757
CNCc1ccccc1,0.9166
CC(=O)Nc1ccc(C)cc1,-2.0946
CC(=O)Nc1ccc(cc1)/C=N/NC(N)=S,-3.429
CCOCCOC(=O)/C=C/c1ccc(OC)cc1,-2.6995
OCC(O)COc1ccc(Cl)cc1,-1.3067
CCCCCCCCCCc1ccccc1,-7.959
OCC1CCC(CO)O1,0.8789
CCCC(O)C#C,-0.4121
CCOC(=O)CCl,-0.8005
COC(=O)CC(C)=O,0.6341
CCC(C)OC(C)=O,-1.2727
CCCC(=O)OCCOC(=O)CCC,-2.6069
COCCOC(=O)CCCCC(=O)OCCOC,-1.2665
CCCCCCC(=O)OCC,-2.7369
CCCCCCCC(=O)OCC,-3.3907
CCCCC(=O)CC,-1.4242
O=C1CNC(=O)CN1,-0.8312
CC(O)COC(C)CO,0.8723
CCCCCC(=O)CC,-1.693
COC(=O)CCCCCCCCC(=O)OC,-3.2831
BrCC#C,-0.9022
CCC#C,-1.2753
CCCS,-1.6021
ClCCBr,-1.3177
ClCC=C,-1.3562
NCC=C,1.2434
NCCN,1.2211
OCC=C,1.236
OCCO,1.2071
O=CC=O,1.2363
CC(O)CC(C)(C)O,0.9275
NC(=O)OCC(Cl)(Cl)Cl,-1.2843
COC(C)(C)CC(C)=O,0.3326
CC(C)CCBr,-2.886
CC(O)CCO,1.0452
CC(O)CC=O,1.055
NC(=O)CC#N,0.1893
CCCC(O)=O,-0.1669
CNCC(O)=O,0.5273
CN(C)CCO,1.0499
CC(C)CC(C)C,-4.2605
CC(C)CC(C)O,-0.7945
CC(=O)OC(C)=O,0.0702
C=C1OC(=O)C=C1,-0.9827
Cc1cccc(Cl)c1,-3.5228
CC1OC(C)OC(C)OC(C)O1,-2.8997
CCOC(=O)CC(C)C,-1.8135
Cc1cc(C)nc(C)c1,-0.5394
CC(C)CC(C)OC(C)=O,-2.0451
Cc1ccncc1,1.0309
Sc1ccccc1,-2.1204
Cc1cccnc1,1.0309
CN1CCOCC1,0.995
CC1CNCCN1,0.6378
Cc1cnccn1,1.0263
CCCCOC(=O)CCCCCCCCC(=O)OCCCC,-3.8955
CCOCCOC(=O)CCCCC(=O)OCCOCC,-2.065
CCC#CC(C)O,-0.4121
CC(C)COC=C,-1.5236
BrCCCBr,-2.0747
CC\C=C/C,-2.5384
CCCCN,1.1359
OCCC#N,1.1483
CCCCS,-2.1792
NNCCO,1.1186
COCCO,1.1186
CC(C)COC(C)=O,-1.2657
CC(C)=NNC(N)=O,-0.2674
CCCCCCCCCC(=O)OCC,-4.1006
CCOC(=O)CCCCCCCCC(=O)OCC,-3.5091
CC(C)CCOC=O,-1.5206
COCCOC(C)=O,0.9276
ClCCCCCl,-0.92
ClC/C=C/CCl,-2.1675
CCCCCN,1.0597
CCCCCS,-2.8248
ClCCOC=C,-2.3951
CCOCCO,1.0452
C1CNCCN1,1.0648
C1COCCN1,1.0599
OC(=O)COCC(O)=O,0.4927
CCCCCCC(O)=O,-1.6646
CCOCCOC(C)=O,0.2716
OC(=O)CCCCCCCCC(O)=O,-2.3059
NCCNCCN,0.9864
COCCOCCO,0.9203
CCCCCCCCC,-5.7657
CCOCCOCCO,0.8723
ClCCOCOCCCl,-1.3461
CCCCOCCOC(C)=O,-1.2504
ClCCOCCOCCCl,-0.9955
CCCCOCCOCCO,0.7899
COCCOCCOCCO,0.7846
CCOCCOCCOCC,0.7899
CCOCCOCCOCCO,0.749
CCCCCCOCCOCCO,-1.049
CCCCCCCCCCCCCCCCCCCC,-8.1724
CNC(=O)Oc1ccccc1OC(C)C,-2.0512
OC(=O)C1C(C(O)=O)C2(Cl)C(=C(Cl)C1(Cl)C2(Cl)Cl)Cl,-2.0457
CC(N)(CO)CO,0.9782
CCC(CC)(CO)CO,0.1798
CNC(=O)O\N=C\C(C)(C)SC,-1.4991
CC(=O)CO,1.1303
COC(C)=C,1.142
FC(F)=C(F)F,-2.8001
CC1(C)N(CO)C(=O)NC1=O,0.8009
Nc1ccc(O)c2C(=O)c3ccccc3C(=O)c12,-3.824
Nc1ccc2C(=O)c3ccccc3C(=O)c2c1,-6.1366
COCCOC(=O)c1ccccc1C(=O)OCCOC,-1.5213
CCCCCCCCOC(=O)c1ccccc1C(=O)OCCCCCCCC,-7.2493
COc1ccc2C(OC(=O)c2c1OC)C3N(C)CCc4cc5OCOc5cc34,-4.1065
CCNc1cccc2ccccc12,-3.1922
CC1(C)N(Cl)C(=O)N(Cl)C1=O,-2.5955
CC(C)n1nc(C)cc1OC(=O)N(C)C,0.6752
Cc1cc(Cc2cc(C)cc(c2O)C(C)(C)C)c(O)c(c1)C(C)(C)C,-7.2311
CCCCN(CCN(CCCC)C(=O)N1CCOCC1)C(=O)N2CCOCC2,0.0985
OC(c1ccccc1)c2ccc(Cl)cc2,-3.4886
CNc1ccccc1C(O)=O,-2.8784
Cc1cc(ccc1N)c2ccc(N)c(C)c2,-2.213
COc1ccc(C=O)cc1OC,-1.4199
CCOc1ccc(C=O)cc1OC,-2.1913
Oc1ccc(Cl)cc1Cc2ccccc2,-3.1666
S(Sc1sc2ccccc2n1)c3sc4ccccc4n3,-4.5218
CCCOC(=O)c1cc(O)c(O)c(O)c1,-1.7827
CN(C)C(=O)OC1=CC(=O)CC(C)(C)C1,-0.8477
N(Nc1ccccc1)c2ccccc2,-2.921
OCCNc1ccccc1,-0.4745
OC(=O)CCC(=O)OOC(=O)CCC(O)=O,-0.8471
CCCCCCCCC(=O)OCC,-3.8007
CC(C)=CCCC(=C)C=C,-4.3861
CC(=O)CC(C)(C)O,0.9349
CCCCCCCCOC(=O)CCCCC(=O)OCCCCCCCC,-5.6768
CC(O)CNCCN,0.9275
CC(C)CCOC(C)=O,-1.8135
OC(=O)CSCC(O)=O,0.4255
CCCCCCCC=O,-2.3598
CCCCOCCOCCOC(C)=O,-0.8188
CCCCCCCCCC,-6.4372
CCCCCCCCCCCCN,-3.3759
CC(C)(N)CO,1.0499
FC(F)(Br)C(F)(F)Br,-4.9376
NC(=O)OC1(CCCCC1)C#C,-1.8253
OCC(CO)(CO)COCC(CO)(CO)CO,-1.9582
CC1(C)CC(=O)CC(=O)C1,-1.5276
CCCC1OC1(CC)C(N)=O,-1.1745
NC(=O)NO,1.1189
CC(=O)C(O)=O,1.0552
CN1C(=O)OC(C)(C)C1=O,-0.4568
BrN1C(=O)CCC1=O,-1.0831
ClN1C(=O)CCC1=O,-0.9702
Oc1cccc2C(=O)c3ccccc3C(=O)c12,-4.4213
Oc1ccc(Cl)c2cccnc12,-3.9756
OC(=O)c1cc(nc2ccccc12)c3ccccc3,-3.1926
OC(=O)c1ccccc1C(=O)Nc2cccc3ccccc23,-3.1633
Oc1cc(O)c2ccccc2c1,-1.9493
ClC(Cl)(Cl)SN1C(=O)C2CC=CCC2C1=O,-4.7704
ClC(Cl)(Cl)SN1C(=O)c2ccccc2C1=O,-5.569
Cc1cc(O)c(Cl)c(C)c1Cl,-2.9801
OC(=O)c1cc(I)cc(I)c1O,-3.307
CC(=O)Oc1ccccc1C(=O)Oc2ccccc2,-4.1077
Nc1ccc(cc1)c2ccc(Cl)cc2,-4.6383
N(N=Nc1ccccc1)c2ccccc2,-2.596
Cc1cc(C)c(N)cc1C,-1.9549
CCCCOC(=O)C(C)O,-0.5629
OC(=O)CN(CC(O)=O)CC(O)=O,-0.5101
Oc1ccc(C=O)cc1O,-1.3402
NC(Cc1sccc1)C(O)=O,-0.8356
C(CNCc1ccccc1)NCc2ccccc2,-1.7865
COc1ccc(CC=C)cc1,-2.9209
OC(=O)CCC1CCCC1,-1.7691
CCCCOC(=O)CCC(=O)OCCCC,-3.0006
CCOC(=O)\C=C/C(=O)OCC,-1.0899
CCOC(=O)CCCCC(=O)OCC,-1.6795
OC(=O)CCI,-0.43
OC(=O)CC(O)=O,0.8652
O=C1CSC(=S)N1,-1.7723
O=C1NC(=S)NC=C1,-2.2573
O=C1NC=CC=C1,1.0218
CC(=O)NCCO,0.9867
NC(=S)NNC(N)=S,-1.7965
CCCCCCOC(C)=O,-2.451
CCCCCCNCCCCCC,-3.1574
CCCCOCCOCCOCCO,0.6855
ClC1(Cl)C2(Cl)C3(Cl)C4(Cl)C(=O)C5(Cl)C3(Cl)C1(Cl)C5(Cl)C24Cl,-5.2594
OC(=O)CC1(CC(O)=O)OCOC1=O,-0.611
OC(=O)CF,1.1077
CC(O)C(N)C(O)=O,0.067
OC(=O)c1cc(O)c(O)c(O)c1,-1.1552
CCOc1ccc(NC(N)=O)cc1,-2.173
ClCCNC(=O)N(CCCl)N=O,-1.7285
C1COC2(C1)CCCO2,-0.1078
c1ccc2c(c1)c3ccc4ccc5cccc6cc2c3c4c56,-9.1627
c1ccc2c(c1)ccc3ccc4ccccc4c23,-7.8207
c1ccc2c(c1)ccc3c2cc4cccc5c6ccccc6c3c45,-8.4806
C1c2cccc3ccc4cccc1c4c23,-5.2379
c1ccc2c(c1)ccc3c4cccc5cccc(c45)c23,-8.004
c1ccc2c(c1)cc3c4ccccc4c5cccc2c35,-8.2259
c1ccc2cc3c4cccc5cccc(c3cc2c1)c45,-8.4989
N1c2c(Sc3ccc4ccccc4c13)ccc5ccccc25,-7.9081
N1c2ccc3ccccc3c2Sc4c1ccc5ccccc45,-6.8786
N1c2ccccc2Sc3ccc4ccccc4c13,-5.8957
N1c2ccccc2Sc3c1ccc4ccccc34,-6.5727
c1ccc2c(c1)ccc3nc4c(ccc5ccccc45)cc23,-6.2447
c1ccc2c(c1)cnc3ccccc23,-2.7763
C1CN2CCN1CC2,0.6033
o1cccn1,0.3827
c1ccnnc1,1.0964
c1cncnc1,1.0964
C1CCCCCC1,-3.5149
C1OC1C2CO2,1.065
NN,1.4942
CCC(C)(OC(N)=O)C#C,-0.9456
FC(F)(F)C(Cl)Cl,-1.8623
CCC(C)N1C(=O)NC(=C(Br)C1=O)C,-2.5057
CC(C)N1C(=O)NC(=C(Br)C1=O)C,-2.0604
CNC(=O)Oc1cc(C)c(N(C)C)c(C)c1,-3.3469
CCC(C)C(N)C(O)=O,-0.5033
OC(=O)c1cc(Cl)ccc1O,-1.237
Fc1cccc2ccccc12,-3.4527
CC(=O)Nc1ccc(F)cc1C,-1.3593
CC(=O)Nc1ccc(C)cc1F,-1.7403
Fc1cc(F)c(F)cc1F,-2.3757
CC(C)CC(N)C(O)=O,-1.0456
Fc1ccccc1CCl,-2.541
Fc1ccccc1Cl,-2.4157
Fc1ccc(I)cc1,-3.1257
CCF,-1.3477
OCCF,1.1934
CC(O)C(F)(F)F,0.3094
FC(F)(F)C(F)(Cl)Cl,-3.0961
OC(=O)C(F)F,1.0176
CCCc1cc(F)ccc1O,-1.887
OC(=O)c1ccccc1C(F)(F)F,-1.5978
CC(=O)NCc1c(I)c(NC(C)=O)c(I)c(C(O)=O)c1I,-2.3208
OC(=O)Cc1cc(O)ccc1O,0.7037
OC1CCOC1,1.055
Fc1cccc(CCl)c1,-2.5436
COCC(F)F,-0.2836
NC(N)=NC#N,-0.3087
Nc1cccnc1,1.0263
NC(=O)NCC(O)=O,-0.5809
NC(=O)NCCC(O)=O,-0.8014
CN=C(N)N,-1.6135
CC(=O)C1CC(CC(O)=O)C1(C)C,-0.5752
Oc1ccc2c(OCC3(O)CC4=CC(=O)C(=CC4=C23)O)c1O,-2.6994
C1Cc2c3ccc4ccccc4c3cc5cccc1c25,-7.8613
Cc1cc(C)c(c(C)c1)C(O)=O,-2.3566
Cc1cc(O)c(C(O)=O)c(O)c1,-2.0496
CN1C(=O)N(C)c2nncnc2C1=O,-1.9849
COc1ccc2C=CC(=O)Oc2c1CC=C(C)C,-4.3087
CC1CCC2C(C)C(=O)OCC12,-1.9249
O=C1NC(=O)c2nccnc2N1,-2.1183
CC1=C(CCC(O)=O)C(=O)NC1=O,-0.6608
CC(C)c1ccc(C)c2ccc(C)c2c1,-5.4752
COC(=O)c1ccccc1OC2OC(COC3OCC(O)C(O)C3O)C(O)C(O)C2O,-0.7418
O=C1NC=Cc2ccccc12,-2.4842
Cc1cc(O)c2c(O)c3c(O)cccc3cc2c1,-3.0585
NC1=NC(=O)C2=C(N1)NC(=O)C(=O)N2,-5.1655
OC(=O)C(=C)c1ccccc1,-2.0568
OCc1cc(O)ccc1O,0.8534
O=Nc1ccc(NNC(=O)c2ccccc2)cc1,-4.6835
O=C(NN\C=C/1C=CC=CC1=O)c2ccncc2,-3.6835
C1Cc2ccccc2N1,-1.0427
C\C=C(/C)C=O,-0.527
CC1OCCO1,0.8789
O=C1CC2CCC1C2,-1.7565
OC(O)=C1OC(=CC(=O)C1=O)C(O)=O,-1.377
COc1cc(ccc1O)C(C)=O,-1.5216
C\C(=C\C(O)=O)C(O)=O,0.7795
CC(C)c1ccc(C)c(O)c1,-2.0798
CC1CC(CC(C)(C)N1)OC(=O)c2ccccc2,-1.922
OC(=O)C(=O)Nc1ccccc1,-1.3019
ClCCC(=O)NCc1ccccc1,-3.2959
NC(=O)NC(=O)C=CC(O)=O,-1.9202
CCOC(=S)SSC(=S)OCC,-4.9432
C1COC1,1.236
C\C=C/C(O)=O,1.065
Nc1ccncc1,-0.0529
Nc1ccccn1,0.9757
C1CSCCS1,-1.6029
OC(=O)CCCCCCC(O)=O,-1.1673
ClCCSCCCl,-2.3666
OC(=O)\C=C/C=C\C(O)=O,-2.8516
IC#N,-0.6333
CC(C)(C)Br,-2.3586
CC1(C)C2CCC1(C)C(O)C2,-2.3202
CC(C)(C)CC(=O)OCC(=O)C1(O)CCC2C3CCC4=CC(=O)CCC4(C)C3C(O)CC12C,-5.5111
CCC1(N2CCCCC2)C(=O)NC(=O)NC1=O,-2.1562
CC(C)=CCl,-1.9569
CC(=C)CO,0.4298
CCC(C)S,-1.8346
CC(=C)C(C)=C,-2.4014
CC(O)C(C)=O,1.055
CC(O)(C(O)=O)c1ccccc1,-0.8949
CC(C(O)=O)C(O)=O,0.7597
CC(C)C(N)C(O)=O,-0.1971
Oc1ccc2c(Oc3cc(O)ccc3C24OC(=O)c5ccccc45)c1,-3.8226
COc1ccc(C=O)c(C(O)=O)c1OC,-1.9247
CN(C)C(=O)C(=O)N(N(C)C(C)=O)c1ccccc1,-0.5345
Oc1c(Br)cc(Br)c2cccnc12,-4.1938
CCC1CN2CCC1CC2C(O)c3ccnc4ccc(OC)cc34,-3.0514
CC(C)NCC(O)COc1cccc2ccccc12,-3.6202
OC(=O)c1sccc1,-1.2327
CC(C)c1ccccc1C,-3.7606
CC(=O)c1ccc(O)c(O)c1O,-2.0216
OC(=O)c1ccc(C(O)=O)c(c1)C(O)=O,-1.0003
CC(C)C(CC=C)C(=O)NC(N)=O,-2.7469
Oc1c2ccccc2cc3ccccc13,-4.7329
C=C(c1ccccc1)c2ccccc2,-4.4363
ONC1=C(CCCCC1)N=O,-1.4249
COc1ccc2C=CC(=O)Oc2c1,-3.1221
COc1ccccc1OCC(O)COC(N)=O,-1.5251
CCOC(=O)COc1ccc(Cl)cc1Cl,-3.3503
CCCCCc1ccc(O)cc1O,-1.9548
CCN(CC)C(=O)CC(C)C,-0.5946
CN1CSC(=S)N(C)C1,-1.7331
OC(CI)CI,-1.3971
CNC(=S)NC,0.9823
COC(C)OC,1.0452
CCCCC(C(O)=O)C(O)=O,0.4369
CC(C)c1cccc(C)c1,-3.4994
CN(C)c1cc(C)nc(Cl)n1,-1.2615
OC(=O)c1cc(O)c(O)c(OC(=O)c2cc(O)c(O)c(O)c2)c1,-2.8092
CCc1ccncc1,-0.0006
ClN=C1C=C(Br)C(=O)C(=C1)Br,-3.7068
CCN(CCCl)CCCl,-3.0265
CCCCOC(=O)/C=C/c1ccccc1,-1.6112
COCc1ccccc1,-1.6098
CN(C)c1ccc(cc1)N=Nc2ccc(N)cc2,-4.594
OC(=O)/C=C/c1occc1,-1.8392
CCCCC(=O)OCC,-1.7706
CCC(=O)OCC(C)C,-1.8841
COC1CC1,-0.1176
Br\C=C/Br,-1.3195
OCCBr,0.9032
CCOC,-0.0799
CNNC,1.2211
CC(C)CC(C)(C)C,-4.6704
CC(=O)OC(C)(C)C,-1.1443
CCCC(Cl)Cl,-2.4036
CC(N)CC(O)=O,0.9867
CC(=O)CC(O)=O,0.991
NC(=S)NC(N)=S,-1.6996
CC1=CC(=O)CC(=O)O1,-1.1185
ClC1CCCCC1,-2.3752
NC(CCCC(O)=O)C(O)=O,-1.8648
CC(C)COC=O,-1.0006
CCCCI,-2.9587
ClCOCCl,-0.7181
C1C=CC=C1,-1.565
CCCCCCl,-2.7324
CC(C)CCOC(N)=O,-1.4403
N#CCCCC#N,1.0263
CCCCCCCCCCCCCCCC,-8.4007
COC(=O)C(C)O,0.9825
C=C1CCOC1=O,0.1844
CCOC(=O)C(C1=C(O)Oc2ccccc2C1=O)C3=C(O)Oc4ccccc4C3=O,-3.4264
CC(C)c1ccc(C)c(C(O)=O)c1O,-3.2883
CN1C(=O)C=C(N)N(CC(C)=C)C1=O,-0.9895
Cc1c(Cl)cc(Cl)c(O)c1Cl,-3.2761
CN1C2CCCC1CC(=O)C2,0.4167
NNC(=O)c1cccnc1,-0.1372
COC(=O)C(=O)OC,-0.2919
OC(=O)\C=C/C(=O)Nc1ccccc1,-2.2815
NC(Cc1ccc(O)cc1)C(O)=O,-2.6561
OCC1CO1,1.1303
O=C1NC=CC=N1,0.6749
CCCOC,-0.3857
CCCC(=O)OCC(O)CO,-1.335
C=CCOCC=C,-0.0206
BrC(Br)(Br)Br,-3.1404
CC(C)(O)CCl,0.1602
CCC(C)(C)CC,-4.2286
CC(C)C=C,-2.732
CCC(C)=C,-2.7307
CC(=C)CCl,-1.8108
C\C(Cl)=C\Cl,-1.6138
CC(O)C(C)Cl,-0.2122
CCC(C)C(C)(C)C,-4.6776
CCC(C)C(C)C,-4.2808
CCC(C)C(C)O,-0.7216
CCC(C)C(C)=O,-0.6805
CCC(O)C(C)C,-0.7062
CCC(=O)C(C)C,-0.8106
NCC(O)C(O)=O,-0.8229
CC(C)C(Br)C(O)=O,-1.103
CC(C)C(C)C(C)C,-4.6961
CC(C)C(=O)C(C)C,-1.3018
CC(N)C(O)C(O)=O,-0.3535
COc1ccc2COC(=O)c2c1OC,-1.8903
COCOC(=O)c1ccccc1O,-2.3
OC(=O)C1CCNCC1C(O)=O,-0.5395
Nc1cccc2nc3ccccc3cc12,-4.222
OC(C(O)c1ccccc1)c2ccccc2,-1.933
CCc1cccc(CC)c1N,-2.3478
Brc1ccc2ccccc2c1,-4.4001
Oc1cnc2ccccc2c1,-2.3925
CCN(CC)c1nc(Cl)nc(n1)N(CC)CC,-4.4112
c1ccc(nc1)c2cccnc2,-0.5916
S=C1Nc2cncnc2N1,-2.5243
CC(C)=CC1C(C(=O)OC2CC(=O)C(=C2C)CC=C)C1(C)C,-4.8179
CC(C)(C)c1cccc(O)c1,-1.8614
OC(=O)C\C(=C/C(O)=O)C(O)=O,0.3612
OCC(O)C(O)C(OC1OC(CO)C(O)C(O)C1O)C(O)CO,0.2872
OCC1OC(OCC2OC(O)C(O)C(O)C2O)C(O)C(O)C1O,0.4656
OC(=O)c1ccc(C(O)=O)c(Br)c1,-2.1339
OCc1ccncc1,0.9621
NC(=O)OC(CCl)CCl,-1.3605
Cc1cccc(CO)c1,-0.388
OC(=O)COc1cc(Cl)cc(Cl)c1,-2.3617
OC(=O)COc1cccc(Cl)c1,-2.1954
c1ccc(cc1)\C=C\c2ccccc2,-5.7905
OCc1ccc(CO)cc1,-0.3861
CCCC(C)CC,-4.3063
CCCC(=O)CC,-0.8334
CCCCC(C)CC,-5.1591
CC1CCC(C)CC1,-4.4657
CCCCOC(=O)CC,-1.9385
I\C=C/I,-2.7813
CCCC(C)(C)C,-4.3575
CCCC(C)(C)O,-0.4988
CCCCC(C)(C)C,-5.7568
CC1CCCC(=O)C1,-1.8738
CC1=CCCCC1,-3.2671
CCCCC(C)C,-4.5961
CC(=O)OCC=C,-0.5534
C/C=C/CCl,-1.9569
CCCC\C=C\C,-3.816
CCCCOC=O,-1.1307
FCCl,-0.8202
NC(=O)C(Br)(Br)Br,-1.2668
NC(=O)C(Cl)(Cl)Cl,-1.0966
CCC(C)(O)C(C)C,-0.8504
CC(C)(CO)C=O,-0.3279
CC(O)(CCl)CCl,-0.1822
CC(=O)OCC(COC(C)=O)(COC(C)=O)COC(C)=O,-1.5686
CCCC(C)(O)CCC,-1.5867
CC1(CCl)CO1,-0.5504
ClC(Br)CBr,-2.5546
COC(C)C,-0.057
NC(=O)C(Br)Br,-1.0574
CC(Cl)C(Cl)Cl,-1.8898
CC(Cl)C(O)=O,0.9645
CCOC(OCC)C(Cl)(Cl)Cl,-1.6464
CC(C)C(O)C(C)C,-1.2201
CCC(C(O)=O)C(O)=O,0.7315
OC(=O)c1c(Br)c(O)c(O)c(O)c1Br,-0.4188
CC(O)Cn1cnc2N(C)C(=O)N(C)C(=O)c12,0.623
Oc1ccc(cc1)C(c2ccc(O)cc2)=C3C=CC(=O)C=C3,-2.3837
CCOC(=O)c1ccccc1C(=O)c2ccccc2,-3.4053
Oc1ccc2C(=O)c3ccccc3C(=O)c2c1,-5.3093
COC(=O)c1ccccc1C(=O)c2ccccc2,-3.4776
CN1C(=O)C=Cc2ccccc12,-1.0466
CC1=CC(=O)c2ccccc2N1,-1.2019
Brc1cccc(Br)c1Br,-5.0402
CCOC(=O)C(=O)C(=O)OCC,0.5117
OC(=O)c1cccc(C=O)c1O,-2.4423
Cc1cccc2cc3ccccc3cc12,-5.8541
OCc1ccccc1CO,0.0569
OCc1ccccc1C(O)=O,-1.5508
Nc1ccc2cc3ccccc3cc2c1,-5.1722
CCOC(=O)c1cccnc1,-0.4313
Clc1ccccc1I,-3.54
CCOC(=O)N(C)N=O,-0.5528
Brc1ccc(Br)c(Br)c1,-4.808
CCCCC(N)C(O)=O,-1.0453
CCC(Cl)CC,-2.6307
CCC(O)C=C,0.0193
O=C1CCCN1,1.07
CCCC(C(O)=O)C(O)=O,0.6803
OC(=O)c1cc(C=O)ccc1O,-2.6354
CCCCCC(C(O)=O)C(O)=O,0.5921
CCCC(O)C(C)C,-1.3093
OC(=O)c1ccc(cc1)C#N,-2.0885
CN(C)c1ccc(cc1)C(O)=O,-3.3979
OCc1cccc(O)c1,-0.2678
O=C(CC#N)Nc1ccccc1,-2.7275
OC(=O)Cc1cccc(O)c1,0.8177
CCCCCN(CCCCC)CCCCC,-4.0326
Cc1ccc(cc1)N=C=S,-4.7213
Cc1ccc(C=C)cc1,-3.1232
OCc1ccc(O)cc1,-1.2678
O=Cc1ccc(C=O)cc1,-2.8265
CCCC(=O)OC,-0.8331
CC(COC(C)=O)OC(C)=O,-0.2046
CCOCCOC(=O)CCCCCCCCC(=O)OCCOCC,-3.1972
CCOC(=O)CCCCCCCC(=O)OCC,-2.99
CCCCC(=O)OC,-1.3606
Ic1ccc(I)cc1,-5.3723
CCCCCCC(O)CC,-2.6608
ICCI,-3.2196
CC(C)(C)CCO,-1.1308
CC(C)CC(C)(C)O,-0.9307
CCC(C)(C)NC(N)=O,-1.0142
CCCCC(C)(C)O,-1.0784
CCCCCC(C)(C)O,-1.7168
COCC(C)C,-0.9007
COCC(O)=O,1.0454
CCOC(C)C,-0.5607
CC(C)OC=O,-0.6301
Clc1cccc(I)c1,-3.55
OC1=CC(=O)C=CN1,-1.2498
OCc1cccc(CO)c1,-0.2328
CC1=CC(=O)NC(=O)N1,-1.2557
O=C1C=CNC=C1,1.0218
CC(C)CCOCC(O)COCCC(C)C,-1.3662
CCOC(=O)CCCCC(O)=O,-0.3602
CC(C)CCCO,-1.1286
CC\C=C/C(O)=O,-0.2019
CCCOC(C)C,-1.3373
OCCCBr,0.0093
OCCCCl,0.4223
COCCCl,-0.0725
CC(C)CCC(C)O,-1.375
CC(C)CCOCC(O)CO,-1.2101
COC(=O)CCCCC(=O)OC,-1.4629
CCCCOC,-0.9907
CCCOCC,-0.6806
CCCCCOC(C)=O,-1.8841
CC(=O)OCCCOC(C)=O,-0.2046
CCCCCC#C,-3.0099
CCCCCCC#C,-3.662
CCCCCCCCCCCCC,-7.5936
CCCCCCCCCCCCCCC,-9.4464
CCCCCCCCCCCCCCCO,-6.3476
CCCCCCCCCCCCCCCCCCCCCCCCCC,-8.3339
CCCCCCCCCCCCCCCCCCCCCCCCCCCCCCCCCCCC,-8.4746
ClCC(Cl)(Cl)Cl,-2.1955
OC(=O)C(Br)Br,0.9861
CN(C)C(=O)N(C)C,0.9349
OC(=O)c1c(Cl)c(Cl)c(Cl)c(Cl)c1C(O)=O,-1.9264
Oc1ccc2N=C3C=CC(=O)C=C3Oc2c1,-1.0277
CC1=CNC(=S)NC1=O,-2.4461
OC(=O)C1=CCCCC1,-1.2558
Oc1ccc(cc1)N=O,-1.5462
CCC(=O)OC(C)C,-1.2906
CCOC(C)(C)C,-0.9302
CC1NC(C)SC(C)S1,-1.3679
CC(=O)NC(=O)NC(C)=O,-0.3137
CCCCCCCCCCCCC(O)=O,-3.8126
NC(=O)CF,1.1132
CC(=O)OOC(=O)c1ccccc1,-2.4502
CCCc1ccc(O)cc1,-2.0276
NC1=NC(=O)N=C(N)N1,-3.2291
C1COCO1,1.1303
NCCCCC(O)=O,0.9313
CCNc1nc(NCC)nc(OC)n1,-1.7898
ClC(Br)C(Cl)Br,-2.5644
NC(=O)C(Cl)Cl,-0.2558
CN(N=O)C(N)=O,-0.8548
C=CC#C,-1.4648
CC(C)CC=C,-3.2439
CN1C=CC=CC1=O,0.9621
CNc1cccc(C)c1,-2.05
CCc1cc(C)cc(O)c1,-1.7696
O=C1N=CNc2nccnc12,-1.4716
Nc1ncc2nccnc2n1,-2.2979
ClC1=C(Cl)C(Cl)(Cl)C(Cl)(Cl)C1(Cl)Cl,-6.5362
CN1C(=O)NC2=C(NC(=O)N2)C1=O,-1.5614
Cc1nn(c2ccccc2)c(C)c1N=O,-3.7355
OC(=O)c1c2ccccc2cc3ccccc13,-3.4174
CC(C)(C)c1cc(c(O)c(c1)C(C)(C)C)C(C)(C)C,-3.875
CCN(N=O)C(N)=O,-0.9547
CCCCCCCC(C(O)=O)C(O)=O,-2.0411
CCCCCCCCC(C(O)=O)C(O)=O,-2.92
FCCCl,-0.5291
CCCC(C)=C,-3.033
CC(C)=CC=C(C)C,-3.537
O=CC1CO1,1.1423
COc1ccccc1Cl,-2.4639
Cc1cc(C)nc(N)n1,-0.4884
C1Cc2ccccc2c3ccccc13,-4.6347
O=C(NNC(=O)c1ccccc1)c2ccccc2,-1.5883
CCOC(=O)CCCC(=O)OCC,-1.3297
OCCCC=C,-0.1793
CC(O)CCOCCC(C)O,0.7899
OC(=O)CCCCCCCCCCCCC(O)=O,-3.1112
CC(C)C1OCCO1,-0.0651
CSc1ncccn1,-0.402
CC1CC(OC(C)O1)OC(C)=O,0.759
CN1C(=O)N(C)c2nc(C)n(C)c2C1=O,-1.4493
COCCCNc1nc(NC(C)C)nc(SC)n1,-2.9284
COCCCNc1nc(NCCCOC)nc(SC)n1,-3.4792
OC1N=C(c2ccccc2Cl)c3cc(Cl)ccc3NC1=O,-3.6036
CC(=O)CCC1C(=O)N(N(C1=O)c2ccccc2)c3ccccc3,-3.2676
CC(=O)OC(OC(C)=O)C=C,-1.2449
CC(=O)NCCNC(C)=O,0.6755
OCc1ccc(Br)cc1,-1.9295
OCc1ccc(Cl)cc1,-1.7561
CCOc1nc(OCC)nc(OCC)n1,-1.4838
CC(C(O)=O)C(C)(C)CCC(O)=O,-1.5265
OCNC(=O)C=C,0.8101
CCCC(=O)NCCNC(=O)CCC,-0.6222
CCCCCC(=O)CCCCC,-3.5322
CCC#CCC,-2.1675
O=NN1CCCC1,0.9995
O=NN1CCCCCC1,-1.0006
Oc1c(Cl)ccc(Cl)c1Cl,-2.6422
O=C1CCCCCCCN1,0.6329
CN(Cc1ccccc1)N=O,-1.5224
BrC1=CC(=O)Oc2ccccc12,-1.6533
COc1cc(Cl)c(Cl)c(Cl)c1Cl,-5.2605
Cc1ccc(OCC(O)=O)cc1,-2.1414
COc1c(Cl)c(Cl)c(Cl)c(Cl)c1OC,-5.2394
CC(=O)C1(C)CCC2C3C=C(C)C4=CC(=O)CCC4(C)C3CCC12C,-5.2721
CC(C)N(C)C,1.0597
CCOC(=O)CNC(=O)OCC,-0.2435
CC(O)COC(=O)C=C,0.8856
NC(=O)NCO,-0.3463
CC1CCC(C)O1,0.0723
CCNc1nc(N)nc(Cl)n1,-2.4135
O=C1CCCCCCCCCN1,-1.8862
CNc1nc(NC(C)C)nc(SC)n1,-2.5656
CCCCn1cnc2N(C)C(=O)N(C)C(=O)c12,-1.8069
O=C1OC(=Nc2ccccc12)c3ccccc3,-4.6084
ClC1C2OC2C3C1C4(Cl)C(=C(Cl)C3(Cl)C4(Cl)Cl)Cl,-6.2893
CCCCCCCCOC(=O)c1cc(O)c(O)c(O)c1,-3.8945
S=C1NNC(=S)S1,-0.7552
Fc1ccccc1Br,-2.6958
Oc1cnn(c1)c2ccccc2,-1.9616
CCCCCCCc1ccccc1,-5.5959
CCCCCCOC(=O)c1ccc(O)cc1,-3.949
CCCCCCCOC(=O)c1ccc(O)cc1,-4.0725
CC(C)(C)C(=O)OCC(=O)C1(O)CCC2C3CCC4=CC(=O)C=CC4(C)C3C(O)CC12C,-4.5835
CCCCCC(N)C(O)=O,-0.94
OCCN(CCO)N=O,0.8724
CCCCCCCCN(CCCCCCCC)CCCCCCCC,-6.8496
CC(C)(C)NC(N)=O,-0.7306
COC(=O)CCCC(=O)OC,-0.4337
CCCCC#CC,-2.7695
CCCCCCCCCCC,-7.5505
Cc1cc(C)c(C)cn1,-0.7824
CCc1cccc(C)n1,-0.8234
OC(=O)C1(O)CCCCC1,-0.3328
Cc1cc(Cl)cc(C)c1O,-1.6763
Clc1cnc2cncnc2n1,-0.8749
Oc1ccc(CC=C)cc1O,-0.7787
Cc1cc(N)n(n1)c2ccccc2,-0.9376
Oc1ccc(cc1)C2CCCCC2,-3.468
CCSC(=O)N(CC)C1CCCCC1,-3.4037
CCCCN1C(=O)N(C)c2ncn(C)c2C1=O,-1.6252
CCC(C(CC)C(O)=O)C(O)=O,-0.8608
CCN(CC)C(=O)N(CC)CC,-0.6341
Oc1ccc(O)c(C=O)c1,-1.0004
NCC1CCC(CC1)C(O)=O,0.0255
Cc1cc(C)c2ccccc2n1,-1.9424
CC(NC(=O)c1ccccc1)C(O)=O,-1.6839
COC(=O)CNC(=O)c1ccccc1,-1.0556
CN1c2ccccc2Sc3ccccc13,-5.5934
CCCCCCCCOC(=O)c1ccc(O)cc1,-4.2224
CC1COCc2cc3c(cc12)C(C)(C)C(C)C3(C)C,-5.1693
CN1N(C(=O)C(=C1C)CC2=C(C)N(C)N(C2=O)c3ccccc3)c4ccccc4,-2.9549
CC(C)C(C)C(C)C(O)C#CC(C)C(C)O,-2.2756
Cc1c(C(O)=O)c(O)cc2C(=O)c3c(O)c(O)c(C4OC(CO)C(O)C(O)C4O)c(O)c3C(=O)c12,-2.5784
C1CN(CCO1)C(c2ccccc2)(c3ccccc3)c4ccccc4,-7.2168
NC(=O)c1ccccn1,0.1685
CCCCCCCCCCCCCCCCCO,-7.506
CC1CN(CC(C)O1)N=O,-0.0655
Cc1ccc(C)c(C)n1,-0.5893
Oc1ccc2CCCc2c1,-1.3285
ClC\C=C/CCl,-2.3333
O=C1CCCCC1C2=CCCCC2,-2.774
CC(=O)Oc1ccc(Br)cc1C(O)=O,-2.5895
CCN(CC)C(=O)CCC(O)=O,-0.7937
COc1ccc(NC(N)=O)cc1,-1.5917
CCCOCC(C)O,0.9275
C/C=C/C(C)O,0.0152
Cc1cc(Cl)ccc1O,-1.552
Cc1cc(Cl)cc(Cl)c1O,-2.0439
OC(=O)C=C(Br)Br,-0.8358
CC(NC(N)=O)NC(N)=O,-0.5916
NC(=O)NN=C1CCCCC1,-1.4127
OC(=O)CCC(=O)c1ccc2ccccc2c1,-3.8533
CN(C)NC(=O)CCC(O)=O,-0.2046
CCNc1nc(NC(C)C)nc(OC)n1,-2.0696
C=C\C=C/C#N,-0.7221
CN(C)C1CSSC1,-1.873
CCCCCCCS,-4.1549
FC(F)(Cl)CCl,-2.2007
CCCCCCCCCC(C)O,-2.9418
CC(C)CCCCCO,-2.3038
Cc1cnc2c(ccc3c(C)c(C)cnc23)c1C,-5.1939
CN(C)CC\C=C1/c2ccccc2COc3ccccc13,-3.9469
CCC1CCCCC1,-4.2507
CC1(C)C2CC3OC3(C)C1C2,-2.5937
CC1(C)OC(=O)c2ccccc12,-1.8684
O=C1C=CC(C=C1)=NNc2ccccc2,-3.3429
Oc1c(Br)cc(cc1Br)C#N,-3.3284
CCCCCCCC(=O)Oc1c(Br)cc(cc1Br)C#N,-6.7023
ClC1=C(Cl)C(=O)N(N=C1)c2ccccc2,-3.3822
NC1=C(Cl)C(=O)N(N=C1)c2ccccc2,-2.7436
OC(=O)c1nc(Cl)ccc1Cl,-1.3884
Cc1cc2c3ccccc3ccc2c4ccccc14,-6.5715
CC(F)(Cl)Cl,-2.4448
COc1ccc2Nc3cc(Cl)ccc3Sc2c1,-4.9787
C1NNCN2CNNCN12,-0.0128
O=C(Nc1ccccc1)c2cccnc2,-3.093
Nc1ccc2snnc2c1,-1.3045
OCc1ccc(Cl)cc1Cl,-2.248
C\C(NO)=C/N=O,-0.3462
OCc1ccc(Cl)c(Cl)c1,-2.0439
Clc1ccc(Cl)c2ccccc12,-5.3576
CCN(CC)C(=O)CSc1ccc(Cl)nn1,-1.7156
CCCC(O)C(C)CC,-1.8406
Fc1ccc(cc1)C(CCCN2CCC3(CC2)N(CNC3=O)c4ccccc4)c5ccc(F)cc5,-4.6772
OC(=O)CCCCCCCCCC(O)=O,-1.6274
COC(=O)c1c(Cl)c(Cl)c(c(Cl)c1Cl)C(=O)OC,-5.8221
CC(O)COCc1c(Cl)ccc(Cl)c1Cl,-3.5673
Cc1cc(O)c(Cc2ccccc2)c(C)c1Cl,-4.3009
OCCNC(=O)C(=O)NCCO,-0.1124
Cc1ccccc1OCC(O)=O,-2.4424
ClC(Cl)=C(Cl)C(Cl)(Cl)Cl,-4.1651
Brc1oc(C=O)cc1,-1.544
CCN(CC)c1nc(Cl)nc(NC(C)C)n1,-3.7849
Cc1oc(cc1)C(O)=O,-0.8243
COCc1oc(C=O)cc1,-0.4992
Nc1c(Cl)c(Cl)nc(C(O)=O)c1Cl,-2.7494
CNC(=O)Oc1c(cc(C)cc1C(C)(C)C)C(C)(C)C,-4.598
Oc1ccc2Nc3ccccc3Sc2c1,-2.5748
COC(=O)COc1ccc(Cl)cc1Cl,-2.9596
CCOC(=O)COc1cc(Cl)c(Cl)cc1Cl,-4.8493
CCCCCCCCOC(=O)COc1ccc(Cl)cc1Cl,-7.0217
CCCOC(=O)COc1ccc(Cl)cc1Cl,-4.2502
COc1ccc(CCC(O)=O)cc1,-2.2144
CCCCOCCOC(=O)COc1ccc(Cl)cc1Cl,-4.4276
CNC(=O)Nc1sc2ccccc2n1,-4.2373
CC(=C)C1CCC(C)(O)C(O)C1,-0.2311
COc1c(cccc1C(O)=O)C(O)=O,-2.2926
CC(C)C(NC(=O)CN)C(O)=O,0.4579
OCCNC(=O)CCCCC(=O)NCCO,0.4121
CNC(=O)OCc1ccc(Cl)c(Cl)c1,-3.1389
CC(OC(=O)Nc1cccc(Cl)c1)C#C,-2.6172
NC(=O)Nc1ccc(Br)cc1,-1.6336
CCc1ccccc1Br,-3.6702
CN(C)C(=O)Nc1ccc(Oc2ccc(Cl)cc2)cc1,-4.8953
CC1CCCCC1NC(=O)Nc2ccccc2,-4.1108
COc1cccc(Cl)c1Cl,-3.309
COc1c(Cl)cccc1Cl,-3.1019
CCSC(=O)N(CC(C)C)CC(C)C,-3.684
O=C1CNC(=S)N1c2ccccc2,-3.2425
CCCCCCCCCCN,-2.4564
CCOC(=O)CCc1ccccc1,-2.9086
CNC(=O)Oc1ccc(N(C)C)c(C)c1,-2.3572
CNC(=O)Oc1cc(C)c(SC)c(C)c1,-3.9214
CCCC1CCCC1,-4.7404
CC(O)C(N)=O,0.9435
CCOC(=O)CCCCCC(=O)OCC,-2.0408
CCOC(=O)CCCCCCC(=O)OCC,-2.5304
Clc1ccc2ccccc2c1Cl,-6.1611
Clc1cccc2cccc(Cl)c12,-5.7963
OC/1=CC(=O)C=CC1=N/Nc2ccccc2,-3.0299
COC(C)C(N)C(O)=O,0.4853
CC(C)CC(c1ccc(O)cc1)c2ccc(O)cc2,-3.3674
Brc1cccc(c1)N=C=S,-4.0851
Oc1ccc(C2CCCCC2)c(O)c1,-2.5763
OCC1C(CO)C2(Cl)C(=C(Cl)C1(Cl)C2(Cl)Cl)Cl,-3.0802
OC(=O)c1ccccc1C(=O)c2ccc(Br)cc2,-3.0074
CCNC1=NC(=O)N=C(NC(C)C)N1,-4.5241
O=C1NC2=C(CCC2)C(=O)N1C3CCCCC3,-4.5916
CC(=C)C(=O)Nc1ccc(Cl)c(Cl)c1,-4.4325
CCC(C)OC(=O)Nc1cccc(Cl)c1,-3.1727
CC(C)COc1ccc2ccccc2c1,-5.2117
Clc1ccc2ccc(Cl)cc2c1,-5.9217
COc1ccc(cc1C(O)=O)C(O)=O,-3.1165
CCCCC(C)CCC,-6.0474
COc1cccc2ccccc12,-4.1992
Clc1ccc(Sc2cc(Cl)c(Cl)cc2Cl)cc1,-7.0335
ClC1=C(Cl)C(Cl)(C(=C1Cl)Cl)C2(Cl)C(=C(Cl)C(=C2Cl)Cl)Cl,-7.2784
O\N=C/1CCCC=C1,-0.9667
Clc1c(Cl)c(Cl)c2c(Cl)c(Cl)c(Cl)c(Cl)c2c1Cl,-9.703
Nc1cccc(c1)C#N,-1.1693
CCCCCCCCC#N,-3.2987
S=C=NCCc1ccccc1,-3.1714
OC(=O)CCCCc1ccccc1,-2.4657
Cn1cnc2nc(Cl)nc(Cl)c12,-1.1522
OC(=O)c1c(O)ccc2ccccc12,-3.1284
CC(C)N(C(C)C)C(=O)SC\C(Cl)=C\Cl,-4.2856
CC(C)N(C(C)C)C(=O)SCC(Cl)=C(Cl)Cl,-4.8818
OC(=O)C1CCCCC1C(O)=O,-1.935
CN1C(=O)N(C)C2=C(N(C)C(=O)N2C)C1=O,-0.9527
CCCCOC(=O)C1(O)c2ccccc2c3ccccc13,-3.8885
CCN(CC)C(=O)CCl,-0.243
CCCOC(=O)c1ccccc1,-2.6701
OCc1cc(Br)ccc1O,-0.2072
CC(C)C(CC(O)=O)C(O)=O,-0.4073
Fc1cc(F)c(F)c(F)c1,-2.3057
CCCC(C)(C)CO,-1.4391
OC(=O)\C=C/c1ccc2OCOc2c1,-3.8523
Cc1ccc2cc3ccc4ccccc4c3cc2c1,-6.644
Cc1ccc2cc3c(ccc4ccccc34)cc2c1,-6.8162
Cc1c2ccccc2c3ccc4cccc5ccc1c3c45,-8.5234
S=C1Nc2ccccc2O1,-2.1795
ClC1(Cl)C2(Cl)C3(Cl)C4(Cl)C(Cl)(Cl)C5(Cl)C3(Cl)C1(Cl)C5(Cl)C24Cl,-6.8074
Clc1cccc(c1)N=C=S,-3.9507
C#CCCCCCC#C,-2.983
Oc1ccccc1Oc2ccccc2,-3.2286
CCC(O)CN(CC(O)CC)CC(O)CC,-0.5229
Cc1c2ccccc2cc3ccc4ccccc4c13,-6.5648
ClC(Cl)C(Cl)(Cl)SN1C(=O)C2CC=CCC2C1=O,-5.3968
CCCCOCC1CO1,-0.8135
Cc1cc(Cl)c(O)c(Cl)c1,-1.4202
Cc1ncc2nccnc2n1,-0.1191
Cc1ncnc2nccnc12,-0.4658
Cc1ccc2nc3SC(=O)Sc3nc2c1,-5.3698
COc1ccccc1C(N)=O,-1.7815
Nc1ccc(CC(=O)c2ccccc2)cc1,-1.805
Clc1ccc(Oc2ccc(Cl)cc2)cc1,-4.7999
Nc1ccc(N)c2C(=O)c3c(N)ccc(N)c3C(=O)c12,-6.9515
OC(=O)CNC=O,0.2672
Oc1ccc(cc1)C(=O)Cc2ccccc2,-1.5008
Cc1c2ccccc2cc3c1cc(F)c4ccccc34,-7.31
Cc1cccc2ccc3cc4ccccc4cc3c12,-6.644
COC(=O)C1(O)c2ccccc2c3ccc(Cl)cc13,-4.1836
Cc1c2ccccc2cc3c4ccccc4cc(F)c13,-7.31
Cc1c2ccccc2cc3c4ccccc4ccc13,-7.343
OC(=O)CCCCCCCC=O,-0.9574
ClC(Cl)C(=O)Nc1ccccc1,-3.3555
CCC1OCCO1,0.2919
N\C(NO)=C(/N)N=O,-0.7773
NC(N)=Nc1sc2ccccc2n1,-2.4412
OC(=O)CCC=CC(O)=O,-1.2045
CCOc1snc(n1)C(Cl)(Cl)Cl,-3.3254
Cc1nc(C)c(cc1C(O)=O)C(O)=O,-2.809
CC(=O)Nc1ccc(OC(C)=O)cc1,-1.9076
CN1C(=O)N(C)c2nc(C)c(C)nc2C1=O,-1.3429
Oc1ccc2ccccc2c1N=O,-2.9374
Nc1cc2c3ccccc3ccc2c4ccccc14,-6.1958
CNC(=O)Oc1cc(cc(c1)C(C)(C)C)C(C)(C)C,-4.2445
COc1cc(Cl)c(OC)cc1Cl,-4.413
CNCCC(O)=O,-0.0543
Clc1ccccc1Oc2ccccc2,-4.7796
OC(=O)C(CSSCC(NC(=O)Cc1ccccc1)C(O)=O)NC(=O)Cc2ccccc2,-1.833
COc1cc(Cl)c(Cl)cc1OC,-3.4588
CC(=O)C=CC(O)=O,-0.2332
OC(=O)CCCCCCCCCCBr,-3.699
CCC(N)C(O)=O,0.2868
FC(Cl)C(F)(F)F,-1.959
COc1cccc(Cl)c1,-2.783
O=C1CCCC1C#N,-0.3567
CCSC(=O)N(CC)CC,-1.6917
CC1=C(Cl)C(=O)C(=C(C)N1)Cl,-4.2834
Oc1ccc(C=O)cc1Br,-2.1794
Clc1ccc(cc1)c2cccc(Cl)c2,-6.4001
OC(=O)COc1cccc(Cl)c1Cl,-2.8097
CCOC(=O)C(C)OC(C)=O,-0.6994
Nc1ccc(SC#N)cc1,-2.6015
CCN(CC)c1nc(NC(C)C)nc(OC)n1,-4.889
CNc1nc(Cl)nc(NC(C)C)n1,-2.8896
CC(Br)CCl,-1.8476
CNc1nc(NC(C)C)nc(OC)n1,-1.7509
NC1=C(Br)C(=O)N(N=C1)c2ccccc2,-3.124
CC(C)C(NC(C)=O)C(O)=O,-0.6325
C=CCCCC=C,-3.3396
CC1CCCC(C)(C)C1,-4.8532
OC(=O)CNCCC#N,0.3237
OC1(CCN(CCCC(=O)c2ccc(F)cc2)CC1)c3ccccc3,-4.1183
CC(C)(C)CCCO,-1.5402
CN(C)C(=O)N(c1ccc(Cl)c(Cl)c1)C(=O)c2ccccc2,-4.3238
NC(=O)NCl,0.3256
OCC(O)C(O)C(O)C(O)C(O)C=O,-0.3226
OC(=O)C1=C/C(C=CC1=O)=N/Nc2ccccc2,-3.0559
COc1ccc(cc1)C(=O)CCC(O)=O,-1.0632
CCC(NC=NN)C(O)=O,-0.8608
OC1=CC=C(Br)C=CC1=O,-3.5629
BrC1CCC(Br)C(Br)CCC(Br)C(Br)CCC1Br,-7.8728
CC(C)COC(=O)C(C)(C)O,-0.7276
Oc1ccccc1C(=O)N2CCOCC2,-1.7037
BrCC(CBr)(CBr)CBr,-5.3844
Cc1ccnc2c1ccc3c(C)ccnc23,-3.9686
CCC(=O)OOC(=O)CC,-0.9634
CC(Oc1ccc(Cl)cc1)C(O)=O,-2.1351
CN(C)C(N)=N,-1.7306
OC(=O)C1=CCCc2ccccc12,-2.7939
OCC(O)C(O)C(O)C(O)C(O)CO,0.3722
O/N=C/1CCCC=C1,-0.7034
C=CCCN=C=S,-2.391
Nc1nc(N)nc(Cl)n1,-2.3849
CCC(=O)NCCNC(=O)CC,0.3746
Clc1ccc(cc1)C(=C(Cl)Cl)c2ccccc2Cl,-6.3563
OC(=O)c1occ(Br)c1,-1.1841
CC1CCCCN1CCCOC(=O)c2ccc(Cl)c(Cl)c2,-4.2178
Clc1c(Cl)c(Cl)c2nccnc2c1Cl,-5.428
CC(C)CCC(C)(C)C,-5.0474
CCOC(=O)N(CC)CC,-1.0651
Oc1cc(O)c(c(O)c1)C(=O)c2ccccc2,-1.8708
CN(Cc1cc(Br)cc(Br)c1N)C2CCCCC2,-1.9733
CCCCCCCCCC(C(O)=O)C(O)=O,-3.3016
CCC1(C(=O)NC(=O)NC1=O)C2=CC3CCC(C3)C2,-2.7696
NC(C(O)C(O)C(O)CO)C(O)=O,-0.859
C(Cc1ccccc1)NCc2ccccc2,-2.7229
CCc1ccc(NC(C)=O)cc1,-2.1453
COc1cc(OC)c2C(=O)C3(Oc2c1)C(C)CC(=O)C=C3OC,-3.699
CCOC(C)C(=O)C=O,-0.1554
Clc1ccc(cc1)C(C(=O)C2C(=O)c3ccccc3C2=O)c4ccccc4,-3.5738
Cc1cc2ccccc2c3ccc4ccccc4c13,-6.592
Cc1c(C)c2c3ccccc3ccc2c4ccccc14,-7.0109
CCc1c2ccccc2cc3c1ccc4ccccc34,-6.796
NCc1ccccn1,0.966
NCc1ccncc1,0.966
Clc1cc(Cl)nc(n1)c2ccccc2,-4.9544
CCCCCC1CCCC1,-6.0863
Cc1cc(ccc1N=Nc2ccccc2)N(CCO)CCO,-4.1254
OC(=O)CN1C(=O)Sc2cccc(Cl)c12,-2.6087
NNC(=O)CC(=O)NN,-0.121
NNC(=O)C(O)C(O)C(O)C(O)CO,-0.4985
Brc1ccc2Nc3ccccc3Sc2c1,-6.1119
Ic1ccc2Nc3ccccc3Sc2c1,-6.9278
OC(=O)CN(CC(O)=O)Cc1cc2C(=O)c3ccccc3C(=O)c2c(O)c1O,-1.8077
COC(=O)c1ccc(O)c(Cl)c1,-2.873
CCC(O)C(C)(C)C,-1.1514
CCCCCCC(C(O)=O)C(O)=O,-1.6566
OC(=O)COc1c(Cl)ccc(Cl)c1Cl,-2.6198
COCC(=O)c1ccccc1,-0.7616
C\C=C/CO,0.3621
CCC(CC)(C(O)=O)C(CC)(CC)C(O)=O,-2.9644
CCCCOCCC(=O)OC,-1.2909
CCSc1nc(NC(C)C)nc(NC(C)C)n1,-4.2031
CCCCOC(=O)CCOC,-1.2135
CCC1=CNC(=O)NC1=O,-1.9424
CNC(CC(O)=O)C(O)=O,-0.7544
OC(=O)c1ccccc1CC(=O)c2ccccc2C(O)=O,-2.791
Clc1ccc(cc1)N=Nc2ccccc2,-5.7023
O=C1Cc2c(O1)ccc3ccccc23,-2.7078
CCCCCCCCCCC(C(O)=O)C(O)=O,-3.99
Cc1ccc(O)c(CO)c1,-0.3143
OC(=O)c1cccnc1Nc2cccc(c2)C(F)(F)F,-4.1718
CC(=O)CC1CCCCN1,-0.4509
CC\C(NO)=C(\CC)N=O,-2.5525
CC1CCC(C)(C)C1,-4.4784
CC1NC(=O)CNC1=O,0.2903
CN(C=C)N=O,-0.4579
O=C1NC=NC=C1,0.586
OC1=C(Br)C=CC=CC1=O,-2.4352
CC(=O)C1(C)CO1,0.3797
CCSC(=S)NCC(O)=O,-1.0882
CCN(CC)C(=O)OC,-0.2918
OC(=O)CCC(=O)c1cccc2ccccc12,-3.4833
NCCCNc1ccccc1,-1.6543
OC(=O)c1ccccc1C(=O)Nc2ccccc2,-4.0814
OC(=O)CCSSCCC(O)=O,-0.9301
C/C=C/C#N,-0.4287
CCCC(O)C=C,-0.5993
CC(C)C(O)C=C,-0.515
CCC(O)\C=C\C,-0.4198
OC(=O)C(=O)C(c1ccccc1)c2ccccc2,-2.3354
CN(C)C(=O)Nc1cccc(OC(=O)NC(C)(C)C)c1,-2.9342
CCCCOC(=O)CCO,-1.2899
OC(=O)CC(SC(CC(O)=O)C(O)=O)C(O)=O,-0.4908
ClCC(=O)NC(=O)CCl,-2.2304
C1CCC(CC1)N(Sc2sc3ccccc3n2)C4CCCCC4,-6.7886
CC(=O)Nc1ccc(OC(=O)c2ccccc2OC(C)=O)cc1,-4.1949
CCN(CC)C(C#N)c1ccccc1,-0.9738
OC(=O)C(S)CCC(S)C(O)=O,-2.4758
COc1cc(ccc1C(O)=O)C(O)=O,-1.9916
CC(=O)Nc1ccc(Cl)cc1C,-2.3097
CCCCC1=C(C)NC(=NC1=O)N(C)C,-2.2416
OC(=O)CC1CCCCC1,-1.6935
CCCCCCCCCCCCCCCCNC(=O)C(C)O,-3.6512
CCCCCNC(=O)C(C)O,-0.3825
OCC(O)C1OC(Oc2ccccc2)C(O)C(O)C1O,-1.5537
CCCCCCCCCCOC(=O)c1cccnc1,-3.1901
CC(C)CC(NC=O)C(O)=O,-0.7328
CCCOC(=O)CCOC,-0.6598
COC(OC)\C=C/C(OC)OC,0.055
CN1CCC=C1C,0.1265
Cc1cc(C)cc(OCC(O)=O)c1,-2.3527
Clc1ccc2oc3ccc(Cl)cc3c2c1,-7.2135
CCCCCCNC(=O)C(C)O,-0.9487
CCCCOC(=O)C(C)OC(C)=O,-0.7536
CCc1nc2N(C)C(=O)N(C)C(=O)c2n1C,-1.5687
NC(N)=NC(N)=Nc1ccc2ccccc2c1,-2.5497
OC(=O)CC1NC(=O)NC1=O,-1.1517
NC(=O)SCC(=O)Nc1ccccc1,-1.3228
CCOC(=O)C(CC(O)=O)=C(c1ccccc1)c2ccccc2,-2.1908
Cn1cnc2nc(Cl)nc(NN)c12,-1.1427
CCOC(=O)C1=C(C)OC(=C(C(=O)OCC)C1=O)C,-1.5255
OC(=O)CCC(N(CCC#N)CCC#N)C(O)=O,-0.2275
CSCCC(N(CCC#N)CCC#N)C(O)=O,-1.3279
CCCCCCCCOC(=O)C(C)O,-1.2726
O=C1COc2ccccc2N1,-2.5716
CCC\C(=C/C(O)=O)C(O)=O,-1.1538
CCOC(=O)N1CCN(CC1)C(=O)OCC,-0.7288
OC(=O)CCCCCc1ccccc1,-2.6026
CCCCC(C)(O)CC,-1.7356
CC1=C(CCC1(C)C)C(O)=O,-2.8871
CCOC1CC1,-0.6407
O=C1CCC(N1)C(=O)Nc2ccccc2,-1.3278
Oc1ccc(Sc2ccccc2)cc1,-2.7745
CCOCOCOCC,-0.1277
O=C1OCc2ccc3ccccc3c12,-3.3062
OC(=O)CNC(=O)c1occc1,-0.7272
CCC(CC)(CC(O)=O)C(O)=O,-0.7962
OC(C(O)c1ccccc1)C(O)=O,-0.3063
CC=C(Cc1ccccc1)C(O)=O,-2.5648
OC(=O)c1ccc(NC(=O)c2cccnc2)cc1,-3.0832
CCOC(OCC)C(C)=O,-0.2059
O=C1CCCCCNC(=O)CCCCCNC(=O)CCCCCNC(=O)CCCCCN1,-2.8126
CC(C)OC(=O)C(O)(c1ccc(Cl)cc1)c2ccc(Cl)cc2,-5.3544
OC1=C(C2CCCc3ccccc23)C(=O)c4ccccc4O1,-4.8638
CC(=O)OCCS,-1.5
CC1=C(Cl)C(=O)N(C(=O)N1)C(C)(C)C,-2.4845
CCN(CC)CCSCCN(CC)CC,-2.3663
CC(=O)CC(CC(O)=O)c1ccccc1,-1.4463
Nc1ccc(cc1)C#Cc2ccc(N)cc2,-2.4326
OC(=O)c1ccccc1C(=O)c2ccccc2O,-2.3428
CCC(O)C(Cl)(Cl)Cl,-0.9481
CC(C)CC1OCCO1,-0.3695
O=C1CCCCCCCCN1,-1.0737
CNCl,0.2806
OC(=O)C(S)CS,-0.2374
O=C1CCCCCN1C(=O)c2ccccc2,-2.1667
O=C1C=CC(C=C1)=NNc2ccc(N=Nc3ccccc3)c4ccccc24,-6.0092
CC1(C)C2CCC1(C)C(N)(C2)C(O)=O,-1.5961
CCCCCCCCNC(=O)C(C)O,-2.2827
CCCCCCCCCCNC(=O)C(C)O,-3.3605
CC(O)C(=O)OC(C)C(=O)OCC=C,-0.6826
CNCC(O)C(O)C(O)C(O)CO,0.4084
COC(=O)C(C)OC(C)=O,-0.2617
OC(=O)CN(CCC#N)CCC#N,0.4578
COc1cc2nccnc2c(N)c1OC,-1.7102
CN(C(N)=O)c1ccc(C)cc1,-0.423
CC(C)CC(C)CO,-1.6007
CC1=CN(Cc2ccccc2)C(=O)NC1=O,-2.2558
Cc1ccc2NC(=O)C(=O)Nc2c1,-3.0418
CN1c2ccccc2C(O)(c3ccccc3)c4ccccc14,-3.9031
CC1(CCCC=C1C(O)=O)C(O)=O,-1.9642
OC(=O)CC(N(CCC#N)CCC#N)C(O)=O,-1.5337
CN(C)C(=O)c1ccccc1C(=O)N(C)C,0.5083
CCCCCOC(=O)C(C)O,-1.2047
OCc1cc(Cl)ccc1OCC(O)=O,-2.0347
CNC(=O)Oc1cc(C)c(N(CC=C)CC=C)c(C)c1,-3.5932
Clc1cccc(Oc2ccccc2)c1,-4.2107
CC(C)C(Br)C(=O)NC(C)C(O)=O,-0.4825
Cn1cnc2N(C)C(=O)N(CCCCC(C)=O)C(=O)c12,-0.558
CCCCCOC(=O)c1ccc(O)cc1,-3.8135
O=CCc1ccc2OCOc2c1,-1.96
OC(=O)C1CC(=O)c2ccccc2C1,-2.1031
CCNc1nc(Cl)nc(NCC(=O)OCC)n1,-2.9374
NC(CO)C(=O)NC(CO)C(O)=O,-0.5847
ONC1=C(CCC1)N=O,-1.9937
CC1CCC(=O)N1c2ccccc2,-0.8457
CCC(C)OC,-0.7306
OCC(CO)OCC=C,0.481
NC(CCC(O)=O)C(O)=O,-0.9916
Clc1ccc(Oc2ccccc2Cl)cc1,-5.52
CC(=O)NC(NC(C)=O)c1ccccc1,-1.3144
COc1c(Cl)c(Cl)cc(Cl)c1Cl,-5.1307
NC(=O)N\N=C\C(O)C(O)C(O)C(O)CO,-0.4257
CCCCOC(=O)c1cccnc1,-1.8367
OCCCOC(=O)c1ccccc1,-1.2558
CNC(=O)Oc1ccccc1C2OCCO2,-1.5706
Clc1ccc(Oc2ccccc2)cc1,-4.7925
CC(C)c1ccccc1Br,-4.1898
COc1cc(cc(Cl)n1)C(Cl)(Cl)Cl,-4.3635
CCOc1ccc(cc1)N(C(C)=O)C(C)=O,-1.947
OC(=O)c1cccc2ncccc12,-2.6774
COC(=O)c1cc(Cl)cc(N)c1Cl,-3.2634
CCC(C)(O)C(C)(C)C,-1.2708
CN(C)C(=O)CCC(=O)N(C)C,0.5035
OCN1CC(=O)N(CO)CC1=O,-0.4168
CC(C)C1C(=O)NC(=O)NC1=O,-1.4556
CN(N=O)C(C)=O,-0.7684
ClC1(Cl)C2(Cl)C3C(CC4C3C1(Cl)C5(Cl)C4C25Cl)C=O,-7.2006
Nc1sc2cccc(O)c2n1,-1.9196
CC1(CCOC1=O)C(O)=O,0.8412
OC(=O)c1ccc2C(=O)c3ccccc3C(=O)c2c1C(O)=O,-2.8141
COC1(C)COC(C)(CO1)OC,-1.246
O=C1CCCCCCCCCCCCN1,-2.626
OCc1cc(Cl)c(Cl)c(Cl)c1,-3.0948
II,-2.886
Oc1cccc2cncnc12,-2.0361
NCC(O)c1ccccc1,-0.4764
CC(Cl)C(C)Cl,-2.3541
ON(C(=O)c1occc1)c2ccccc2,-3.194
CCCOC(=O)c1cccnc1,-1.2403
CCCCC(NC(C)=O)C(O)=O,-0.6823
OC(=O)c1c(Cl)ccc2ccccc12,-2.3152
CCCOCCN(C(=O)CCl)c1c(CC)cccc1CC,-3.795
N#N,-0.1901
O=O,0.0691
ClCl,-1.0513
CCC(Cl)(Cl)Cl,-1.8898
CCCCCCCCOCCO,-2.125
CCC(CC)COC(C)=O,-1.3528
ClC/C=C/Cl,-1.598
CC1CC1(C(O)=O)C(O)=O,0.8412
OC(=O)CC(C(O)=O)(c1ccccc1)c2ccccc2,-2.4318
NC(=O)C(Br)(Br)C#N,-1.2075
CC(C)CN1CCOCC1,-0.7089
OC(=O)c1ccc2ncccc2c1,-0.0456
O=C(NC1CCCCC1)c2cccnc2,-2.319
CC1(C)C2CCC1(C)C(=O)C2O,-0.9249
CCCCCCCCOCC(O)CO,-1.9208
CCOC(=O)CCCOc1ccc(Cl)cc1C,-4.4095
OC1(CCN(CCCC(=O)c2ccc(F)cc2)CC1)c3ccc(Br)cc3,-3.6693
Cc1c(Cl)c(O)c(Cl)c(Cl)c1Cl,-4.6021
CNC(=O)Oc1cc(C)cc(C)c1C,-1.9851
COc1ccc(cc1)C(O)(C2CC2)c3cncnc3,-2.5959
CC(C)OCC(O)COC(C)C,0.0549
ClCC(Cl)(Cl)CCl,-2.5785
CN(C)C(=O)c1ccc(cc1)C(=O)N(C)C,0.2656
O=C(Nc1ccccn1)c2cccnc2,-2.9771
O=C1Nc2cncnc2N1,-1.5141
CN(CC(O)=O)N=O,0.9278
NC(=N)NC(=N)Nc1cccc2ccccc12,-2.3151
CCCCNCC,-0.4405
CN1C(=O)N(C)c2nccnc2C1=O,-1.4598
IC1=CNC(=O)C=C1,-1.7423
NC(N)=NCCCCCCCCNCCCCCCCCN=C(N)N,0.3322
CCNc1nc(OC)nc(n1)N(CC)CC,-2.9987
CCCCOC(=O)C(C)OC(=O)C(C)O,-1.3752
NC(=O)NCNC(N)=O,-0.6525
CCC(O)CN,1.0499
ClC1=C(Cl)C2(Cl)C3CCC4C(CCC3C1(Cl)C2(Cl)Cl)C5(Cl)C(=C(Cl)C4(Cl)C5(Cl)Cl)Cl,-13.1719
CCCC1CCCNC1,-1.011
CC(=O)OC1(CCC2C3C=C(Cl)C4=CC(=O)C=CC4(C)C3CCC12C)C(C)=O,-4.9453
CCC(C)N,0.1851
OC(=O)\C=C\CBr,-0.7403
CN1c2ccccc2Sc3ccc(CC(O)=O)cc13,-3.9422
C/C=C/CC1(C\C=C\C)C(=O)NC(=O)NC1=O,-2.1973
CN(C)c1ncnc2nccnc12,-1.0216
CCOCCC(=O)OC,-0.0719
CCCCOC(=O)CCOCC,-1.6391
CCCCCOC(=O)CCOCC,-2.1956
CCCCCCOC(=O)CCOCC,-2.8289
CCCOCCC(=O)OC,-0.6334
CCCOCCC(=O)OCCC,-1.6848
CCCCOCCC(=O)OCCCC,-2.4029
C1COc2ccccc2OCCOCCOc3ccccc3OCCO1,-4.6935
COc1ccc(Oc2ccc(NC(=O)N(C)C)cc2)cc1,-4.1558
FC(F)(F)c1nc2cc(Cl)c(Cl)cc2n1C(=O)Oc3ccccc3,-4.4603
CC(C)C(N)C(=O)NCC(O)=O,0.4579
CN(C)C(=O)c1cccc(c1)C(=O)N(C)C,0.487
CCOC(=O)COc1ccc(Cl)cc1,-2.4206
COC(=O)C(Cl)Cc1ccc(Cl)cc1,-3.7655
Cc1ccccc1Oc2cccnn2,-1.969
CN1C(=O)NN(C1=O)c2ccccc2,-2.9804
NC(=O)c1ccccc1OCC=C,-2.2273
CC(C)C1NC(=O)CNC1=O,-0.8926
CCCC(C)C(O)CC,-1.9636
CC1(C)CCC2(CCC(C)(C)O2)O1,-1.9644
ClC(Cl)C(Cl)C(Cl)Cl,-2.7223
NC(Cc1cc(Cl)c(O)c(Cl)c1)C(O)=O,-1.7546
OC(=O)CC(O)(CC(O)=O)C(=O)Nc1ccccc1,-0.4874
COC(=O)c1ccc(O)c(I)c1,-3.3138
CCOC(=O)c1ccc(O)c(I)c1,-3.4924
CCCOC(=O)c1ccc(O)c(I)c1,-3.6865
CCCCOC(=O)c1ccc(O)c(I)c1,-3.9033
CCN(CC)C(=O)C(C)Oc1cccc2ccccc12,-3.5702
Ic1ccccc1C(=O)Nc2ccccc2,-4.2084
CC(OC(C)=O)C#N,0.2475
O=C1Nc2ccccc2NC1=O,-2.812
CCCCC(C)(C)CCC,-4.8108
OC(=O)CSSSSCC(O)=O,-1.452
CCCCOCCOC(N)=O,-0.5084
OCc1c(Cl)c(Cl)c(Cl)c(Cl)c1Cl,-5.1467
OC(=O)CC(Cl)C(O)=O,0.0767
Oc1cc2ccccc2cc1C3=NCCN3,-3.3015
Cc1ccc(O)c(I)c1,-2.4662
CC(=O)Oc1ccccc1\C=C\C(O)=O,-3.1559
CCOC(=O)c1ccc(O)c(Cl)c1,-3.2232
CCCC(=O)N(C)N=O,-1.5347
NC(=O)C(Cl)=C,-0.2104
C=COC1CC1,-1.1001
CC1(CCN2CCCCC2)NC(=O)NC1=O,-0.8213
NNC(=O)c1sccn1,-0.6787
CNC(=O)O\N=C(/C)SC,-0.4466
COc1cc(Cl)c(Cl)c(Cl)c1OC,-4.3701
COc1cc(Cl)ccc1O,-1.5013
CCOC(=O)CC1(C)CCC(=O)O1,-0.7472
CCC(C(C(O)=O)c1ccccc1)C(O)=O,-2.3256
ON(c1ccccc1)C(=O)c2ccc(Cl)cc2Cl,-3.6723
CSc1ncc2nccnc2n1,-1.7561
CC(C)C1(Br)C(=O)NC(=O)NC1=O,-2.2088
CCCCC1(CCCC)C(=O)NC(=O)NC1=O,-2.8756
Oc1cccc2ccnnc12,-2.4089
Cc1cnnc2c(O)cccc12,-2.6783
Oc1cccc2nccnc12,-1.3468
Oc1cncc2cccnc12,-1.6576
NC(=O)NCC(=O)NCC(=O)NCC(O)=O,-1.3505
CCNC(CC)C(O)=O,-0.4189
NC(=O)NCC(=O)NCC(O)=O,-0.8996
CC(C)OC(C)(C)C,-2.3662
COc1c(cc(cc1C(O)=O)C(O)=O)C(O)=O,-1.5354
CCC1OC(=O)c2ccccc12,-1.747
Cc1nnc(N)nc1C,-1.0939
CCC(CC#N)C#N,-0.6916
CC1OC(CCC1OC2OC(C)C(C(O)C2O)N(C)C)N3C=CC(=NC3=O)NC(=O)c4ccc(NC(=O)C(C)(N)CO)cc4,-2.4904
OCCOC(=O)c1ccccc1C(O)=O,-1.4825
OC(=O)Cc1sc(nc1c2ccc(Cl)cc2)c3ccccc3,-4.9644
C=CCCCN=C=S,-2.9004
COc1c(C)c(C=O)ccc1O,-1.3755
CC(C)OC(=O)c1ccc(N)cc1,-2.6099
OCc1ccc(I)cc1,-2.746
CC1CCCC(=NO)C1=NO,-1.5916
CC1CCC(=C(C1)NO)N=O,-1.6622
CC(C)C1CCC(=NO)C(C1)=NO,-2.3903
Cc1cccc2c3cc4ccccc4cc3cc(C)c12,-7.9743
ON=C1CCCCCCCCC1=NO,-2.5813
CC(C)(C)NCC(O)c1ccc(O)c(CO)c1,-1.2298
COC1CCCC(C)O1,-0.5921
CC1(C)OC2(C)CCC1CC2=O,-0.9249
CNC(=O)N(C)c1sc2ccccc2n1,-3.5741
CCCCC(O)C(C)C,-1.8122
CCC(C)CC(O)CC,-1.8602
CCC(O)CCC(C)C,-1.9272
OCc1ccccc1Br,-2.158
CCc1nc2nc(N)nc(N)c2nc1CC,-3.2671
CNc1ncc2nccnc2n1,-1.7124
COc1cc(NC(=O)c2cccnc2)c3ncccc3c1,-4.4461
COc1cc(C=O)cc(Cl)c1O,-2.8747
Brc1ccc2COC(=O)c2c1,-2.6472
CCC(C)C(O)C(C)CC,-2.5108
Oc1c(Cl)cc(Cl)cc1Cc2ccccc2,-4.6399
Clc1ccc2COC(=O)c2c1,-2.4817
CCOc1ccc(C(O)=O)c2ccccc12,-4.1122
CCC(C)(O)C(O)c1ccccc1,-1.7244
BrC1=CN=CNC1=O,-0.4471
OC1=C(C#N)C(=O)C=C(Cl)N1,-1.2319
CCNC(C)C,1.0597
Clc1c(Cl)c(Cl)c2ccccc2c1Cl,-7.7954
CCCCCCCCCCCCOC(=O)c1ccc(N)cc1,-7.8
ClC(Cl)(Cl)CC(=C)c1ccccc1,-4.2822
COc1ccc2n(c(C)c(CC(O)=O)c2c1)C(=O)\C=C\c3ccccc3,-5.5433
CC(O)C(C)(C)C,-0.6238
CCCCCC(O)CC,-2.0171
COCC(C)OCC(C)OCC(C)O,0.6855
CCCOc1ccc(NC(C)=O)cc1,-3.0557
CC1(C)C2CCC1(C)C(=O)C2CO,-0.215
CN(C(N)=O)c1ccccc1C,-0.4032
CCN(C(N)=O)c1ccccc1C,-0.2096
OC(=O)CC1=CNC(=O)NC1=O,-1.6287
CCCC(O)(CCC)C(O)c1ccccc1,-2.648
CCCCC(O)(CCCC)C(O)c1ccccc1,-3.2225
Cc1cc(C)c(C)c(C)n1,-1.3069
Clc1ccc(NC(NC=O)C(Cl)(Cl)Cl)cc1Cl,-3.3228
S=C1NSC(=S)N1,-1.7618
CC1CC(C)(C)c2cc(C(C)=O)c(C)cc2C1(C)C,-5.3154
CC(C#C)N(C(=O)CCl)c1ccccc1,-2.6468
CC(Cl)C(C)(C)O,-0.2926
N#CSCSc1sc2ccccc2n1,-3.2803
CCCC(O)CC(C)C,-1.9079
CN1C(=O)COc2ccccc12,-2.1445
CC(=O)OC(c1ccc(Cl)c(Cl)c1)C(Cl)(Cl)Cl,-3.8279
CCC(O)CNCC(O)CC,0.7925
Cc1snnc1C(O)=O,-0.4598
CC(O)C(O)c1cnc2NC(=NC(=O)c2n1)N,-2.5301
CCOC(=O)C(C)N(C(=O)c1ccccc1)c2ccc(Cl)c(Cl)c2,-4.2627
CCOc1ccc(NC(=O)CO)cc1,-2.1058
OC(=O)C(c1ccccc1C(O)=O)c2ccccc2C(O)=O,-2.4998
CNC(=O)Oc1cccc2OC(C)(C)Oc12,-2.9338
CCNc1nc(NC(C)C(C)C)nc(SC)n1,-3.7082
CC(C)Nc1nc(Cl)nc(NC2CC2)n1,-3.5185
CCn1cnc2N(C)C(=O)N(C)C(=O)c12,-0.7544
CN(C)C(=O)Oc1nc(nc(C)c1C)N(C)C,-1.9457
CNC(=O)O\N=C(SC)\C(=O)N(C)C,0.1062
CN1C(=O)N(C)c2ncn(CCCO)c2C1=O,-0.1551
COC(=O)NC(=S)Nc1ccccc1NC(=S)NC(=O)OC,-4.1097
CC(C)(CCC(C)(C)CC(O)=O)CC(O)=O,-3.1319
CCCCCCOC(=O)c1cccnc1,-2.6538
Cc1ncc2nc(C)c(C)nc2n1,-1.1442
OC(=O)C1=CNC(=O)NC1=O,-1.9381
CC(C)(NC(=O)c1cc(Cl)cc(Cl)c1)C#C,-4.2324
CC1(C)OC(=O)c2cc3ccccc3cc12,-2.9844
CC(=O)Nc1ccc(Br)cc1C,-1.756
CC(C)COCN(C(=O)CCl)c1c(C)cccc1C,-3.6822
Cc1occc1C(=O)Nc2ccccc2,-3.3037
CCCCC(CCC(O)=O)CC(O)=O,-1.3974
CCCCCC1C(CCC1=O)CC(=O)OC,-2.9076
O=C1N=CNc2nc(c3ccccc3)c(nc12)c4ccccc4,-3.1766
Cc1cccc(I)c1O,-1.8378
Clc1ccc(Cl)c(Oc2ccccc2)c1,-4.9703
Clc1ccc(Oc2cc(Cl)cc(Cl)c2)cc1,-5.5201
CCOC(=O)CN1C(=O)Sc2cccc(Cl)c12,-3.762
CCCCC(CC)COC(=O)COc1ccc(Cl)cc1Cl,-7.0122
CCC\C=C\C,-3.2262
CCC(O)OC(O)CC,0.8723
CCSC(=O)COc1ccc(Cl)cc1C,-5.027
CC(=O)C(=N\O)/c1ccccc1,-2.3676
CNC(=O)N(C)c1sc(nn1)C(F)(F)F,-2.0584
Br\C=C\Br,-1.7415
OC(=O)\C=C/c1cccc(O)c1,-2.099
COCC(C)OCC(C)OC(C)CO,0.6855
CSC1=CC(=O)c2ccccc2C1=O,-4.4651
CNC(=O)O/N=C/C1(C)SCC(C)S1,-2.3698
CCCCCCCCN1SC=CC1=O,-2.6301
Clc1ccccc1c2c(Cl)c(Cl)c(Cl)c(Cl)c2Cl,-8.0133
CC(=O)C(CC(O)=O)=Cc1ccccc1,-1.6111
BrC1=CNC(=NC1=O)c2ccccc2,-3.4792
CCCC(=O)OCCOCCOCCOC(=O)CCC,-1.5598
O=C(NC(=O)c1cccnc1)Nc2ccccc2,-3.3825
CCCCCCCCCCC(O)CCC,-5.837
CNC1=C(Cl)C(=O)N(N=C1)c2cccc(c2)C(F)(F)F,-3.9548
Clc1c(Cl)c(Cl)c2C(=O)OCc2c1Cl,-5.0365
ClC(Cl)C(=O)NC1=C(Cl)C(=O)c2ccccc2C1=O,-5.0261
CC(C)CCCCCOC(=O)c1ccccc1C(=O)OCCCCCC(C)C,-6.6375
CCOC(C)C(=O)C(O)O,-0.1707
Brc1ccc(c(Br)c1Br)c2c(Br)c(Br)c(Br)c(Br)c2Br,-9.351
CN(C)C(=S)Nc1ccc(Cl)cc1C,-3.6604
Clc1cccc(Cl)c1Oc2ccccc2,-5.0605
CC(C)=CC1C(C(=O)OCc2coc(Cc3ccccc3)c2)C1(C)C,-6.0524
CCN(OC(=O)c1ccccc1)C(=O)c2c(OC)ccc(Cl)c2OC,-4.0837
CC(C)NCC(O)COc1ccc(CC(N)=O)cc1,-1.3016
CCC(CC)(C(N)=O)C(N)=O,-1.1992
CCCCCCCCCCCCC(O)CCC,-6.7708
ON(c1ccccc1)C(=O)c2cccc3ccccc23,-3.9433
ON(C(=O)c1ccccc1)c2cccc3ccccc23,-3.3065
NC(=S)SCC(O)=O,-0.7482
OC(=O)CNC(=S)SCC(O)=O,-1.3011
CCSCc1ccccc1OC(=O)NC,-2.0927
CCC1CCC(O)O1,-0.0651
CC1CCC2(CCC(C)O2)O1,-0.4487
OCCOCCOC(=O)c1ccccc1Nc2cccc(c2)C(F)(F)F,-5.3633
COc1ncnc2nccnc12,-1.113
C1c2ccccc2c3ccc4ccccc4c13,-6.678
CN(CCO)c1nc2N(C)C(=O)N(C)C(=O)c2n1C,-0.6488
CC(C)CNC(=O)N1CCNC1=O,-2.1538
CC1=CSC(=S)N1CC(O)=O,-1.9632
CCCCC(C)C(C)O,-2.0578
Cc1cc2cccc3ccc4c5ccccc5cc1c4c23,-8.5224
CC(C)(O)CCCC1=CCC(CC1)C=O,-1.5376
Clc1cc(Cl)c2c(Cl)c(Cl)c(Cl)c(Cl)c2c1Cl,-8.775
NC1N=C(N)NC(=O)C1=O,-1.6978
OC(=O)c1oc(Cl)c(Cl)c1Cl,-2.2193
OC(=O)c1occ(Br)c1Br,-2.0887
NC(C(O)C(O)=O)C(N)=O,-1.1494
CCC1=CNC(=O)N=C1N,-1.0197
Clc1ccc(cc1Cl)c2ccc(Cl)c(Cl)c2Cl,-7.9823
Clc1cc(cc(Cl)c1Cl)c2cc(Cl)c(Cl)c(Cl)c2,-8.8498
CC12CC1(C)C(=O)N(C2=O)c3cc(Cl)cc(Cl)c3,-4.8003
OC(=O)/C=C/c1cccc(Br)c1,-2.636
CN(C=Nc1ccc(C)cc1C)C=Nc2ccc(C)cc2C,-5.4675
Clc1cc(Cl)c(c(Cl)c1Cl)c2c(Cl)cc(Cl)c(Cl)c2Cl,-9.1
CCc1ccccc1NC(C)=O,-1.5906
Clc1cc(Cl)cc(c1)c2cc(Cl)cc(Cl)c2,-8.3748
Clc1cc(Cl)c(Cl)c(c2ccccc2)c1Cl,-7.25
CC(=O)c1cc(O)c(O)c(O)c1,-1.4711
OC(=O)c1cc(Br)cc(C(O)=O)c1C(O)=O,-1.4481
CN(C)C(=O)Nc1ccc(N2N=C(OC2=O)C(C)(C)C)c(Cl)c1,-4.3258
Clc1cc(Br)c(OC(=O)C=C)c2ncccc12,-4.7168
COC(C)COC(C)CO,0.8292
CCN(CC)C(=O)SCc1ccccc1Cl,-4.031
CNC(=O)O\N=C(\C)C(C)SC,-0.7353
OC(=O)CSC(SCC(O)=O)SCC(O)=O,-1.4243
Clc1cc(Cl)c(cc1Cl)c2cc(Cl)c(Cl)c(Cl)c2Cl,-8.0115
Clc1ccc(c(Cl)c1Cl)c2cc(Cl)c(Cl)c(Cl)c2Cl,-8.0566
CC(Nc1ccccc1Cl)C(O)=O,-2.3271
CC(C)N(Cc1ccccc1)C(=O)C(C)(C)C,-2.4704
OC(=O)CCCNC(=O)c1ccccc1,-1.2025
Cc1cc(O)c(cc1Cl)C(O)=O,-3.1248
Clc1ccc(C(Cn2ccnc2)OCC=C)c(Cl)c1,-3.2178
OC(=O)CCC(=O)c1ccc(cc1)c2ccccc2,-5.0609
Brc1cc(Br)c(Oc2cc(Br)cc(Br)c2Br)c(Br)c1,-8.1979
Clc1ccc(c(Cl)c1)c2cccc(Cl)c2Cl,-6.6813
CCC#CC(C)C,-2.7448
CCCCCCCCCCCCCCCCO,-6.7697
CC(C)NC(=O)N1CC(=O)N(C1=O)c2cc(Cl)cc(Cl)c2,-4.3757
CCC(C)N(C(C)CC)C(=O)SCc1ccccc1,-5.0484
NC(=O)c1cc(Cl)cc(Cl)c1N,-2.0814
CC(CCc1ccccc1)NCC(O)c2ccc(O)c(c2)C(N)=O,-3.4482
CCCCCCCCCOC(=O)c1ccc(N)cc1,-6
COCCc1ccc(OCC(O)CNC(C)C)cc1,-1.1992
ON(c1ccccc1)C(=O)c2ccccc2I,-3.5304
O=C1N=CNc2cccnc12,-2.0656
Clc1cc(Cl)cc(c1)c2ccccc2Cl,-6.2999
ClC(Cl)C(=O)N(CC=C)CC=C,-1.6193
Brc1cc(Br)c(OCCOc2c(Br)cc(Br)cc2Br)c(Br)c1,-6.5363
Clc1cc2Oc3c(Cl)c(Cl)c(Cl)c(Cl)c3Oc2c(Cl)c1Cl,-11.4795
CCOC(=O)C1=CNC(=S)NC1=O,-2.0985
Cc1cc(C)c(OCC(O)=O)c(Br)c1,-3.1234
NC1=CC(=NC(=N)N1O)N2CCCCC2,-1.9782
Clc1ccc(Cl)c(c1Cl)c2cc(Cl)c(Cl)cc2Cl,-7.93
Clc1ccc(c(Cl)c1Cl)c2c(Cl)ccc(Cl)c2Cl,-7.65
Clc1ccc(cc1Cl)c2cc(Cl)c(Cl)c(Cl)c2Cl,-7.8306
Clc1ccc(Cl)c(c1Cl)c2cc(Cl)c(Cl)c(Cl)c2Cl,-8.5901
Clc1cccc(c1)c2c(Cl)cccc2Cl,-6.8245
CC(C)(NC(N)=O)C(O)=O,-1.1648
CCOc1ccccc1\C=C/C(O)=O,-2.5234
CCOC(=O)CN(C(=O)CCl)c1c(CC)cccc1CC,-3.4727
CC(C)(O)CC(C)(O)c1cccc2ccccc12,-3.2419
Clc1ccc2Oc3ccc(Cl)cc3Oc2c1,-7.1806
Clc1c(Cl)c(Cl)c2c(oc3c(Cl)c(Cl)c(Cl)c(Cl)c23)c1Cl,-11.5827
OC(=O)C(I)=CBr,-1.2118
CNC(=O)O\N=C(\CSC)C(C)(C)C,-1.6231
Clc1ccc(c(Cl)c1)c2c(Cl)cc(Cl)cc2Cl,-7.66
CC(C)=CC1C(C(=O)OC(C#N)c2cccc(Oc3ccccc3)c2)C1(C)C,-7.5746
CC1(C)C(C(=O)OC(C#N)c2cccc(Oc3ccccc3)c2)C1(C)C,-6.0248
CCC(CCC(O)=O)C(C)=O,-0.451
CNC(=O)N(C)C(=O)CC#N,0.1709
Clc1cc(cc(Cl)c1Cl)c2cc(Cl)c(Cl)c(Cl)c2Cl,-8.7202
CC(=O)NCC(=O)Nc1ccccc1,-1.5678
CC(C)(C)C1=NN(C(=O)O1)c2cc(OCC#C)c(Cl)cc2Cl,-5.9648
CCN1C(=O)N(C)c2ncn(C)c2C1=O,-0.719
CCOC(=O)C(NC=O)=CC=Cc1ccccc1,-3.3483
Clc1cc(Cl)c(Cl)c(c1)c2c(Cl)cc(Cl)c(Cl)c2Cl,-8.68
Clc1cc(Cl)c(c(Cl)c1Cl)c2c(Cl)c(Cl)cc(Cl)c2Cl,-9.1999
COC(C)(C)CCCC(C)C\C=C\C(C)=C\C(=O)OC(C)C,-5.3459
CN(C)c1ncc2nccnc2n1,0.3586
Fc1ccc(cc1)N2C(=O)C(=C(Cl)C2=O)Cl,-4.6442
COc1ccc(cc1C)C(=O)c2cccc(C)c2,-5.0797
CC1=NN=C(c2ccccc2)C(=O)N1N,-2.0506
Clc1ccc(cc1Cl)c2c(Cl)cccc2Cl,-7.0199
Clc1ccc(Cl)c(c1Cl)c2ccccc2Cl,-6.3001
CCOc1ccc(NC(C)=O)c(C)c1,-1.839
Cc1cccc2sc3nncn3c12,-2.0729
COc1cc(C=O)c(C)cc1O,-2.7435
CC(C)CCCC(C)C\C=C\C(C)=C\C(=O)OCC#C,-4.7239
Cc1ccc(NC(=O)NC(C)(C)c2ccccc2)cc1,-5.3495
CN(C(=O)NC(C)(C)c1ccccc1)c2ccccc2,-3.3495
Clc1cc(Cl)c(c(Cl)c1Cl)c2cc(Cl)c(Cl)c(Cl)c2Cl,-9.42
CCCOCC(O)COCCC,-0.3431
CC(C)(C)C(=O)C(Oc1ccc(Cl)cc1)n2cncn2,-3.6137
CC(=O)C(=O)Nc1ccccc1,-1.3676
CCCCCOC(=O)c1cccnc1,-2.3776
CN1C(=O)NC(=O)c2nc(C)c(C)nc12,-2.1129
CC(C)OC(=O)C(C(=O)OC(C)C)=C1SCCS1,-3.7306
CC(C)(C)c1ccc(cc1)C(O)CCCN2CCC(CC2)C(O)(c3ccccc3)c4ccccc4,-6.69
O=C1CCCCCCCCCCCCCCN1,-2.874
CCCCCC(=O)NCCNC(=O)CCCCC,-3.1079
CC1OC1C2OC2C,-0.0575
Cn1c2ccccc2c(C(N)=O)c1C(N)=O,-1.8184
Cc1nn(c2ccccc2)c(N)c1C,-1.6704
CCc1cccc(C)c1N(C(C)COC)C(=O)CCl,-2.7287
CN(C)C1=NC(=O)N(C2CCCCC2)C(=O)N1C,-0.8834
CCCCSC(SCc1ccc(cc1)C(C)(C)C)=Nc2cccnc2,-5.5712
COC(CN(C)C(=O)Nc1sc(nn1)C(C)(C)C)OC,-1.8678
CNC(=O)Oc1ccccc1OC(CCl)OC,-2.3005
Clc1ccc(Oc2ccccc2)c(Cl)c1,-4.6304
Clc1cc(Cl)c(Cl)c(c1)c2cc(Cl)c(Cl)cc2Cl,-8.5801
CCN1C=C(C(O)=O)C(=O)c2cnc(nc12)N3CCNCC3,-2.974
O=C1CC=NC=N1,0.586
NC(=O)C1(CCCCC1)N2C(=O)c3cccc(Cl)c3C2=O,-4.0097
OC(=O)CSC1CCCCC1,-1.3381
CCC1(C)OC(=O)NC1=O,0.0203
CC(Oc1ccc2ccccc2c1)C(=O)Nc3ccccc3,-5.5894
Clc1cccc(c1Cl)c2ccc(Cl)c(Cl)c2Cl,-7.0502
Clc1ccc(Cl)c(c1)c2c(Cl)c(Cl)cc(Cl)c2Cl,-7.4254
Clc1ccc(Cl)c(c1Cl)c2c(Cl)c(Cl)cc(Cl)c2Cl,-7.94
Clc1ccc(Cl)c(c1Cl)c2c(Cl)cc(Cl)c(Cl)c2Cl,-8.1501
Clc1cc(Cl)c(Cl)c(c1)c2c(Cl)c(Cl)cc(Cl)c2Cl,-8.5901
Clc1ccc(c(Cl)c1Cl)c2c(Cl)c(Cl)cc(Cl)c2Cl,-8.42
Clc1ccc(c(Cl)c1Cl)c2c(Cl)cc(Cl)c(Cl)c2Cl,-8.2605
Clc1cc(Cl)c(cc1Cl)c2cc(Cl)c(Cl)c(Cl)c2,-8.21
Clc1ccc(Cl)c(c1Cl)c2c(Cl)c(Cl)c(Cl)c(Cl)c2Cl,-9.1
Clc1cc(Cl)c(Cl)c(c1)c2cc(Cl)c(Cl)c(Cl)c2Cl,-9.1
Clc1cc(c(Cl)c(Cl)c1Cl)c2c(Cl)c(Cl)cc(Cl)c2Cl,-9.29
Clc1cc(Cl)c(cc1Cl)c2c(Cl)c(Cl)c(Cl)c(Cl)c2Cl,-9.5
Clc1cc(Cl)c(Cl)c(c1Cl)c2c(Cl)c(Cl)c(Cl)c(Cl)c2Cl,-10.4115
Clc1ccc(c(Cl)c1Cl)c2c(Cl)c(Cl)c(Cl)c(Cl)c2Cl,-9.29
Clc1cc(Cl)c(c(Cl)c1Cl)c2c(Cl)c(Cl)c(Cl)c(Cl)c2Cl,-10.1035
Clc1cccc(c1Cl)c2c(Cl)c(Cl)cc(Cl)c2Cl,-8.6036
Clc1ccc(Cl)c(c1)c2cc(Cl)c(Cl)c(Cl)c2Cl,-7.6794
CC(C)OC(=O)C(C)N(C(=O)c1ccccc1)c2ccc(F)c(Cl)c2,-4.3056
COC(=O)C(C)N(C(=O)c1ccccc1)c2ccc(F)c(Cl)c2,-3.982
CCCN(CCC)C(=O)SCc1ccccc1,-4.2798
Cc1cc(C)nc(Nc2ccccc2)n1,-3.2166
Clc1cccc2c(Cl)c(Cl)c(Cl)cc12,-7.8566
Clc1cc(Cl)c2cc(Cl)cc(Cl)c2c1,-7.8228
CC(C)Cc1ccc(cc1)C(C)C(=O)NO,-3.044
COCCOc1c(OC)cc(Cc2cnc(N)nc2N)cc1OC,-2.101
Ic1ccc2COC(=O)c2c1,-3.2109
C\C=C(/Cl)C(O)=O,0.9189
CC(C)(NC(=O)c1ccccc1)C(N)=O,-1.6154
COc1ccc(Cl)c(Cl)c1Cl,-4.2918
CC\C=C(/C)C(OC(=O)C1C(C=C(C)C)C1(C)C)C#C,-6.3931
CCCCC(=O)NCCNC(=O)CCCC,-1.8145
O=NN1CCCC1=O,0.0523
CSc1cc(O)cc(O)c1,-1.7957
CCCCSc1cc(O)cc(O)c1,-2.5191
CC(C)(C)C(O)C(Oc1ccc(cc1)c2ccccc2)n3cncn3,-4.8292
Clc1ccccc1c2c(Cl)cc(Cl)c(Cl)c2Cl,-7.4346
CC(C)(C)C(O)C(Oc1ccc(Cl)cc1)n2cncn2,-3.3918
CCCn1cnc2N(C)C(=O)N(CCCCC(C)=O)C(=O)c12,-0.9811
O=C1CN(CC2N1CCc3ccccc23)C(=O)C4CCCCC4,-2.8927
Clc1ccccc1c2cc(Cl)c(Cl)c(Cl)c2Cl,-7.5226
OC(=O)COc1nc(Cl)c(Cl)cc1Cl,-2.7656
CN1CC(O)N(C1=O)c2sc(nn2)C(C)(C)C,-1.8773
CCCCCCCCSC(=O)Oc1cc(Cl)nnc1c2ccccc2,-5.4025
Clc1ccc(Oc2ccccc2)cc1Cl,-4.7206
Clc1ccc(c2ccccc2)c(Cl)c1Cl,-6.1799
Clc1ccc2cc(Cl)cc(Cl)c2c1,-6.5557
Clc1ccc2cc(Cl)c(Cl)cc2c1,-7.1419
Clc1ccc(Cl)c2cc(Cl)c(Cl)cc12,-7.5163
CC(C)Oc1cccc(NC(=O)c2ccccc2C)c1,-4.3265
CN(C)C(=O)Nc1cc(on1)C(C)(C)C,-2.4272
CCC(=O)N(c1ccccc1)C2(CCN(CCc3sccc3)CC2)COC,-3.7064
Clc1ccc(c(Cl)c1)c2c(Cl)cc(Cl)c(Cl)c2Cl,-7.4721
CCCC(C)CC(C)O,-1.8779
CC(C)C(O)(c1ccc(OC(F)(F)F)cc1)c2cncnc2,-3.4377
O=CC(=O)Cc1ccccc1,-2.1707
Clc1cc(Cl)c(c(Cl)c1)c2c(Cl)cccc2Cl,-7.316
Clc1cc(Cl)c(c(Cl)c1)c2ccc(Cl)c(Cl)c2,-7.91
Clc1cc(Cl)c(c(Cl)c1)c2cc(Cl)cc(Cl)c2,-7.92
FC1=CN(C(=O)NC1=O)C(=O)Nc2ccccc2,-1.6184
CSC1=NN=C(C(=O)N1\N=C\C(C)C)C(C)(C)C,-4.4288
COc1c(O)cc(Cl)c(Cl)c1Cl,-2.8712
Clc1cc2oc3c(Cl)c(Cl)c(Cl)cc3c2cc1Cl,-9.1609
Nc1ccc2COC(=O)c2c1,-2.0414
O=C1CCc2cccc3CCN1c23,-1.6365
CCN(C(=O)Oc1cccc(NC(=O)OC(C)C)c1)c2ccccc2,-5.0574
FC(F)(F)c1cccc(c1)C(n2cncn2)(c3ccccc3)c4ccccc4,-8.403
CN(CCOC(=O)c1ccccc1)C(C)=O,-0.8494
COC(=O)C(C)N(C(=O)c1occc1)c2c(C)cccc2C,-3.1173
Cc1ccc(cc1)N=Nc2cc(C)ccc2N,-3.9031
CCC1(CC)C(=NC(=O)NC1=O)N,-1.3967
CC(N(c1ccc(F)c(Cl)c1)C(=O)c2ccccc2)C(O)=O,-4.2474
Cc1cccc(C)c1N(C2CCOC2=O)C(=O)CCl,-3.2855
COC1OC(CNC(=O)N(CCCl)N=O)C(O)C(O)C1O,-1.5613
Clc1ccc(Oc2ccc(Cl)cc2Cl)cc1,-6.2196
Clc1cc(Cl)c(c(Cl)c1)c2ccc(Cl)c(Cl)c2Cl,-8.2399
CC(C)C=CCC(O)=O,-1.1487
CSC(/C)=N/OC(=O)N(C)SN(C)C(=O)O\N=C(/C)SC,-4.0055
CN1C=C(c2ccccc2)C(=O)C(=C1)c3cccc(c3)C(F)(F)F,-4.4384
Clc1ccc(Cl)c(c1)c2c(Cl)cc(Cl)cc2Cl,-7.47
Clc1cc(Cl)c(c(Cl)c1)c2cc(Cl)c(Cl)cc2Cl,-8.1199
Clc1cc(Cl)c(c(Cl)c1)c2cc(Cl)c(Cl)c(Cl)c2Cl,-8.68
CN1C=C(I)C=CC1=O,-0.0094
OC(c1ccc(Cl)cc1)(c2cncnc2)c3ccccc3Cl,-4.374
Clc1ccc(c(Cl)c1)C2(Cn3cncn3)OCCO2,-3.0031
CCCC1COC(Cn2cncn2)(O1)c3ccc(Cl)cc3Cl,-3.4929
CCC1COC(Cn2cncn2)(O1)c3ccc(Cl)cc3Cl,-3.613
Clc1cccc(c1)c2c(Cl)cc(Cl)cc2Cl,-7.1547
Clc1cc(Cl)c(c(Cl)c1)c2cccc(Cl)c2Cl,-7.3999
CCSC(C(O)=O)c1ccccc1,-1.5686
CC(Br)C(=O)NCC(=O)NCC(O)=O,-0.9642
NC(=S)NC#N,-0.0049
Clc1ccc(Oc2ccccc2Cl)cc1Cl,-5.199
CCC(=O)OC(C)C(=O)OC,-0.8622
CC(C)(SC(=O)N1CCCCC1)c2ccccc2,-4.1196
CN1C=CSC1=Nc2ccc(C)cc2C,-3.163
CSC(=NC)N(C)C,-0.4401
Clc1cccc(c1Cl)c2c(Cl)cc(Cl)c(Cl)c2Cl,-8.48
OCCNC(=O)c1cc(O)ccc1O,-0.5436
CNC(=O)OCc1cccc(Cl)c1Cl,-3.1389
CCCCN(C(N)=O)c1ccccc1,-1.2971
Clc1cc(Cl)c(c(Cl)c1)c2ccccc2Cl,-6.65
CN(C)C(=O)SCCCCOc1ccccc1,-3.9266
Cc1c(Cl)cc(cc1Cl)C2=NNC(=O)C=C2,-5.5375
N#CCO/N=C(C#N)/c1ccccc1,-3.2899
OC(c1ccc(F)cc1)(c2cncnc2)c3ccccc3Cl,-4.083
Clc1ccc(Oc2ccc(Cl)c(Cl)c2)cc1,-5.6603
CCCC(Br)(CCC)C(N)=O,-1.8281
CCCN1C(=O)N(C)c2ncn(C)c2C1=O,-1.2082
ClCCN(Cl)CCCl,-1.9203
CCOc1ccc(cc1)C2(CC2(Cl)Cl)C(=O)OC(C#N)c3cccc(Oc4ccccc4)c3,-6.7243
CCOC(=O)N1CCN(CC1)CN2CCN(CC2)C(=O)OCC,-0.8443
CCCCNC(=O)N1C=C(F)C(=O)NC1=O,-2.4464
CCSC1=NN=C(C(=O)N1N)C(C)(C)C,-2.7353
FC(F)(F)Oc1ccc(NC(=O)NC(=O)c2ccccc2Cl)cc1,-7.1568
NC(=O)COC(=O)c1ccccc1,-1.6405
CCNC(=O)COC(=O)c1ccccc1,-2.2373
CCN(CC)C(=O)COC(=O)c1ccccc1,-2.0706
CCNC(C)C(O)=O,0.6522
CN1C(=O)C(N)C(=S)N(C)C1=O,-1.117
Clc1ccc(c(Cl)c1)c2ccc(Cl)c(Cl)c2Cl,-7.62
S=C1N=CNc2nccnc12,-2.6471
CCCC(Cn1cncn1)c2ccc(Cl)cc2Cl,-3.5903
CC(C)Oc1cccc(NC(=O)c2ccccc2C(F)(F)F)c1,-4.6947
CCOC(=O)C(C)Oc1ccc(Oc2oc3cc(Cl)ccc3n2)cc1,-5.6042
Clc1cccc(Oc2ccc(Cl)c(Cl)c2)c1,-5.437
CCCC(Br)C(=O)NC(N)=O,-1.4278
CN(C)C1CCCC=CCC1,-1.6004
CC1(CCCC1=O)C#N,0.9095
Cc1cccc(C)c1N(Cn2cccn2)C(=O)CCl,-2.8102
CCC(CC)(CC)NC(N)=O,-1.8191
CC(CN1CC(C)OC(C)C1)Cc2ccc(cc2)C(C)(C)C,-2.4821
CC1(C)CNC(=NC1)N\N=C(/C=C/c2ccc(cc2)C(F)(F)F)\C=C\c3ccc(cc3)C(F)(F)F,-7.916
Clc1cc2c(oc3c(Cl)c(Cl)c(Cl)c(Cl)c23)c(Cl)c1Cl,-11.4817
Brc1cc2oc3cc(Br)c(Br)cc3c2cc1Br,-6.8395
CCCN(CCOc1c(Cl)cc(Cl)cc1Cl)C(=O)n2ccnc2,-4.0445
CCOC(=O)CN(N=O)C(N)=O,0.7566
Brc1ccc(Br)c(c1)c2cc(Br)c(Br)cc2Br,-9.7256
O=C1NC=Cc2cccnc12,-1.1428
Clc1cc(Cl)c(cc1OCC#C)N2N=C3CCCCN3C2=O,-4.3251
CC1(C)C(\C=C(/Cl)C(F)(F)F)C1C(=O)OC(C#N)c2cccc(Oc3ccccc3)c2,-7.9541
Clc1cc(NC(=O)Nc2ccccc2)ccn1,-3.8028
Clc1ccc(c(Cl)c1)c2c(Cl)cccc2Cl,-6.65
Clc1ccc(c(Cl)c1)c2cc(Cl)cc(Cl)c2Cl,-7.82
Clc1cc(Cl)cc(c1)c2c(Cl)ccc(Cl)c2Cl,-7.95
Clc1ccc(cc1)c2c(Cl)c(Cl)cc(Cl)c2Cl,-7.88
Clc1cc(Cl)cc(c1)c2cc(Cl)c(Cl)cc2Cl,-7.47
Clc1ccc(Cl)c(c1)c2c(Cl)cc(Cl)c(Cl)c2Cl,-8.01
Clc1cc(c(Cl)c(Cl)c1Cl)c2c(Cl)cccc2Cl,-8.13
Clc1cc(Cl)c(Cl)c(c1)c2c(Cl)c(Cl)c(Cl)c(Cl)c2Cl,-9.42
CCOC(=O)CNc1nc(Cl)nc(NC(C)C)n1,-2.5622
COc1ccc(NC(=N)Nc2ccc(OC)cc2)cc1,-2.7345
CC(=O)NC(=O)COC(=O)c1ccccc1,-2.4003
Clc1ccc(Oc2ccccc2Cl)c(Cl)c1,-4.9499
CC(C)N1C(=O)N(CSC1=NC(C)(C)C)c2ccccc2,-5.5307
Nc1c(Cl)c(F)nc(OCC(O)=O)c1Cl,-3.4475
CC(C)C(Nc1ccc(cc1Cl)C(F)(F)F)C(=O)OC(C#N)c2cccc(Oc3ccccc3)c2,-8.0025
OCC(Cl)(Cl)Br,-0.4424
Clc1cccc(c1)N(C2CCOC2=O)C(=O)C3CC3,-2.6878
CC(CC(C)(C(O)=O)C(O)=O)C(O)=O,-0.1086
OC(=O)c1occ(Cl)c1Cl,-1.8263
Clc1cc(Cl)cc(c1)c2c(Cl)c(Cl)c(Cl)c(Cl)c2Cl,-9.1
COC(=O)C(C)Oc1ccc(Oc2ncc(cc2Cl)C(F)(F)F)cc1,-4.6064
CCCCOC(=O)C(C)Oc1ccc(Oc2ccc(cn2)C(F)(F)F)cc1,-5.5836
COC(=O)c1cc(C)ccc1C2=NC(C)(C(C)C)C(=O)N2,-2.3262
CC(C)C(C(=O)OC(C#N)c1cccc(Oc2ccccc2)c1)c3ccc(OC(F)F)cc3,-6.8765
CCCCCCCCOC(=O)c1cccnc1,-3.0929
Clc1ccccc1c2cc(Cl)c(Cl)cc2Cl,-7.2505
Clc1ccccc1c2cc(Cl)c(Cl)c(Cl)c2,-6.9069
Clc1ccc(Cl)c(c1)c2cc(Cl)c(Cl)c(Cl)c2,-7.3149
CCSC(=S)NC(C)C(O)=O,-1.2343
Cn1nc(C)c(C(=O)c2ccc(Cl)cc2Cl)c1OCC(=O)c3ccccc3,-2.6514
COC(=O)C(C)N(C(=O)Cc1ccccc1)c2c(C)cccc2C,-3.9442
CC1(C)C(C=C(Cl)Cl)C1C(=O)OC(C#N)c2cccc(Oc3ccccc3)c2,-6.5587
NC(=O)C(=NO)C(N)=O,-0.0384
OC(=O)C(Br)=C(Br)Br,-1.3593
OC(=O)C(Br)=C(Br)I,-1.0197
CCOC(=O)NCCOc1ccc(Oc2ccccc2)cc1,-4.7009
FC(F)(F)c1nc(Cl)sc1C(=O)OCc2ccccc2,-5.8085
CC=Cc1ccc(O)c(O)c1,-1.3505
CC(C)=CC1C(C(=O)OCN2C(=O)CN(CC#C)C2=O)C1(C)C,-3.5321
CN(C(=O)COc1sc2ccccc2n1)c3ccccc3,-4.8727
Clc1cccc(c1)c2cc(Cl)c(Cl)cc2Cl,-7.1299
Clc1ccccc1c2c(Cl)c(Cl)cc(Cl)c2Cl,-7.3999
Clc1ccc(c(Cl)c1Cl)c2c(Cl)cccc2Cl,-6.7798
CCCCCCOC(=O)C(C)OC(=O)C(C)O,-2.4884
Cc1cc(C)nc(n1)C(N)=O,0.1216
Fc1ccc(cc1)C(=O)C2CCN(CC2)CCN3C(=O)Nc4ccccc4C3=O,-4.5971
CCOc1ccc(NC(=O)NN)cc1,-1.6471
Clc1ccccc1c2nnc(nn2)c3ccccc3Cl,-5.4817
Clc1cccc(c1)c2ccc(Cl)c(Cl)c2Cl,-6.77
Clc1ccc(cc1)c2cc(Cl)cc(Cl)c2Cl,-6.77
Clc1cccc(c1)c2c(Cl)c(Cl)cc(Cl)c2Cl,-7.76
Clc1ccc(cc1)c2cc(Cl)c(Cl)c(Cl)c2Cl,-7.3102
Clc1ccc(cc1)c2c(Cl)cc(Cl)c(Cl)c2Cl,-7.95
Clc1ccc(cc1Cl)c2c(Cl)cc(Cl)c(Cl)c2Cl,-7.6505
Clc1ccc(cc1Cl)c2c(Cl)c(Cl)cc(Cl)c2Cl,-8.48
Clc1ccc(Cl)c(c2cc(Cl)c(Cl)c(Cl)c2)c1Cl,-8.27
Clc1cc(Cl)cc(c1)c2c(Cl)c(Cl)cc(Cl)c2Cl,-8.2696
Clc1ccc(c(Cl)c1)c2c(Cl)c(Cl)c(Cl)c(Cl)c2Cl,-8.9706
Clc1cc(Cl)c(c2cc(Cl)c(Cl)c(Cl)c2)c(Cl)c1Cl,-9.1
Clc1cc(Cl)c(c(Cl)c1)c2c(Cl)c(Cl)c(Cl)c(Cl)c2Cl,-9.48
Clc1cc(cc(Cl)c1Cl)c2c(Cl)c(Cl)c(Cl)c(Cl)c2Cl,-9.6997
Clc1cc(Cl)c(c(Cl)c1)c2c(Cl)c(Cl)cc(Cl)c2Cl,-8.4901
Brc1ccc(Br)c(C=O)c1,-3.8003
CC(C)(C)C(Br)C(=O)NC(C)(C)c1ccccc1,-4.9455
N#CC(=N\OCC1OCCO1)/c2ccccc2,-4.0649
CC(C)(C)C(O)C(Cc1ccc(Cl)cc1Cl)n2cncn2,-4.5619
CCN1CC(=O)N=C1N,-0.165
OC(=O)c1c(Cl)c(Cl)c(Cl)c(Cl)c1C(=O)Nc2cccc(Cl)c2Cl,-4.5051
CSCOC(=O)c1ccccc1OC(C)=O,-2.6404
CC(Oc1ccccc1Cl)C(O)=O,-2.2232
CC(Oc1ccc(Oc2cnc3cc(Cl)ccc3n2)cc1)C(O)=O,-6.0604
OC(Cn1cncn1)(c2ccc(F)cc2)c3ccccc3F,-3.3651
Clc1cccc(c2cc(Cl)c(Cl)c(Cl)c2)c1Cl,-7.4052
CCOC(=O)N(C)CC,-0.4189
CCOC(CC(C)O)OCC,0.0909
NN=C1N=CNc2nccnc12,-1.8632
COCC(=O)N(N1CCOC1=O)c2c(C)cccc2C,-1.913
CCCCCCNC(=O)c1cccnc1,-2.5221
CCC1(C(=O)NC(=O)N(CC(O)CO)C1=O)c2ccccc2,-1.7872
Cc1c(F)c(F)c(COC(=O)C2C(\C=C(/Cl)C(F)(F)F)C2(C)C)c(F)c1F,-7.3209
CCC(CC)C(=O)N(CC)CC,-1.0876
CCCCC(O)(Cn1cncn1)c2ccc(Cl)cc2Cl,-4.2668
CC(C)c1cc(Oc2ccccc2)cc(C(C)C)c1NC(=S)NC(C)(C)C,-6.8068
CCOc1ccc(cc1)C(C)(C)COCc2cccc(Oc3ccccc3)c2,-8.5758
CCc1cnc(C2=NC(C)(C(C)C)C(=O)N2)c(c1)C(O)=O,-2.3153
COC(=O)c1ccc(C)cc1C2=NC(C)(C(C)C)C(=O)N2,-2.4599
CCCCCCCCNC(=O)c1cccnc1,-3.0081
CCCCCCCCCNC(=O)c1cccnc1,-3.1398
CCCCCCCCCCNC(=O)c1cccnc1,-3.0765
CCCCCCCCCCCNC(=O)c1cccnc1,-3.0266
CCCCCCCCCCCCNC(=O)c1cccnc1,-3.2078
CC1(C)CON(Cc2ccccc2Cl)C1=O,-2.3383
ON=C1C=CC(=NO)c2ncccc12,-3.7998
OC(c1ccccc1)c2cc(Cl)ccc2NC(=O)c3ccncc3,-5.5299
CCC(C)(CC)c1cc(NC(=O)c2c(OC)cccc2OC)on1,-5.3694
CCOC(C)CCO,-0.3736
Cc1c(COC(=O)C2C(\C=C(/Cl)C(F)(F)F)C2(C)C)cccc1c3ccccc3,-6.6262
Cn1nc(C)c(C(=O)c2ccc(Cl)c(C)c2Cl)c1OCC(=O)c3ccc(C)cc3,-6.5209
Fc1cccc(F)c1C(=O)NC(=O)Nc2cc(Cl)c(F)c(Cl)c2F,-7.3023
CCOC(=O)CCN(Cc1ccccc1)SN(C)C(=O)O\N=C(\C)SC,-4.3005
Fc1ccc(NC(=O)c2cccnc2Oc3cccc(c3)C(F)(F)F)c(F)c1,-6.8969
OC(=O)C(I)=C(Br)I,-1.2891
CC(C)(C)C(O)\C(=C/c1ccc(Cl)cc1)n2cncn2,-4.5403
CC(C)(C)C(O)\C(=C/c1ccc(Cl)cc1Cl)n2cncn2,-4.9115
CCOC(=O)C1(C)OC(=O)N(C1=O)c2cc(Cl)cc(Cl)c2,-5.2203
Nc1ncc2ncn(COCCO)c2n1,-1.0775
CC(Oc1ccc(Cl)c(C)c1Cl)C(=O)Nc2ccccc2,-7.0057
COCCCCC=O,0.4574
CCC(=O)OCc1ccc(Cl)cc1Cl,-3.0665
CCN(C(C)C(C)C)C(=O)SCc1ccccc1,-4.7337
Clc1ccc(CSC(Cn2cncn2)=Nc3ccc(Cl)cc3Cl)cc1,-5.3842
CCc1cccc(C)c1N(COC(C)C)C(=O)CCl,-3.1882
Fc1cccc(F)c1C(=O)NC(=O)Nc2ccc(Cl)c(Oc3ncc(cc3Cl)C(F)(F)F)c2,-7.4033
CCOc1ccc(NC(=O)OC(C)C)cc1OCC,-4.0022
CCOCCOC(=O)C(C)Oc1ccc(Oc2ncc(cc2Cl)C(F)(F)F)cc1,-5.8739
CCc1cccc(CC)c1N(COC\C=C/C)C(=O)CCl,-4.0287
CCCCCOC(=O)COc1cc(N2C(=O)C3=C(CCCC3)C2=O)c(F)cc1Cl,-6.3508
COCC(C)N(C(=O)CCl)c1c(C)scc1C,-2.3614
CC(Oc1ccc(Oc2ncc(Cl)cc2Cl)cc1)C(=O)N3CCCO3,-4.5922
CC(C)C12CCC(C)(O1)C(C2)OCc3ccccc3C,-3.6391
FC(F)(F)C(=N/OCC1OCCO1)/c2ccc(Cl)cc2,-4.0138
OC(=O)C(Br)=C(Cl)Br,-1.0071
OC(=O)C(Cl)=C(Br)Br,-0.6873
Cc1cc(C)nc(N\N=C(\C)c2ccccc2C)n1,-3.1959
CN1C(=O)N=CC2=C1NC(=O)N2,-0.794
CN1C=C2N=CC=NC2=NC1=O,-0.9089
O=C1OCc2ccc(cc12)C#N,-2.7021
COc1c(N)c(C=O)ccc1O,-0.2232
CCC1(CC(C)=O)C(=O)NC(=O)NC1=O,-0.7661
CCCCCCC(O)C(O)C(O)=O,-1.5469
Cc1cnc2c(ccc(Cl)c2C(O)=O)c1,-2.9973
CCc1nc2cnc(O)nc2nc1CC,-2.2644
CC(C)(OC1CCCCC1)C(O)=O,-1.0798
COC(CC(O)=O)c1ccccc1,-1.6952
OC(O)(C(=O)Nc1ccccc1)C(=O)Nc2ccccc2,-2.4568
CC=CCC1(C)C(=O)NC(=O)N(C)C1=O,-1.5445
CCOC(=O)C(O)C=C,0.3627
CC1CCCC(O1)OC2CCCC(C)O2,-1.1083
CN1C=NC2=C(N(C)C(=O)N(C)C2=O)C1=O,-1.985
CCCCc1c2ccccc2cc3ccc4ccccc4c13,-7.5245
CCC(Br)(Br)C(O)=O,-0.8722
CC(C1CC1)C(O)(Cn2cncn2)c3ccc(Cl)cc3,-3.3189
OC(=O)COC1CCCC1,-0.8471
CC(C)(C)N1N=CC(=C(Cl)C1=O)SCc2ccc(cc2)C(C)(C)C,-7.483
COc1ccsc1CN(C(=O)CCl)c2c(C)cccc2C,-4.4689
CNC1=C(C(=O)C(O1)c2ccccc2)c3cccc(c3)C(F)(F)F,-3.9788
CCCCCCCCCCCCCCNC(=O)C(C)O,-3.9784
ClC(Cl)C(=O)N(CC=C)CC(=O)NCC=C,-1.0397
CSC(=O)c1c(CC(C)C)c(C(=O)SC)c(nc1C(F)F)C(F)(F)F,-5.4575
COc1nsc(N)n1,-1.2427
CCOc1nsc(N)n1,-0.6514
CC(=O)OCC(S)CS,-1.2208
CCCCC(=CC)C(N)=O,-1.3717
O=C(Nc1ncccn1)c2cnccn2,-0.3036
CCCCCCCCCOC(=O)c1cccnc1,-3.0958
Cc1ccnc(NC(=O)c2cnccn2)n1,-0.7308
CC(O)C(C)C=O,-0.4906
Cc1ncnc2c(O)cccc12,-2.6025
CN1C(=O)C(=Nc2cncnc12)C,-1.489
NC(=O)C1CCCC(N1)C(N)=O,0.2893
CCC(C)(C)C1CCC(=NO)C(C1)=NO,-3.9652
CCCc1ncnc2c(O)cccc12,-2.9206
CCCCCCCOC(=O)c1cccnc1,-2.7429
CCOc1ccc(NC(C)=O)c2cccnc12,-1.5171
OC(=O)C(Cl)(Cl)CCCl,-0.5831
NCCCCCCNCCCCCCCCCCC(O)=O,-2.3017
CCC(N(Cc1occc1)C(=O)n2ccnc2)C(=O)OCCCC=C,-2.8919
COc1ncc2nccnc2n1,-1.113
CN1C(=O)N=Cc2nccnc12,-1.3713
CCCC\C(=C\C)C(=O)NC(N)=O,-2.7883
COC(C)C(C)Cl,-1.9986
COc1cc(Br)c2COC(=O)c2c1OC,-3.9311
CCc1nc2ncnc(O)c2nc1CC,-1.9122
CCOC(=O)c1nn(c2ccc(Cl)cc2Cl)c(n1)C(Cl)(Cl)Cl,-5.6516
Fc1cc2OCC(=O)N(CC#C)c2cc1N3C(=O)C4=C(CCCC4)C3=O,-5.2966
OC(=O)CCCC(C(O)=O)(c1ccccc1)c2ccccc2,-3.1737
CC(C)C1(C)N=C(NC1=O)c2ncc(C)cc2C(O)=O,-2.0911
COc1c(oc2ccccc12)C(O)=O,-2.8857
CCOCCc1ccc(OCCNc2ncnc(CC)c2Cl)c(C)c1C,-5.2409
CC(CCC(O)=O)NC(=O)c1ccccc1,-1.6917
CNC(=O)COC(=O)c1ccccc1,-1.7178
CCCNC(=O)COC(=O)c1ccccc1,-2.5387
CC(C)(C)NC(=O)COC(=O)c1ccccc1,-2.8665
NC(=O)CNC(=O)COC(=O)c1ccccc1,-1.4983
CN(C)C(=O)COC(=O)c1ccccc1,-1.372
CCCN(CCC)C(=O)COC(=O)c1ccccc1,-2.3791
CCCCN(CCCC)C(=O)COC(=O)c1ccccc1,-3.5614
C=CCN(CC=C)C(=O)COC(=O)c1ccccc1,-2.5626
CN(CC(O)=O)C(=O)COC(=O)c1ccccc1,-2.254
O=C(COC(=O)c1ccccc1)N2CCCCC2,-2.5011
O=C(COC(=O)c1ccccc1)N2CCOCC2,-1.7734
CCC(NC=O)C(O)=O,-0.5918
CC(C)(C)C(O)(CCc1ccc(Cl)cc1)Cn2cncn2,-3.932
CC(O)(CCC(C)(O)C(O)=O)C(O)=O,-0.8372
CCCc1nc(N)c(CC)c(CCC)n1,-2.5132
C\C(=N/NC(=O)Nc1cc(F)cc(F)c1)c2ncccc2C(O)=O,-3.7248
OC(=O)c1ccccc1C2OC(=O)c3ccccc23,-3.1042
O=C1CCCCCCCCCCCCCCCCCN1,-2.8474
CC(Oc1ccc(Oc2cnc3cc(Cl)ccc3n2)cc1)C(=O)OCCON=C(C)C,-5.8479
Cn1nc(C)c(\C=N\OCc2ccc(cc2)C(=O)OC(C)(C)C)c1Oc3ccccc3,-7.4604
CC(C)(COCc1cccc(Oc2ccccc2)c1)c3ccc(OC(F)(F)Br)cc3,-9.9799
CCOC(=O)CSc1nc(nn1C(=O)N(C)C)C(C)(C)C,-2.861
CC(C)(C)N(NC(=O)c1ccc(Cl)cc1)C(=O)c2ccccc2,-4.4404
CCc1ccc(cc1)C(=O)NN(C(=O)c2cc(C)cc(C)c2)C(C)(C)C,-5.6281
OC(=O)C1CC1C(=O)Nc2ccc(Cl)cc2Cl,-3.8697
CC(Oc1ccc(Oc2oc3cc(Cl)ccc3n2)cc1)C(O)=O,-3.092
COCc1cnc(C2=NC(C)(C(C)C)C(=O)N2)c(c1)C(O)=O,-1.84
Clc1ccc(CCC(Cn2cncn2)(C#N)c3ccccc3)cc1,-6.2264
O=C(COC(=O)c1ccccc1)N2CCC2,-1.6085
O=C(COC(=O)c1ccccc1)N2CCCCCC2,-2.5421
OC1CCN(CC1)C(=O)COC(=O)c2ccccc2,-1.3486
CN(C)C(=O)CCOC(=O)c1ccccc1,-1.0994
CN(C)C(=O)CCCOC(=O)c1ccccc1,-1.2286
CN(C(C)=O)C(=O)COC(=O)c1ccccc1,-2.8664
CC(C)NC(=O)COC(=O)c1ccccc1,-2.7321
CCCCNC(=O)COC(=O)c1ccccc1,-2.7588
CCCCCCNC(=O)COC(=O)c1ccccc1,-3.902
CC(NC(=O)COC(=O)c1ccccc1)C(N)=O,-2.7172
Clc1ccc(c(Cl)c1)C2(CC(Br)CO2)Cn3cncn3,-3.8775
FC(OC(F)(F)F)C(F)(F)Oc1ccc(NC(=O)NC(=O)c2c(F)cccc2F)cc1Cl,-6.9675
CCNC(C)CC,-0.21
NCCCCC(NC(=O)c1ccccc1)C(O)=O,-2.2845
COC(=O)CSc1cc(N=C2SC(=O)N3CCCCN23)c(F)cc1Cl,-5.6768
COC(=O)c1c(CC(C)C)c(C2=NCCS2)c(nc1C(F)F)C(F)(F)F,-5.2002
CCCN(CC)CC1COC2(CCC(CC2)C(C)(C)C)O1,-2.8014
CC1OC(=O)c2cc(N)ccc12,-1.7891
NC(=O)c1nn(c2ccc(Cl)c(COCC(F)(F)C(F)(F)F)c2)c(n1)c3ccccc3,-5.6635
CCc1nn(C)c(C(=O)NCc2ccc(cc2)C(C)(C)C)c1Cl,-5.1086
CC(Oc1ccc(Oc2cnc3cc(Cl)ccc3n2)cc1)C(=O)OCC4CCCO4,-5.0303
CC(C)(C)c1ccc(CCOc2ncnc3ccccc23)cc1,-6.1439
COc1ccc(NCC(O)CO)cc1,-0.295
CC1(C)OC(CN1C(=O)C(Cl)Cl)c2occc2,-3.1498
CCCCOC(=O)C(C)Oc1ccc(Oc2ccc(cc2F)C#N)cc1,-5.708
CC1=NNC(=O)N(C1)\N=C\c2cccnc2,-2.8745
Fc1ccc(Oc2ccnc3cc(Cl)cc(Cl)c23)cc1,-6.4243
CC1(C)CCC(Cc2ccc(Cl)cc2)C1(O)Cn3cncn3,-4.3288
CC(C)C1CCC(Cc2ccc(Cl)cc2)C1(O)Cn3cncn3,-4.6828
CC=CC(=O)Nc1ccc(O)cc1,-2.6464
CCC(CC)(C#N)C(=O)NC(N)=O,-1.564
CCOC(=O)C(Cl)Cc1cc(N2N=C(C)N(C(F)F)C2=O)c(F)cc1Cl,-4.2727
CCC1=C(C(O)=O)C(=O)C=NN1c2ccc(Cl)cc2,0.4
OC1(CCCCCC1n2cncn2)c3ccc(Cl)cc3,-3.3681
CCOC(=O)COc1cc(c(F)cc1Cl)c2nn(C)c(OC(F)F)c2Cl,-5.6161
Cc1sc(C(=O)Nc2c(Br)cc(OC(F)(F)F)cc2Br)c(n1)C(F)(F)F,-5.5186
CC1(OC(=O)N(Nc2ccccc2)C1=O)c3ccc(Oc4ccccc4)cc3,-6.8573
CO\C=C(C(=O)OC)/c1ccccc1Oc2cc(Oc3ccccc3C#N)ncn2,-4.8276
CNC(=O)C(=N/OC)\c1ccccc1Oc2ccccc2,-3.3466
CSC(=O)c1cccc2nnsc12,-4.4363
CN(Cc1ccc(Cl)nc1)C(C)=NC#N,-1.7244
CCOC(=O)C1=NN(c2ccc(Cl)cc2Cl)C(C)(C1)C(=O)OCC,-4.271
CO\N=C(/C)c1cccc(Oc2nc(OC)cc(OC)n2)c1C(=O)OC,-3.6037
Fc1ccc2N=C(n3cncn3)N(C(=O)c2c1)c4ccc(Cl)cc4Cl,-5.5754
CC(C)N(C(=O)COc1sc(nn1)C(F)(F)F)c2ccc(F)cc2,-3.8121
CO\N=C(C(=O)OC)/c1ccccc1COc2ccccc2C,-5.195
COc1ccc(cc1NNC(=O)OC(C)C)c2ccccc2,-4.9025
CCOc1cc(ccc1C2COC(=N2)c3c(F)cccc3F)C(C)(C)C,-6.6782
CCN(C1CCCCC1)C(=O)N2N=NN(C2=O)c3ccccc3Cl,-5.1821
CC(C)C(C(=O)OC(C#N)c1cccc(Oc2ccc(Br)cc2)c1)c3ccc(OC(F)F)cc3,-8.1731
COc1cccc(C(=O)NN(C(=O)c2cc(C)cc(C)c2)C(C)(C)C)c1C,-5.5664
CC(C)OC(=O)c1cc(c(F)cc1Cl)c2nn(C)c(c2Br)C(F)(F)F,-6.9227
CCOC(=O)C(NC=O)=Cc1cocc1,-2.7477
CC(C)C(C)C,-3.5832
CCC(C)CC,-3.6826
CC1CCCC1,-3.3019
CCCCCCCC,-5.2382
CCCCCCC,-4.4694
C1CCCCCCC1,-4.1524
CC(C)(C)C,-3.3371
c1ccc2c(c1)cc3ccc4cccc5ccc2c3c45,-8.1924
c1ccc2c(c1)ccc3cc4c(ccc5ccccc45)cc23,-8.6679
Cc1ccc2cc3c(ccc4ccccc34)c5CCc1c25,-7.9663
c1ccc2cc3c(ccc4ccccc34)cc2c1,-7.3854
c1ccc2c(c1)ccc3ccccc23,-5.1903
s1c2ccccc2c3ccccc13,-5.0981
c1cc2ccc3ccc4ccc5cccc6c(c1)c2c3c4c56,-9.0265
c1cc2cccc3C=Cc(c1)c23,-3.9756
c1ccc2cc3c4ccccc4c5ccccc5c3cc2c1,-8.2405
c1ccc2c(c1)c3ccccc3c4ccccc24,-6.7447
c1ccc2c(c1)ccc3c4ccccc4ccc23,-8.0575
c1ccc2c(c1)ccc3cc4ccc5ccccc5c4cc23,-8.4318
C1c2ccccc2c3cc4ccccc4cc13,-7.733
Cc1ccc2cc3ccccc3cc2c1,-6.9555
Cc1c2ccccc2c(C)c3ccccc13,-6.5663
Cc1cccc2c1ccc3ccccc23,-5.8541
Cc1cccc2c1Cc3ccccc23,-5.2184
Cc1ccc2c(ccc3ccccc23)c1,-5.8367
CCc1ccc2cc3ccccc3cc2c1,-6.8863
CC(C)(C)c1ccccc1,-3.658
CC(C)c1ccccc1,-3.2924
C(Cc1ccccc1)c2ccccc2,-4.6272
CCCc1ccccc1,-3.3622
CCCCc1ccccc1,-4.0559
CCc1ccccc1CC,-3.2759
CCc1cccc(CC)c1,-3.7476
Cc1cccc(C)c1C,-3.2037
C#Cc1ccccc1,-2.3502
CCCCCc1ccccc1,-4.6434
CC(C)Cc1ccccc1,-4.1235
CCc1ccccc1C,-3.2072
Cc1ccc(cc1)c2ccc(C)cc2,-6.0177
CCc1ccc(C)cc1,-3.1026
Cc1cc(C)c(C)c(C)c1C,-3.9807
CCCCCCc1ccccc1,-5.2551
CCCCCCCCc1ccccc1,-6.46
Cc1ccccc1Cl,-2.5295
Brc1ccc(Br)cc1,-4.0717
Cc1ccc(Br)cc1,-3.1917
Clc1ccc(Br)cc1,-3.6298
Brc1cccc(Br)c1,-3.5435
Clc1cccc(Br)c1,-3.2102
Fc1ccc(CCl)cc1,-2.5442
Fc1ccc(F)cc1,-1.9709
Brc1ccccc1Br,-3.5
Cc1cccc(Br)c1,-3.523
Fc1cccc(Cl)c1,-2.3457
Clc1ccc(Cl)c(Cl)c1Cl,-4.5619
Fc1cccc(Br)c1,-2.6656
CN(C)C,1.1777
CCN(CC)c1ccccc1,-3.0278
CNc1ccccc1,-1.2803
N(c1ccccc1)c2ccccc2,-3.5042
COc1ccc(C=O)cc1,-1.5016
Nc1cc(Cl)cc(Cl)c1,-2.3153
Oc1c(Cl)c(Cl)c(Cl)c(Cl)c1Cl,-4.2793
CCc1ccccc1O,-1.3594
COc1ccccc1O,-0.8221
COc1cccc(OC)c1O,-0.9525
Oc1ccc(cc1)c2ccccc2,-3.4812
Oc1cc(Cl)c(Cl)cc1Cl,-2.2163
Cc1ccc(O)c(C)c1,-1.191
Oc1ccc(Br)cc1,-1.092
COc1ccc(O)cc1,-0.4919
Cc1cc(C)c(O)c(C)c1,-2.055
Oc1cccc(Cl)c1Cl,-1.6559
Oc1cccc(Br)c1,-0.8764
Oc1cc(Cl)cc(Cl)c1,-1.559
Oc1ccc(Br)cc1Br,-2.1225
OC(=O)C(O)(c1ccccc1)c2ccccc2,-2.2092
OC(=O)CCl,0.9277
CC(C)C(O)=O,0.2777
CCC(Br)C(O)=O,-0.3776
OC(=O)Cc1cccc2ccccc12,-2.6468
CCC(CC)C(O)=O,-0.8098
Cc1cc(Cl)ccc1OCC(O)=O,-2.503
OC(=O)CCCCCC(O)=O,-0.5056
CCCCCCCCCCC(O)=O,-3.5525
OC(=O)COc1ccccc1,-1.1031
OC(=O)COc1ccc(Cl)cc1,-2.29
OC(=O)\C=C\c1ccccc1,-2.4335
CCCCC(CC)C(O)=O,-1.858
CCCCCCCCCCCCCC(O)=O,-5.3293
OC(=O)COc1ccc(Cl)c(Cl)c1,-2.6846
OC(=O)COc1ccccc1Cl,-2.1637
COc1ccc(\C=C\C(O)=O)cc1,-2.3984
OC(=O)c1cc(Cl)cc(Cl)c1,-3.1137
OC(=O)c1ccc(Cl)c(Cl)c1,-3.495
OC(=O)c1cccc2ccccc12,-3.3015
OC(=O)c1cscc1,-1.4743
OC(=O)c1occc1,-0.4802
OC(=O)c1ccccc1I,-2.7308
OC(=O)c1ccc2ccccc2c1,-3.5639
Cc1cccc(c1)C(O)=O,-2.1428
COc1ccc(cc1)C(O)=O,-2.458
Cc1ccccc1C(O)=O,-2.0621
OC(=O)c1cccc(F)c1,-1.9704
OC(=O)c1ccc(F)cc1,-2.0673
OC(=O)c1cccc(Cl)c1,-2.5415
CC(C)c1ccc(cc1)C(O)=O,-3.0364
OC(=O)c1cccc(Br)c1,-2.699
OC(=O)c1ccc(Br)cc1,-3.5251
OC(=O)c1cccc(I)c1,-3.2706
OC(=O)c1ccc(I)cc1,-3.9631
CC(C)(C)CO,-0.4012
CCC(C)O,0.3877
OC(c1ccccc1)c2ccccc2,-2.5494
OCc1ccccc1,-0.4319
OC1CCCCC1,-0.3774
CCCCCCCO,-1.8425
OCCCc1ccccc1,-1.3798
CCCCCCC(C)O,-2.0655
CCCCCC(C)O,-1.5507
CCC(O)CC,-0.2334
Cc1ccc(CO)cc1,-1.1999
CCCC(O)CCC,-1.3931
CCCCC(O)CC,-1.4631
CC1CCC(O)CC1,-0.8815
CCCC(O)CC,-0.8025
CCCCC(C)O,-0.8726
OCc1c(Cl)cccc1Cl,-2.1019
CBr,-0.7956
CCBr,-1.086
CCI,-1.6009
ICI,-2.3345
CC(C)Cl,-1.4037
CC(Cl)Cl,-1.2913
FC(Cl)Cl,-0.7383
FC(F)F,-1.2334
FC(Cl)(Cl)Cl,-2.0965
ClC(Cl)C(Cl)(Cl)Cl,-2.6248
FC(F)(Cl)C(F)(Cl)Cl,-3.0423
ClC(Cl)C(Cl)Cl,-1.7536
BrC1CCCCC1,-2.2943
CCCCCBr,-3.0753
CCCCCCBr,-3.8078
ClCCCCl,-1.6137
CCCCCCCBr,-4.431
CCCCCCCCl,-3.9957
CCCCCCCI,-4.8102
O=Cc1occc1,-0.0962
O=Cc1ccc2OCOc2c1,-1.6324
CCOC(=O)C(C)=C,-1.3251
CC(C)COC(=O)C(C)=C,-2.039
CCOC(=O)NC,0.8255
CCOC(=O)CCC(=O)OCC,-0.96
CCCCOC(=O)c1ccccc1,-3.4801
CC(=O)OCc1ccccc1,-1.6853
CCOC(=O)CC(C)=O,-0.073
CCC(=O)OC,-0.1498
CC(C)OC(=O)c1ccccc1C(=O)OC(C)C,-2.8773
CC(=O)OCCBr,-0.6737
CCC(=O)CC,-0.253
CC(C)CCC(C)=O,-1.3252
CC(C)C(C)=O,-0.1513
CCCCCCCCC(C)=O,-3.3085
CC(C)(O)C(Cl)(Cl)Cl,-1.346
OCC(Cl)(Cl)Cl,-0.2537
N#Cc1ccccc1,-1.7123
CCC#N,0.2718
C=CC#N,0.1474
CCCC#N,-0.321
Clc1cccc(Cl)c1C#N,-3.9803
CCCCCCC=C,-4.4373
CCCCCCCC=C,-5.052
C1C=CC=CC=C1,-2.1721
C\C=C/C,-1.9302
C=CCC=C,-2.0866
CCCCC=C,-3.2261
C=CCCC=C,-2.6867
CCCCCC=C,-3.732
C1C=CCC=C1,-2.0587
s1ccc2ccccc12,-3.0138
o1cnc2ccccc12,-1.1548
C1Cc2ccccc2C1,-3.0351
Cc1occc1,-1.4372
CSc1sc2ccccc2n1,-3.1614
Cc1cscc1,-2.3899
CCc1sccc1,-2.5846
S=C1NCCN1,-0.7083
FC(F)=C,-0.7061
ClC1=C(Cl)C(Cl)(Cl)C(=C1Cl)Cl,-5.1805
ClC(Cl)=C(Cl)C(Cl)=C(Cl)Cl,-4.9111
BrCC=C,-1.4995
BrCCC=C,-2.2473
Cc1cccc2ccccc12,-3.7413
Clc1cccc2ccccc12,-3.9706
Cc1ccc2ccccc2c1,-3.762
Clc1ccc2ccccc2c1,-4.143
Nc1cccc2ccccc12,-1.9255
Oc1ccc2ccccc2c1,-2.2809
S=C=Nc1cccc2ccccc12,-4.6022
Cc1ccc(C)c2ccccc12,-4.1369
Cc1cc(C)c2ccccc2c1,-4.2907
Cc1ccc2cc(C)ccc2c1,-4.8927
Cc1ccc2cc(C)c(C)cc2c1,-5.0007
CCc1ccc2ccccc2c1,-4.2901
CCc1cccc2ccccc12,-4.1644
OCc1cccc2ccccc12,-1.7444
O1c2ccccc2Oc3ccccc13,-5.3106
Clc1cccc2Oc3ccccc3Oc12,-5.7196
Clc1ccc2Oc3ccccc3Oc2c1,-5.8359
CCOC(N)=O,0.7314
NC(=O)C=C,0.9544
CCCC(N)=O,0.2721
CCCC#C,-1.6374
CCOCC,-0.0889
CCCOCCC,-1.3192
CCCCCCOCCO,-1.1694
CCCCOCCOCCCC,-1.9402
C1CCOCC1,-0.031
CCCCOCCCC,-2.6376
FC(F)OC(F)(F)C(F)Cl,-1.5162
FC(F)OC(Cl)C(F)(F)F,-1.6157
CCN(CC)N=O,0.0161
O=NN(c1ccccc1)c2ccccc2,-3.7531
Oc1c(ccc2ccccc12)N=O,-2.5395
CC(C)N(N=O)C(C)C,-1.0006
CCCN(CCC)N=O,-1.0006
CCCCN(CCCC)N=O,-2.0955
CCCCN(CC)N=O,-1.0354
CCCCN(C)N=O,-0.6996
CCN(C)N=O,0.5321
Brc1ccc(cc1)c2ccccc2,-5.5526
Cc1ccc(cc1)c2ccccc2,-4.6185
Clc1cccc(c1)c2cccc(Cl)c2,-5.7983
Clc1ccc(cc1)c2ccc(Cl)cc2,-6.5561
Clc1ccccc1c2ccccc2,-4.5917
Clc1ccc(cc1Cl)c2ccccc2,-6.3899
Clc1ccccc1c2ccccc2Cl,-5.0813
Clc1cccc(Cl)c1c2c(Cl)cccc2Cl,-7.3898
Clc1cccc(c2ccccc2)c1Cl,-5.3498
Clc1c(Cl)c(Cl)c(c2ccccc2)c(Cl)c1Cl,-7.9107
Clc1cccc(c1)c2ccccc2Cl,-5.5851
Clc1ccc(cc1Cl)c2cc(Cl)c(Cl)cc2Cl,-7.3867
Clc1ccc(c(Cl)c1)c2ccc(Cl)c(Cl)c2,-6.8995
Clc1ccc(Cl)c(c1)c2ccc(Cl)c(Cl)c2,-6.8526
Clc1ccc(cc1)c2cc(Cl)c(Cl)cc2Cl,-7.7699
Clc1ccc(cc1)c2ccc(Cl)c(Cl)c2Cl,-6.8754
Clc1ccc(c(Cl)c1)c2ccccc2,-5.2878
Clc1ccc(Cl)c(c1)c2ccccc2,-5.2993
Clc1ccc(cc1)c2ccccc2Cl,-5.2803
Clc1ccc(c(Cl)c1Cl)c2cc(Cl)c(Cl)cc2Cl,-8.3813
Brc1ccc(c(Br)c1Br)c2ccc(Br)c(Br)c2Br,-7.7563
Clc1ccc(c(Cl)c1)c2ccccc2Cl,-6.4902
Clc1ccc(Cl)c(c1)c2cc(Cl)c(Cl)cc2Cl,-7.3263
Clc1ccc(Cl)c(c1)c2c(Cl)ccc(Cl)c2Cl,-7.1895
Clc1ccc(c(Cl)c1)c2cc(Cl)c(Cl)cc2Cl,-7.9503
Clc1ccc(cc1Cl)c2c(Cl)ccc(Cl)c2Cl,-7.6499
Clc1ccc(Cl)c(c1Cl)c2c(Cl)ccc(Cl)c2Cl,-7.9032
Clc1ccccc1c2c(Cl)cccc2Cl,-5.9003
Clc1ccc(cc1)c2c(Cl)cccc2Cl,-6.2095
Clc1cccc(c1Cl)c2ccccc2Cl,-5.944
Clc1cccc(c1)c2cc(Cl)ccc2Cl,-6.0077
Clc1ccc(cc1Cl)c2ccccc2Cl,-6.287
Clc1ccc(cc1)c2ccc(Cl)c(Cl)c2,-6.5541
Clc1cccc(c1Cl)c2cccc(Cl)c2Cl,-7.2722
Clc1ccc(Cl)c(c1)c2cccc(Cl)c2Cl,-6.4654
Clc1ccc(c(Cl)c1Cl)c2ccccc2Cl,-6.8299
Clc1ccc(Cl)c(c1)c2cc(Cl)cc(Cl)c2Cl,-7.8201
Clc1cc(Cl)c(Cl)c(c1)c2c(Cl)ccc(Cl)c2Cl,-7.8218
Clc1cccc(c1Cl)c2cc(Cl)c(Cl)c(Cl)c2Cl,-8.4206
NC(=O)c1ccccc1,-0.953
CC1=CC(=O)c2ccccc2C1=O,-3.0319
ClCc1ccccc1,-2.3822
CSc1ccccc1,-2.39
O=CNc1ccccc1,-0.6785
S=C=Nc1ccccc1,-3.1772
CC(=O)Nc1ccccc1Cl,-1.4001
CC(=O)Nc1cccc(C)c1,-2.091
S=C=NCc1ccccc1,-3.1364
Oc1ccc2CCCCc2c1,-1.9948
NC(=O)c1c(Cl)cccc1Cl,-1.8427
CCNCNC(=O)c1ccccc1,-0.0749
CNCC(C)c1ccccc1,-1.0947
O=NN1CCCCC1,-0.1738
c1ccc(cc1)N=Nc2ccccc2,-4.4544
CN(C)CCCN1c2ccccc2CCc3ccccc13,-4.187
NC(=O)NCc1ccccc1,-0.9462
Clc1ccc(cc1)C(c2ccc(Cl)cc2)C(Cl)(Cl)Cl,-7.8092
Clc1ccc(cc1)C(=C(Cl)Cl)c2ccc(Cl)cc2,-6.9004
OC(=O)COc1ccc(Cl)cc1Cl,-2.5139
CC(C)OC(=O)Nc1cccc(Cl)c1,-3.3804
CN(C)C(=O)Nc1ccccc1,-1.6101
CC(CCl)OC(C)CCl,-2.0027
OC(c1ccc(Cl)cc1)(c2ccc(Cl)cc2)C(Cl)(Cl)Cl,-5.6657
CC(Oc1ccc(Cl)cc1Cl)C(O)=O,-2.8271
CC(C)OC(=O)Nc1ccccc1,-3.0005
CN(C)C(=O)Nc1ccc(Cl)c(Cl)c1,-3.7443
CON(C)C(=O)Nc1ccc(Cl)c(Cl)c1,-3.5213
CCCCN(C)C(=O)Nc1ccc(Cl)c(Cl)c1,-4.7584
CCCCOC(N)=O,-0.6571
COC(N)=O,0.964
CCCOC(N)=O,-0.1302
CCC(=O)Nc1ccc(Cl)c(Cl)c1,-2.9864
CNC(=O)Oc1cccc(C)c1,-1.803
Clc1c(Cl)c(C#N)c(Cl)c(C#N)c1Cl,-5.6466
CN(C)C(=O)Nc1cccc(c1)C(F)(F)F,-3.4365
CCSC(=O)N1CCCCCC1,-2.2858
CCCC(C)C(=O)Nc1ccc(C)c(Cl)c1,-4.4503
CNC(=O)Oc1cc(C)cc(c1)C(C)C,-3.3575
CNC(=O)Oc1ccccc1C(C)C,-2.6841
CNC(=O)Oc1cc(C)cc(C)c1,-2.5813
CON(C)C(=O)Nc1ccc(Br)cc1,-2.895
CC(C#C)N(C)C(=O)Nc1ccc(Cl)cc1,-3.8971
CCCC(C)(C)C(=O)Nc1ccc(Cl)cc1,-4.0218
CON(C)C(=O)Nc1ccc(Br)c(Cl)c1,-3.9236
CN(C)C(=O)Nc1ccc(C)c(Cl)c1,-3.4826
CCN(CC)C(=O)SCc1ccc(Cl)cc1,-3.9641
CC(C)C(C(=O)OC(C#N)c1cccc(Oc2ccccc2)c1)c3ccc(Cl)cc3,-7.2429
CCCN,1.2283
CC=O,1.3561
CN(C)N=O,1.1303
CSSC,-1.4969
Cc1cccnc1C,0.0938
Cc1ccnc(C)c1,0.4471
Cc1ccc(C)nc1,-0.03
Cc1ccncc1C,-0.314
Cc1cncc(C)c1,-0.5115
C=Cc1ccccn1,-0.5824
C=Cc1ccncc1,-0.5579
c1ccc(nc1)c2ccccn2,-1.4206
c1cc(ccn1)c2ccncc2,-1.5376
c1cnc2c(c1)ccc3ncccc23,-2.6806
c1ccc2nc3ccccc3cc2c1,-3.6691
c1ccc2c(c1)ccc3ncccc23,-3.3574
c1ccc2cnccc2c1,-1.456
c1ccc2nc(ccc2c1)c3ccc4ccccc4n3,-5.4002
c1ccc2cnncc2c1,-0.4155
Oc1ccc(Cl)cc1Cc2cc(Cl)ccc2O,-3.9528
CCCCCCc1ccc(O)cc1O,-2.5895
CC\C(c1ccc(O)cc1)=C(\CC)c2ccc(O)cc2,-4.3495
Nc1ccc(cc1Cl)c2ccc(N)c(Cl)c2,-4.912
Nc1ccc(N)cc1,-0.4658
COc1cc(ccc1N)c2ccc(N)c(OC)c2,-3.6098
CCN(CC)C=O,0.995
Cc1ccc(NO)cc1,-0.7894
ONc1ccccc1,-0.4359
OC(=O)C(=O)c1ccc2OCOc2c1,-1.1912
O=C1C(=O)c2ccccc2c3ccccc13,-4.4435
OC(=O)C(=O)c1c(cccc1C(O)=O)C(O)=O,-0.4541
CN1N(C(=CC1=S)C)c2ccccc2,-1.6668
CC(=O)CC1=NCCS1,-1.156
CCCCOC(=O)N(C)SN(C)C(=O)Oc1cccc2CC(C)(C)Oc12,-4.5412
CCOC(=O)CCN(SN(C)C(=O)Oc1cccc2CC(C)(C)Oc12)C(C)C,-4.7103
CCCCN(CCCC)SN(C)C(=O)Oc1cccc2CC(C)(C)Oc12,-6.1033
C=O,1.1206
C#CC#C,-0.7241
O=C1CC=CS1,-0.2225
CC(=O)C(=O)c1ccccc1,-1.7558
CC(=O)C(C)=O,0.3661
CCC(=O)C(C)=O,-0.1764
SC(=O)CCCCC(S)=O,-1.7326
COC(=O)OC(C)C(=O)OC,-0.6003
NC(=S)c1c(Cl)cccc1Cl,-2.3363
CC(=O)CSC#N,-0.2162
N#CSCC(CSC#N)SC#N,-1.9351
O=C=O,-1.4748
COc1cccc(n1)N(C)C(=S)Oc2cccc(c2)C(C)(C)C,-6.014
OC(=S)c1cccnc1,-1.3801
CCOC(=S)SC(C)C(O)=O,-1.4489
Brc1cc(Br)cc(Br)c1,-5.6004
Oc1c(Br)cc(Br)cc1Br,-3.6745
Nc1c(Cl)cc(Cl)cc1Cl,-3.6912
OCC(C(O)=O)c1ccccc1,-0.9305
OC(=O)c1ccccc1c2ccccc2C(O)=O,-2.2839
OCc1ccccc1O,-0.2946
FC(F)(F)Cl,-3.0647
CCCCCCCCBr,-5.0631
FC(F)(F)C(Cl)Br,-1.7043
CC(=O)c1ccc(N)cc1,-1.6058
CN(C)c1nc(nc(n1)N(C)C)N(C)C,-3.3638
CC1=CC(=O)NO1,-0.0666
NC(=S)Nc1cccc2ccccc12,-2.5278
NC(=S)Nc1ccccc1,-1.7898
Clc1cc2Oc3cc(Cl)c(Cl)cc3Oc2cc1Cl,-9.2068
Clc1c(Cl)c(Cl)c2Oc3c(Cl)c(Cl)c(Cl)c(Cl)c3Oc2c1Cl,-12.0605
Clc1cc(Cl)c2Oc3cc(Cl)cc(Cl)c3Oc2c1,-9.0027
Clc1ccc2Oc3cc(Cl)ccc3Oc2c1,-7.8292
Clc1cc2Oc3c(Cl)c(Cl)c(Cl)c(Cl)c3Oc2cc1Cl,-10.9486
Clc1ccc2Oc3c(Cl)c(Cl)c(Cl)c(Cl)c3Oc2c1,-9.4728
Clc1cc2oc3cc(Cl)c(Cl)cc3c2cc1Cl,-8.6456
Clc1ccc2Oc3c(Cl)c(Cl)c(Cl)cc3Oc2c1,-8.8744
Clc1cccc(c1Cl)c2c(Cl)ccc(Cl)c2Cl,-6.7798
Oc1ccccc1C(=O)Nc2ccccc2,-3.5885
O=C(OOC(=O)c1ccccc1)c2ccccc2,-4.4252
CCC1(C(=O)NCNC1=O)c2ccccc2,-2.64
CN1CC(=O)N=C1N,-0.1499
CCC1(CCC(=O)NC1=O)c2ccccc2,-2.3374
O=C1NNC(=O)C=C1,-1.2714
Cc1cc(N)nc(C)n1,-1.2843
CCCCC1C(=O)N(N(C1=O)c2ccccc2)c3ccccc3,-3.8124
OC1(CCN(CCCC(=O)c2ccc(F)cc2)CC1)c3ccc(Cl)cc3,-4.4289
CN(C)C1=C(C)N(C)N(c2ccccc2)C1=O,-0.6286
OCCN1CCN(CCCN2c3ccccc3Sc4ccc(Cl)cc24)CC1,-4.1546
CN(C)CCCN1c2ccccc2Sc3ccccc13,-4.3017
CN1N(C(=O)C=C1C)c2ccccc2,-0.5642
CC(CN1c2ccccc2Sc3ccccc13)N(C)C,-4.2597
OCCN1CCN(CCCN2c3ccccc3Sc4ccc(cc24)C(F)(F)F)CC1,-4.1488
Nc1ncnc2n(ccc12)C3OC(CO)C(O)C3O,-1.9515
CCCC(C)C1(CC=C)C(=O)NC(=S)NC1=O,-3.4585
Cn1cnc2N(C)C(=O)NC(=O)c12,-2.7372
O=C1NC(=O)c2ccccc12,-2.6114
CN1CCN(CCCN2c3ccccc3Sc4ccc(cc24)C(F)(F)F)CC1,-4.5238
CCCCC1C(=O)N(N(C1=O)c2ccc(O)cc2)c3ccccc3,-3.7329
OCC(O)C(O)CO,0.6985
O=C1N=CN=C2NNC=C12,-2.3788
COc1cc(Cc2cnc(N)nc2N)cc(OC)c1OC,-2.8608
Nc1ccccc1O,-0.7369
Oc1ccc(C=O)cc1,-0.9762
Nc1ccc(C(O)=O)c(O)c1,-1.9572
Nc1cccc(c1)C(O)=O,-1.3663
OC(=O)c1ccc(O)c(O)c1,-0.9278
COc1cc(ccc1O)C(O)=O,-2.0496
Nc1cc(Cl)cc(C(O)=O)c1Cl,-2.4688
Nc1ccc(cc1)C(O)=O,-1.3511
OC(=O)c1c(O)cccc1O,-1.2074
CCCCOC(=O)c1ccc(O)cc1,-2.9723
COC(=O)c1ccccc1O,-1.313
Nc1ccc(c(O)c1)C(=O)Oc2ccccc2,-4.5152
COC(=O)c1ccc(N)cc1,-1.5974
CCCCCOC(=O)c1ccc(N)cc1,-3.3499
CCCCCCCOC(=O)c1ccc(N)cc1,-4.6001
CCCCCCCCOC(=O)c1ccc(N)cc1,-5.3999
CCOC(C)OCC,-0.4291
COCOC,0.506
CC1OC(C)OC(C)O1,-0.0719
CCOCOCC,-0.1726
FC1=CNC(=O)NC1=O,-1.0689
CC1=CNC(=O)NC1=O,-1.5187
O=C1CNC(=O)N1,-0.4016
CN1C=CC(=O)NC1=O,-0.7998
CCC1(C(=O)NC(=O)NC1=O)C2=CCCCC2,-2.1693
C=CCC1(CC=C)C(=O)NC(=O)NC1=O,-2.0608
CCC1(CCC(C)C)C(=O)NC(=O)NC1=O,-2.5743
CC(C)C1(CC=C)C(=O)NC(=O)NC1=O,-1.712
Oc1cccnc1,-0.4557
Oc1ccc2ncccc2c1,-2.1618
Clc1nc(Cl)nc(Nc2ccccc2Cl)n1,-4.5371
CCNc1nc(NC(C)(C)C)nc(SC)n1,-3.9847
CCNc1nc(Cl)nc(n1)N(CC)CC,-4.0601
CC(C)Nc1nc(N)nc(Cl)n1,-2.7063
CSc1nc(NC(C)C)nc(NC(C)C)n1,-3.8642
CCNc1nc(Cl)nc(NC(C)(C)C#N)n1,-3.151
CCNc1nc(NC(C)(C)C)nc(OC)n1,-3.2388
Brc1ccccn1,-0.8806
NC1(CCCC1)C(O)=O,-0.4122
NC(Cc1ccccc1)C(O)=O,-1.0657
OC(=O)c1cccc(c1)C(O)=O,-3.2204
OC(=O)c1ccnc(c1)C(O)=O,-1.8268
OC(=O)c1ccc(nc1)C(O)=O,-2.1296
OC(=O)c1cccc(n1)C(O)=O,-1.5241
OC(=O)c1ccncc1C(O)=O,-1.8538
OC(=O)c1cncc(c1)C(O)=O,-2.223
OC(=O)c1cccnc1,-0.835
NC(=O)CCl,-0.0166
NC(=O)CBr,0.0643
CCC(Cl)(CC)C(N)=O,-1.0289
NC(=O)C(Cl)CCl,-0.5138
CN(C(C)=O)c1ccccc1,-0.951
CC(C)N(C(=O)CCl)c1ccccc1,-2.4806
CCOCN(C(=O)CCl)c1c(C)cccc1CC,-3.0827
NCC(O)=O,0.92
CC1=CCC(CC1)C(C)(C)O,-1.91
CC(C)COC(N)=O,-0.3
CC(=C)C1CC=C(C)C(O)C1,-1.72
CC(C)(C)OC(N)=O,0.1
OCC1OC(O)C(O)C(O)C1O,0.74
CCNC(=S)NCC,-1.46
C\C=C\C=C\C(O)=O,-1.77
NC(CO)C(O)=O,-0.02
ClC(Cl)(Cl)C(Cl)(Cl)Cl,-3.94
OC(=O)CCCC(O)=O,1
OC(=O)CCC(O)=O,-0.17
CC(C)(S)C(N)C(O)=O,-0.13
OC(=O)CCCCC(O)=O,-0.82
OC(CC(O)=O)C(O)=O,0.64
OC1=CC=CC=C1,-0.04
NC(CCC(N)=O)C(O)=O,-0.54
CCC1(CC)C(=O)NCC(C)C1=O,-0.38
NC(CCCNC(N)=N)C(O)=O,0
CNC(=O)O\N=C(\C)SC,-1.21
CC1(C)C(=O)NC(=O)NC1=O,-1.74
NC1=CC(=CC=C1)N,0.51
O=C1NC(=O)C2(CC2)C(=O)N1,-1.89
CCCCCCCCCCNC(=O)NC1CCCCC1,-2.81
CCC1=CC=C(O)C=C1,-1.4
CCC1(C)C(=O)NC(=O)NC1=O,-1.23
O=C1NC(=O)C2(CCC2)C(=O)N1,-1.66
CC1=CC(=C(C)C=C1C)C,-3.84
ClC1=CC=C(Cl)C=C1,-3.35
CCC1(CC)C(=O)NC(=O)NC1=O,-1.42
CC1(CC=C)C(=O)NC(=O)NC1=O,-1.16
OC1=CC=CC(=C1)C=O,-1.23
OC1=CC(=CC(=C1)O)O,-1.05
CCCC1(CC)C(=O)NC(=O)NC1=O,-1.49
CCC1(CC=C)C(=O)NC(=O)NC1=O,-1.61
CCC1(CC)C(=O)NC(=O)N(C)C1=O,-2.1
O=C1NC(=O)C2(CCCCC2)C(=O)N1,-3.06
CC1=CC=C(C=C1)C(O)=O,-2.53
CC(C)=CCC1(C)C(=O)NC(=O)NC1=O,-2.6
NC(=O)OCC1=CC=CC=C1,-0.35
NNC(=O)C1=CC=NC=C1,-0.04
CCC(C)C1(CC)C(=O)NC(=O)NC1=O,-2.39
OC(=O)C1=C(F)C=CC=C1,-1.39
CC(C)C1(C(C)C)C(=O)NC(=O)NC1=O,-2.77
NC1=C(C=CC=C1)C(O)=O,-1.52
OC(=O)C1=CC(=CC=C1)O,-1.24
CCCCCC1(CC)C(=O)NC(=O)NC1=O,-2.51
CCNC(=O)NC(=O)C(=N/OC)/C#N,-2.3
CC1=C(C)C(=C(C)C(=C1C)C)C,-5.23
CCCCCOC(=O)CCCNC(=O)NC1CCCCC1,-2.3
CCC1(CC=C(C)C)C(=O)NC(=O)NC1=O,-2.25
CCCCCC(O)/C=C/C1C(O)CC(O)C1C\C=C\CCCC(O)=O,-2.33
O=C1NC(=S)NC(=O)C12CCCCC2,-3.46
CCCCCCC1(CC)C(=O)NC(=O)NC1=O,-3.05
O=C1NC(=O)C2(CCCCCCC2)C(=O)N1,-2.98
CC/C=C(C)/C1(CC)C(=O)NC(=O)NC1=O,-2.31
CCC(C)C1(CC=C)C(=O)NC(=O)NC1=O,-2.02
CC12CCC3C(CCC4CC(=O)CCC34C)C1CCC2O,-4.74
CC(=O)NC1=CC=CC(=C1)O,-1.06
CCCCCCCC1(CC)C(=O)NC(=O)NC1=O,-3.43
COC1=CC(=CC=C1)C(O)=O,-1.93
CC(=O)NC1=C(O)C=CC=C1,-2.13
COC1=CC=CC=C1C(O)=O,-1.6
CC(C)C1(CC=C(C)C)C(=O)NC(=O)NC1=O,-2.59
CC1=CC(=C(O)C=C1)C(O)=O,-2.76
CCCCCCCCC1(CC)C(=O)NC(=O)NC1=O,-3.94
CCCC(C)C1(CC)C(=O)NC(=S)NC1=O,-3.6
CCOC(=O)C1=CC=C(O)C=C1,-2.2
CCC1C(=O)NC(=O)NC1=O,-0.92
NC1=CC(=C(O)C=C1)C(O)=O,-2.26
S=C=NC1=CC=CC(=C1)C#N,-3.19
COC(=O)C1=CC=C(OC)C=C1,-2.34
CCCCCCCCCC1(CC)C(=O)NC(=O)NC1=O,-4.46
OC(=O)C1=CC(=CC=C1O)O,-0.85
CC(C)=CCC1(C(=O)NC(=O)NC1=O)C(C)(C)C,-3.55
CC(=O)NC1=CC=C(C=O)C=C1,-1.63
CCC1(C(=O)NC(=O)NC1=O)C2=CCCCCC2,-3
CCCOC(=O)C1=CC=C(O)C=C1,-2.68
O=C1NC(=O)C2(CCCCCCCCCC2)C(=O)N1,-4.59
CN(C)C1=CC=C(C=C1)N=C=S,-4.13
CC12CCC3C(CCC4=CC(=O)CCC34)C1CCC2(O)C#C,-4.63
N#CC(=NNC1=CC=CC=C1)C#N,-3.36
CCCCCC(O)/C=C/C1C(O)CC(=O)C1CCCCCCC(O)=O,-3.67
OC1=C(F)C(=C(F)C(=C1F)F)F,-0.52
OC(=O)C1=C(Br)C=CC=C1,-2.05
CN(C)C=NC1=C(C)C=C(Cl)C=C1,-2.88
O=C1NC(=O)C2(CCCCCCCCCCC2)C(=O)N1,-5.8
CCCCCC(O)/C=C/C1C(O)CC(=O)C1C\C=C\CCCC(O)=O,-2.47
ClC1=C(Cl)C2(Cl)C3C4CC(C=C4)C3C1(Cl)C2(Cl)Cl,-6.31
CC12CCC3C(CCC4=CC(=O)CCC34C)C1CCC2=O,-3.7
CCC1=C(CCCC1)C2(CC)C(=O)NC(=O)NC2=O,-3.53
CCC12CCC3C(CCC4=CC(=O)CCC34)C1CCC2(O)C#C,-5.19
C1=NC2=C(N=C1)N=CN=C2,0.02
CC(C)=CC1C(C(=O)OCN2C(=O)C3=C(CCCC3)C2=O)C1(C)C,-5.26
OC(=O)CNC(=O)C1=CC=CC=C1,-1.69
CN(C)C(=O)NC1=CC=C(Cl)C=C1,-2.89
OC(=O)C1=CC=C(C=C1)N=C=S,-3.98
NCC(CC(O)=O)C1=CC=C(Cl)C=C1,-1.7
OC(=O)C1=CC(=CC=C1)N=C=S,-3.25
CCNC1=NC(=NC(=N1)Cl)NCC,-4.55
CCC(C)C1(CC(Br)=C)C(=O)NC(=O)NC1=O,-2.65
OCC(O)C1OC(=O)C(=C1O)O,0.28
OC(=O)C1=C(O)C=CC(=C1)Br,-2.65
C1=CC=C(C=C1)C2=CC=CC=C2,-4.32
CC(CCC(O)=O)C1CCC2C3C(O)CC4CC(O)CCC4(C)C3CCC12C,-4.57
IC1=CC=C(C=C1)N=C=S,-4.05
CC(=O)C1CCC2C3CCC4=CC(=O)CCC4(C)C3CCC12C,-4.43
CC(C)NC1=NC(=NC(=N1)Cl)NC(C)C,-4.46
ClC(Cl)(Cl)C(NC=O)N1CCN(CC1)C(NC=O)C(Cl)(Cl)Cl,-4.16
CON(C)C(=O)NC1=CC=C(Cl)C=C1,-2.47
OC(=O)CCCOC1=C(Cl)C=C(Cl)C=C1,-3.57
CC(CCC(O)=O)C1CCC2C3C(O)CC4CC(O)CCC4(C)C3CC(O)C12C,-3.63
OC(=O)CC1=CC(=C(OCC=C)C=C1)Cl,-3.13
CC1=CC=C(C)C2=C1C=CC=C2C,-4.92
OC1=CC=CC2=C1C=CC=C2O,-2.92
NNC1=NN=CC2=C1C=CC=C2,-2.6
COC1=C(C(O)=O)C(=CC=C1Cl)Cl,-1.7
CC(=O)C1CCC2C3CCC4=CC(=O)CCC4(C)C3C(O)CC12C,-3.82
ClCC#CCOC(=O)NC1=CC(=CC=C1)Cl,-4.24
CCC(=O)OC1CCC2C3CCC4=CC(=O)CCC4(C)C3CCC12C,-5.37
OC(=O)CC1=C(Cl)C=CC(=C1Cl)Cl,-3.08
OC(CCN1CCCC1)(C2CCCCC2)C3=CC=CC=C3,-4.7
CNC(=O)OC1=C2OC(C)(C)CC2=CC=C1,-2.42
OC(CCN1CCCCC1)(C2CCCCC2)C3=CC=CC=C3,-5.2
ClC1=CC2=C(C=CC=C2)C=C1Cl,-5.36
ClC1=CC2=C(C=CC=C2Cl)C=C1,-5.92
OCC1OC(OC2=CC=CC=C2CO)C(O)C(O)C1O,-0.85
ClC1=CC=CC2=C1C=CC=C2Cl,-5.7
S=C=NC1=CC2=CC=CC=C2C=C1,-4.44
CC12CC(O)C3C(CCC4=CC(=O)CCC34C)C1CCC2C(=O)CO,-3.24
OC(=O)COC1=C(Cl)C=C(Cl)C(=C1)Cl,-2.98
OC(=O)COC1=C(Cl)C(=C(Cl)C=C1)Cl,-3.1
CC12CCC3C(CCC4=CC(=CC=C34)O)C1CCC2O,-4.83
CCC(C)C(=O)OC1CC(C)C=C2C=CC(C)C(CCC3CC(O)CC(=O)O3)C12,-6.01
CC1=C(SCCO1)C(=O)NC2=CC=CC=C2,-3.14
CC(C)(C)NCC(O)COC1=CC=CC2=C1CC(O)C(O)C2,-1.01
CN1C2CCC1CC(C2)OC(=O)C(CO)C3=CC=CC=C3,-1.91
CC1CC2C3CCC(O)(C(C)=O)C3(C)CC(O)C2(F)C4(C)C=CC(=O)C=C14,-4.1
OC(=O)COC1=CC2=C(C=CC=C2)C=C1,-3.36
CC1CC2C3CCC(O)(C(=O)CO)C3(C)CC(O)C2C4(C)C=CC(=O)C=C14,-3.49
CC12CCC3C(CCC4=CC(=CC=C34)O)C1CCC2(O)C#C,-4.47
CCC1(C(=O)NC(=O)N(C)C1=O)C2=CC=CC=C2,-3.68
O1C2=C(C=CC=C2)C3=C1C=CC=C3,-4.6
CCCCN1CCCCC1C(=O)NC2=C(C)C=CC=C2C,-3.22
CN1C2CC(CC1C3OC23)OC(=O)C(CO)C4=CC=CC=C4,-1.24
CCN(CC)CCNC(=O)C1=CC(=C(N)C=C1OC)Cl,-3.18
NC(CC1=CC=C(C=C1)N(CCCl)CCCl)C(O)=O,-3.49
CC(=O)OCC(=O)C1CCC2C3CCC4=CC(=O)CCC4(C)C3CCC12C,-4.97
COC1=CC=C2C3CCC4(C)C(CCC4(O)C#C)C3CCC2=C1,-5.49
CC12CCC(=O)C=C1CCC3C4CCC(O)(C(=O)CO)C4(C)CC(=O)C23,-3.11
NC1=NC(=C(C=C1)N=NC2=CC=CC=C2)N,-4.24
CN1N(C2=CC=CC=C2)C(=O)C(=C1C)N,0.31
OC(=O)C1=CC=CC=C1NC2=CC=CC=C2,-4.96
CC12CC(O)C3(F)C(CCC4=CC(=O)C=CC34C)C1CC(O)C2(O)C(=O)CO,-3.68
CC1=CC(=NO1)C(=O)NNCC2=CC=CC=C2,-2.46
C1=CC2=C(C=C1)N=C3C=CC=CC3=N2,-3.7
O=C(NC1=CN=NS1)NC2=CC=CC=C2,-3.85
CC1=NC(=NC(=C1)C2CC2)NC3=CC=CC=C3,-4.05
CC(=O)OCC(=O)C1(O)CCC2C3CCC4=CC(=O)CCC4(C)C3C(O)CC12C,-4.61
COC1=CC=C2C=C(C=CC2=C1)C(C)C(O)=O,-3.29
CC12CC3=C(ON=C3)C=C1CCC4C2CCC5(C)C4CCC5(O)C#C,-5.51
CC1N(C)CN2C(=O)C3=C(C=CC=C3)N=C12,0.03
ClC1=CC=C(C=C1)C2=C(Cl)C=C(Cl)C=C2,-6
CC(=O)OCC(=O)C1(O)CCC2C3CCC4=CC(=O)C=CC4(C)C3C(O)CC12C,-4.38
ClC1=CC(=C(C(=C1)Cl)C2=CC=CC=C2)Cl,-6.06
ClC1=CC=C(Cl)C(=C1Cl)C2=CC=CC=C2,-6.29
CC1=NC(=O)C(=C(NCC2=CN=CC=C2)N1)C#N,-2.35
CC(C(O)=O)C1=CC=C(C(=C1)F)C2=CC=CC=C2,-4.29
CC1(C)OC2CC3C4CCC5=CC(=O)C=CC5(C)C4(F)C(O)CC3(C)C2(O1)C(=O)CO,-4.31
CCCN1CN2C(=O)C3=C(C=CC=C3)N=C2C1C,-2.67
CN1CCC23C4CCC(=O)C2OC5=C(O)C=CC(=C35)CC14,-2.1
ClC1=CC=C(C=C1)C2=CC(=C(Cl)C(=C2)Cl)Cl,-7.96
OC(=O)C1=CC(=CC=C1O)C2=C(F)C=C(F)C=C2,-4.61
CC1CC2C3CCC4=CC(=O)C=CC4(C)C3(F)C(O)CC2(C)C1(O)C(=O)COC(C)=O,-4.9
ClC1=CC(=C(C=C1)C2=CC=C(Cl)C=C2Cl)Cl,-6.51
ClC1=CC(=C(C=C1)C2=CC(=CC=C2Cl)Cl)Cl,-7.26
ClC1=CC(=C(Cl)C=C1)C2=CC(=CC=C2Cl)Cl,-7.04
ClC1=CC(=C(Cl)C(=C1Cl)Cl)C2=CC=CC=C2,-7.16
CNCCCC12CCC(C3=C1C=CC=C3)C4=C2C=CC=C4,-4.69
ClC(Cl)C(C1=CC=C(Cl)C=C1)C2=CC=C(Cl)C=C2,-7.2
OC1=C(Br)C(=C(Br)C(=C1Br)Br)Br,-6.6
CC(C)(C)C(=O)OCC1OC(CC1O)N2C=C(I)C(=O)NC2=O,-3.36
CC(C(O)=O)C1=CC=C(C=C1)C(=O)C2=CC=CS2,-2
CN1CCN=C(C2=CC=CC=C2)C3=C1C=CC(=C3)Cl,-4.43
NC(=O)N1C2=C(C=CC=C2)C=CC3=C1C=CC=C3,-3.29
OC(=O)C1=CC=CC=C1NC2=CC(=CC=C2)C(F)(F)F,-4.4
CC(CN(C)C)CN1C2=C(CCC3=C1C=CC=C3)C=CC=C2,-4.79
CCCC(=O)OCC1OC(CC1O)N2C=C(I)C(=O)NC2=O,-2.84
CC(C)C(=O)OCC1OC(CC1O)N2C=C(I)C(=O)NC2=O,-2.76
CCC(=O)N(C1CCN(CC1)CCC2=CC=CC=C2)C3=CC=CC=C3,-3.82
CC12CCC3C(CCC4=CC(=O)CCC34C)C1CCC2OC(=O)C5=CC=CC=C5,-4.48
CC12CCC3C(CCC4=CC(=O)CCC34C)C1CCC2OC(=O)CCC5=CC=CC=C5,-5.27
C1=CC2=C(C=C1)C3=C4C(=CC=C3)C=CC=C24,-5.93
CC12CCC3C(CCC4=CC(=O)CCC34C)C1CCC2OC(=O)CCCC5=CC=CC=C5,-5.43
CCCCC(=O)OCC1OC(CC1O)N2C=C(I)C(=O)NC2=O,-3.4
ClC1=CC=C(C=C1Cl)C2=CC(=C(Cl)C(=C2)Cl)Cl,-8.39
ClC1=CC(=C(C=C1)C2=CC(=C(Cl)C(=C2)Cl)Cl)Cl,-8.55
CC12CCC3C(CCC4=CC(=O)CCC34C)C1CCC2OC(=O)CC5=CC=CC=C5,-4.66
OC(=O)CC1=CC=CC=C1OC2=C(Cl)C=C(Cl)C=C2,-4.86
COC1=CC=C2N=CC=C(C(O)C3CC4CCN3CC4C=C)C2=C1,-2.79
COC12C(COC(N)=O)C3=C(N1CC4NC24)C(=O)C(=C(N)C3=O)C,-2.56
CCCCC(=O)OC1(C(C)CC2C3CCC4=CC(=O)C=CC4(C)C3(F)C(O)CC12C)C(=O)CO,-4.71
ClC1=CC2=C(OC3=C(O2)C=CC=C3)C=C1Cl,-7.23
COC1=CC2=C(C=CN=C2C=C1)C(O)C3CN4CCC3C(C4)C=C,-3.36
ClC1=CC(=C(Cl)C=C1)C2=C(Cl)C(=C(Cl)C=C2)Cl,-7.91
CC(C)(C)C1CCC(CC1)CC2=C(O)C(=O)C3=C(C=CC=C3)C2=O,-7.04
CCC(=O)OC(CC1=CC=CC=C1)(C(C)CN(C)C)C2=CC=CC=C2,-2.61
CC(C)N(CCC(C(N)=O)(C1=CC=CC=C1)C2=NC=CC=C2)C(C)C,-1.7
O=C1NC(=O)C(C(=O)N1)(C2=CC=CC=C2)C3=CC=CC=C3,-4.2
CC(=O)OCC(=O)C1(O)C(CC2C3CCC4=CC(=O)C=CC4(C)C3(F)C(O)CC12C)OC(C)=O,-4.13
CC1=CC=CC=C1N2C(=NC3=C(C=CC=C3)C2=O)C,-2.92
ClC1=CC=C(C2=CC(=C(Cl)C(=C2)Cl)Cl)C(=C1Cl)Cl,-9.1
ClC1=C(Cl)C(=C(C=C1)C2=CC=C(Cl)C(=C2Cl)Cl)Cl,-8.78
COC1=CC(=C2C(=O)C3(OC2=C1Cl)C(C)CC(=O)C=C3OC)OC,-3.97
ClC1=CC(=C(C(=C1)Cl)C2=C(Cl)C=C(Cl)C=C2Cl)Cl,-8.71
CC(C)(C)CC(=O)OCC(=O)C12OC(C)(C)OC1CC3C4CCC5=CC(=O)C=CC5(C)C4(F)C(O)CC23C,-5.12
CC1OC(CC(O)C1O)OC2C(O)CC(OC2C)OC3C(O)CC(OC3C)OC4CCC5(C)C(CCC6C5CCC7(C)C(CCC67O)C8=CC(=O)OC8)C4,-5.29
CCN1C=C(C(O)=O)C(=O)C2=C1C=C(N3CCN(C)CC3)C(=C2)F,-1.47
CC1=C(N=C2C=C(O)C(=O)C3=C2C=CC=C3)C(=NO1)C,-3.89
CN1CCN(CC1)C2=NC3=C(OC4=C2C=C(Cl)C=C4)C=CC=C3,-4.42
CC(=O)OCN1C(=O)NC(C1=O)(C2=CC=CC=C2)C3=CC=CC=C3,-4.47
CN1C(=O)CCC(N2C(=O)C3=C(C=CC=C3)C2=O)C1=O,-2.99
CC1N(CN2C(=O)C3=C(C=CC=C3)N=C12)CC4=CC=CC=C4,-4
CCC1=C(N=C2C=C(O)C(=O)C3=C2C=CC=C3)C(=NO1)C,-2.72
ClC1=CC(=C(C=C1Cl)C2=C(Cl)C=C(Cl)C(=C2Cl)Cl)Cl,-7.92
CC(C)=C1OC(=O)N(C1=O)C2=C(F)C=C(Cl)C(=C2)OC3CCCC3,-6.21
CCC(=O)OCN1C(=O)NC(C1=O)(C2=CC=CC=C2)C3=CC=CC=C3,-4.91
ClC1=CC=C(Cl)C(=C1)C2=C(Cl)C(=C(Cl)C(=C2Cl)Cl)Cl,-8.46
CC1=C2C=CC3=C(C=CC=C3)C2=C(C)C4=C1C=CC=C4,-6.78
FC1=C(C(=CC=C1)F)C2=NN=C(N=N2)C3=C(Cl)C=CC=C3,-6.12
C1CN(CCN1C\C=C\C2=CC=CC=C2)C(C3=CC=CC=C3)C4=CC=CC=C4,-4.2
CCCC1=C(N=C2C=C(O)C(=O)C3=C2C=CC=C3)C(=NO1)C,-3.7
CN(C)CC\C=C/1C2=C(SC3=C1C=C(Cl)C=C3)C=CC=C2,-5.87
CCCCC(=O)OCN1C(=O)NC(C1=O)(C2=CC=CC=C2)C3=CC=CC=C3,-4.68
CCCN1C(=O)CCC(N2C(=O)C3=C(C=CC=C3)C2=O)C1=O,-3.72
CC1(O)CC(C2=CC=CC=C2)C3=C(O1)C4=C(OC3=O)C=CC=C4,-4.74
CC(=O)OCC1=C(N2C(SC1)C(NC(=O)CC3=CC=CS3)C2=O)C(O)=O,-2.94
CCC1OC(=O)C(C)C(OC2CC(C)(OC)C(O)C(C)O2)C(C)C(OC3OC(C)CC(C3O)N(C)C)C(C)(O)CC(C)C(=O)C(C)C(O)C1(C)O,-1.27
ClC1=CC(=C(Cl)C(=C1Cl)Cl)C2=CC(=C(Cl)C(=C2Cl)Cl)Cl,-9.16
CCCCCC1=C(N=C2C=C(O)C(=O)C3=C2C=CC=C3)C(=NO1)C,-3.18
CCO/N=C(OC(=O)C1=CC=CC=C1)/C2=C(OC)C(=CC=C2OC)Cl,-4.08
CC1COC2=C(N3CCN(C)CC3)C(=CC4=C2N1C=C(C(O)=O)C4=O)F,-1.27
COC1=CC2=C(C=C1OC)C(=NC(=N2)N3CCN(CC3)C(=O)C4CCCO4)N,-1.8
COC1=CC2=C(SC3=C(C=CC=C3)N2CC(C)CN(C)C)C=C1,-4.37
ClC1=C(Cl)C(=C(Cl)C(=C1)Cl)C2=C(Cl)C(=CC(=C2Cl)Cl)Cl,-9.38
CCC1OC(=O)C(C)C(OC2CC(C)(OC)C(O)C(C)O2)C(C)C(OC3OC(C)CC(C3O)N(C)C)C(C)(CC(C)C(=O)C(C)C(O)C1(C)O)OC,-2.2
CCCCCN1C(=O)CCC(N2C(=O)C3=C(C=CC=C3)C2=O)C1=O,-4.7
COC1=CC=C2C(=CC1=O)C(CCC3=C2C(=C(OC)C(=C3)OC)OC)NC(C)=O,-0.94
C1=CC2=C3C(=C1)C=CC=C3C4=CC=CC5=CC=CC2=C45,-8.7
C1=CC2=C3C=CC=C4C=CC5=CC=CC(=C2C=C1)C5=C34,-7.66
COC1=CC2=C(N)N=C(N=C2C(=C1OC)OC)N3CCN(CC3)C(=O)OCC(C)(C)O,-3.64
COC1=C2C(=O)C3=C(C=CC=C3)N(C)C2=C4C=CC(C)(C)OC4=C1,-5.21
ClC1=C(Cl)C(=C(Cl)C(=C1)C2=C(Cl)C(=C(Cl)C(=C2Cl)Cl)Cl)Cl,-9.62
CSC1=CC2=C(SC3=C(C=CC=C3)N2CCC4CCCCN4C)C=C1,-5.82
CCOC(=O)C(C)OC1=CC=C(OC2=NC3=C(S2)C=C(Cl)C=C3)C=C1,-5.67
COC1=CC2=C(C=C1OC)C3C(CO2)OC4=C(C=CC5=C4CC(O5)C(C)=C)C3=O,-4.47
CC(OC1=CC=C(OC2=NC3=C(C=C(Cl)C=C3)N=C2)C=C1)C(=O)OC4CCCO4,-5.02
CN(C)C1C2C(O)C3C(=C(O)C2(O)C(=O)C(=C1O)C(N)=O)C(=O)C4=C(C=CC=C4O)C3(C)O,-3.15
OC1=C(CC2=C(O)C3=CC=CC=C3OC2=O)C(=O)OC4=C1C=CC=C4,-4.27
CC(C)(C)C1=CC(=CC(=C1SC(C)(C)SC2=C(C=C(O)C=C2C(C)(C)C)C(C)(C)C)C(C)(C)C)O,-8.17
CCOC(=O)NC1=CC2=C(SC3=C(C=CC=C3)N2C(=O)CCN4CCOCC4)C=C1,-3.9
FC1=C(NC(=O)NC(=O)C2=C(F)C=CC=C2F)C=CC(=C1)OC3=CC=C(C=C3Cl)C(F)(F)F,-8.09
CN(CC1=NC2=C(N=C1)N=C(N)N=C2N)C3=CC=C(C=C3)C(=O)NC(CCC(O)=O)C(O)=O,-4
C1=CC2=C3C4=C1C=CC5=C4C6=C(C=C5)C=CC7=C6C3=C(C=C2)C=C7,-8.83
COC1=CC(=CC(=C1O)OC)C2C3C(COC3=O)C(OC4OC5COC(C)OC5C(O)C4O)C6=C2C=C7OCOC7=C6,-3.47
CCC1NC(=O)C(C(O)C(C)C\C=C\C)N(C)C(=O)C(C(C)C)N(C)C(=O)C(CC(C)C)N(C)C(=O)C(CC(C)C)N(C)C(=O)C(C)NC(=O)C(C)NC(=O)C(CC(C)C)N(C)C(=O)C(NC(=O)C(CC(C)C)N(C)C(=O)CN(C)C1=O)C(C)C,-4.64
N#CCC#N,0.25
OC1=CC=C(F)C=C1,-0.21
CC(=C\CO)/C=C/C=C(C)/C=C/C1=C(C)CCCC1(C)C,-3.81
O=C1C=CC(=O)C=C1,-0.89
CCC(Br)(CC)C(=O)NC(N)=O,-2.68
OC1=CC(=CC=C1)Cl,-0.71
CCC(CC)(C(=O)NC(N)=O)C(=O)OC,-1.96
CCOC(=O)C(CC)(CC)C(=O)NC(N)=O,-2.08
OC(=O)C1C2CCC(O2)C1C(O)=O,-0.27
CCOC1=CC=C(O)C=C1,-1.29
CCC(CC)(C(=O)NC(N)=O)C(=O)OC(C)C,-2.77
CCC(CC)(C(=O)NC(N)=O)C(=O)OCOC,-2.17
NC(=S)C1=CC=CC=C1,-1.92
ClCCN(N=O)C(=O)NC1CCCCC1,-3.37
COC(=O)C(CC=C)(CC=C)C(=O)NC(N)=O,-2.17
CC1=C(Cl)C(=CC(=C1)O)C,-2.67
OCNC(=O)C1=CC=CC=C1,-0.52
CCC1=CC=C(C=C1)C(O)=O,-2.52
COC1=CC=C(C=C1)C(N)=O,-1.72
COC1=CC=CC(=C1)C(N)=O,-1.72
CC(C)(C)C(=O)OCN1C=C(F)C(=O)N(COC(=O)C(C)(C)C)C1=O,-3.9
CN(C)CNC(=O)C1=CC=CC=C1,0.42
OC1=CC=C(I)C=C1,-1.71
CCCCC1=CC=C(C=C1)C(O)=O,-3.08
CC(=O)OCN1C=C(F)C(=O)N(COC(C)=O)C1=O,-1.81
CCOC(=O)C(C)(C(=O)NC(=O)NC)C1=CCCCC1,-3
CNC(=O)OC1=CC(=C(C)C=C1)C,-2.49
CC1=CC2=C(C=CC=C2)C=N1,-2.19
CCC(C)C1=C(OC(=O)NC)C=CC=C1,-2.53
CCC(CC)(C(=O)NC(N)=O)C(=O)OCC(=O)OC,-2.01
OC(=O)CONC(=O)C1=CC=CC=C1,-0.95
COC1=C(O)C=CC(=C1)\C=C\C(O)=O,-3.05
CNC(=O)N1C=C(F)C(=O)NC1=O,-2.28
CCC(=O)N1C(=O)NC=C(F)C1=O,-0.7
COC(=O)N1C=C(F)C(=O)NC1=O,-0.91
CC(=O)OCN1C=C(F)C(=O)NC1=O,-0.67
COC(=O)C1=CC=CC=C1OC(C)=O,-1.84
CC(=O)OCN1C(=O)NC=C(F)C1=O,-1.2
CCNC1=NC(=NC(=N1)Cl)NC(C)(C)C,-4.43
CCNC1=NC(=NC(=N1)NCC)SC,-2.73
CCNC(=O)N1C=C(F)C(=O)NC1=O,-2.13
CCOC(=O)OCN1C(=O)NC=C(F)C1=O,-1.46
CC(C)NCC(O)COC1=C(OCC=C)C=CC=C1,-0.32
COC1=NC(=NC(=N1)NC(C)C)NC(C)C,-2.56
CCOC(=O)N1C=C(F)C(=O)NC1=O,-1.47
CN(C)C(=O)N1C=C(F)C(=O)NC1=O,-1.53
CCC(=O)OCN1C=C(F)C(=O)NC1=O,-0.81
CCOC(=O)N1C(=O)NC=C(F)C1=O,-0.45
CCC(C)(C)C(=O)OC1CC(C)C=C2C=CC(C)C(CCC3CC(O)CC(=O)O3)C12,-5.48
CC(C)(C)C(=O)OCN1C=C(F)C(=O)NC1=O,-2.03
CCCC(=O)OCN1C=C(F)C(=O)NC1=O,-1.31
O=C(COC(=O)C1=CC=CC=C1)N2CCCC2,-1.57
CC(C)(C)NCC(O)COC1=C(C=CC=C1)C2CCCC2,-1.84
CN(C)C(=O)COC(=O)C1=C(O)C=CC=C1,-1.71
CCC(C)C(=O)OC1CCC=C2C=CC(C)C(CCC3CC(O)CC(=O)O3)C12,-5.42
CCCCOC(=O)N1C=C(F)C(=O)NC1=O,-1.59
COCCN(C(=O)CCl)C1=C(C)C=CC=C1C,-2.09
CC(C)COC(=O)N1C=C(F)C(=O)NC1=O,-1.89
CCN(CCO)C(=O)COC(=O)C1=CC=CC=C1,-1.37
FC1=CN(C(=O)NC1=O)C(=O)OCCCl,-1.91
CN1CCC23CCCCC2C1CC4=C3C=C(O)C=C4,-2.72
CCC(C)C(=O)OC1CC(O)C=C2C=CC(C)C(CCC3CC(O)CC(=O)O3)C12,-3.35
OC(=O)CCCC1=CC=C(C=C1)N(CCCl)CCCl,-3.4
CC(C)N(C(C)C)C(=O)COC(=O)C1=CC=CC=C1,-3.34
OCCN(CCO)C(=O)COC(=O)C1=CC=CC=C1,0.43
CCCCCCOC(=O)N1C=C(F)C(=O)NC1=O,-2.24
CCN(CC)C(=O)COC(=O)C1=C(O)C=CC=C1,-2.56
COC1=CC2=C(CC3C4CCCCC24CCN3C)C=C1,-3.48
OCC(CO)(CO)NC(=O)COC(=O)C1=CC=CC=C1,-1.27
CN(CC(N)=O)C(=O)COC(=O)C1=CC=CC=C1,-0.92
CCCCCCCCNC(=O)N1C=C(F)C(=O)NC1=O,-4.18
CC1CCCC(C)N1C(=O)COC(=O)C2=CC=CC=C2,-3.26
COCCN(CCOC)C(=O)COC(=O)C1=CC=CC=C1,-1.57
CC(=O)OC1=CC=CC=C1C(=O)OCC(N)=O,-1.79
CON(C1CCCCC1)C(=O)C2=C(C)OC(=C2)C,-2.92
OC(=O)C1=C(C=CC=C1)C2=CC=CC=C2,-2.73
CCOC(=O)CN(C)C(=O)COC(=O)C1=CC=CC=C1,-1.67
OC(=O)C1CCN1C(=O)COC(=O)C2=CC=CC=C2,-2.14
FC(F)(F)C1=CC=CC(=C1)N2CC(CCl)C(Cl)C2=O,-4.05
CCNC(=O)COC(=O)C1=CC=CC=C1OC(C)=O,-1.68
CCOC(=O)COC(=O)C1=CC=CC=C1OC(C)=O,-2.58
CN(C)C(=O)COC(=O)C1=CC=CC=C1OC(C)=O,-1.55
NC(=O)C1CCCN1C(=O)COC(=O)C2=CC=CC=C2,-2.27
CN1CCC23C4OC5=C(O)C=CC(=C25)CC1C3C=CC4O,-3.15
OC(=O)C1CCCN1C(=O)COC(=O)C2=CC=CC=C2,-1.59
COCC(=O)N(C(C)C(=O)OC)C1=C(C)C=CC=C1C,-1.6
CCN(CC)C(=O)COC(=O)C1=CC=CC=C1OC(C)=O,-2.11
CC1(C)C(C=C(Cl)Cl)C1C(=O)OCC2=C(F)C(=CC(=C2F)F)F,-6.81
ClC1=C(Cl)C(=CC(=C1)OC2=CC=CC=C2)Cl,-6.77
ClC1=CC(=C(OC2=CC=CC=C2)C=C1Cl)Cl,-6.58
CC(=O)OC1=CC=CC=C1C(=O)OCC(=O)N2CCOCC2,-1.8
CCCCCCC(C)OC(=O)COC1=NC(=C(Cl)C(=C1Cl)N)F,-6.43
FC1=CNC(=O)N(C1=O)C(=O)C2=CC=CC=C2,-2.26
CCCN(CCC)C(=O)COC(=O)C1=CC=CC=C1OC(C)=O,-2.65
CC1=CC(=NC(=N1)NN=C(C)C2=CC=CC=C2C)C,-3.2
CC(=O)OC1=CC=CC=C1C(=O)OCC(=O)NCC(N)=O,-2.52
CCN(CC)CCCC(C)NC1=CC=NC2=C1C=CC(=C2)Cl,-2.83
CCN(CC)C(=O)C(C)OC(=O)C1=CC=CC=C1OC(C)=O,-1.6
CC(C)N(C(C)C)C(=O)COC(=O)C1=CC=CC=C1OC(C)=O,-3.25
CC1=C(NC2=CC=CC=C2C(O)=O)C=CC=C1Cl,-5.06
CCN1C=C(C(=O)OC)C(=O)C2=C1N=C(C)C=C2,-2.7
FC1=CN(C(=O)NC1=O)C(=O)OCC2=CC=CC=C2,-2.82
CC1C(SC(=O)N1C(=O)NC2CCCCC2)C3=CC=C(Cl)C=C3,-5.85
FC1=CN(C(=O)NC1=O)C(=O)OC2=CC=CC=C2,-2.44
FC1=CNC(=O)N(C(=O)OC2=CC=CC=C2)C1=O,-3.22
CCN(CC)C(=O)NC1=CC(=C(OCC(O)CNC(C)(C)C)C=C1)C(C)=O,-1.9
CCOC(=O)CNC(=O)COC(=O)C1=CC=CC=C1OC(C)=O,-1.87
ClC1=CC(=C(OC2=CC=C(Cl)C=C2Cl)C=C1)Cl,-6.82
FC1=CNC(=O)N(COC(=O)OC2=CC=CC=C2)C1=O,-2.45
CCOC(=O)CN(C)C(=O)COC(=O)C1=CC=CC=C1OC(C)=O,-2.55
COC1=CC=C2C=C(C=CC2=C1)C(C)C(=O)OCC(N)=O,-3.93
OC1=C2OC3C(=O)CCC4(O)C5CC(=C2C34CCN5CC=C)C=C1,-3.39
CC(=O)OC1=CC=CC=C1C(=O)OCN2C(=O)CCC2=O,-2.77
CCOC(=O)NC1=CC(=CC=C1)OC(=O)NC2=CC=CC=C2,-4.52
CC(C(O)=O)C1=CC=C(C=C1)N2CC3=C(C=CC=C3)C2=O,-4.72
ClC1=CC=C(OC2=C(Cl)C(=C(Cl)C=C2)Cl)C=C1Cl,-7.67
OC(=O)C(=C)CC(=O)C1=CC=C(C=C1)C2=CC=CC=C2Cl,-3.2
COC1=CC=C2C=C(C=CC2=C1)C(C)C(=O)OCC(=O)N(C)C,-4.9
CO/N=C(C(=O)OC)/C1=C(COC2=C(C)C=CC=C2)C=CC=C1,-5.19
OC1=CC(=C2C(=O)CC(OC2=C1)C3=CC=C(O)C(=C3)O)O,-3.62
CCN1C=C(C(=O)OCOC(C)=O)C(=O)C2=C1N=C(C)C=C2,-2.49
CCN1C=C(C(=O)OCOC(=O)CC)C(=O)C2=C1N=C(C)C=C2,-2.83
CCN(CC)C(=O)COC(=O)C(C)C1=CC2=CC=C(OC)C=C2C=C1,-4.46
COC1=CC=C2C=C(C=CC2=C1)C(C)C(=O)OCC(=O)N(C)CCO,-3.39
ClC1=CC(=C(OC2=CC(=C(Cl)C(=C2)Cl)Cl)C=C1Cl)Cl,-8.72
CC(C)OC1=C(Cl)C=C(Cl)C(=C1)N2N=C(OC2=O)C(C)(C)C,-5.54
ClC1=CC=C(OC2=C(Cl)C(=C(Cl)C(=C2)Cl)Cl)C=C1Cl,-8.78
ClC1=CC(=C(OC2=CC(=C(Cl)C=C2Cl)Cl)C=C1Cl)Cl,-8.36
ClC1=C(Cl)C(=C(OC2=CC(=C(Cl)C=C2Cl)Cl)C=C1)Cl,-8.31
ClC1=C(Cl)C(=C(OC2=CC=C(Cl)C(=C2Cl)Cl)C=C1)Cl,-8.14
CCCC(=O)OCOC(=O)C1=CN(CC)C2=C(C=CC(=N2)C)C1=O,-2.95
ClC1=CC=C(OC2=C(Cl)C(=C(Cl)C(=C2)Cl)Cl)C(=C1)Cl,-8.44
ClC1=CC(=C(OC2=C(Cl)C=C(Cl)C(=C2)Cl)C(=C1)Cl)Cl,-8.04
CCN1C=C(C(=O)OCOC(=O)C(C)C)C(=O)C2=C1N=C(C)C=C2,-3.02
ClC1=CC(=C(OC2=C(Cl)C(=C(Cl)C=C2)Cl)C(=C1)Cl)Cl,-8.1
ClC1=CC=C(OC2=C(Cl)C(=C(Cl)C(=C2Cl)Cl)Cl)C=C1,-8.94
CC(OC1=CC=C(OC2=NC=C(Cl)C=C2F)C=C1)C(=O)OCC#C,-5.15
CN1C(=O)C(O)N=C(C2=CC=CC=C2)C3=C1C=CC(=C3)Cl,-2.7
CN1CCN(CC1)C2=NC3=C(NC4=C2C=CC=C4)C=CC(=C3)Cl,-4.64
COC1=CC=C2C=C(C=CC2=C1)C(C)C(=O)OCC(=O)N(CCO)CCO,-2.96
ClC1=CC2=C(C=C1)N(CC3CC3)C(=O)CN=C2C4=CC=CC=C4,-4.91
CCN(CC)C(=O)COC(=O)C1=CN(CC)C2=C(C=CC(=N2)C)C1=O,-1.43
COC1=CC=C2C=C(C=CC2=C1)C(C)C(=O)OCC(=O)N(C)CC(N)=O,-3.78
OC1=C(C2CCCC3=CC=CC=C23)C(=O)OC4=CC=CC=C14,-4.86
ClC1=C(Cl)C=C(OC2=C(Cl)C(=C(Cl)C(=C2)Cl)Cl)C(=C1)Cl,-9.5
ClC1=CC=C(OC2=C(Cl)C(=C(Cl)C(=C2Cl)Cl)Cl)C=C1Cl,-9.46
ClC1=C(Cl)C=C(OC2=C(Cl)C(=CC(=C2Cl)Cl)Cl)C(=C1)Cl,-9.05
ClC1=CC=C(OC2=C(Cl)C(=CC(=C2Cl)Cl)Cl)C(=C1Cl)Cl,-9.09
ClC1=CC=C(Cl)C(=C1Cl)OC2=C(Cl)C(=C(Cl)C(=C2)Cl)Cl,-8.89
ClC1=C(Cl)C=C(OC2=C(Cl)C(=C(Cl)C(=C2Cl)Cl)Cl)C(=C1)Cl,-10.1
ClC1=C(Cl)C(=C(OC2=C(Cl)C(=C(Cl)C(=C2Cl)Cl)Cl)C=C1)Cl,-10.6
ClC1=C(Cl)C(=C(Cl)C(=C1)Cl)OC2=C(Cl)C(=C(Cl)C(=C2)Cl)Cl,-10.1
CO\N=C(C)/C1=CC=CC(=C1C(=O)OC)OC2=NC(=CC(=N2)OC)OC,-3.31
CCOC(=O)C(C)OC1=CC=C(OC2=NC3=C(C=C(Cl)C=C3)N=C2)C=C1,-5.97
FC(F)C(F)(F)OC1=C(Cl)C=C(NC(=O)NC(=O)C2=C(F)C=CC=C2F)C=C1Cl,-5.82
O=C1C2=C(SC(=C(S2)C#N)C#N)C(=O)C3=C1C=CC=C3,-6.33
CC(C)N=C1C=C2N(C3=CC=C(Cl)C=C3)C4=C(C=CC=C4)N=C2C=C1NC5=CC=C(Cl)C=C5,-6.24
CC(=O)OC1C(=O)C2(C)C(O)CC3OCC3(OC(C)=O)C2C(OC(=O)C4=CC=CC=C4)C5(O)CC(OC(=O)C(O)C(NC(=O)C6=CC=CC=C6)C7=CC=CC=C7)C(=C1C5(C)C)C,-6.33
C1CCCNCC1,-0.49
CC(C)(C)C(C)(C)C,-4.87
CC1CNC(C)CN1,0.49
CCC(C)(N)C(O)=O,0.38
CCCC(=O)CCC,-1.48
OC1CC(O)C(O)C(O)C1O,-0.17
CCC(CO)NCCNC(CC)CO,0.57
I\C=C\I,-3.22
CC(\C=N\O)=N/O,-0.35
CCCC(N)C(O)=O,-0.11
C\C(Br)=C\C(O)=O,-0.6
CCC(Br)(CC)C(N)=O,-1.44
CC(=N\O)\C(C)=N\O,-2.16
CC(CC(O)=O)C(O)=O,0.48
C\C(I)=C\C(O)=O,-1.16
CCCCCCCCCCCCCCC(O)=O,-4.31
NCC(=O)NCC(O)=O,0.1
CC(CCC(O)=O)CC(O)=O,0.09
CN(C)C(=O)NC1CCCCCCC1,-2.26
OC1CC(=CC(O)C1O)C(O)=O,0.01
CC12C3CCC(O3)C1(C)C(=O)OC2=O,-3.82
CCCCCCCCCCCCCCCCC(O)=O,-4.69
OC(=O)\C=C\C=C\C(O)=O,-2.85
OC(C(O)=O)C(Cl)(Cl)Cl,0.36
CCCCCCCCCCCCCCCCCC(O)=O,-4.98
O=C1CCC(=O)N1,0.39
CC(=O)OC1CC2CCC1(C)C2(C)C,-3.93
NC1CONC1=O,-0.01
OC(=O)/C(S)=C/C1CCCCC1,-2.67
OC(=O)C1CCC(=CC1)C(O)=O,-2.93
OC(=O)CCCCCCCCCCCC(O)=O,-3.79
CC1=CC=CC=C1CO,-1.09
NC1=NC(=CC=C1)N,-0.08
NC1=CC=CN=C1N,-1.75
CCCCCCCCCCCCCCCCCC(=O)OC=C,-6.15
CC1=CNC(=O)N=C1N,-1.44
CCC(CC=C)(C(=O)NC(N)=O)C(=O)OC,-1.92
OCC(O)C(O)C(O)C(=O)CO,0.32
NC1=CNC(=O)NC1=O,-2.41
N#CC1=C(C=CC=C1)C#N,-2.38
CN(C)C(CSC(N)=O)CSC(N)=O,-0.07
O=CC(=O)C1=CC=CC=C1,-0.74
OC(=O)C1=CC=C(Cl)O1,-1.69
O=CC1=CC=CC=C1C=O,-1.34
CCCCNC(=O)OCC(C)(CCC)COC(N)=O,-2.74
OC(=O)CCCC1=CC=CC=C1,-1.78
O=C1NC(=O)C2(CCCCCC2)C(=O)N1,-2.98
NCCC1=CC(=C(O)C=C1)O,0.12
CCC(=O)NC1=CC=CC=C1,-1.55
CCCC1(CC)C(=O)NC(=S)NC1=O,-2.8
CC12CCC3C(CCC4CC(=O)CCC34C)C1CC=C2,-6.07
CCCCC1(CC=C)C(=O)NC(=O)NC1=O,-2.17
CC1=C(C)C=C(C=C1)C(O)=O,-3.16
CC1=CC(=C(C=C1)C(O)=O)C,-2.97
CC1=CC(=C(C)C=C1)C(O)=O,-2.92
CNC(=O)C1=CC=C(N)C=C1,-1.24
OC1=CC=C(C=C1)N=C=S,-2.67
CCCCC1(CC)C(=O)NC(=S)NC1=O,-3.14
OC1=CC=CC(=C1)N=C=S,-1.99
CC12CCC3C(CCC4=CC(=O)CCC34)C1CCC2O,-3.02
CC1C(=O)NC(=O)NC1=O,-1.13
CC1NC(=O)C(C)NC1=O,-0.75
CC(C)C1=CC2=CCC3C(C)(CCCC3(C)C(O)=O)C2CC1,-3.8
OC(=O)C(=O)C1=CC=CC=C1,-0.37
CC12CCC(O)CC1CCC3C4CCC(=O)C4(C)CC(O)C23,-3.59
OC(=O)C1=CC(=CC=C1)C#N,-2.63
CNC(=O)NC(=O)C(C)(C(=O)OC)C1=CCCCC1,-2.68
CCCCCC1(CC)C(=O)NC(=S)NC1=O,-3.71
OCNC(=S)C1=CC=CC=C1,-1.14
CC1=CC=CC(=C1O)C(O)=O,-2.04
CC1=CC=CC(=C1C(O)=O)O,-2.04
OC(=O)C1=C(Br)C=CO1,-1.17
CN(C)C1=C(C)N=C(Cl)N=C1,-1.26
CCCCCCC1(CC)C(=O)NC(=S)NC1=O,-4.08
O=C1NC(=O)C2(CCCCCCCCC2)C(=O)N1,-4.59
CC12CCC3C(CC=C4CC(CCC34C)OC=O)C1CCC2=O,-4.41
OC(=O)C1=CC=C(O)C=C1O,-1.41
CC(C)CC1NC(=O)CNC1=O,-1.25
OC(=O)/C=C/C=C/C1=CC=CC=C1,-3.64
CC12CCC(=O)CC1CCC3C4CCC(OC=O)C4(C)CCC23,-5.32
CCOC1=CC=C(C=C1)N=C=S,-4.26
CNC(=O)NC(=O)C(C)(C(=O)OCOC)C1=CCCCC1,-2.42
COC1=CC=C(C=C1)C(=O)NCO,-1.22
OC(=O)/C=C(Cl)/C1=CC=CC=C1,-2.77
COC1=CC=CC(=C1)C(=O)NCO,-1.29
CCCCCCC1=CC=C(C=C1)C(O)=O,-3.65
BrC1=CC=C(C=C1)N=C=S,-4.27
CN1C(=O)C23CC4=CC=CC(O)C4N2C(=O)C1(CO)SS3,-3.67
CC12CCC3C(CCC4=CC(=O)CCC34C)C1CCC2OC=O,-4.93
CC(=O)C1=CC=C(C=C1)N=C=S,-4.02
OC(=O)/C(S)=C/C1=CC=CC=C1,-2.96
OC(=O)C(S)CC1=CC=CC=C1,-1.56
OC(=O)CCCOC1=CC=C(Cl)C=C1,-3.29
OC(=O)C1=CC=CN=C1C(O)=O,-1.48
O=C(NCN1CCCCC1)C2=CC=CC=C2,-2.15
CC(=O)OC1=CC=C(C=C1)C(C)=O,-1.52
CC(=O)OC1=CC=C(C=C1)C(N)=O,-1.64
CC(=O)N1C=C(F)C(=O)NC1=O,-0.6
CC(CCC(O)=O)C1CCC2C3CCC4CC(O)CCC4(C)C3CCC12C,-7.34
CC(=O)N1C(=O)NC=C(F)C1=O,-0.6
CC(CCC(O)=O)C1CCC2C3C(O)CC4CCCCC4(C)C3CCC12C,-6.46
S=C=NC1=CC=CC(=C1)N=C=S,-4.7
CC(=O)OC1CCC2(C)C3CCC4(C)C(CCC4=O)C3CC=C2C1,-4.53
OC1=CC=CC(=C1)NN=C(C#N)C#N,-2.95
CCC1=CC(=CC(=C1)OC(=O)NC)CC,-3.32
CCOC(=O)C1=CC(=C(O)C=C1)OC,-1.72
CC(=O)NC1=CC=CC(=C1)N=C=S,-3.53
COC(=O)C1=CC=C(NC(C)=O)C=C1,-1.9
CC1=NC2=C(C=NC=N2)N=C1,-0.01
CC(C)NC1=NC(=NC(=O)N1)NC(C)C,-2.81
ClC1=CC=C(NN=C(C#N)C#N)C=C1,-4.36
CC(=O)OC1CCC2C3CCC4CC(=O)CCC4(C)C3CCC12C,-5.35
OC(=O)CC(C(CC(O)=O)C(O)=O)C(O)=O,-0.18
OC(=O)C1=CC=C(O)C(=C1)C(O)=O,-1.78
COC(=O)C1=CC=C(OC(C)=O)C=C1,-2.5
CCC(=O)OC1CCC2(C)C3CCC4(C)C(CCC4=O)C3CC=C2C1,-4.69
NC1=NC2=C(C=NC=N2)N=C1,-2.31
NC1=NC2=C(N=CN=C2)N=C1,-2.34
CCCC(=O)NNC(=O)C1=CC=NC=C1,-0.32
CC(=O)OC1=CC=C(NC(N)=O)C=C1,-2.49
OC(=O)C1=C(O)C(=CC=C1)C(O)=O,-2.11
CCNC1=NC(=NC(=O)N1)N(CC)CC,-3.64
IC1=CC=CC(=C1)N=C=S,-4.68
NC1=NC=NC2=C1N=CC=N2,-2.31
CC1CCC2(OC1)OC3CC4C5CC=C6CC(O)CCC6(C)C5CCC4(C)C3C2C,-7.32
O=C1NC2=C(C=NC=N2)N=C1,-2.12
O=C1NC2=C(N=CN=C2)N=C1,-2.71
O=C1NC2=C(C=N1)N=CC=N2,-2
OC(=O)C1=CC=CC(=C1C(O)=O)O,-2.11
CCOC(=O)C1=CC=C(C=C1)N=C=S,-4.05
CCCNC1=NC(=NC(=N1)Cl)NC(C)C,-3.74
O=C1NC2=C(N1)C=NC(=O)N2,-3.6
O=C1NC2=C(N1)C(=O)NC=N2,-2.96
CC(=O)OC(C(O)=O)C1=CC=CC=C1,-1.23
OC(=O)COC1=C(Cl)C=CC(=C1)Cl,-2.62
OC(=O)COC1=C(Cl)C=CC=C1Cl,-2.15
CCCCC(=O)NNC(=O)C1=CC=NC=C1,-1.01
CCCC(=O)N1C(=O)NC=C(F)C1=O,-1.28
CCC(=O)OC1=CC=C(NC(C)=O)C=C1,-2.72
CCC(=O)NC1=NC(=C(Cl)S1)C,-3.06
CC(CCC(O)=O)C1CCC2C3C(O)C(O)C4CC(O)CCC4(C)C3CCC12C,-4.35
ClC1=NC2=C(C=N1)N=CC=N2,-0.71
CCCC(=O)OC1CCC2C3CCC4=CC(=O)CCC4C3CCC12C,-5.91
CCCCC(=O)OC1CCC2(C)C3CCC4(C)C(CCC4=O)C3CC=C2C1,-4.76
CNC(=S)N(C)C1=C(C)C=C(Cl)C=C1,-3.66
CC1=C(CCCO1)C(=O)NC2=CC=CC=C2,-2.56
COC(=O)OC1=CC=C(NC(C)=O)C=C1,-1.69
CCCOC(=O)C1=CC=C(NC(C)=O)C=C1,-3.29
CCC(=O)OCN1C(=O)NC=C(F)C1=O,-0.77
COC1=NC2=C(N=CN=C2)N=C1,-1.14
COC1=NC2=C(C=NC=N2)N=C1,-0.91
CCCCCC(=O)NNC(=O)C1=CC=NC=C1,-1.24
COC(=O)C(N)CC1=CC(=C(O)C=C1)O,0.48
CC1=NC2=C(N=CN=C2)N=C1C,-0.46
S=C1NC2=C(C=NC=N2)N=C1,-2.71
S=C1NC2=C(C=N1)N=CC=N2,-2.68
CCCNC(=O)N1C=C(F)C(=O)NC1=O,-1.83
CCCCC(=O)N1C(=O)NC=C(F)C1=O,-2.3
OCC1OC(C(O)C1O)N2C=CC(=O)CC2=O,-0.77
CCCC(=O)OC1=CC=C(NC(C)=O)C=C1,-2.83
CN1C(=O)C=NC2=C1N=CN=C2,-0.92
CC(=O)OC1(C)CCC2C3CCC4=CC(=O)CCC4(C)C3CCC12C,-5.28
CN1C=NC2=C(N=CC=N2)C1=O,-1.07
OCC1OC(OCC2OC(OC3(CO)OC(CO)C(O)C3O)C(O)C(O)C2O)C(O)C(O)C1O,0.3
CCOC(=O)OCOC1=CC=C(NC(C)=O)C=C1,-2.43
CC12CC(=O)C3C(CCC4=CC(=O)CCC34C)C1CCC2=O,-3.48
CC(C)(C)C(=O)OC1(CCC2C3CCC4=CC(=O)CCC4C3CCC12C)C#C,-7.16
CC(C)(C)C(=O)OC1=C(C=CC=C1)C(O)=O,-3.01
CCCCCCC(=O)NNC(=O)C1=CC=NC=C1,-2.1
CC1=NC2=C(N=C1)C(=O)NC=N2,-1.56
CCCCOC(=O)C1=CC=C(NC(C)=O)C=C1,-3.46
CC1=NC2=C(N=CNC2=O)N=C1,-1.65
NC1=NC2=C(N=CC=N2)C(=N1)N,-2.69
CCCC(=O)OC1CCC2C3CCC4=CC(=O)CCC4(C)C3CCC12C,-5.93
CCCC(=O)OCN1C(=O)NC=C(F)C1=O,-1.13
CC(=O)C1=CC=C(NN=C(C#N)C#N)C=C1,-2.71
NC1=NC(=O)NC2=C1N=CC=N2,-3.36
NC1=NC(=O)C2=C(N1)N=CC=N2,-3.97
O=C1NC2=C(NC1=O)N=CN=C2,-2.69
CC(=O)OC1=CC=C(C=C1)\C=N\NC(N)=O,-2.84
O=C1NC2=C(N=C1)C(=O)NC=N2,-2.82
CN(C)C1=NC2=C(C=NC=N2)N=C1,-0.09
O=C1NC2=C(N=CNC2=O)N=C1,-2.96
CCCCCCCC(=O)NNC(=O)C1=CC=NC=C1,-2.91
CCCCC(=O)OC1CCC2C3CCC4=CC(=O)CCC4(C)C3CCC12C,-6.19
CCCOC(=O)OC1=CC=C(NC(C)=O)C=C1,-2.57
CCCCC(=O)OCN1C(=O)NC=C(F)C1=O,-1.66
CSC1=NC2=C(C=NC=N2)N=C1,-1.55
OC(=O)COC1=CC(=C(Cl)C(=C1)Cl)Cl,-2.94
CCCCCC(=O)OC1=CC=C(NC(C)=O)C=C1,-4.14
CCCCCCCCC(=O)NNC(=O)C1=CC=NC=C1,-3.52
CCC(CC)C(=O)OC1=C(C=CC=C1)C(O)=O,-1.84
OC(=O)COC1=C(Cl)C(=CC(=C1)Cl)Cl,-3
CN1CCCCC1C(=O)NC2=C(C)C=CC=C2C,-1.99
O=C(COC(=O)C1=CC=CC=C1)NC2CCCCC2,-3.9
CC12CCC3C(=CCC4=C3C=CC(=C4)O)C1CCC2O,-4.4
O=C(C1=CC=CC=C1)C2=NC=CC=C2,-2.02
CCCCCC(=O)OCN1C(=O)NC=C(F)C1=O,-2.11
CCCC(=N\OCC)/C1=C(O)CC(CC1=O)C2CCCSC2,-3.58
CCCCOC(=O)OC1=CC=C(NC(C)=O)C=C1,-3.37
CC(=O)OC1=CC2=C(C=CC=C2)C=C1,-3.44
CCCCCCCCC(=O)OC1CCC2C3CCC4=CC(=O)CCC4C3CCC12C,-5.72
CCN(CC)C(=O)C(C)OC(=O)C1=CC=CC=C1,-2.28
CCC1(CCC(=O)N(CO)C1=O)C2=CC=CC=C2,-1.66
CCCCCCCCCC(=O)NNC(=O)C1=CC=NC=C1,-4.17
CC1=CC=C(OC2=CC=C(C)C=C2)C=C1,-4.85
COCCOC(=O)OC1=CC=C(NC(C)=O)C=C1,-1.69
OCN1C(=O)OC2=CC=C(Cl)C=C12,-2.7
ClC1=CC(=CC(=C1)C2(CO2)CC(Cl)(Cl)Cl)Cl,-5.25
CC1=NC2=C(N=C1C)C(=O)NC=N2,-2.29
CC12CCC(=O)C=C1C=CC3C2CCC4(C)C3CCC4(O)CCC(O)=O,-5.17
CC(=O)OC1=CC2=C(NC(=O)C2)C=C1,-1.54
CCC1=NC2=C(N=CN=C2)N=C1CC,-0.18
NC(=N)NC(=O)C1=NC(=C(N)N=C1N)Cl,-2.87
CCN(CC)CCOC(=O)C1=CC=C(NC(C)=O)C=C1,-1.65
ClCC(=O)C1=CC=C(NN=C(C#N)C#N)C=C1,-3.19
CCCCCOC(=O)C(N)CC1=CC(=C(O)C=C1)O,-0.99
CCC(CC)(C(=O)NC(N)=O)C(=O)OCC1=CC=CC=C1,-3.66
CCCCCCCC(=O)OC1=CC=C(NC(C)=O)C=C1,-4.44
CN(C1CCCCC1)C(=O)COC(=O)C2=CC=CC=C2,-3.29
NC1=NC(=O)C2=C(N1)N=CC(=O)N2,-3.86
O=C1NC(=O)C2=C(N1)NC(=O)C=N2,-3.34
CCC1CCCCN1C(=O)COC(=O)C2=CC=CC=C2,-2.72
CCCCCCCC(=O)OCN1C(=O)NC=C(F)C1=O,-3.29
O=C1NC=NC2=C1NC(=O)C(=O)N2,-3.69
CC12CCC3C(=CCC4=C3C=CC(=C4)O)C1CCC2=O,-4.99
CCC(C(=O)NC(N)=O)(C(=O)OC)C1=CC=CC=C1,-2.75
COCC(C)OC(=O)OC1=CC=C(NC(C)=O)C=C1,-2.48
CCCCCCOC(=O)OC1=CC=C(NC(C)=O)C=C1,-4.32
CC(C)CN(CC(C)C)C(=O)COC(=O)C1=CC=CC=C1,-3.56
CCCCCCC(=O)OC1(CCC2C3CCC4=CC(=O)CCC4C3CCC12C)C#C,-6.89
CC(=O)C1=CC=C(OC2OC(CO)C(O)C(O)C2O)C=C1,-1.17
CNC(=O)N(C)C1=NN=C(S1)C(C)(C)CCl,-2.47
CC(O)CN(CC(C)O)C(=O)COC(=O)C1=CC=CC=C1,-1.18
CCCCCCCCCC(=O)OC1=CC=C(NC(C)=O)C=C1,-4.53
CCC1(C(=O)NC(=S)NC1=O)C2=CC=CC=C2,-3.58
S=C=NC1=CC=C(C=C1)C2=CC=CC=C2,-4.85
NC(CC1=CC(=C(O)C=C1)O)C(=O)OC2CCCCC2,-1.27
C1CC2=CC=C3CCCC4=CC=C(C1)C2=C34,-5.96
OC(=O)COC1=C(Cl)C(=C(Cl)C=C1Cl)Cl,-3.41
CCC1=NC2=C(N=C(N)N=C2)N=C1CC,-3.04
OC(=O)CC1=CC=C(C=C1)C2=CC=CC=C2,-3.73
CCC1=NC2=C(N=C1CC)C(=NC=N2)N,-2.93
CC(=O)OC1=CC=C(C=C1)C2=CC=CC=C2,-4.4
CC(C)(C)NC(=O)C1CCC2C3CC=C4C=C(CCC4(C)C3CCC12C)C(O)=O,-8.76
CC1(C)SC2C(N=CN3CCCCCC3)C(=O)N2C1C(O)=O,-4.5
OCC1OC(CC1O)N2C=C(C(=O)NC2=O)C(F)(F)F,-0.71
CCC1(C(=O)NC(=O)N(CO)C1=O)C2=CC=CC=C2,-1.6
O=C1NC(=O)C2=C(N1)NC(=O)C(=O)N2,-4.06
CC12CC(=O)C3C(CCC4=CC(=O)C=CC34C)C1CCC2(O)C(=O)CO,-3.48
OC1CCN2C(=O)C3=C(C=CC=C3)N=C12,-2.1
CCC1=C(NC(=O)N1)C(=O)C2=CC=NC=C2,-1.99
CC(=O)NC(CC1=CC=C(OC(C)=O)C=C1)C(N)=O,-1.9
CC#CC1=NC(=NC(=C1)C)NC2=CC=CC=C2,-4.6
CC1(C)SC2C(NC(=O)C3(N)CCCCC3)C(=O)N2C1C(O)=O,-1.04
CC1=CC=CC(=C1)NC2=CC=CC=C2C(O)=O,-5.06
CCC1=NC2=C(N=C1CC)C(=NC(=O)N2)N,-3.55
CCC1=NC2=C(N=C1CC)C(=O)NC(=N2)N,-4.28
CCC1=NC2=C(N=C1CC)C(=O)NC(=O)N2,-2.39
COC1=C(OC2OC(CO)C(O)C(O)C2O)C=CC(=C1)\C=C\CO,-1.87
NC1=CC=CC(=C1)NC2=CC=CC=C2C(O)=O,-4.09
OC(=O)COC1=C(Cl)C(=C(Cl)C(=C1Cl)Cl)Cl,-3.75
ClC1=CC2=C(C(=CC=C2Cl)Cl)C(=C1)Cl,-7.51
COCC1(C)OC(=O)N(C1=O)C2=CC(=CC(=C2)Cl)Cl,-4.66
OC(=O)C1=CC=CC=C1NC2=CC(=CC=C2)O,-3.54
COC(=O)C1CCCN1C(=O)COC(=O)C2=CC=CC=C2,-2.08
OC(=O)C1=C(Cl)C=CC2=C1N=CC(=C2)Cl,-3.57
O=C(NNC(=O)C1=CC=NC=C1)C2=CC=CC=C2,-2.54
BrC1=C(C=CC2=CC=CC=C12)N=C=S,-4.32
FCCOC(=O)CC1=CC=C(C=C1)C2=CC=CC=C2,-5.01
CC(COC1=CC=CC=C1)NC(C)C(O)C2=CC=C(O)C=C2,-1.53
O=C(COC(=O)C1=CC=CC=C1)N(C2CCCCC2)C3CCCCC3,-5.06
S=C(NNC1=CC=CC=C1)N=NC2=CC=CC=C2,-6.61
O=C(C1=CC=CC=C1)C2=CC=CC(=C2)N=C=S,-5.4
OC(=O)C1=CC=CC=C1NC2=CC(=CC=C2)Cl,-5.3
CC1=C(CC(O)=O)SC2=C1C=CC(=C2)Cl,-3.84
O=C(CC1=CC=CC=C1)NNC(=O)C2=CC=NC=C2,-2.47
CC1=NC(=C(S1)C(=O)NC2=CC=CC=C2)C,-1.73
ClC1=CC=C(OC2=C(Cl)C=CC=C2Cl)C=C1,-5.91
COC1=CC=CC(=C1)NC2=CC=CC=C2C(O)=O,-4.8
ClC1=CC(=C(OC2=CC=CC=C2)C(=C1)Cl)Cl,-6.11
COC1=CC=C2C3CC4=C5C(=C(OC)C=C4)OC1C25CCN3C,-2.66
ClC1=CC=C(Cl)C(=C1Cl)OC2=CC=CC=C2,-5.95
COC1=C(O)C2=C(CC3C4C=CC(=O)CC24CCN3C)C=C1,-1.87
CC1=C(C=CC=C1)C(=O)NNC(=O)C2=CC=NC=C2,-2.73
CCN1CCN2C(=O)C3=C(C=CC=C3)N=C2C1C,-2.5
C1CN=C(CN(CC2=CC=CC=C2)C3=CC=CC=C3)N1,-2.6
CC12CCC3=C(C=CC4=C3C=CC(=C4)O)C1CCC2O,-4.64
CC(N(O)C(N)=O)C1=CC2=C(S1)C=CC=C2,-3.37
CSC(=O)C1(OC(C)=O)C(C)CC2C3CCC4=CC(=O)C=CC4(C)C3(F)C(O)CC12C,-6.22
CC(=O)OC1=CC=C(NC(=O)C2=CC=CC=C2)C=C1,-4.14
CC1CN(C)C(C)C2=NC3=C(C=CC=C3)C(=O)N12,-2.09
OC(=O)C1=CC(=O)C2=C(O1)C=C3CCCCC3=C2,-1.05
O=C(OC1=CC=CC(=C1)N=C=S)C2=CC=CC=C2,-4.85
CC(C)CC1=CC=C(C=C1)C(C)C(=O)OCC(=O)N(C)CC(N)=O,-3.41
CCN(CC1=CC=NC=C1)C(=O)C(CO)C2=CC=CC=C2,-1.7
O=C(OC1=CC=CC(=C1)N=C=S)C2=CC=CN=C2,-4.3
CCCN1CCN2C(=O)C3=C(C=CC=C3)N=C2C1C,-2.31
CC(CN1CC(=O)NC(=O)C1)N2CC(=O)NC(=O)C2,-1.27
CC(=O)OCC(=O)C1(O)CCC2C3CCC4=CC(=O)C=CC4(C)C3C(=O)CC12C,-4.24
CC12CCC3=C(C=CC4=C3C=CC(=C4)O)C1CCC2=O,-4.96
CC1=C(N2C(SC1)C(NC(=O)C(N)C3=CCC=CC3)C2=O)C(O)=O,-1.22
ClC1=CC(=C(Cl)C(=C1)Cl)C2=CC=CC=C2Cl,-6.23
CCN1CC(C)N2C(=O)C3=C(C=CC=C3)N=C2C1C,-2.46
CC(=O)OC1=CC=C(NC(=O)NC2=CC=CC=C2)C=C1,-4.44
CC(=O)C1=CC=CC(=C1)NC2=CC=CC=C2C(O)=O,-4.86
ClC1=CC=CC(=C1Cl)C2=C(Cl)C=CC=C2Cl,-6.3
OCCN1C=CC(=O)C(=C1C(O)C2=CC=CC=C2)O,-2.82
ClC1=C(Cl)C=C(OC2=CC=C(Cl)C(=C2)Cl)C=C1,-6.98
CNC1CCC(C2=CC(=C(Cl)C=C2)Cl)C3=C1C=CC=C3,-5.23
N#CC(=NNC1=CC=C(C=C1)N=NC2=CC=CC=C2)C#N,-4.92
ClC1=CC=C(OC2=CC(=C(Cl)C(=C2)Cl)Cl)C=C1,-7.35
ClC1=CC(=CC(=C1)OC2=CC=C(Cl)C(=C2)Cl)Cl,-7.32
NC(CC1=CC(=C(O)C=C1)O)C(=O)OCC2=CC=CC=C2,-1.81
ClC1=CC=C(OC2=CC(=C(Cl)C=C2)Cl)C(=C1)Cl,-7
ClC1=CC=C(OC2=CC(=C(Cl)C=C2Cl)Cl)C=C1,-7.04
ClC1=CC=C(OC2=CC(=CC(=C2)Cl)Cl)C(=C1)Cl,-7.14
ClC1=CC=C(Cl)C(=C1)OC2=CC=C(Cl)C(=C2)Cl,-7.07
ClC1=CC=C(OC2=CC=C(Cl)C(=C2Cl)Cl)C=C1,-7.01
CCC(=O)OCC1OC(CC1O)N2C=C(I)C(=O)NC2=O,-2.46
ClC1=CC=C(OC2=CC(=CC(=C2Cl)Cl)Cl)C=C1,-7.14
ClC1=C(Cl)C=C(OC2=CC=CC(=C2Cl)Cl)C=C1,-6.9
ClC1=CC=CC(=C1)OC2=CC(=C(Cl)C=C2Cl)Cl,-7.27
ClC1=CC=C(OC2=C(Cl)C=C(Cl)C=C2Cl)C=C1,-6.83
ClC1=CC=CC(=C1)OC2=CC=C(Cl)C(=C2Cl)Cl,-7.09
ClC1=CC=C(OC2=C(Cl)C=CC(=C2)Cl)C(=C1)Cl,-6.77
ClC1=C(Cl)C=C(OC2=C(Cl)C=CC=C2Cl)C=C1,-6.56
ClC1=CC(=C(OC2=CC=CC(=C2Cl)Cl)C=C1)Cl,-6.65
CCCN1CC(C)N2C(=O)C3=C(C=CC=C3)N=C2C1C,-2.24
ClC1=CC=C(OC2=C(Cl)C=CC(=C2Cl)Cl)C=C1,-6.64
ClC1=C(OC2=CC(=C(Cl)C=C2Cl)Cl)C=CC=C1,-7
NC(CC1=CC(=C(O)C(=C1)I)I)C(O)=O,-2.86
ClC1=CC=C(OC2=C(Cl)C=CC=C2)C(=C1Cl)Cl,-6.74
ClC1=C(Cl)C(=C(Cl)C(=C1)OC2=CC=CC=C2)Cl,-7.52
OC1C(O)C(O)C2C(NC(=O)C3=C(O)C4=C(OCO4)C=C23)C1O,-3.8
ClC1=C(Cl)C(=C(OC2=CC=CC=C2)C(=C1)Cl)Cl,-7.06
CC1CCC2=CC(=CC3=C2N1C=C(C(O)=O)C3=O)F,-3.74
ClC1=C(Cl)C(=C(Cl)C(=C1)Cl)OC2=CC=CC=C2,-7.02
OC(=O)CCC(=O)OCN1C(=O)OC2=CC=C(Cl)C=C12,-3.41
C=CC1CN2CCC1CC2C(=O)C3=CC=NC4=C3C=CC=C4,-3.19
CC1=C2C=CC3=C(C=CC=C3)C2=CC4=C1CCCC4,-6.75
ClC1=CC(=C(Cl)C(=C1)C2=C(Cl)C(=CC=C2)Cl)Cl,-6.96
CCCC1=C2CCCCC2=CC3=C1OC(=CC3=O)C(O)=O,-1.9
OCN1C(=O)NC(C1=O)(C2=CC=CC=C2)C3=CC=CC=C3,-3.3
ClC1=CC=C(OC2=CC(=C(Cl)C(=C2)Cl)Cl)C=C1Cl,-8.25
CC12CCC3C(CCC4=CC(=O)CCC34)C1CCC2(OC(=O)C5=CC=CC=C5)C#C,-7.75
ClC1=CC=C(OC2=C(Cl)C=C(Cl)C(=C2)Cl)C=C1Cl,-7.83
CC1CC2C3CCC(O)(C(=O)COC(=O)CCC(O)=O)C3(C)CC(O)C2C4(C)C=CC(=O)C=C14,-4.2
ClC1=CC=C(OC2=CC(=C(Cl)C(=C2)Cl)Cl)C(=C1)Cl,-7.89
ClC1=CC=C(C=C1)C(C2=C(Cl)C=CC=C2)C(Cl)(Cl)Cl,-7.13
ClC1=CC(=CC(=C1)Cl)OC2=C(Cl)C=C(Cl)C(=C2)Cl,-8.06
ClC1=CC(=C(Cl)C(=C1)Cl)OC2=CC=C(Cl)C(=C2)Cl,-7.83
ClC1=CC=C(OC2=C(Cl)C=C(Cl)C(=C2)Cl)C(=C1)Cl,-7.61
ClC1=CC(=CC(=C1)Cl)OC2=C(Cl)C(=C(Cl)C=C2)Cl,-7.86
ClC1=CC=C(OC2=C(Cl)C(=C(Cl)C(=C2)Cl)Cl)C=C1,-8.06
ClC1=CC(=C(OC2=CC=C(Cl)C(=C2)Cl)C(=C1)Cl)Cl,-7.62
ClC1=CC=C(OC2=C(Cl)C(=C(Cl)C=C2)Cl)C(=C1)Cl,-7.44
ClC1=CC=C(Cl)C(=C1)OC2=C(Cl)C=C(Cl)C(=C2)Cl,-7.56
ClC1=CC=C(OC2=C(Cl)C(=CC(=C2)Cl)Cl)C(=C1)Cl,-7.64
ClC1=CC=C(OC2=C(Cl)C(=CC=C2Cl)Cl)C=C1Cl,-7.35
ClC1=CC=C(OC2=C(Cl)C(=C(Cl)C=C2Cl)Cl)C=C1,-7.77
ClC1=CC=C(OC2=C(Cl)C=C(Cl)C=C2Cl)C(=C1)Cl,-7.33
ClC1=C(Cl)C(=CC=C1)OC2=C(Cl)C=C(Cl)C(=C2)Cl,-7.48
ClC1=CC=C(Cl)C(=C1)OC2=C(Cl)C(=C(Cl)C=C2)Cl,-7.7
NC(=N)C1=CC(=CC=C1)NC(=O)NC2=CC(=CC=C2)C(N)=N,-1.77
ClC1=C(Cl)C(=CC=C1)OC2=C(Cl)C(=C(Cl)C=C2)Cl,-7.38
ClC1=CC=C(OC2=C(Cl)C(=CC(=C2Cl)Cl)Cl)C=C1,-7.76
ClC1=CC=C(C=C1)N2N=NC3C4CC(C5N=NC45)C23,-4.87
ClC1=CC=C(OC2=C(Cl)C(=CC=C2Cl)Cl)C(=C1)Cl,-7.24
ClC1=CC=CC(=C1OC2=C(Cl)C=C(Cl)C(=C2)Cl)Cl,-7.12
ClC1=C(Cl)C(=C(OC2=C(Cl)C=CC=C2Cl)C=C1)Cl,-7.23
COC1=CC=C2C=C(C=CC2=C1)C(C)C(=O)OCCOC(=O)CN,-1.98
ClC1=C(Cl)C(=C(OC2=CC=CC=C2)C(=C1Cl)Cl)Cl,-7.94
CC(OC1=CC=C(OC2=C(Cl)C=C(Cl)C=C2)C=C1)C(O)=O,-5.04
COC1=CC=C2C=C(C=CC2=C1)C(C)C(=O)OC(C)OC(=O)CN,-2.44
OC1=CC=CC2=C1C(=O)C3=C(C=CC=C3O)C2=O,-5.19
CC(=O)NC1=CC=C(C=C1)C(=O)NC2=CC=C(OC(C)=O)C=C2,-4.41
CCCC1=C2OC(=CC(=O)C2=C(O)C3=C1CCCC3)C(O)=O,-2.68
CC1(C)SC2C(NC(=O)C(N)C3=CC=CC=C3)C(=O)N2C1C(O)=O,-1.99
CC(C)C1(O)CCN2CC3C4=C(CCC5=C3C(=CC=C5)C2C1)C=CC=C4,-3.81
CCN1C=C(C(O)=O)C(=O)C2=C1C=C(N3CCNCC3)C(=C2)F,-2.76
CC1=C(N2C(SC1)C(NC(=O)C(N)C3=CC=CC=C3)C2=O)C(O)=O,-1.58
ClC1=C(Cl)C(=C(OC2=CC(=C(Cl)C(=C2)Cl)Cl)C=C1)Cl,-8.49
CC(C)C1(C)N=C(NC1=O)C2=NC3=C(C=CC=C3)C=C2C(O)=O,-3.72
CC(=O)OCN1C=C(F)C(=O)N(C1=O)C(=O)C2=CC=CC=C2,-3.34
CCN1C=C(C(O)=O)C(=O)C2=C1N=C(N3CCNCC3)C(=C2)F,-2.92
ClC1=CC(=C(Cl)C(=C1)Cl)OC2=CC(=C(Cl)C=C2Cl)Cl,-8.41
ClC1=CC(=C(Cl)C(=C1)OC2=C(Cl)C(=C(Cl)C=C2)Cl)Cl,-8.55
ClC1=CC=C(OC2=C(Cl)C(=CC(=C2Cl)Cl)Cl)C=C1Cl,-8.3
ClC1=CC(=C(OC2=C(Cl)C(=C(Cl)C=C2Cl)Cl)C=C1)Cl,-8.47
CC(=O)OC1=CC=C(CC(NC(=O)C2=CC=CC=C2)C(N)=O)C=C1,-3.89
ClC1=CC=C(Cl)C(=C1Cl)OC2=C(Cl)C=C(Cl)C(=C2)Cl,-7.88
ClC1=CC(=C(OC2=C(Cl)C(=CC(=C2Cl)Cl)Cl)C=C1)Cl,-8.42
ClC1=C(Cl)C(=C(OC2=C(Cl)C=CC(=C2Cl)Cl)C=C1)Cl,-7.96
CCC(CC1=C(I)C(=C(I)C=C1I)N)C(O)=O,-4.58
CC1(C)SC2C(NC(=O)C(N)C3=CC=C(O)C=C3)C(=O)N2C1C(O)=O,-2.17
CN1C=C(C(N)=O)C(=C(F)C1=O)NC2=C(F)C=C(Br)C=C2,-4.14
COC1=CC=C2C=C(C=CC2=C1)C(C)C(=O)OCCOC(=O)C(N)CC(C)C,-3.82
CCC(C)C(N)C(=O)OCCOC(=O)C(C)C1=CC2=CC=C(OC)C=C2C=C1,-3.82
CCCC(=O)OCN1C=C(F)C(=O)N(C1=O)C(=O)C2=CC=CC=C2,-3.73
CNN1C=C(C(O)=O)C(=O)C2=C1C=C(N3CCN(C)CC3)C(=C2)F,-3.73
COC1=CC2=CC=C(C=C2C=C1)C(C)C(=O)OCCOC(=O)CN3CCOCC3,-4.3
ClC1=CC=C(C=C1Cl)C2=C(Cl)C(=C(Cl)C(=C2Cl)Cl)Cl,-8.9
ClC1=CC(=C(Cl)C(=C1Cl)C2=CC(=C(Cl)C(=C2)Cl)Cl)Cl,-9.1
CCCOC(=O)N1C2CN3C4=C(C(COC(N)=O)C3(OC)C12)C(=O)C(=C(C)C4=O)N,-3.48
CCC(C)C(N)C(=O)OCCCCOC(=O)C(C)C1=CC2=CC=C(OC)C=C2C=C1,-4.52
COC1=CC2=C(C=C1OC)C34CCN5CC6=CCOC7CC(=O)N2C3C7C6CC45,-2.79
ClC1=CC(=CC(=C1Cl)Cl)OC2=C(Cl)C(=C(Cl)C(=C2)Cl)Cl,-9.54
C1CC2=CC3=CC4=C(C=CC=C4)C=C3C5=C2C1=CC=C5,-2.97
CSC1=CC=C2OC3=C(C=C(C=C3)C(O)=O)C(=O)C2=C1,-5.32
CCN1C=C(C(O)=O)C(=O)C2=C1C(=C(N3CCNC(C)C3)C(=C2)F)F,-2.33
CCN1CCN(CC1)C2=CC3=C(C=C2F)C(=O)C(=CN3C4CC4)C(O)=O,-3.18
OC(=O)CCC1=NC(=C(O1)C2=CC=CC=C2)C3=CC=CC=C3,-2.24
CC(=O)NC1=C(I)C=C(I)C(=C1I)C(O)=O,-2.64
ClC1=CC=C(OC2=C(Cl)C(=C(Cl)C(=C2Cl)Cl)Cl)C(=C1)Cl,-9.64
O=C1OC(C2=CC=CC=C2)(C3=CC=CC=C3)C4=C1C=CC=C4,-3.85
CN1CC2CC1CN2C3=CC4=C(C=C3F)C(=O)C(=CN4C5CC5)C(O)=O,-2.9
OC1=CC2=C(C(=C1)O)C(=O)C=C(O2)C3=CC(=C(O)C=C3)O,-3.61
CCCC1=C(O)N2N(C1=O)C3=CC(=CC=C3N=C2N(C)C)C,-3.63
CCCCC1=CC2=C(C=C1)C=C3C=CC4=C(C=CC=C4)C3=C2,-7.52
COC1=C(N2C(SC1)C(NC(=O)C(N)C3=CCC=CC3)C2=O)C(O)=O,-1.89
CC1=C2C=CC3=C(C=CC=C3)C2=CC4=CC=C(Cl)C=C14,-7.44
CN1CCN(CC1)C2=C(F)C3=C(C=C2F)C(=O)C(=CN3CCF)C(O)=O,-2.73
CC1CCC2=C(N3CCC(O)CC3)C(=CC4=C2N1C=C(C(O)=O)C4=O)F,-3.78
CONC(=O)C1=CN(C)C(=O)C(=C1NC2=CC=C(Br)C=C2F)C,-3.28
OCC(CO)C(=O)OCN1C(=O)NC(C1=O)(C2=CC=CC=C2)C3=CC=CC=C3,-2.21
CC(C(=O)OCC(=O)N(C)CC(N)=O)C1=CC(=CC=C1)C(=O)C2=CC=CC=C2,-2.42
CCCCCC1=C2C=CC3=C(C=CC=C3)C2=CC4=C1C=CC=C4,-8.57
ClC1=CC(=C(Cl)C(=C1Cl)Cl)OC2=CC(=C(Cl)C(=C2Cl)Cl)Cl,-10.1
CCONC(=O)C1=CN(C)C(=O)C(=C1NC2=C(F)C=C(Br)C=C2)C,-3.82
CCCCCCCC(=O)OCN1C(=O)NC(C1=O)(C2=CC=CC=C2)C3=CC=CC=C3,-6.52
CSC1=CC=C(C=C1)C(=O)C2=CC(=CC3=C2OC=C3)CC(O)=O,-5.51
CCONC(=O)C1=CN(C)C(=O)C(=C1NC2=CC=C(Br)C=C2F)F,-4.19
ClC1=CC2=C(C(=C1Cl)Cl)C3=C(O2)C(=C(Cl)C(=C3)Cl)Cl,-10.3
OC1=CC2=C(C(=C1)O)C(=O)C(=C(O2)C3=CC=C(O)C(=C3)O)O,-1.99
CN1C(=O)N(C)C2=C(N=C3C(=O)N(C)C(=O)N(C)C3=N2)C1=O,-3.31
CC1(O)CC(C2=CC=C(Cl)C=C2)C3=C(O1)C4=C(OC3=O)C=CC=C4,-5.84
CN1C=C(C(=O)NOCCO)C(=C(C)C1=O)NC2=C(F)C=C(Br)C=C2,-2.96
CC1CN(CC(C)N1)C2=C(F)C3=C(C(=C2F)N)C(=O)C(=CN3C4CC4)C(O)=O,-3.37
OCC(O)COC(=O)C1=C(NC2=C3C=CC(=CC3=NC=C2)Cl)C=CC=C1,-4.54
CCC(/C1=CC=CC=C1)=C(\C2=CC=CC=C2)C3=CC=C(OCCN(C)C)C=C3,-8.49
COC1=CC2=C(C=C1OC)C(=NC(=N2)N3CCN(CC3)C(=O)C4=CC=CO4)N,-5.09
COC1=CC=C2C=C(C=CC2=C1)C(C)C(=O)OCCOC(=O)C(N)CC3=CC=CC=C3,-3.75
OCC1OC2OC3C(O)C(O)C(OC3CO)OC4C(O)C(O)C(OC4CO)OC5C(O)C(O)C(OC5CO)OC6C(O)C(O)C(OC6CO)OC7C(O)C(O)C(OC7CO)OC1C(O)C2O,-0.91
CC12CCC3C(CCC4=CC(=O)CCC34)C1CCC2(OC(=O)C5=CC=C(C=C5)C6=CC=CC=C6)C#C,-8.11
COC1=CC=C2C=C(C=CC2=C1)C(C)C(=O)OC(C)OC(=O)C(N)CC3=CC=CC=C3,-3.5
CC(=O)N1CCN(CC1)C(=O)/C=C/C2=CC(=C(SC3=CC4=C(OCCO4)C=C3)C=C2)Cl,-2.05
COC1=CC2=C(C=C1OC)C(=NC=N2)N3CCN(CC3)C(=S)NCC4=CC=CO4,-5.63
COC1=CC2=C(C=C1OC)C(=NC=N2)N3CCN(CC3)C(=O)NC4=CSC=C4,-5.3
CC(=O)NC1=C(I)C(=C(I)C(=C1I)C(O)=O)NC(C)=O,-2.01
CC12CCC3C(CCC4=CC(=O)CCC34)C1CCC2(OC(=O)C5=CC=C(OC6=CC=CC=C6)C=C5)C#C,-6.84
CN(C)C1C2CC3CC4=C(C=CC(=C4C(=O)C3=C(O)C2(O)C(=O)C(=C1O)C(N)=O)O)N(C)C,-0.94
COC1=CC=C(C=C1)C2SC3=CC=CC=C3N(CCN(C)C)C(=O)C2OC(C)=O,-2.95
CN1CCC(C(O)C1)C2=C(O)C=C(O)C3=C2OC(=CC3=O)C4=C(Cl)C=CC=C4,-4.26
CN1CCN(CC1)C2=CC3=C(C=C2F)C(=O)C(=CN3C4=CC=C(F)C=C4)C(O)=O,-3.82
OC(=O)C1=CC=CC=C1C2=C3C=CC(=O)C=C3OC4=C2C=CC(=C4)O,-3.82
CC(C)(C)NC(=O)C1N(CSC1(C)C)C(=O)C(O)C(CC2=CC=CC=C2)NC(=O)C3=CC=CC=C3,-3.62
CC1=C(C(O)=O)C2=CC(=CC=C2N=C1C3=CC=C(C=C3)C4=C(F)C=CC=C4)F,-6.39
FC(F)(F)N=C1SC(=NC2=CC=CC=C2)N(C3=CC=CC=C3)C1=NC(F)(F)F,-5.42
CC(C)(C)NC(=O)C1N(CSC1(C)C)C(=O)C(O)C(CC2=CC=CC=C2)NC(=O)CC3=CC=CC=C3,-3.72
CC1CN(CCN1)C2=CC3=C(C=C2F)C(=O)C(=CN3C4=C(F)C=C(F)C=C4)C(O)=O,-3.8
CC1=CC=C(C=C1)C(=O)NC(CC2=CC=CC=C2)C(O)C(=O)N3CSC(C)(C)C3C(=O)NC(C)(C)C,-4.11
NC1=NC(=O)C2=C(N1)N=CC(=N2)CNC3=CC=C(C=C3)C(=O)NC(CCC(O)=O)C(O)=O,-5.44
NC1C2CN(CC12)C3=NC4=C(C=C3F)C(=O)C(=CN4C5=CC=C(F)C=C5F)C(O)=O,-4.53
OCC1OC2OC3C(O)C(O)C(OC3CO)OC4C(O)C(O)C(OC4CO)OC5C(O)C(O)C(OC5CO)OC6C(O)C(O)C(OC6CO)OC7C(O)C(O)C(OC7CO)OC8C(O)C(O)C(OC8CO)OC1C(O)C2O,-1.84
CC(C)(C)NC(=O)C1N(CSC1(C)C)C(=O)C(O)C(CC2=CC=CC=C2)NC(=O)COC3=CC=CC=C3,-3.83
CC(C)(C)NC(=O)C1N(CSC1(C)C)C(=O)C(O)C(CC2=CC=CC=C2)NC(=O)C3=CC=C(Cl)C=C3,-4.28
COC1=CC=C(C=C1)C(=O)NC(CC2=CC=CC=C2)C(O)C(=O)N3CSC(C)(C)C3C(=O)NC(C)(C)C,-4.11
CC1=C(OCC(=O)NC(CC2=CC=CC=C2)C(O)C(=O)N3CSC(C)(C)C3C(=O)NC(C)(C)C)C(=CC=C1)C,-5.01
FC1=CC=CC(=C1C(=O)NC(=O)NC2=CC(=C(OC3=C(Cl)C=C(C=N3)C(F)(F)F)C(=C2)Cl)Cl)F,-8.65
OCC1OC2OC3C(O)C(O)C(OC3CO)OC4C(O)C(O)C(OC4CO)OC5C(O)C(O)C(OC5CO)OC6C(O)C(O)C(OC6CO)OC7C(O)C(O)C(OC7CO)OC8C(O)C(O)C(OC8CO)OC9C(O)C(O)C(OC9CO)OC1C(O)C2O,-0.75
COCCNC(=O)C(NC(=O)C(CC(O)C(CC1=CC=CC=C1)NC(=O)OC(C)(C)C)CC2=CC(=C(OC)C(=C2)OC)OC)C(C)C,-4
CCCOC1=CC=C2C(C(C(C3=CC=C(OC)C=C3OCC(O)=O)C2=C1)C(O)=O)C4=CC5=C(OCO5)C=C4,-6.77
OC(CC(C1=CC=CC=C1)C2=C(O)C3=C(OC2=O)C=CC=C3)C4=CC=C(C=C4)C5=CC=C(Br)C=C5,-4.45
CC(C)CCCC(C)C1CCC2C3CCC4CC(C)(CCC=C(C5=CC(=C(O)C(=C5)C(O)=O)Cl)C6=CC(=C(O)C(=C6)C(O)=O)Cl)CCC4(C)C3CCC12C,-8.46
CSCC(NC(=O)COC1=CC=CC2=C1C=CN=C2)C(=O)NC(CC3=CC=CC=C3)C(O)C(=O)N4CSCC4C(=O)NC(C)(C)C,-3.95
OC(=O)C1=C(I)C(=C(I)C=C1I)NC(=O)CCCCC(=O)NC2=C(I)C=C(I)C(=C2I)C(O)=O,-3.39
CCC(C)C1NC(=O)C(CC2=CC=CC=C2)NC(=O)C3CCCN3C(=O)C(CC4=CC=CC=C4)N(C)C(=O)C5CCCCN5C(=O)C6CCCCN6C1=O,-5.57
CCC(C)C1NC(=O)C(CC2=CC=CC=C2)NC(=O)C3CCCN3C(=O)C(CC4=CC=CC=C4)N(C)C(=O)C(CCCN)NC(=O)C5CCC=NN5C1=O,-2.7
CCC(C)C1NC(=O)C(CC2=CC=CC=C2)NC(=O)C3CCCN3C(=O)C(CC4=CC=CC=C4)N(C)C(=O)C5CCC=NN5C(=O)C6CCC=NN6C1=O,-4.04
CCCCCCCCCCCC,-6.41
CCCCCCCCCCCCCC,-7.456
BrC=C,-1.275
CCOC=C,-0.858
CSC1=NN=C(C(=O)N1N)C(C)(C)C,-2.245
COC(=O)C(C)Oc1ccc(Oc2ccc(Cl)cc2Cl)cc1,-3.834
FC(F)(F)c1ccccc1,-2.511
CNC,1.558
OC(=O)C(Cl)(Cl)Cl,0.519
CCC(=O)c1ccc(O)cc1,-2.639
CCCCCCCCCCCCN1CCCC1=O,-4.67
CCCCCCCCCCCCN1CC(CC1=O)C(O)=O,-3.223
CN1CC(CC1=O)C(O)=O,-0.954
COC(=O)C1CN(C)C(=O)C1,0.804
CCCCCCN1CC(CC1=O)C(=O)OC,-1.246
CCc1ccccn1,0.501
Cc1cccc(C)n1,0.447
CNc1cccc2C(=O)c3ccccc3C(=O)c12,-6.3
Nc1ccc(N)c2C(=O)c3ccccc3C(=O)c12,-5.859
COc1cc(N)c2C(=O)c3ccccc3C(=O)c2c1N,-5.746
Oc1ccc2cc(O)ccc2c1,-2.205
CC1=C(O)C(=O)C=CO1,-1.063
OCC(O)C1OC(=C(O)C1=O)O,0.277
OCC(O)C=O,-0.489
OC(=O)CCCCC1SCC2NC(=O)NC12,-3.046
OC(=O)CC(S)C(O)=O,0.522
CCC(=O)c1ccc(N)cc1,-2.627
ClC=C,-1.36
FC=C,-0.276
FC(F)(F)C(F)(F)Cl,-3.411
FC(F)(F)C(F)(F)C(F)(F)F,-4.518
OC1CC(O)(CC(O)C1O)C(O)=O,0.179
CC(C)CBr,-2.432
CCC(C)C,-3.163
CC(C)(O)C1CCC(C)(O)CC1,-1.634
CCC(C(CC)c1ccc(O)cc1)c2ccc(O)cc2,-4.353
C/C=C(c1ccc(O)cc1)/C(=C/C)c2ccc(O)cc2,-4.948
Nc1ccc2ccccc2c1N=Nc3ccccc3,-5.916
CN1C2CCC1CC(C2)OC(=O)C(O)c3ccccc3,-1.44
OC1C(O)C(O)C(O)C(O)C1O,-0.1
OC(=O)c1cc(C(O)=O)c(cc1C(O)=O)C(O)=O,-1.259
O=C(/C=C/C=C/c1ccc2OCOc2c1)N3CCCCC3,-3.853
ClCC(Br)CBr,-2.374
OC(CCl)CCl,-0.115
ClC(Cl)(Cl)c1ccccc1,-3.567
OC(=O)CC(CC(O)=O)C(O)=O,0.275
C(OCc1ccccc1)c2ccccc2,-3.695
CCCOC(=O)CCC,-1.905
CCCC(C)C,-3.74
CC(C)CC(O)CC(C)C,-2.159
NC(=S)NCC=C,-0.294
C=COC=C,-1.261
NCCNCCNCCN,0.835
NCCNCCNCCNCCN,0.723
FC1(F)C(F)(F)C(F)(F)C1(F)F,-3.638
FC(Br)C(F)(F)F,-1.901
CC(=O)C1C(=O)C=C2Oc3c(C(C)=O)c(O)c(C)c(O)c3C2(C)C1=O,-3.537
COc1ccc(C(=O)Cc2c(CCN(C)C)cc3OCOc3c2OC)c(C(O)=O)c1OC,-2.535
Fc1ccccc1F,-2
FC(F)(F)COC=C,-1.478
C\C(=C/C(O)=O)C(O)=O,-0.694
CC(C)(C)Cl,-1.507
CCOC(=O)C(O)(c1ccc(Cl)cc1)c2ccc(Cl)cc2,-4.512
CC(C)CCl,-2
Oc1cc(O)c(c(O)c1)C(=O)c2ccc(O)c(O)c2,-1.72
CC(=O)C1C(=O)OC(=CC1=O)C,-1.226
COC1=C(C#N)C(=O)N(C)C=C1,-1.784
CCc1cccnc1,0.538
CN1C2CCC1CC(C2)OC(=O)c3ccccc3,-2.369
CCOC(=O)NCC(C)C,-0.768
CCCCCOC(=O)CCC,-2.467
CC(=O)NCC(O)=O,-0.649
OC(=O)c1cccc(C(O)=O)c1C(O)=O,-0.837
CCCOC(=O)CN1C=C(I)C(=O)C(=C1)I,-3.504
Brc1ccc(I)cc1,-4.452
CC1=CCC(=O)O1,-0.293
CC(C)C(C)(C)O,-0.411
CC(C)(C)C(C)(C)O,-0.723
CC(C)(C(O)=O)C(O)=O,-0.167
CC(C)(CC(O)=O)C(O)=O,-0.32
CCCC(C)(O)CC,-1.001
O=C1C=CNc2ccccc12,-1.481
O=C(NC(=O)c1ccccc1)c2ccccc2,-2.273
Ic1ccccc1I,-4.217
CCCCC(O)CCCC,-2.49
CCCC(C)Cl,-2.63
Ic1cccc(I)c1,-4.518
CCCCCCCC(C)O,-2.744
OC(=O)c1ccnc(C(O)=O)c1C(O)=O,-1.245
Clc1ccccc1Br,-3.203
OC(=O)CC(Br)C(O)=O,-0.215
CC(C)c1ccc2ccccc2c1,-5.298
CC12CCC3C(CCC4CC5SC5CC34C)C1CCC2O,-5.407
C#CCCCC#C,-1.747
CC(C)CCCCCCO,-2.487
OC(=O)C1(O)c2ccccc2c3ccc(Cl)cc13,-4.161
CC(=O)Nc1ccc(N\N=C\2C=C(C)C=CC2=O)cc1,-5.358
CCCCCCCC#C,-4.094
CCCCCC(O)CCC,-2.591
C\C(Cl)=C/C(O)=O,-0.605
COC(=O)Nc1cccc(OC(=O)Nc2cccc(C)c2)c1,-4.779
CCCC(CC)(CC)CO,-2.419
CC(C)OC(=O)C(O)(c1ccc(Br)cc1)c2ccc(Br)cc2,-4.933
CCCCOCN(C(=O)CCl)c1c(CC)cccc1CC,-4.193
CCCCC1=C(C)NC(=NC1=O)NCC,-3.02
CCNc1nc(NC(C)CC)nc(OC)n1,-2.575
CC(Cl)=CCl,-1.614
OC(=O)c1cccc(Cl)c1C(O)=O,-0.976
CNC(=O)N(C)c1sc(nn1)C(C)(C)C,-1.997
CCOC(=O)\C=C(C)\C=C\CC(C)CCCC(C)C,-5.693
Nc1nc(N)nc(NC2CC2)n1,-1.179
CCOC(=O)C(C)Oc1cccc(Oc2sc3cc(Cl)ccc3n2)c1,-5.674
C1CCCC1,-2.64
CCC(C)(C)C,-3.55
C1CCCCC1,-3.1
CCC=CC,-2.54
CCCCC=CC,-3.82
CCCCC#C,-2.36
c1cc(C)cc(C)c1C,-3.31
c1cc(CC)ccc1CC,-3.75
c1cc(C)ccc1C(C)C,-3.77
c1ccccc1Cc2ccccc2,-4.17
c(c(c(c1ccc2)c2)ccc3)(c3)C1,-4.91
c1ccc2c(C)cccc2c1C,-4.74
Cc1c(C)cc2ccccc2c1,-4.72
c1ccc2cccc3c2c1CC3,-4.63
c(c(c(c(c1ccc2)c2)C)ccc3)(c3)c1,-5.89
ClCCl,-0.63
ClC(Br)Cl,-1.54
ClC(Br)Br,-1.9
BrCCBr,-1.68
CCCI,-2.29
CCCCCl,-2.03
CC(C)(Cl)C(Cl)C,-2.69
ClC=CCl,-1.3
IC=CI,-3.22
ClC=C(Cl)Cl,-1.96
ClC(=C(C=C(Cl)Cl)Cl)Cl,-4.23
c1ccccc1c2cc(Cl)ccc2,-4.88
c1ccccc1c2c(Cl)cccc2Cl,-5.21
c1ccccc1c2c(Cl)cc(Cl)c(Cl)c2,-6.27
c1c(Cl)c(Cl)cc(Cl)c1c2c(Cl)cc(Cl)c(Cl)c2,-8.56
Clc1c(Cl)cc(Cl)cc1c2c(Cl)cc(Cl)cc2Cl,-8.71
OCC(C)C,0.04
OCC(CCC)C,-1.11
CCC(C)(C)CO,-1.04
OCC(CC)CC,-1.17
CC(O)(C)C(C)CC,-0.89
OC(CC)(CC)CC,-0.85
CCC=O,0.58
CCCCC=O,-0.85
O=CCCCCC,-1.3
O=CC=CC,0.32
O=C(CC)C,0.52
O=C(CCC)C,-0.19
O=C(CCCC)C,-0.8
O=C(C=C)CCC,-0.83
O=C(O)CCCCCCC,-2.3
O=C(O)C=CC=CC,-1.77
O=C(O)Cc(cccc1)c1,-0.89
O=C(OC(C1C(C2(CC(O)(C3=C)CC4)C3)C(=O)O)(C24)C=CC5O)C15C,-1.84
O=COCCC,-0.49
O=C(OCCC)C,-0.72
O=C(OCC)CC(=O)OCC,-0.82
O=C(OC)C=C,-0.22
O=C(OCC)C=C,-0.74
O=C(OC)C(=C)C,-0.8
O=C(OCC)c(c(ccc1)C(=O)OCC)c1,-2.35
O=C(OCc(cccc1)c1)c(c(ccc2)C(=O)OCCCC)c2,-5.64
CCOCCOCC,-0.77
c1ccccc1Oc2ccccc2,-3.96
Cc1cccc(c1)Oc2cccc(c2)C,-4.85
O(CCC1)C1,0.56
O1C=CC=C1,-0.82
O1CC(O)C(O)C(O)C1(O)CO,0.64
O=C(OC(C(C(C(C(C(C(=CC(=O)C1)C2)(C1)C)C3)C2SC(=O)C)C4)(C3)C)(C4)C5)C5,-4.28
CC(=O)C3(O)CCC4C2CCC1=CC(=O)CCC1(C)C2CCC34C,-4.71
C1=CC(=O)C=C2CCC3C4CC(C)C(O)(C(=O)CO)C4(C)CC(O)C3(F)C12C,-3.77
O=C(O)c(ccc(O)c1)c1,-1.41
O=C(O)c(c(ccc1)Cl)c1,-1.89
ClCCOCCCl,-1.12
CCCCCCCN,-1.85
c1ccccc1CN,-1.53
Nc(ccc(c(ccc(N)c1)c1)c2)c2,-2.7
N(N)c(cccc1)c1,0.07
c1ccccn1,0.76
n(cccc1C(N(CC2)C)C2)c1,0.79
COC(=O)C1C(CC2CCC1N2C)OC(=O)c3ccccc3,-2.23
Oc(ccc(C(=C(c(ccc(O)c1)c1)CC)CC)c2)c2,-4.35
O=C(N(c(c(C1(C(N(C2)CC(C3C4C5OC6)=C6)C3)C2)ccc7)c7)C14)C5,-3.32
c1ccccc1C2(CC=C)C(=O)NC(=O)NC2=O,-2.18
OC(c(cccc1)c1)C(NC)C,-0.42
o1c(N(=O)(=O))ccc1C=NO,-2.19
C1=CC(=O)NC(=O)N1,-1.48
N(CCC1)C1,1.15
N(CCCC1)(C1)C,0.23
Oc(ccc(N)c1)c1,-0.8
O=C(Nc(cccc1)c1)C,-1.33
COc1ccc2CC5C3C=CC(O)C4Oc1c2C34CCN5C,-1.52
CCCN(=O)=O,-0.8
O=N(=O)c(cccc1)c1,-1.8
NC(=N)NCC(=O)O,-1.51
O=P(Oc1ccc(O)cc1C)(Oc2cc(O)ccc2C)Oc3c(O)cccc3C,-6.7
COP(=S)(OC)SCN2C(=O)c1ccccc1C2=O,-4.1
O=P(SCCCC)(SCCCC)SCCCC,-5.14
O=C(O)CCC(C(C(C(C(C(C(C(C1)CC(O)C2)(C2)C)C3)C1)C4)(C3O)C)C4)C,-3.95
s1c(N)ncc1,-0.36
N#CCCCl,-0.29
N#CCC=CC,-0.96
O=C(Nc(ccc(N)c1)c1)C,-0.98
O=C(Nc(ccc(c1)Br)c1)C,-3.08
O=C(Nc(ccc(c1)F)c1)C,-1.78
O=C(Nc(ccc(c1)I)c1)C,-3.25
O=C(Nc(ccc(c1)OC)c1)C,-1.3
CCCCOc2cc(C(=O)NCCN(CC)CC)c1ccccc1n2,-3.7
CN(C)CCC=C2c1ccccc1COc3ccccc23,-3.4
O=C(NC1C2C3CCCC3C(C1)C2)N(C)C,-3.01
CC(=O)OC3(CCC4C2CCC1=CC(=O)CCC1C2CCC34C)C#C,-4.79
Oc1c(I)cc(C#N)cc1I,-3.61
CN(C)C2C1CC4C(=C(O)C1(O)C(=O)C(=C2O)C(N)=O)C(=O)c3c(O)cccc3C4(C)O,-3.12
CN(C)C(=O)C(c1ccccc1)c2ccccc2,-2.98
O=C(OCC)C=Cc(cccc1)c1,-3
CCCCCCOC(=O)c1ccc(N)cc1,-3.95
c1cc(N)ccc1C(=O)OCCNCCCCC,-3.27
c1c(N(=O)(=O))cc2C(c3ccccc3)=NCC(=O)N(C)c2c1,-3.8
c1cc(OCCCC)ccc1C(=O)OCCN(CC)CC,-3.84
n(c(N(Cc(cccc1)c1)CCN(C)C)ccc2)c2,-2.64
C1C(=O)C=C2C(C)=CC3C4CCC(C(=O)C)(OC(=O)C)C4(C)CCC3C2(C)C1,-5.35
c1c(Cl)c(Cl)cc(O)c1OC,-2.53
O=C(NC(=O)C1=O)N1,-0.4
O=C(NC(=O)C)N,-0.9
O=C(NC(=O)C(=O)C1=O)N1,-1.25
ClCCS(=O)(=O)CCl,-1.5
C1(=O)NC(=O)NC(C(=O)O)=C1,-1.93
CCC1NC(=O)NC1(=O),-0.06
c1c(Cl)c(Cl)c2nsnc2c1Cl,-4.98
c1c(Cl)nc2cncnc2n1,-0.87
c1c(S)nc2cncnc2n1,-2.71
O=C(O)C=CC(N=CN1)=C1,-1.96
C=CCS(=O)SCC=C,-0.83
NC(=O)OCCCCC,-1.47
NC(=O)OCC(C)(C)C,-0.8
OCC(O)C(O)C(O)C(O)CO,1.09
c1c(C)nc2cncnc2n1,0.06
c1cnc2c(SC)ncnc2n1,-1.76
O=Cc(c(O)ccc1)c1,-0.86
O=C(N)c(c(O)ccc1)c1,-1.76
c1ccccc1NC(=O)NN,-2.33
C1CCCC(C)C1=O,-0.94
NC(=O)OCCCCCC,-1.92
C1CCCCC1OC(=O)C,-1.67
c1ccc(N)cc1C(=O)C,-1.28
O(C(OC(C1O)C(O)CO)C1O2)C2C(Cl)(Cl)Cl,-1.84
CCN(CC)C(=S)SCC(Cl)=C,-3.39
CCCCC(=O)CC(=O)C,-1.56
CC(=O)C(CCC)C(=O)C,-0.88
CC(C)(C)C(=O)CC(=O)C,-1.63
NC(=O)OCCCCCCC,-2.62
CN2C(=O)ON(c1ccc(Cl)c(Cl)c1)C2=O,-2.82
OC(=O)CC(C)(C(=O)O)C(C)(C)C(=O)O,-0.29
C1C(N2C)CC(O)C(C(=O)O)C2C1,-0.02
O=C(ON=C(C(C)(C)C)CSC)NC,-1.62
CCCCCCCCOC(=O)N,-3.3
ClC1=C(Cl)C(Cl)(C2(Cl)Cl)C3CC=CC3C12Cl,-5.64
OC1C=CC2C1C3(Cl)C(=C(Cl)C2(Cl)C3(Cl)Cl)Cl,-5.46
c1cc(N)ccc1S(=O)(=O)Nc2cnccn2,-3.7
CNC(=O)ON=C1C(C2)C(C#N)CC2C1Cl,-2.08
O(c(ccc(c1)C=CC)c1)C,-3.13
O=C(N(C(=O)C(N(C=N1)CC(O)CO)=C12)C)N2C,-0.17
O=CC=C(CCC=C(C)C)C,-2.06
O=C1C(C)CCC(C(C)=C)C1,-2.18
O=C(O)C(C(C(C(=O)O)C1)(C)C)(C1)C,-1.42
c1ccc2C(O)N3CCC(O)C3=Nc2c1,-2.07
O=S(=O)(Nc(nccc1)c1)c(ccc(N)c2)c2,-2.7
O=S(=O)(Nc(onc1C)c1C)c(ccc(N)c2)c2,-2.91
C1=CC(=O)N2CC(C3)CNCC3C2=C1,0.36
CNC(=O)Oc1cccc(N=CN(C)C)c1,-2.34
CCOP(=S)(OCC)Oc1ccc(cc1)S(C)=O,-2.3
CCNC(=O)C(C)OC(=O)Nc1ccccc1,-1.83
c1cc(N)ccc1S(=O)(=O)N(C(=O)C)c2onc(C)c2C,-3.59
CC(=O)Oc1c(N(=O)(=O))c(C)c(N(=O)(=O))cc1C(C)(C)C,-4.47
O=C(OC)CCCCCCCCCCC,-4.69
c1ccc2C(=O)N=C(c3ccccc3)Oc2c1,-4.61
Oc1ccc2Oc3cc(OC)cc(O)c3C(=O)c2c1,-2.93
N(c(c(S1)cc(c2)C)c2)=C1c(ccc(N)c3)c3,-3.68
OC(c(cccc1)c1)Cc(cccc2)c2,-2.52
COc2ccc(CC1NCC(O)C1OC(C)=O)cc2,-1.61
NC(Cc2cc(I)c(Oc1ccc(O)c(I)c1)c(I)c2)C(O)=O,-5.22
O=C(OC(C(C(C=CC1=O)(CC2)C)=C1C)C23)C3C,-3.09
O=C(NC(CCCC1)C1)NS(=O)(=O)c(ccc(c2)C(=O)C)c2,-2.06
C1CCN2CC(C3)C4CCCCN4CC3C2C1,-1.89
CN(C)CCCN2c1ccccc1Sc3ccc(C(F)(F)F)cc23,-5.3
O=C(N(CCCC1)C1)C=CC=Cc(ccc(OCO2)c23)c3,-3.46
OC(c(c(c(nc1)ccc2)c2)c1)C(N(CCC3C4C=C)C4)C3,-3.07
c1ccc2Sc3ccccc3N(CC4CN(C)CCC4)c2c1,-4.74
O=C1C2(C(C3CCC4C(C3CC2)(C)CCCC4)CC1)C,-6.7
C1C(O)CC2CCC3C4CCC(=O)C4(C)CCC3C2(C)C1,-4.4
COC(C)(C)CCCC(C)CC=CC(C)=CC(=O)OC(C)C,-5.19
c1ccc2N(C)C3C4CC5C(CC)C(O)N4C(C56)CC3(C6O)c2c1,-2.82
c1c(OC)cc2c(CC(=O)O)c(C)n(C(=O)C=Cc3ccccc3)c2c1,-5.54
CC1(C)C(C=C(Cl)Cl)C1C(=O)OCc3cccc(Oc2ccccc2)c3,-6.29
c1cc(O)c2C(=O)C3=C(O)C4(O)C(=O)C(C(=O)N)=C(O)C(N(C)C)C4CC3C(O)c2c1Cl,-2.52
c1ccc2Sc3ccc(C(#N))cc3N(CCCN4CCC(O)CC4)c2c1,-3.98
C1C(=O)C=C2CCC3C4CCC(C(=O)CO)C4(C5O)CC(O5)C3C2(C)C1,-3.85
C1C(O)CC2=CCC3C4CCC(C(=O)C)C4(C)CCC3C2(C)C1,-4.65
O=C(N)C(=C(O)C(N(C)C)C(C1(O)C(O)=C(C2C(O)(c(c3c(O)cc4)c4Cl)C)C3=O)C2)C1=O,-2.88
COc2ccc1C(OC(=O)c1c2OC)C4N(C)CCc5cc3OCOc3c(OC)c45,-3.14
CC3C2C(O)C1C(N(C)C)C(=C(C(N)=O)C(=O)C1(O)C(=C2C(=O)c4c(O)cccc34)O)O,-2.87
CC(C)=CC3C(C(=O)OCc2cccc(Oc1ccccc1)c2)C3(C)C,-5.24
CC(=O)OCCN4CCN(CCCN2c1ccccc1Sc3ccc(Cl)cc23)CC4,-4.7
O=C(NCC(=O)O)CCC(C(C(C(C(C(C(C(C1)CC(O)C2)(C2)C)C3)C1O)C4)(C3O)C)C4)C,-5.15
c12C(=O)C3=C(O)C4(O)C(=O)C=C(O)C(N(C)C)C4CC3C(O)(C)c1cccc2,-1.42
O1C(C)C(O)C(N)C(O)C1OC2C=CC=CC=CC=CCC(C)OC(=O)C=CC(O3)C3CC(O)CC4(O)OC(C(C(=O)O)C(O)C4)C2,-3.21
c1ccccc1CC,-2.77
c(c(cc(c1ccc2)c2)cc(c3ccc4)c4)(c1)c3,-8.6
c1ccc2ccc3nccnc3c2c1,-2.68
ClC(Cl)(Cl)Cl,-2.31
BrC=CBr,-1.32
c1c(Cl)c(Cl)c(Cl)c(Cl)c1Cl,-5.65
c1ccccc1c2ccc(Cl)cc2,-5.2
c1cccc(Cl)c1c2c(Cl)ccc(Cl)c2,-6.02
c1c(Cl)ccc(Cl)c1c2c(Cl)cccc2Cl,-6.8
CC(C)C(C)CO,-0.39
O=C(O)C=Cc(cccc1)c1,-2.48
O=C(OCC)CC,-0.66
c1ccccc1OC,-1.85
CCCCOCCO,-0.42
C1C(=O)C=C2CCC3C4CCC(C(=O)CO)C4(C)CCC3C2(C)C1,-3.75
CC12CC(O)C3(F)C(CCC4=CC(=O)CCC43C)C2CCC1(O)C(=O)CO,-3.43
O=C(O)c(c(O)ccc1)c1,-1.82
O=C(O)c(ccc(c1)Cl)c1,-3.31
CCCCCCN,-1.1
CCCCCCCCN,-2.75
CC1CC(C)C(=O)C(C1)C(O)CC2CC(=O)NC(=O)C2,-1.13
O=C(O)c(ccc(N(=O)=O)c1)c1,-2.8
COP(=S)(OC)Oc1ccc(N(=O)=O)c(C)c1,-4.04
O=C(Nc(ccc(c1)Cl)c1)C,-2.84
O=C(Nc(ccc(c1)N(=O)=O)c1)C,-2.69
CC(C)N(C(C)C)C(=O)SCC(Cl)=CCl,-4.08
N(C(CCC1)CC)C1,-1.5
Clc1c(Cl)c(Cl)c(Cl)c(O)c1OC,-4.02
O=C(O)C(N)CC(=O)N,-0.74
c1c(SC)nc2cncnc2n1,-1.55
CC(C)CC(=O)CC(=O)C,-1.6
O=C(C(CC1C2)(C2)C)C1(C)C,-1.85
O=C(C(CCC1C)C(C)C)C1,-2.49
C1=CC(C2)C(C(=O)OC)C(C(=O)OC)C12,-1.2
c1ccccc1S(=O)(=O)NC(=O)NCCCC,-3.05
O=C1C=CC(c2cc(ccc2O)O)(C=C1)O,-1.73
CCCCN(CC)c1c(cc(cc1N(=O)=O)C(F)(F)F)N(=O)=O,-5.53
c1ccccc1C(=O)Oc2ccccc2,-2.85
c1cc(O)ccc1C(C=C)C(C=C)c2ccc(O)cc2,-4.95
c12ccccc1nccc2C(O)C3N(C4)CCC(C4CC)C3,-2.63
C1C(=O)C=C2CCC3C4CCC(O)(C#C)C4(C)CCC3C2(C)C1,-5.66
c1ccc2OC(=O)C(C(C(=O)OCC)C3=C(O)c4ccccc4OC3=O)=C(O)c2c1,-3.66
NCCC(O)C(=O)NC2CC(N)C(OC1OC(CN)C(O)C(O)C1O)C(O)C2OC3OC(CO)C(O)C(N)C3O,-0.5
O=C(OCC)c(ccc(N)c1)c1,-2.32
O=C(Oc(c(ccc1)C(=O)O)c1)C,-1.72
O=C1NC(=O)C(N1)(c2ccccc2)c3ccccc3,-3.99
CCCCCC(O)C=CC1C(O)CC(=O)C1CC=CCCCC(=O)O,-2.47
NC(=O)C1=CN=C2N1CCC1=C(C=CC=C1)C21CCNCC1,-2.43
CC1=C2C=CC=CC2=C(CN2CCOCC2)C2=C1C=CC=C2,-4.4
C1=CC=C(C2=NC3N=CN=CC3=N2)C=C1,-3.07
O=C1CC(=O)CC(C2=CC=CC=C2)C1,-2.51
CC1=CC=C(S(=O)(=O)N(Cl)Cl)C=C1,-3.51
O=C(O)COC1=C(Cl)C=C(Cl)C=C1Cl,-3.23
CCC1OC(=O)C2=C1C=CC(C#N)=C2,-2.31
CC1=NC2=C(C=CC=C2)N=C(C)C1,-1.37
CC1=CC2=C(C=C1)S(=O)(=O)C=C2,-2.65
CCCCOC(=O)C1=CC=C(N)C=C1,-3.06
CC1=CC(=O)OC2=C3CCCN4CCCC(=C34)C=C12,-3.89
CC1=CS(=O)(=O)C2=C1C=CC=C2,-2.67
CC1(C)SCC(COC(N)=O)S1,-2.22
NC(=O)OCC1COC2(CCCCC2)O1,-1.89
NC(=O)OCC1CSC2(CCCCC2)S1,-3.52
CC1=CC2=CC3=C(C=C2O1)OC(=O)C=C3C,-5.23
CC1=CC2=CC=CC(O)=C2N=C1C,-3.32
C1=CC2=C(C=C1)C1=C(C=NC=C1)N2,-3.73
O=S(=O)(C1=CC=CC=C1)N(Br)Br,-3.28
NC(=O)OCC1CSC2(CCCCC2)O1,-2.82
CC(C)C1OCC2(CO1)COC(C(C)C)OC2,-3.11
COC1=CC(OC)=CC(OC)=C1,-2.68
O=C(O)CCN1C=CC=CC1=O,-0.6
CC1(C)N=C(C2=CC=CC=C2)NC1=O,-0.85
C1=CC=C(CNC23OC4C5C6CC(C7C6C4C72)C53)C=C1,-3.4
CC1(C)OC(=O)C2=C1C=CC(C#N)=C2,-2.91
C=CCC1=CC=C2C=NC=NC2=C1O,-3.62
C1=CC2=C(C=C1)SC1=C(C=CC=C1)N2,-5.59
CC1=NC=CC2=C1NC1=C2C=CC=C1,-3.79
CCC1(CC)CCC(=O)NC1=O,-4.53
CCOC(=O)C1=CNC(=S)N=C1,-1.74
O=S1(=O)C2=C(C=CC=C2)C2=C1C=CC=C2,-4.57
CCC1(C)NC(=O)C(C)(CC)NC1=O,-1.92
O=C1C=CC2=NC3=C(C=CC=C3)SC2=C1,-3.72
CC1=CC=C(C2=NC3=C(C=CC=C3)S2)C=C1,-4.35
O=C1C=CC2=C(C=C3OC=CC3=C2)O1,-3.74
CC1=C(O)C(=O)C=CN1C1=CC=CC=C1,-2.03
CC1=CC=C(N2C=CC(=O)C(O)=C2C)C=C1,-3.22
CCCCCCCNC(=O)C1=CN=CC=C1,-3.2
CC1=NC(=O)C(C(N)=O)C(=O)N1,-2.41
O=C1NC(=O)C2=C(N1)NC(=O)N2,-3.62
O=C1NC(=S)C2=C(N1)NC(=O)N2,-4.04
O=C1CNC(=O)C2=C(C=CC=C2)N1,-2.85
CC(=O)NC1=CC2=C(C=C1)COC2=O,-2.6
CN1C2=C(C=CC=C2)C(=O)C2=C1C=CC=C2,-4.46
NC1=NC(=O)NN1C1=CC=CC=C1,-1.7
CC=CCC1(CC=CC)C(=O)NC(=O)NC1=O,-2.2
NC1=NC(=O)N(C2=CC=CC=C2)N1,-2.47
CCC1(CC)C(=O)NC(=S)NC1=O,-2.32
CC1=CC(OC2=CC=CC=N2)=NN1C,-0.98
NC1=NN=C(C2=CC=C(O)C=C2)O1,-0.77
COC(=O)C1=CC2=CC3=C(OC(=O)C=C3C)C(C)=C2O1,-5.16
CC12CC(C)(NC(=O)N1)NC(=O)N2,-2.09
CCC1(CC)NC(=O)C(CC)(CC)NC1=O,-2.31
CC1=C(CC(=O)O)C(=O)NC(=O)N1,-2.31
CCN(CC)S(=O)N(CC)CC,-1.28
CC(C)C(NCCC#N)C(=O)O,-1.12
CCC(C)C(NCCC#N)C(=O)O,-0.98
CC(C(=O)O)N(CCC#N)CCC#N,-0.17
CCCCOP(=O)(OCCCC)OCCCC,-2.85
NCC(=O)NCC(=O)NCC(=O)O,-0.53
CC(C)CC(C(=O)O)N(CCC#N)CCC#N,-1.14
CC(O)C(O)C(O)C(O)C=NNC(N)=O,-0.7
NC(CSCCSCC(N)C(=O)O)C(=O)O,-2.85
NC(CSCCCSCC(N)C(=O)O)C(=O)O,-2.49
NC(CSCCCCSCC(N)C(=O)O)C(=O)O,-3.62
NC(CSCCCCCSCC(N)C(=O)O)C(=O)O,-2.91
NC(CSCCCCCCSCC(N)C(=O)O)C(=O)O,-2.77
NC1=C2NC(=O)N=C2NC(=O)N1,-3.46
CC(C)CC(NC(=O)C(C)NC(=O)CN)C(=O)NC(C(=O)O)C(C)C,-2.13
CCCCCCOC(=O)C(C)O,-1.14
CCC(C)C(NC(C)=O)C(=O)O,-0.69
CCCCC(NC(N)=O)C(=O)O,-2.16
CSCCC(NC(C)=O)C(=O)O,0.03
O=S(CCCl)CCS(=O)CCCl,-2.04
CC(SSC(C)C(=O)O)C(=O)O,-0.62
CC(C)CC(NC(=O)CN)C(=O)O,-0.43
CCC(SC(CC)C(=O)O)C(=O)O,-0.71
CC(SCSC(C)C(=O)O)C(=O)O,-1.82
CSC(CCC(SC)C(=O)O)C(=O)O,-2.89
CC(C)C(N)C(=O)NC(C(=O)O)C(C)C,-0.4
NC(CSCC(N)C(=O)O)C(=O)O,-2.56
CC(C)CC(N)C(=O)NC(C(=O)O)C(C)C,-0.17
CC(=O)NC(CCC(=O)O)C(=O)O,-0.71
NC(=O)NN=CC(O)C(O)C(O)CO,0.02
CCSC(=S)OC(CC(=O)O)C(=O)O,-1.29
CCOC(=S)SC(CC(N)=O)C(=O)O,-1.7
CCOC(=S)SC(CC(=O)O)C(=O)O,-1.19
CCSC(CCC(SCC)C(=O)O)C(=O)O,-1.36
CC(C)CC(N)C(=O)NC(CC(C)C)C(=O)O,-0.69
NC(CCSSCCC(N)C(=O)O)C(=O)O,-3.12
C=CCSC(CCC(SCC=C)C(=O)O)C(=O)O,-2.2
CC(C)CC(N)C(=O)NCC(=O)NCC(=O)O,0.31
CC(C)CC(Br)C(=O)NC(C)C(=O)NC(C)C(=O)O,-1.43
CC(C)CC(NC(=O)CNC(=O)CN)C(=O)O,-0.11
COC(OC(C)=O)C(OC(C)=O)C(OC(C)=O)C(COC(C)=O)OC(C)=O,-1.82
NS(=O)(=O)C1=NC2=C(C=CC=C2)S1,-2.63
OC(=S)CCCCCCC(O)=S,-2.24
CCCC(=O)NNC(=O)CCC,-1
CCN(CC)S(=O)(=O)N(CC)CC,-1.14
CCCCCCCCCCOC(=O)C(C)O,-3.06
NC(=O)NCCCCCC(=O)O,-2.16
OC(=S)CCCCCCCC(O)=S,-2.39
OC(=S)CCCCCCCCC(O)=S,-3.07
COC(=O)C(C#N)C(=O)CC(C)C,-2.73
CCCCC(=O)NNC(=O)CCCC,-2.16
CCOC(=O)CNC(C)=CC(C)=O,-0.59
CC1(C)NC(=O)N(CC2=CC=CC=C2)C1=O,-1.8
CCCCCCCCOC(=O)C(C)OC(C)=O,-3.39
COC1=CC2=C(C=C1)C1=C(N2)C(C)=NC=C1,-4.48
CCCC(C)(COC(N)=O)COC(N)=O,-1.74
CC(C=NNC(N)=O)=NNC(N)=O,-1.95
CCCCS(=O)(=O)NS(=O)(=O)CCCC,-0.76
CC(O)C(=O)NCCCCCCNC(=O)C(C)O,-0.7
CCCCCCS(=O)(=O)NS(=O)(=O)CCCCCC,-2.2
CC(=O)OC(OC(C)=O)C(OC(C)=O)OC(C)=O,-2.1
O=C(NCCCCCCNC(=O)OCCO)OCCO,-0.92
CCCCCCOC(=O)CCCCCCCCC(=O)OCCCCCC,-4.57
CCCS(=O)(=O)C(S(=O)(=O)CCC)S(=O)(=O)CCC,-1.95
O=C(NCCCCCCNC(=O)OCCCCO)OCCCCO,-1.93
CCCCS(=O)(=O)C(S(=O)(=O)CCCC)S(=O)(=O)CCCC,-2.97
NC1=NC2=C(N=CC(=O)N2)C(=O)N1,-4.55
CC1=NC2=C(N=CNC2=O)NC1=O,-2.15
O=C(O)C1=CC(N=NC2=CC=C(O)C=C2)=C(Cl)C=C1,-4.08
CC(=NNC(=O)C1=NC=CS1)C(=O)O,-1.93
O=C1C=NC2=C(N1)C(=O)NC(=O)N2,-3.13
O=C(O)C1=CC=CC(N=NC2=CC=C(O)C=C2)=C1,-3.85
O=C(O)C1=C(N=NC2=CC=C(O)C=C2)C=CC=C1,-3.33
CCCCCCCCN(C)N=NC1=CC=C(C(=O)O)C=C1,-3.77
O=C(O)C1=C(N=NC2=CC=C(O)C=C2)C=CC(Cl)=C1,-3.86
CC(=NNC(=O)C1=CC=NC=C1)C(=O)O,-3.31
CN1C(=O)NC2=C1NC(=O)NC2=O,-3.94
COC1=C(OC)C2=C(COC2=O)C(N)=C1,-2.08
O=C(C1=CC=CC=C1)C(F)(F)F,-1.16
CC1=C(C(=O)CCl)C=C(C(C)C)C(O)=C1,-2.58
OC1=C(Cl)C(Cl)=C(Cl)C(Cl)=C1O,-3.55
COP(=O)(OC)OC(=CCl)C1=C(Cl)C=C(Cl)C(Cl)=C1,-4.52
CCOC(=O)N1CC(C)N(C(N)=O)CC1C,-0.55
O=C1C=CC2=C(O1)C(O)=C1OC=CC1=C2,-3.22
O=C1OC(C2=CC=C(Br)C=C2)C(Br)C1=O,-3.05
O=C1NC(=S)SC1=CC1=CC(O)=C(O)C=C1,-3.34
COC(=O)C1=CC=C(C(=O)O)C=C1,-2.97
CC12CCC3C4=C(C=C(O)C=C4)CCC3C1CCC2=O,-5.11
NNC(=O)C1=CC2=C(C=C1)OCO2,-0.6
CCN(CC)C1=CC2=C(C=C1)C(C)=CC(=O)O2,-4
NC1=C2C=CC=NC2=C(S(=O)(=O)O)C=C1,-2.71
NC1=C(S(=O)(=O)O)C=CC2=C1C=CC=N2,-2.5
COC1=CC=C(Cl)C(OC)=C1O,-1.56
CCC1(CCO)C(=O)NC(=S)NC1=O,-1.47
COC1=C2C=COC2=CC2=C1C=CC(=O)O2,-3.6
NC1=CC=C(S(=O)(=O)N=C2CC=CN2)C=C1,-1.69
COC1=C2OC=CC2=CC2=C1OC(=O)C=C2,-3.52
CC1=CC(=O)N(O)C2=C1C1=C(C=CC=C1)C=C2,-4
O=C(O)CSC(=S)OCC1=CC=CC=C1,-2.68
CCCC1(CCC)C(=O)NC(=O)NC1=O,-2.53
CCCCCOC(=O)C1=C(C(=O)OCCCCC)C=CC=C1,-3.49
NC(=O)CNC(=O)CNC(=O)OCC1=CC=CC=C1,-2.35
CCC(=O)C(CCCCCCOC1=C(Cl)C=C(OC)C=C1)C(=O)CC,-5.27
CCCCC1(CC)C(=O)NC(=O)NC1=O,-1.67
CC(=O)C1=C(C(=O)O)C(C(=O)O)=CN=C1C,-1.35
CC(CCC(=O)O)=NNC(=O)C1=NC=CS1,-1.73
CC1=C(C(C)C)C(=O)N(C2=CC=CC=C2)N1C,-1.91
CC(=NO)C(=NO)C1=CC=CC=C1,-2.3
COC1=C(OCC(O)CO)C=CC=C1,-0.73
OCCOC1=CC=CC(OCCO)=C1,-1.02
CC(=O)CC(C)=NCCN=C(C)CC(C)=O,-2.83
COC1=CC=C(C=CC(=O)C2=C(O)C=CC=C2)C=C1,-5.7
CC1=CC(C)=NC(OC2=NN(C)C(C)=C2)=N1,-1.52
NC(=O)CNC(=O)OCC1=CC=CC=C1,-1.88
COC1=CC2=C(C=C1)NC=C2CCNC(C)=O,-5.09
CC12CCC3(O)C(CCC4=CC(=O)CCC43C)C1CCC2=O,-2.68
CC(CCC(=O)O)=NNC(=O)C1=CC=NC=C1,-1.59
CCC=C(C)C1(CC)C(=O)NC(=O)NC1=O,-2.31
CC(C)CC1(CCO)C(=O)NC(=S)NC1=O,-2.62
O=S(=O)(C1CCCCC1)C1CCCCC1,-2.06
CCCC1(CCO)C(=O)NC(=S)NC1=O,-1.61
COC1=CC=C2C=C(CCC(C)=O)C=CC2=C1,-1.46
CC(C)(NC(=O)C1=CC=CC=C1)C(=O)O,-0.76
COC1=C(OC)C2=C(COC2=O)C(C#N)=C1,-3.48
O=C(O)C1=C(C(=O)C2=CC=C(O)C=C2)C=CC=C1,-2.73
NC(=O)NS(=O)(=O)C1=CC=C(N)C=C1,-1.97
CCOC(=O)C(C)(C)NC(=O)C1=CC=CC=C1,-1.19
CCOC(=O)OC1=CC=C(NC(C)=O)C=C1,-2.67
CC1(C(=O)O)NCCC2=C1C=C(O)C(O)=C2,-0.75
CCC(C)(C(=O)O)N1C(=O)C2=C(C=CC=C2)C1=O,-1.91
COC1=CC=C(C(O)C(O)C2=CC=CC=C2)C=C1,-1.39
CC(=O)NC(COC(=O)C1=CC=CC=C1)C(=O)O,-3.22
NC(CC1=CC=C(O)C=C1)C(=O)NCC(=O)O,-1.1
COC1=CC=C(CC2NC(=O)N(C)C2=O)C=C1,-0.89
O=C(O)C(OC1=C(Cl)C=CC=C1)OC1=C(Cl)C=CC=C1,-2.83
CCNC(=S)N1CCN(C(=O)OCC)CC1,-1.79
O=C(NC(=O)C1=C(F)C=CC=C1F)NC1=CC=C(Cl)C=C1,-6.54
CNC(=S)NC1C(=O)NC(=O)NC1=O,-0.46
CC(C)CC(NC(=O)OCC1C2=C(C=CC=C2)C2=C1C=CC=C2)C(=O)O,-3.74
CC(=O)NS(=O)(=O)C1=CC=C(NC(=O)C2=C(C(=O)O)C=CC=C2)C=C1,-2.52
CCCCC(CCCC)(CCCC)C(=O)NO,-4.16
COC(=O)C1=CC=C(N(C)C)C=C1,-3.05
COC1=CC=CC(C(=O)O)=C1OC,-2.14
NS(=O)(=O)C1=CC=C(NO)C=C1,-0.84
O=S(=O)(O)C1=CC2=C(C=C1)OC1=C2C=CC=C1,-0.47
O=C(C1=CC=CC=C1)N(O)C1=CC=CC=C1,-2.73
CC(=O)NC(CC1=CC=CC=C1)C(=O)O,-1.41
CC(C)C1=CC=C(NC(=O)N(C)C)C=C1,-3.5
CCOC(=O)C(CC1=CC=CC=C1)NC(C)=O,-1.86
CCN(CC)CC(=O)NC1=C(C)C=CC=C1C,-1.78
CC(C(=O)O)C1=CC=CC(C(=O)C2=CC=CC=C2)=C1,-3.47
CC1=CC2=CC3=C(OC(=O)C=C3C)C(C)=C2O1,-5.28
CCOC(=O)C(CC1=CC=C(O)C=C1)NC(=O)C1=CC=CC=C1,-3.33
CC1=CC=C(S(=O)(=O)NC(CCC(=O)O)C(=O)O)C=C1,-0.93
CCN(CC)C(=O)CN1C=C(Br)C(=O)C(Br)=C1,-2.31
CCN(CC)C(=O)CN1C=C(I)C(=O)C(I)=C1,-3.18
O=S(=O)(O)C1=C2C=CC=NC2=C(O)C(I)=C1,-2.2
C=CCC1(C(C)CCC)C(=O)NC(=O)NC1=O,-2.36
CCCCC(CC)CC(CC)(CC)C(=O)NO,-3.35
CCCCCCCCC(CC)(CC)C(=O)NO,-5.22
CC(C)CC(CC(C)C)(CC(C)C)C(=O)NO,-4
CCCCCCC(CCC)(CCC)C(=O)NO,-2.82
CCCCCCCCCCC(C)(C)C(=O)NO,-4.8
COC1=C(O)C=CC(C(=O)CO)=C1,-1.78
CCCCC1(CCO)C(=O)NC(=S)NC1=O,-2.17
O=C(O)CC1(O)CC(=O)N(C2=CC=CC=C2)C1=O,-0.68
CCC(CC)(CC1=CC=C(C)C=C1)C(=O)NO,-3.35
O=C(NC(CO)C(=O)O)C1=CC=CC=C1,-0.91
O=C1NC=C(NS(=O)(=O)O)C(=O)N1,-1.77
CCCC(CCC)(C(=O)NO)C1=CC=CC=C1,-2.89
CC1=CC(C)=C(CC(C)(C)C(=O)NO)C(C)=C1,-3.52
CN(CC(=O)O)C(=S)SCC1=CC=CC=C1,-3.23
CCC1(CC)C(=O)N(C)N(C2=CC=CC=C2)C1=O,-2.69
CCCOC(=O)C1=C(C(=O)OCCC)C=CC=C1,-3.82
CCCCCCCOC(=O)C1=C(C(=O)OCCCCCCC)C=CC=C1,-8.56
CCCCCCCCNCC(O)CO,-2.22
CCCCCCCCCNCC(O)CO,-2.64
CCCCCCCCCCNCC(O)CO,-3.11
CNCC(O)C1=CC(O)=C(O)C=C1,-0.96
CC(C)CCC1(CCO)C(=O)NC(=S)NC1=O,-2.56
CCCCCC1(CCO)C(=O)NC(=S)NC1=O,-2.38
O=C(O)CN1C(=O)NC(=O)C1CC1=CC=CC=C1,-1.79
NC(=O)NC1(O)NC(=O)NC1(O)C(=O)O,-0.37
CCCC(C)CC1(CCO)C(=O)NC(=S)NC1=O,-3.09
CCC(CC)CC1(CCO)C(=O)NC(=S)NC1=O,-3.14
NC1=CC=C(S(=O)(=O)NC2=CN=C(I)C=C2)C=C1,-1.81
CC1=C(NC(N)=O)C(=O)N(C2=CC=CC=C2)N1C,-1.52
CC12CCC3C4=C(C=C(O)C=C4)CCC3C1CC(O)C2O,-4
COC1=CC(Cl)=C(Cl)C(Cl)=C1O,-3.66
CN1C(=O)NC(=O)C(C)(C2=CCCCC2)C1=O,-2.91
CC(=O)C(OC1=C(Cl)C=CC=C1)C(=O)O,-2.1
O=C1C=CC2=C(C=CC=C2)C1=NO,-2.94
CC(=O)NC1=CC2=C(C=C1)N=C(S(N)(=O)=O)S2,-3.16
O=C(O)CSC(CC(=O)O)C1=CC=CC=C1,-1.55
COC1=CC(C(=O)C=CC2=CC=CC=C2)=C(O)C=C1,-6
COC(=O)C1=CC(Br)=C(O)C=C1,-3.17
CCC1=NN=C(NS(=O)(=O)C2=CC=C(N)C=C2)S1,-3.12
O=C(O)C1=C(C(=O)OCCOC(=O)C2=C(C(=O)O)C=CC=C2)C=CC=C1,-2.83
CC(=O)CC(C)=NC1=CC=C(O)C=C1,-3.59
CCC1(CC)C(=O)N(C2=CC=CC=C2)N=C1OC(C)=O,-3.54
COC(=O)C1=CC(O)=C(OC)C(O)=C1,-1.6
NC1=CC=C2C(O)=CC=CC2=C1S(=O)(=O)O,-2.06
NC1=CC2=C(S(=O)(=O)O)C=CC=C2C=C1,-2.54
CC(=O)NC(CC1=CC=C(O)C=C1)C(=O)O,0.01
NCC(=O)NC(CC1=CC=C(O)C=C1)C(=O)O,-0.73
CC(=O)CC(C)=NC1=C(O)C=CC=C1,-3.55
NC1=C(C=NC2=C(O)C=CC=C2)C=CC=C1,-3.64
COS(=O)(=O)C1=CC=C(C(=O)O)C=C1,-3.05
NC1=C(C(=O)OCC=CC2=CC=CC=C2)C=CC=C1,-6.04
NC(C(=O)NCC(=O)O)C1=CC=CC=C1,-1.41
CC(=O)CC(C)=NC1=CC=C(N=C(C)CC(C)=O)C=C1,-1.89
O=C(O)CN(C(=S)SCC1=CC=CC=C1)C1=CC=CC=C1,-3.92
COC(=O)C(CC1=CC=CC=C1)NC(=O)C(CC(=O)O)NC(=O)C(F)(F)F,-2.66
NC1=CC(=O)C(=O)C2=C1C=CC=C2,-3.84
CC(=O)NC1=CC2=C(C=C1)C1=C(C=CC=C1)C2,-4.24
N#CCCNC(CC1=CC=CC=C1)C(=O)O,-1.49
CCCN(CCC)S(=O)(=O)C1=CC=C(C(=O)O)C=C1,-4.02
CCNC(=O)NC1=C(C)N(C)N(C2=CC=CC=C2)C1=O,-1.83
CC1=CC=C(C(=O)N(O)C2=CC=C(Cl)C=C2)C=C1,-4.42
O=C(O)C1=CC=C(P(=O)(C2=CC=CC=C2)C2=CC=C(C(=O)O)C=C2)C=C1,-6.01
NS(=O)(=O)C1=C(C2=NC3=C(C=CC=C3)C(=O)N2)C=CC=C1,-3.08
CC(C)=NNC(=O)NC1C2=C(C=CC=C2)OC2=C1C=CC=C2,-4.17
NC1C(O)C(O)C(O)C(O)C1O,-1.41
O=C(O)C=CC(=O)NC1=CC=CC=C1,-2.72
O=C(O)C1=CC=C(P(=O)(O)C2=CC=CC=C2)C=C1,-4.07
CC(=O)NC1=CC=C(S(=O)(=O)NC2=NC(C)=CS2)C=C1,-4.15
NC1=CC=C(S(=O)(=O)NC2=NC3=C(C=N2)CCCC3)C=C1,-3.65
CN1C(=O)C(CC2=CC=C(O)C=C2)N(CC(=O)O)C1=O,-0.05
CC(C)CC(N)C(=O)NC(CC1=CC=C(O)C=C1)C(=O)O,-1.58
CN(C)CCNC(=O)NC1CCCCC1,-0.66
CCN(CC)CC(C)OC(=O)C1=CC=C(N)C=C1,-2.35
CCN(CC)C(C)COC(=O)C1=CC=C(N)C=C1,-2.38
CC(C)CC(NC(=O)C(N)CC1=CC=C(O)C=C1)C(=O)O,-2.07
CCCCNC(=O)NC1=C(C)N(C)N(C2=CC=CC=C2)C1=O,-1.63
CC1C(=O)CCC2C(O)CCC(O)C12,-0.3
CC(C)(C)CC(C)(C)C1CC/C(=N/O)/C(=N\O)/C1,-6.41
CNC(CC1=CC(O)=C(O)C=C1)C(=O)O,-1.02
CC(=O)NC(CSC1=CC(Cl)=C(Cl)C=C1)C(=O)O,-2.89
CC(=O)NC(CSC1=C(Cl)C=CC=C1Cl)C(=O)O,-2.31
N#CCCN(CCC#N)C(CC1=CC=C(O)C=C1)C(=O)O,-1.68
CC12CCC(=O)C=C1CCC1C2CCC2(C)C(OC(=O)CCC(=O)O)CCC12,-5.08
O=C(O)CN1C(=O)N(C2=CC=CC=C2)C(=O)C1CC1=CC=CC=C1,-2.91
CC1(C)C(=O)C(=O)C2CCC1C2,-1.52
CCOC(=O)C(O)C1=CC=CC=C1,-1.26
CC12CCC(CC1=O)C2(C)C(=O)O,-1.78
CC12CCC(C(=NO)C1=NO)C2(C)C,-2.52
CC(C(=O)O)S(=O)(=O)C1=CC=CC=C1,-0.89
CC(O)C(NC(=O)C1=CC=CC=C1)C(=O)O,-1.23
O=C(O)CSC(C(=O)O)C1=CC=CC=C1,-1.23
CC(CC(=O)NC1=CC=CC=C1)C(=O)O,0.39
CC(C(=O)N(C)C)S(=O)(=O)C1=CC=CC=C1,-0.87
COC(C)C(NC(=O)C1=CC=CC=C1)C(=O)O,-1.74
O=C(O)CNC(CC1=CC=CC=C1)C(=O)O,-2.16
CC(OC1=C(Cl)C=C(Cl)C(Cl)=C1)C(=O)O,-3.55
O=C(O)CNC(CC1=CC=C(O)C=C1)C(=O)O,-2.59
CC(=O)C=C(C)NC1CCCCC1NC(C)=CC(C)=O,-2.11
OCC(O)C(O)C(O)C=NN(C1=CC=CC=C1)C1=CC=CC=C1,-3.1
CC(O)C1(O)CCC2C3CCC4=CC(=O)CCC4(C)C3CCC21C,-4.16
CC1=CC=C(C2(O)CCN(CCCC(=O)C3=CC=C(F)C=C3)CC2)C=C1,-4.35
CC(CCC(=O)O)C1CCC2C3CC(O)C4CC(O)CCC4(C)C3CCC12C,-4.82
O=C(O)C(SCCSC(C(=O)O)C1=CC=CC=C1)C1=CC=CC=C1,-3.41
NC(CC1=CC=C(O)C=C1)C(=O)NCC(=O)NCC(=O)O,-1.47
CC1=C(NC(=O)NC2=CC=CC=C2)C(=O)N(C2=CC=CC=C2)N1C,-2.3
CC1=C(O)C=CC(C(=O)CC(C)C)=C1,-1.98
CC1CCC(C)C(=NO)C1=NO,-1.32
CCC1CCC(=NO)C(=NO)C1,-1.83
COC1=CC(O)=C(CC=C(C)C)C2=C1C(=O)CC(C1=CC=C(O)C=C1)O2,-5.44
CCOC(=O)C1=CC(Br)=C(O)C=C1,-3.39
NC(=O)CC1=CC=C(C2=CC=CC=C2)C=C1,-3.33
CCCOC(=O)C1=CC(Cl)=C(O)C=C1,-3.38
CCCOC(=O)C1=CC(Br)=C(O)C=C1,-3.51
O=S1(=O)OC(C2=CC=C(O)C=C2)(C2=CC=C(O)C=C2)C2=C1C=CC=C2,-3.07
COC1=CC=C(N(C)C(N)=O)C=C1,-1.16
NC(=O)NN=CCOC1CCCCC1,-1.74
CCOC1=CC=C(N(C)C(N)=O)C=C1,-1.66
COC1=C(S(N)(=O)=O)C=C(C)C=C1,-1.53
CCCCOC(=O)C1=CC(Cl)=C(O)C=C1,-3.51
CCCCOC(=O)C1=CC(Br)=C(O)C=C1,-3.67
CC1=C(OCC(O)=S)C=CC(Cl)=C1,-3.16
CCCCCOC(=O)C1=CC(Cl)=C(O)C=C1,-3.95
CCCCCOC(=O)C1=CC(Br)=C(O)C=C1,-4.1
CCCCCOC(=O)C1=CC(I)=C(O)C=C1,-4.22
CC(C(N)=O)S(=O)(=O)C1=CC=CC=C1,-1.64
CCOC1=CC=C(N(CC)C(N)=O)C=C1,-1.85
OC(=S)COC1=C(Cl)C=C(Cl)C=C1,-2.69
CCCCCCOC(=O)C1=CC(Cl)=C(O)C=C1,-4.09
CCCCCCOC(=O)C1=CC(Br)=C(O)C=C1,-4.22
CCCCCCOC(=O)C1=CC(I)=C(O)C=C1,-4.43
COC1=CC=CC(OCC(O)CO)=C1OC,-3
COC1=C(O)C(OC)=C(Cl)C(Cl)=C1Cl,-3.41
CN(C)C1=C(C(=O)O)C=C(C(=O)O)C=C1,-2.02
CCCCCCCOC(=O)C1=CC(Cl)=C(O)C=C1,-4.23
CCCCCCCOC(=O)C1=CC(Br)=C(O)C=C1,-4.42
CCCCCCCOC(=O)C1=CC(I)=C(O)C=C1,-4.56
COC1=CC(C(=O)O)=C(C(=O)O)C=C1O,-1.21
O=S(=O)(C1=CC(O)=CC=C1)C1=C(O)C=CC=C1,-2.29
O=S(=O)(C1=CC(O)=CC=C1)C1=CC(O)=CC=C1,-2.33
CS(=O)(=O)NS(=O)(=O)C1CCCCC1,-0.33
CCCCCCCCOC(=O)C1=CC(Cl)=C(O)C=C1,-4.38
CCCCCCCCOC(=O)C1=CC(Br)=C(O)C=C1,-4.52
CCCCCCCCOC(=O)C1=CC(I)=C(O)C=C1,-4.67
CCN(CC)C(C)C(C)OC(=O)C1=CC=C(N)C=C1,-3.42
OC(=S)COC1=C(Cl)C=C(Cl)C(Cl)=C1,-2.96
CC(=O)OC1C(C2COC(C)(C)O2)OC2OC(C)(C)OC21,-1.52
O=C(NC1=CC=CC=C1)C(O)COC1=CC=CC=C1,-2.41
CCOC1=C(C(=O)N(O)C2=CC=CC=C2)C=CC=C1,-3.37
NCCNC1=CC=C(S(=O)(=O)C2=CC=C(N)C=C2)C=C1,-2.35
NC1=CC=C(S(=O)(=O)NC(CO)(CO)CO)C=C1,-1.4
CNC(=N)NS(=O)(=O)C1=CC2=C(C=CC=C2)C=C1,-3.1
CC(C)(NC(=O)C1=CC=CC=C1)C(=O)NCC(=O)O,-0.56
O=C(O)C1=C(N=NC2=CC=C(O)C=C2)C=CC=C1Cl,-3
CCOC(=O)CC1=C(C)N=C(NS(=O)(=O)C2=CC=C(N)C=C2)S1,-2.88
CC1=C(NS(=O)(=O)C2=CC=C(N)C=C2)C2=C(C=CC=C2)C=C1,-4.5
CC1=CC=C(NC(=O)C(O)(O)C(=O)NC2=CC=C(C)C=C2)C=C1,-3.1
O=C(O)C(NCCCCCNC(C(=O)O)C1=CC=CC=C1)C1=CC=CC=C1,-2.02
NC1=NC2=C(N=CN2C2C=CC(CO)C2)C(O)=N1,-2.3
NS(=O)(=O)C1=CC(S(=O)(=O)C2=CC=C(O)C=C2)=CO1,-2.4
NS(=O)(=O)C1=CC(S(=O)(=O)C2=CC=C(O)C=C2)=CS1,-3.03
COC1=CC=C(S(=O)(=O)C2=COC(S(N)(=O)=O)=C2)C=C1,-3.02
COC1=CC=C(S(=O)(=O)C2=CSC(S(N)(=O)=O)=C2)C=C1,-4.22
NS(=O)(=O)C1=CC(S(=O)(=O)C2=CC(O)=CC=C2)=CS1,-2.72
NC(CCCCNC(=O)OCC1C2=C(C=CC=C2)C2=C1C=CC=C2)C(=O)O,-3
CN1CCC(=C2C3=C(C=CC=C3)C=CC3=C2C=CC=C3)CC1,-3.09
CC(C)CNCC1=CC=C(S(=O)(=O)C2=CSC(S(N)(=O)=O)=C2)C=C1,-1.16
CC1=CC=C(S(=O)(=O)NCl)C=C1,-0.36
COC1=C(Cl)C=C(Cl)C(OC)=C1O,-2.96
CC1=CC2OC3CC(O)C(C)(C2(CO)CC1)C31CO1,-2.61
CC(C)(C)N1C=C(C(=O)O)C(=O)C2=C1C=C(N1CCNCC1)C(F)=C2,-3.43
CN1CC2C3=C(C=CC=C3)OC3=C(C=C(Cl)C=C3)C2C1,-2.13
C#CC1CN2CCC1CC2C(O)C1=CC=NC2=C1C=C(OC)C=C2,-2.12
CCCCCCCCCCSC(=N)N,-2.71
CCOC(=O)N1CCN(C)CC1,1.13
CCOC(=O)N1CC(C)NCC1C,0.65
CC1=CC2=C(N)C3=C(C=CC=C3)N=C2C=C1,-2.39
CS(=O)(=O)C1=CC=C(C(=N)N)C=C1,-1.38
CC1CN(C(=N)N)C(C)CN1C(=N)N,0.02
NC1=C2C=C(F)C=CC2=NC2=C1C=CC=C2,-2.4
NC1=C2C=CC(F)=CC2=NC2=C1C=CC=C2,-2.12
NC1=C2C=CC=C(F)C2=NC2=C1C=CC=C2,-1.66
NC1=C2C(F)=CC=CC2=NC2=C1C=CC=C2,-0.95
NC1=C2C(Cl)=CC=CC2=NC2=C1C=CC=C2,-1.58
CCCCCCCCCCN1CCCCC1,-1.53
NC1=C2C=C(Cl)C=CC2=NC2=C1C=CC=C2,-2.42
NC1=C2C=CC(Cl)=CC2=NC2=C1C=CC=C2,-1.73
CCN(CC)NC(=O)NC1=C(C)C=CC=C1C,-1.09
OC(C1=CC=CC=C1)(C1=CC=CC=C1)C1CCNCC1,-1.39
C1CCC(NCCNC2CCCCC2)CC1,-0.98
NC1=C2C=CC=CC2=NC2=CC=CC(C(F)(F)F)=C21,-2.48
CC(CCNCCNCCC(C)CC(C)(C)C)CC(C)(C)C,-2.24
OC(CN1CCCCC1)C1=C2C=CC=CC2=C(Cl)C=C1,-1.55
NC1=C2C=CC(C(F)(F)F)=CC2=NC2=C1C=CC=C2,-2.17
CCN(CC)CCC(C)(O)C1=C2C=CC=CC2=C(OC)C=C1,-1.68
N=C(N)C1=CC=C(CCC2=CC=C(C(=N)N)O2)O1,-1.02
CCOC1=CC=C(C(=O)OCCNC(C)C2=CC=CC=C2)C=C1,-1.49
CC1=C(NC(=O)C(=O)C(=O)NC2=C(C)C=CC=C2)C=CC=C1,-2.2
O=C(CCCN1CCC(O)(C2=CC=CC=C2)CC1)C1=CC=CC=C1,-2.68
CC1=CC=C(C2(O)CCN(CCCC(=O)C3=CC=CC=C3)CC2)C=C1,-1.62
CN(C)CC1CC2C3CC=C4CC(O)CCC4(C)C3CCC2(C)C1=O,-1.49
O=C(CCCN1CCC(O)(C2=CC=C(F)C=C2)CC1)C1=CC=CC=C1,-2.97
O=C(CCCN1CCC(O)(C2=CC=C(Cl)C=C2)CC1)C1=CC=CC=C1,-3.35
NC1=CC(S(=O)(=O)O)=CC(C(=O)O)=C1,-0.94
OC1=C(S(=O)(=O)O)C(=O)C2=C1C=CC=C2,-2.23
OC(C1=CC=CC=C1)(C1=CC=CC=C1)C1CCCCN1,-1.9
CC1=CC=CC(CN2CCN(C(C3=CC=CC=C3)C3=CC=C(Cl)C=C3)CC2)=C1,-4.63
O=C(CCCN1CCC(O)(C2=CC=C(F)C=C2)CC1)C1=CC=C(F)C=C1,-2.83
CN1CCC23C4=C5C=CC(OCC6=CC=CC=C6)=C4OC2CCCC3C1C5,-4.22
CC(SC1=CC=CC=C1)S(=O)(=O)O,-0.49
O=S(=O)(O)CCSC1=CC=CC=C1,-1.53
NC1=CC=C(S(=O)(=O)NC2=C(C(=O)O)C=CC=C2)C=C1,-0.8
CN1CCC23C=CC=CC2C1CC1=C3C(O)=C(O)C=C1,-1.72
COCOC1=C2OC3C(O)CCC4C5CC(=C2C43CCN5C)C=C1,-1.96
CN(C)CC(O)C1=C2C=CC=CC2=C(Cl)C=C1,-1.22
NC1=CC=C(S(=O)(=O)NC2=NC=CC=N2)C=C1,-2.16
COC1=C2OC3C(OC(C)=O)C=CC4C5CC(=C2C43CCN5C)C=C1,-1.3
O=C(OCC1=CC=CC=C1)C(OS(=O)(=O)O)C1=CC=CC=C1,-1.5
N=C(N)NN=C1C=CC(=NNC(=N)N)C2=C1C=CC=C2,-3.29
CN(C)C(=O)C1=CC=C(Cl)C=C1,-1
COC1=CC=C(C(=O)NN)C=C1,-1.15
COC1=CC=C(CN(CCN(C)C)C2=NC=CC=N2)C=C1,-2.99
COC1=C2OC3C(OC(C)=O)CCC4C5CC(=C2C43CCN5C)C=C1,-1.75
CC(C)CCOC(=O)C1CN2CCC1CC2C(O)C1=CC=NC2=C1C=CC=C2,-1.41
CC1=C(S(=O)(=O)O)C=CC(O)=C1,-0.29
C=CCC1=C(OCC(O)CNC(C)C)C=CC=C1,-2.88
CN(C)CCCOC1(CC2=CC=CC=C2)CCCCCC1,-1.62
COC(=O)C(CO)NC(=O)C(Cl)Cl,-0.06
O=C(C1=CC=CC=C1)C1=CC=C2C(C(=O)O)CCN12,-3.26
CCN(CC)C(C)CN1C2=C(C=CC=C2)SC2=C1C=CC=C2,-2.15
CCOP(=O)(CC1=CC=C(C2=NC3=C(C=CC=C3)S2)C=C1)N1CCCC1=O,-3.73
CCOC(=O)CC1=CC=C(C2=NC3=C(C=CC=C3)S2)C=C1,-4.36
CC(C)CC(NC(=O)C(N)CC1=CNC2=C1C=CC=C2)C(=O)O,-1.76
CC(C)(CF)N1C=C(C(=O)O)C(=O)C2=C1C=C(N1CCNCC1)C(F)=C2,-2.6
O=C(O)C1=CN(C2CC2)C2=C(C=C(F)C(N3CC4CC3CN4)=C2)C1=O,-3.65
C#CCC(NC(=O)OC(C)(C)C)C(=O)NCC(=O)OC,-1.45
CCOC(=O)C1=C(C)NC(C)=C(C(=O)OC)C1C1=C(Cl)C(Cl)=CC=C1,-5.68
O=C(O)C1OC(C2=CC=CC=C2)OC1C1COC(C2=CC=CC=C2)O1,-2.45
CC1=CC=C(C2=C(CC(=O)N(C)C)N3C=C(C)C=CC3=N2)C=C1,-1.3
COC(=O)C(C)C1=CC2=CC=C(OC)C=C2C=C1,-4.78
CCCC1=CC(=O)N(CCC(=O)O)C=C1,-2.11
O=C(O)CCCCCN1C=CC=CC1=O,-0.64
CCCCCCCC1=CC(=O)N(CCC(=O)O)C=C1,-4.4
CCCCOC(=O)C1=C(C(=O)OCC(CC)CCCC)C=CC=C1,-7.22
CC1CCC(C(C)C)C2=C1C=NC(NS(=O)(=O)C1=CC=C(N)C=C1)=N2,-4.18
COC1=C2OC=CC2=C(CN)C2=C1OC(=O)C=C2,-0.9
CC(NC(=O)CC1=CC=CC=C1)C1=CC=CC=C1,-3.19
CCOC1=CC(=O)C2(OC3=C(C2=O)C(OC)=CC(OC)=C3Cl)C(C)C1,-4.6
CCN(CC)CCCC(C)NC1=C2C=C(OC)C=CC2=NC2=C1C=CC(Cl)=C2,-2.64
CCCOC1=CC(=O)C2(OC3=C(C2=O)C(OC)=CC(OC)=C3Cl)C(C)C1,-5.22
CCCN1C=C(C(=O)O)C(=O)C2=C1C=C(N1CCNCC1)C(F)=C2,-3.57
CC1=NC=C(CO)C(C=NC(C(=O)O)C(C)C)=C1O,-1.6
CC1(C)SC2C(NC(=O)CC3=CC=CC=C3)C(=O)N2C1C(=O)O,-1.63
NC(=S)NS(=O)(=O)C1=CC=C(N)C=C1,-2.24
CN(C)CCOC(C)(C1=CC=CC=C1)C1=CC=CC=N1,-2.82
CC1=CC=NC(NS(=O)(=O)C2=CC=C(N)C=C2)=N1,-2.63
NS(=O)(=O)C1=CC=C(NC(=O)CCC(=O)O)C=C1,-2.03
CCC1=C2C=CC=CC2=NC(CN)=C1C,-1.48
CCCCCCCCSC(=N)N,0.16
COC1=CC2=C(C=C1)N(C(=O)C1=CC=C(Cl)C=C1)C(C)=C2CC(=O)O,-4.77
O=S(=O)(N1CCCC1)N1CCCC1,-0.44
O=C(O)CC(O)CCC1=CCCC1=O,-0.4
O=C1NC(=O)N(CC2=CC=C(Cl)C=C2)C=C1F,-3.49
COC1=CC=C(CN2C=C(F)C(=O)NC2=O)C=C1,-2.75
CC1=CC(=O)OC2=C1C=C(C)C1=C2C2=C(CCCC2)O1,-5.09
CC12CCC(C3=C1N=C(NS(=O)(=O)C1=CC=C(N)C=C1)N=C3)C2(C)C,-4.08
OCCOC1=CC=C(OCCO)C=C1,-1.23
O=C(O)CN1CCCCS1(=O)=O,-0.59
CC1=CC=C2CN(C(N)=NO)CC3CCCC1=C23,-1.2
COC1=C2CCCC3CN(C(=N)N)CC(=C23)C=C1,-1.22
NC(=NO)N1CC2=CC=CC3=C2C(CCC3)C1,-1.35
CN(C)NC(=N)N1CC2=CC=CC3=CC=CC(=C32)C1,-1.07
CC(C)=NNC(=N)N1CC2=CC=CC3=CC=CC(=C32)C1,-2.48
NC(=NO)N1CC2=CC=CC3=C(Cl)C=CC(=C23)C1,-2
COC1=C2CCCC3CN(C(N)=NO)CC(=C23)C=C1,-1.78
COC1=CC2=C3C(=C1)C=CC=C3CN(C(N)=NO)C2,-1.21
CCCCOC1=CC(=O)C2(OC3=C(C2=O)C(OC)=CC(OC)=C3Cl)C(C)C1,-5.4
NC1=CC=C(N=C(N)N2CC3=CC=CC4=CC=CC(=C43)C2)C=C1,-1.83
CN(C)CC1=C(O)C=CC(C(=O)C2=CSC(S(N)(=O)=O)=C2)=C1,-1.54
CC(C)CNCC1=CC=C(C(=O)C2=CSC(S(N)(=O)=O)=C2)C=C1,-2.05
NS(=O)(=O)C1=CC(C(=O)C2=CC=C(CNCC3=CC=CC=C3)C=C2)=CS1,-3.37
CN=C(NC)N1CC2=CC=CC3=CC=CC(=C32)C1,-1.15
O=C1NC(=O)N(C2CCCO2)C=C1F,-1.01
CCOC1=CC(=O)CC(C)C12OC1=C(C2=O)C(OC)=CC(OC)=C1Cl,-5
O=C1NCCCC1N1C(=O)C2=C(C=CC=C2)S1(=O)=O,-2.64
O=C(O)C=CC1=CC2=C(C=C1)OCO2,-3.19
CCCCCCOC1=CC(O)=C(C(C)=NO)C=C1,-4.15
CCCCCCCCCCOC1=CC(O)=C(C(C)=NO)C=C1,-4.89
CCCCCCCCCCOC1=CC(O)=C(C(CC)=NO)C=C1,-4.06
CCCCCCOC1=CC(O)=C(C(=NO)C2=CC=CC=C2)C=C1,-3.47
CCOC1=CC(=O)CC(C)C12OC1=C(C2=O)C(OC)=CC(OCC)=C1Cl,-4.7
CCCOC1=CC(=O)CC(C)C12OC1=C(C2=O)C(OC)=CC(OC)=C1Cl,-4.52
O=C1NC(NC2=CC=CC=C2)=NC2=C1N=CN2,-4.12
CC1=CC=C(OCC(=O)NC2C(=O)N3C2SC(C)(C)C3C(=O)O)C=C1,-3.15
CCC(C)CN(C)N=NC1=CC=C(C(=O)O)C=C1,-1.79
NS(=O)(=O)C1=NC2=C(C=C(O)C=C2)S1,-2.5
O=C(C1=CC(F)=CC=C1)N(O)C1=CC=CC=C1,-2.6
O=C(NO)C1=C(N=CC2=CC=CC=N2)C=CC=C1,-3.21
CC1=C(N(O)C(=O)C2=CC(F)=CC=C2)C=CC=C1,-2.53
CC1=CC=CC(N(O)C(=O)CCC2=CC=CC=C2)=C1,-3.41
CC1=C(N(O)C(=O)CCC2=CC=CC=C2)C=CC=C1,-2.79
CCCCOC1=CC(=O)CC(C)C12OC1=C(C2=O)C(OC)=CC(OC)=C1Cl,-4.7
CCCCCCCC(=O)OC1C(O)C(O)OC(CO)C1O,-2.63
O=S1(=O)OC2(C3=C(C=CC(O)=C3)OC3=C2C=C(O)C=C3)C2=C1C=CC=C2,-3.5
COC1=CC(OC)=CC(C(=O)N(O)C2=CC=CC=C2)=C1,-3.1
CC1=CC=CC(N(O)C(=O)C2=C(Cl)C=C(Cl)C=C2)=C1,-4.47
CC1=C(N(O)C(=O)C2=C(Cl)C=C(Cl)C=C2)C=CC=C1,-4.17
COC1=CC(OC)=CC(C(=O)N(O)C2=C(C)C=CC=C2)=C1,-3.65
COC1=CC(OC)=CC(C(=O)N(O)C2=CC(C)=CC=C2)=C1,-3.61
N=C(N)NN=CC1=C2C=CC=CC2=CC=C1O,-2.46
CC(=O)NC1=CC=C(OP(O)(=O)O)C=C1,0.13
CN(O)C(=O)C1CCCCCC1,-1.45
O=C(C1CC1)N(O)C1CCCCC1,-2.04
O=C(C1CCC1)N(O)C1CCCCC1,-2.7
O=C(C1CCCC1)N(O)C1CCCCC1,-3.16
CCN(C)N=NC1=CC=C(C(=O)O)C=C1,-0.42
CCCN(C)N=NC1=CC=C(C(=O)O)C=C1,-1.43
CCCCN(C)N=NC1=CC=C(C(=O)O)C=C1,-1.81
CCCCCN(C)N=NC1=CC=C(C(=O)O)C=C1,-2.37
CCCCCCN(C)N=NC1=CC=C(C(=O)O)C=C1,-2.52
CCCCCCCN(C)N=NC1=CC=C(C(=O)O)C=C1,-3.39
O=C(C1=CC2=C(C=CC=C2)C=C1)N(O)C1=CC=C(Cl)C=C1,-5.47
CC(C)CNCC1=CC=CC(C(=O)C2=CSC(S(N)(=O)=O)=C2)=C1,-2.05
CCCCNCC1=CC=C(C(=O)C2=CSC(S(N)(=O)=O)=C2)C=C1,-2.21
CC(C)CCNCC1=CC=CC(C(=O)C2=CSC(S(N)(=O)=O)=C2)=C1,-1.5
CC(C)CN(C)CC1=C(O)C=CC(C(=O)C2=CSC(S(N)(=O)=O)=C2)=C1,-1.42
CC(C)(C)NCC1=CC=C(S(=O)(=O)C2=CSC(S(N)(=O)=O)=C2)C=C1,-1.98
CCCCNCC1=CC=C(S(=O)(=O)C2=CSC(S(N)(=O)=O)=C2)C=C1,-1.68
NS(=O)(=O)C1=CC(C(=O)C2=CC=C(CN3CCOCC3)C=C2)=CS1,-1.52
CC(C)NCC1=CC=CC(S(=O)(=O)C2=CSC(S(N)(=O)=O)=C2)=C1,-1.56
CCC(C)NCC1=CC=CC(S(=O)(=O)C2=CSC(S(N)(=O)=O)=C2)=C1,-1.33
NS(=O)(=O)C1=CC(C(=O)C2=CC(CN3CCOCC3)=CC=C2)=CS1,-1.92
CNC(=O)C1=CC=CC(NCC(=O)NCCC2=CC(OC)=C(OC)C=C2)=C1,-1.85
CCNCC1=CC2=C(OC(S(N)(=O)=O)=C2)S1,-1.04
CC(C)CNCC1=CC2=C(OC(S(N)(=O)=O)=C2)S1,-1.33
CCOCCNCC1=CC2=C(OC(S(N)(=O)=O)=C2)S1,-0.92
COC1=C(OC)C=C(CCNC(=O)CNC2=CC(C(N)=O)=CC=C2)C=C1,-2.69
OP(=O)(O)OCN1C(=O)NC(C2=CC=CC=C2)(C2=CC=CC=C2)C1=O,-0.43
NS(=O)(=O)C1=CC2=C(O1)SC(CNCC1=CC=CC=N1)=C2,-1.33
CN(CCO)C(=O)COC(=O)C1=CC=CC=C1,-1.09
CC1=CC=C(CN2C=C(F)C(=O)NC2=O)C=C1,-2.92
O=C1NC(=O)N(CC2=C(Cl)C=C(Cl)C=C2)C=C1F,-3.94
CNC1=C(NC2=C3C=CC=CC3=NC3=C2C=CC=C3)C=CC(NS(C)(=O)=O)=C1,-2.94
CN(C(=O)CNC(=O)CN)C1=C(C(=O)C2=C(Cl)C=CC=C2)C=C(Cl)C=C1,-2.33
NC(C(=O)O)C1=CC=C(O)C=C1,-0.53
NS(=O)(=O)C1=CC2=C(S1)S(=O)(=O)CCC2O,-1.65
O=C(C(=O)C1=CC=CC=C1)C1=CC=CC=C1,-2.8
CC(=O)NC(CC(C)C)C(=O)O,-1.13
NC(CSSCC(N)C(=O)O)C(=O)O,-3.31
COC1=C(CC(C)NC(C)CC2=C(OC)C=CC=C2)C=CC=C1,-2
CN1CCC23C4=C5C=CC(OCC6=CC=CC=C6)=C4OC2C(O)C=CC3C1C5,-2.22
CCOC1=C2OC3C(O)C=CC4C5CC(=C2C43CCN5C)C=C1,-0.82
O=S(=O)(NS(=O)(=O)C1=CC=C(Cl)C=C1)C1=CC=C(Cl)C=C1,-2.48
CC1=CSC(NS(=O)(=O)C2=CC=C(N)C=C2)=N1,-2.91
CC1(C)C2CCC1(CS(=O)(=O)O)C(=O)C2,-0.3
COC1=CC=CC(CC(C)NC(C)CC2=C(OC)C=CC=C2)=C1,-3
COC1=C2OC3C(O)CCC4C5CC(=C2C43CCN5C)C=C1,-1
CCSC(=S)NC(CC(=O)O)C(=O)O,-1.38
CC(C)C(O)(CCC(C)(O)C(=O)O)C(=O)O,-1.69
CC(SC(=S)SC(C)C(=O)O)C(=O)O,-1.41
O=C(O)CC(CSC(=O)O)C1=CC=CC=C1,-1.24
CCNC1=NC(Cl)=NC(NC(C)C)=N1,-3.76
ON=C(C1=CC=CC=C1)C(=NO)C1=CC=CC=C1,-5.9
NC1CN(C2=CC3=C(C=C2F)C(=O)C(C(=O)O)=CN3C2CC2)C1,-5.32
CNC1CN(C2=CC3=C(C=C2F)C(=O)C(C(=O)O)=CN3C2CC2)C1,-5.41
CC1(N)CN(C2=CC3=C(C=C2F)C(=O)C(C(=O)O)=CN3C2CC2)C1,-5.62
CC1(N)CN(C2=C(Cl)C3=C(C=C2F)C(=O)C(C(=O)O)=CN3C2CC2)C1,-5.33
CC1(N)CN(C2=C(F)C3=C(C(=O)C(C(=O)O)=CN3C3CC3)C(N)=C2F)C1,-4.38
C1=CC=C(CNC2=NC=NC3=C2N=CN3)C=C1,-3.6
NC1CN(C2=C(F)C3=C(C=C2F)C(=O)C(C(=O)O)=CN3C2CC2)C1,-5.27
C1=COC(CNC2=NC=NC3=C2N=CN3)=C1,-3.95
CC1(N)CN(C2=C(F)C3=C(C=C2F)C(=O)C(C(=O)O)=CN3C2CC2)C1,-5.64
CNC1CN(C2=C(F)C3=C(C=C2F)C(=O)C(C(=O)O)=CN3C2CC2)C1,-5.31
CCN1C=C(C(=O)O)C(=O)C2=C1C=C1OCOC1=C2,-4.38
COC1=CC=C2C=C(C(C)C(=O)OC(C)C)C=CC2=C1,-5.48
CCOC(=O)C1CCN2C(C(=O)C3=CC=CC=C3)=CC=C12,-4.2
COC1=CC2=C(C=CC(C)(C)O2)C2=C1C(=O)C1=C(N=CC=C1)N2C,-3.96
NC(=O)N1C2=C(C=CC=C2)C(O)C(O)C2=C1C=CC=C2,-2.03
CCCCCCCCNC(=O)OCC1OC(O)C(O)C(O)C1O,-2.35
CCCCCCCCCNC(=O)OCC1OC(O)C(O)C(O)C1O,-2.96
CCCCCCCCCCNC(=O)OCC1OC(O)C(O)C(O)C1O,-3.56
CC1=C(OCC2=CC=CC=C2)C=CC2=C1OC(N1CCOCC1)=CC2=O,-5.16
CC1=C(OCC2=CC=CC=N2)C=CC2=C1OC(N1CCOCC1)=CC2=O,-4.45
CCC1(CC)CCC(=O)N(CO)C1=O,-3.96
CCC1(CC)C(=O)NC(=O)N(CO)C1=O,-3.93
NC1=NC2=C(C=N1)N=CN2CCC(CO)CO,-0.3
O=C1C2=C(C=CC(CCCCO)=C2)OCC2=C1SC=C2,-3.92
O=C(CS)NC1=CC=C2C=CC=CC2=C1,-3.34
C=CC1(C=C)C(=O)NC(=O)NC1=O,-2.06
C=CC1(C(C)C)C(=O)NC(=O)NC1=O,-1.71
C=CC1(CC(C)C)C(=O)NC(=O)NC1=O,-2.12
CCCC(=O)OCN1C(=O)NC(C2=CC=CC=C2)(C2=CC=CC=C2)C1=O,-4.68
NC1=NC(=O)N(C2CCC(CO)O2)C=C1,-0.43
CC(=O)OC1C2=C(C=CC=C2)N(C(N)=O)C2=C(C=CC=C2)C1OC(C)=O,-3.55
COC(=O)C(NC(=O)C(Cl)Cl)C(C)O,-0.62
O=C(NC(CO)C(=O)O)C(Cl)Cl,-0.03
CCOC(=O)C(C)C1=CC2=CC=C(OC)C=C2C=C1,-5.24
CCCOC(=O)C(C)C1=CC2=CC=C(OC)C=C2C=C1,-5.82
CCCCOC(=O)C(C)C1=CC=C2C=C(OC)C=CC2=C1,-7.53
COC1=CC=C2C=C(C(C)C(=O)OCCO)C=CC2=C1,-3.33
COC1=CC2=C(C=C1)C=C(C(C)C(=O)OC(C)(C)C)C=C2,-6.5
CCCCCOC(=O)C(C)C1=CC2=CC=C(OC)C=C2C=C1,-6.97
COC1=CC=C2C=C(C(C)C(=O)OCC(C)O)C=CC2=C1,-3.31
COC1=CC2=CC=C(C(C)C(=O)OCCCO)C=C2C=C1,-3.4
CCCCCCOC(=O)C(C)C1=CC=C2C=C(OC)C=CC2=C1,-7.54
CCCCCCCOC(=O)C(C)C1=CC=C2C=C(OC)C=CC2=C1,-7.12
COC1=CC=C2C=C(C(C)C(=O)OCC(C)=O)C=CC2=C1,-4.65
CCC#CCCOC(=O)C(C)C1=CC=C2C=C(OC)C=CC2=C1,-7.33
COC1=CC=C2C=C(C(C)C(=O)OCC(O)CO)C=CC2=C1,-2.62
COC1=CC=C2C=C(C(C)C(=O)OC3CCCCC3O)C=CC2=C1,-5.07
CCCCCCCC(=O)OC1C(C(O)CO)OC2OC(C)(C)OC21,-3.17
COC1=CC=C2C=C(C(C)C(=O)OC3CCCCC3=O)C=CC2=C1,-5.59
CCC=CCCOC(=O)C(C)C1=CC=C2C=C(OC)C=CC2=C1,-7.36
COC1=CC2=C(C=C1)C=C(C(C)C(=O)OC1COC3C(O)COC13)C=C2,-3.98
CCOC1=CC=C(NC(=O)NC2=CC=C(OCC)C=C2)C=C1,-4.44
CCCOCC(=NC1=C(C(F)(F)F)C=C(Cl)C=C1)N1C=CN=C1,-4.44
CC1=COC2=CC3=C(C=C(N)C(=O)O3)C=C12,-5.08
COC1=CC2=C(C=C3OC=C(C)C3=C2)OC1=O,-5
COC(=O)C1=CC2=C(OC1=O)C(C)=C1OC=C(C)C1=C2,-4.9
CN(C)C(=O)COC(=O)C1CCN2C(C(=O)C3=CC=CC=C3)=CC=C12,-3.03
COC(=O)C1=C(O)C=CC(CCC2=C(OC)C=CC(OC)=C2)=C1,-6.39
C=CCN1C=NC2=C1N=C(NC1=CC=CC=C1)NC2=O,-5.09
CCC1C(N)CN1C1=CC2=C(C=C1F)C(=O)C(C(=O)O)=CN2C1CC1,-3.91
CNC1CN(C2=CC3=C(C=C2F)C(=O)C(C(=O)O)=CN3C2CC2)C1C,-4.57
CC1N(C2=CC3=C(C=C2F)C(=O)C(C(=O)O)=CN3C2CC2)CC1(C)N,-5.42
CC1C(N)CN1C1=C(Cl)C2=C(C=C1F)C(=O)C(C(=O)O)=CN2C1CC1,-4.48
CC1C(N)CN1C1=C(F)C2=C(C(=O)C(C(=O)O)=CN2C2CC2)C(N)=C1F,-3.98
CNC1CN(C2=C(F)C3=C(C=C2F)C(=O)C(C(=O)O)=CN3C2CC2)C1C,-4.44
CCC1C(N)CN1C1=C(F)C2=C(C=C1F)C(=O)C(C(=O)O)=CN2C1CC1,-3.81
CC1N(C2=C(F)C3=C(C=C2F)C(=O)C(C(=O)O)=CN3C2CC2)CC1(C)N,-5.04
CC1C(N)CN1C1=CC2=C(C=C1F)C(=O)C(C(=O)O)=CN2C1CC1,-4.63
CC1C(N)CN1C1=C(F)C2=C(C=C1F)C(=O)C(C(=O)O)=CN2C1CC1,-4.17
CC12CCC(=O)C=C1CCC1C2CCC2(C)C(OC(=O)C(CO)CO)CCC12,-4.25
OCC1OC(N2C(C3=CC=CO3)=NC3=C2C=CC=C3)C(O)C1O,-2.92
OCC1OC(N2C(C3=CC=CO3)=NC3=C2C=CC=C3)C(O)C(O)C1O,-2.33
CCCCCCCCSC1C(O)C(O)OC(CO)C1O,-2.91
CC(O)C1C(=O)N2C(C(=O)O)=C(SCC(=N)N(C)C)C(C)C12,-0.28
CC1=C(N)C=CC(N=NC2=C(C)C=CC=C2)=C1,-4.05
CN(C)C1=CC=C(N=NC2=CC=CC=C2)C=C1,-5.25
CC1NC(=O)C2=C(C=CC=C2)NC1=O,-2.38
O=C1CNC(=O)C2=C(C=CC(Cl)=C2)N1,-3.05
BrC1=CC=CC(NC2=NC=NC3=CC4=C(C=NN4)C=C32)=C1,-3.96
C=CC1(C(C)CCC)C(=O)NC(=O)NC1=O,-2.36
BrC1=CC=CC(NC2=NC=NC3=CC4=C(C=CN4)C=C32)=C1,-2.82
CN1C(=O)CN=C(C2=CC=CC=C2)C2=C1C=CC(Cl)=C2,-3.71
CN(C)C1=CC=C(N=NC2=CC=C(S(=O)(=O)O)C=C2)C=C1,-3.86
CCCC(CCC)C(=O)NCCCC(=O)O,-1.5
CN1C=CC2=C1C=C1N=CN=C(NC3=CC(Br)=CC=C3)C1=C2,-3.31
CN1N=CC2=C1C=C1N=CN=C(NC3=CC(Br)=CC=C3)C1=C2,-3.48
O=C(O)CN1C=CC2=C1C=C1N=CN=C(NC3=CC(Br)=CC=C3)C1=C2,-1.96
CCN(C(N)=O)C1=CC=C(OC)C=C1,-1.27
O=C1NC(=O)N(CC2=CC=CC=C2)C=C1F,-2.65
ClC1=CC(Cl)=C(C(CN2C=CN=C2)OCC2=C(Cl)C=CC(Cl)=C2)C=C1,-3.54
OCC1OCOC2COCOC12,-0.62
CN1CCN(CC2=CN=C(Cl)C=C2)C1=NC#N,-2.13
N#CN=C1NCCN1CC1=CN=C(Cl)C=C1,-2.63
CCN(CC)CCSC1=NC2=C(N=N1)NC1=C2C=CC=C1,-3.09
NC1=NC2=C(C=N1)N=CN2CCC1COC(=O)OC1,-1.43
CS(=O)(=O)C1=CC=C(C2=C(C3=CC=CC=C3)C(=O)OC2)C=C1,-4.52
CN1C=NC=C1CC(N)C(=O)O,0.08
OCC1OC2OC(C(Cl)(Cl)Cl)OC2C1O,-2.12
O=C(O)C1CCC(C(=O)O)SS1,-1.93
COC1=NC=C(NC(=O)C2CC2)C=C1,-2.14
NS(=O)(=O)C1=C(Cl)C=C(NCC2=CC=CO2)C(C(=O)O)=C1,-3.83
CCOC(=O)C(CCC1=CC=CC=C1)NC(C)CN1CCCC1C(=O)O,-1.24
CCOC(=O)C(CCC1=CC=CC=C1)NC(C)C(=O)N1CCCC1C(=O)O,-1.18
OCC1OC(OCCC2=C3C=CC=CC3=CC=C2)C(O)C(O)C1O,-1.11
CCC1(C2=CC=CC=C2)NC(=O)NC1=O,-2.64
OC1COC(OC2=CC=CC=C2)C(O)C1O,-1.66
CC1(C)OCC(COC(=O)C2=C(C(=O)O)C=CC=C2)O1,-1.23
O=C(O)CCCC1CCCC2NC(=O)NC12,-0.96
NC(CC1=CNC2=C1C=CC=C2)C(=O)O,-1.77
CCCC(C)C1(CC)C(=O)NC(=O)NC1=O,-2.39
CC1NC(=O)C2=C(C=CC=C2)N(CC(O)C(O)C(O)CO)C1=O,-1.51
O=C1NCC(=O)N(CC(O)C(O)C(O)CO)C2=C1C=CC=C2,-1.46
CC1=C(C(=O)O)C=C(C(O)C(O)C(O)CO)O1,-1.28
OCC1OC(OC2=CC=CC=C2)C(O)C(O)C1O,-1.46
COC1=CC2=CC=C(C(C)C(=O)OCCN3CCNCC3)C=C2C=C1,-1.52
COC1=CC2=CC=C(C(C)C(=O)OCCN3CCN(C)CC3)C=C2C=C1,-1.49
COC1=CC2=CC=C(C(C)C(=O)OCCCCN3CCOCC3)C=C2C=C1,-3.7
COC1=CC=C2C=C(C(C)C(=O)OCCCCN3CCN(C)CC3)C=CC2=C1,-1.29
O=C1NC2=C(C=CC=C2)C(=O)N2CCCC12,-3.75
O=C1NC2=C(C=C(Cl)C=C2)C(=O)N2CCCC12,-4.7
O=C1NC2=C(C=CC=C2)C(=O)N2CC(O)CC12,-2.37
CC1=C2C(O)C3C(CC(C)C2CC1=O)OC(=O)C3C,-1.95
CC(=O)NC(CC1=CNC2=C1C=CC=C2)C(=O)O,-2.31
CCOC(=O)C1=CC2(CC)CCCN3CCC4=C(C32)N1C1=C4C=CC=C1,-4.84
C1=CC=C(C2=CN=C(C3=CC=C(CN4CCOCC4)C=C3)O2)C=C1,-4.35
CN1CC(O)C2=CC(=NNC(N)=O)C(=O)C=C21,-2.72
CN(C)N=NC1=CC=C(C(=O)O)C=C1,-0.8
NC(CC1=CNC2=C1C=CC=C2)C(=O)NCC(=O)O,-0.85
NC1=NC(=O)N(C2CC(F)C(CO)O2)C=C1,-1.18
O=C(O)C1=C(Cl)C=C(N=NC2=CC=C(O)C=C2)C=C1,-2.62
O=C(O)C1CN2CCC1CC2C(O)C1=CC=NC2=C1C=CC=C2,-1.94
COCC1COC2=C(C=C3C(=C2)N=CN=C3NC2=CC(Br)=CC=C2)O1,-3.22
CC(=O)OC1C2C(CC(C)C3C=CC(=O)C31C)OC(=O)C2C,-2.19
COCC1COC2=C(C=C3C(=C2)N=CN=C3NC2=CC(I)=CC=C2)O1,-3.52
O=C(O)C1CCC(=O)N1CN1C(=O)CCC1C(=O)O,-1.31
COC1=CC=C(CC2NC(=O)N(C(C)C(=O)O)C2=O)C=C1,-0.86
CC(C)C(NS(=O)(=O)C1=CC=C(F)C=C1)C(=O)NC1CCOC1O,-2.38
CC(C)CC(NC(=S)NC1=CC=CC=C1)C(=O)NC1CCOC1O,-2.37
COC1=CC(=O)C2(OC3=C(C2=O)C(OC)=CC(OC)=C3Cl)C(C)C1,-4.4
CC(C)CC(N)C(=O)NC(CC1=CNC2=C1C=CC=C2)C(=O)O,-1.12
COC1=CC2=C(C=C1)N=CC=C2C(O)C1CC2CCN1CC2C(=O)O,-2.03
COC1=CC(OC)=C(Cl)C2=C1C(=O)C1(O2)C(C)CC(O)CC1O,-2.34
CC12CCC(O)CC1CCC1C2CCC2(C)C(C3=CC(=O)OC3)CCC12O,-4.57
OC1=CC=C(N=NC2=CC=CC=C2)C=C1,-3.95
OC1=CC(O)=C(N=NC2=CC=CC=C2)C=C1,-3.08
O=C1C(O)C2CC3N1CCC31C3=C(C=CC=C3)N3C(=O)C=CC2C31,-2.11
O=C(O)C1=CC=C(N=NC2=CC=C(O)C=C2)C=C1,-4.38
O=C(O)C1=C(O)C=CC(N=NC2=CC=CC=C2)=C1,-3.05
OCC(O)C(O)C1=NN(C2=CC=CC=C2)C2=C1N=C1C=CC=CC1=N2,-3.13
CC1(C)SC2C(NC(=O)COC3=CC=CC=C3)C(=O)N2C1C(=O)O,-2.81
CC(C)C1OC(O)C(CC2=CC=CC=C2)NC1=O,-2.28
CC(C)CC1OC(O)C(CC2=CC=CC=C2)NC1=O,-2.12
NNC(=O)C1=CC=C(C(=O)NN)C=C1,-2.29
CC(NC(=O)C(N)C1=CC=CC=C1)C1=CC=CC=C1,-1.66
O=C1NC(=O)C(Cl)=C(CN2CCCC2)N1,-1.54
O=C1NC(=O)C(Br)=C(CN2CCCC2)N1,-1.78
CNCCC(OC1=CC=C(C(F)(F)F)C=C1)C1=CC=CC=C1,-1.59
O=C(O)C(O)(CO)CC(O)CO,0.61
Brc1cc(Br)c(Br)cc1Br,-6.98
FC(F)(Cl)C(F)(F)Cl,-2.74
CC12CCC(CC1)C(C)(C)O2,-1.74
CCC=C,-1.94
CCCCCCCCC=C,-5.51
Ic1cccc2ccccc12,-4.55
CCCO,0.62
Clc1c(Cl)c(Cl)c(c(Cl)c1Cl)c2c(Cl)c(Cl)c(Cl)c(Cl)c2Cl ,-11.6
Clc1cc(Cl)c(cc1Cl)c2cccc(Cl)c2Cl ,-7.21
Clc1ccc(c(Cl)c1)c2c(Cl)ccc(Cl)c2Cl ,-7.43
CC(C)C(C)(C)C,-4.36
Oc1cc(Cl)c(Cl)c(Cl)c1Cl,-3.15
Oc1c(Cl)cc(Cl)c(Cl)c1Cl,-3.1
Clc1ccc(cc1)c2cccc(Cl)c2Cl ,-6.29
Oc1ccc(Cl)c(Cl)c1Cl,-2.67
Oc1c(Cl)c(Cl)cc(Cl)c1Cl,-3.37
Oc1cc(Cl)cc(Cl)c1Cl,-2.67
Clc1ccc(cc1)c2cc(Cl)ccc2Cl ,-6.27
Oc1c(Cl)cccc1Cl,-1.79
Cc1ccccc1Br,-2.23
CCCC=C(CC)C=O,-2.46
CCC(CC)C=O,-1.52
CCCCCC(C)C,-5.08
CC(C)O,0.43
Cc1ccc(O)cc1C,-1.38
O=C1N(COC(=O)CCCCCC)C(=O)C(N1)(c2ccccc2)c3ccccc3,-6.301
O=C1N(COC(=O)CCCCC)C(=O)C(N1)(c2ccccc2)c3ccccc3,-5.886
CC(C)C(C)O,-0.18
CCC(C)CCO,-0.72
c1cc(C)cc2c1c3cc4cccc5CCc(c45)c3cc2,-7.92
O=C1NC(=O)NC(=O)C1(CC)C(C)C,-2.148
CCCCC(=O)CCCC,-2.58
CC#N,0.26
CC(=O)N(S(=O)c1ccc(N)cc1)c2onc(C)c2C ,-3.59
CC13CCC(=O)C=C1CCC4C2CCC(C(=O)CO)C2(CC(O)C34)C=O ,-3.85
OCC3OC(OCC2OC(OC(C#N)c1ccccc1)C(O)C(O)C2O)C(O)C(O)C3O ,-0.77
CCCC1C(=O)N3N(C1=O)c2cc(C)ccc2N=C3N(C)C ,-3.538
OC4=C(C1CCC(CC1)c2ccc(Cl)cc2)C(=O)c3ccccc3C4=O,-5.931
CNC(=O)C=C(C)OP(=O)(OC)OC,0.651
CNC(=O)Oc1cccc2ccccc12,-3.224
CCOC(=O)c1ccccc1S(=O)(=O)NN(C=O)c2nc(Cl)cc(OC)n2,-4.576
ClCC#N,-0.092
c1ccc(Cl)cc1C(c2ccc(Cl)cc2)(O)C(=O)OC(C)C,-4.53
Cl\C=C/Cl,-1.3
C/C1CCCCC1\C,-4.3
CC(=O)OCC(=O)C3(O)CCC4C2CCC1=CC(=O)CCC1(C)C2C(=O)CC34C ,-4.21
CC(=O)CC(c1ccc(Cl)cc1)c2c(O)c3ccccc3oc2=O,-5.839
CCOP(=S)(OCC)Oc2ccc1oc(=O)c(Cl)c(C)c1c2,-5.382
OC1CCCCCC1,-0.88
C1CCC=CCC1,-3.18
OC1CCCCCCC1,-1.29
O=C2NC(=O)C1(CCCC1)C(=O)N2,-2.349
CC1(C)C(C=C(Cl)Cl)C1C(=O)OC(C#N)c2ccc(F)c(Oc3ccccc3)c2,-7.337
CC1(C)C(C=C(Cl)C(F)(F)F)C1C(=O)OC(C#N)c2cccc(Oc3ccccc3)c2,-8.176
Nc1ccc(cc1)S(=O)(=O)c2ccc(N)cc2,-3.094
CC1(C)C(C=C(Br)Br)C1C(=O)OC(C#N)c2cccc(Oc3ccccc3)c2,-8.402
CC=C(C(=CC)c1ccc(O)cc1)c2ccc(O)cc2,-4.95
CCSSCC,-2.42
CCCCCCOC(=O)c1ccccc1C(=O)OCCCCCC,-6.144
CC(C)SC(C)C,-2.24
CCN(CC)C(=O)C(=CCOP(=O)(OC)OC)Cl,0.523
CCCSCCC,-2.58
C1C(O)CCC2(C)CC3CCC4(C)C5(C)CC6OCC(C)CC6OC5CC4C3C=C21,-7.32
CCN(CC(C)=C)c1c(cc(cc1N(=O)=O)C(F)(F)F)N(=O)=O,-6.124
CCCCCC(=O)OCC,-2.35
C=C,-0.4
OC(Cn1cncn1)(Cn2cncn2)c3ccc(F)cc3F ,-1.8
CC1CC2C3CC(F)C4=CC(=O)C=CC4(C)C3(F)C(O)CC2(C)C1(O)C(=O)CO,-5.613
OCC1OC(O)(CO)C(O)C1O,0.64
c1c(O)C2C(=O)C3cc(O)ccC3OC2cc1(OC),-2.943
NS(=O)(=O)c2cc1c(NCNS1(=O)=O)cc2Cl ,-2.63
CC12CC(O)C3C(CCC4=CC(=O)CCC34C)C2CCC1(O)C(=O)CO,-3.09
Ic1ccccc1,-3.01
COc2c1occc1c(OC)c3c(=O)cc(C)oc23 ,-3.021
ClC1C(Cl)C(Cl)C(Cl)C(Cl)C1Cl,-4.64
c1c(OC)c(OC)C2C(=O)OCC2c1,-1.899
COC(=O)C,0.46
CCCOC(=O)CC,-0.82
CCCCCC(=O)OC,-1.87
CCCCCCCCC(=O)OC,-3.38
CCCCCCCC(=O)OC,-3.17
CCCC(=O)OCC,-1.36
COC(=O)c1ccc(O)cc1,-1.827
c1ccccc1(OC(=O)NC),-1.803
COc1ccc(NC(=O)N(C)C)cc1Cl,-2.564
Cc3ccnc4N(C1CC1)c2ncccc2C(=O)Nc34 ,-3.19
COC(=O)C1=C(C)NC(=C(C1c2ccccc2N(=O)=O)C(=O)OC)C ,-4.76
CCN(=O)=O,-0.22
O=C2CN(N=Cc1ccc(o1)N(=O)=O)C(=O)N2 ,-3.38
OC(C1=CC2C5C(C1C2=C(c3ccccc3)c4ccccn4)C(=O)NC5=O)(c6ccccc6)c7ccccn7 ,-3.931
CC34CCC1C(CCC2=CC(=O)CCC12O)C3CCC4(O)C#C,-4.57
CNC(=O)ON=C(SC)C(=O)N(C)C,0.106
OC3N=C(c1ccccc1)c2cc(Cl)ccc2NC3=O ,-3.952
Clc1ccc(I)cc1,-4.03
Clc1ccc(CN(C2CCCC2)C(=O)Nc3ccccc3)cc1,-5.915
CCOP(=S)(OCC)ON=C(C#N)c1ccccc1,-4.862
c1cC2C(=O)NC(=O)C2cc1,-2.932
c1ccc2c(c1)ccc3c2ccc4c5ccccc5ccc43,-7.87
CC12CC(O)C3C(CCC4=CC(=O)C=CC34C)C2CCC1(O)C(=O)CO,-3.18
CCNP(=S)(OC)OC(=CC(=O)OC(C)C)C,-3.408
CC=C,-1.08
NC(=O)c1cnccn1,-0.667
ClC(Cl)CC(=O)NC2=C(Cl)C(=O)c1ccccc1C2=O,-5.03
CCC1(C(=O)NC(=O)NC1=O)C2=CCC3CCC2C3,-2.696
CCN2c1ncccc1N(C)C(=O)c3cccnc23 ,-2.62
CCCOC(=O)c1ccc(N)cc1,-2.452
O2c1ccccc1N(C)C(=O)c3cccnc23 ,-3.672
O2c1ccc(N)cc1N(C)C(=O)c3cc(C)ccc23 ,-3.928
CCN2c1nc(Cl)ccc1N(C)C(=O)c3cccnc23 ,-4.114
CCN2c1nc(C)cc(C(F)(F)F)c1NC(=O)c3cccnc23 ,-4.207
CCN2c1nc(C)cc(C)c1NC(=O)c3cccnc23 ,-4.554
CCN2c1ncccc1N(C)C(=S)c3cccnc23 ,-4.634
CCN2c1ccccc1N(C)C(=S)c3cccnc23 ,-4.706
CCN2c1ccccc1N(C)C(=O)c3ccccc23 ,-4.749
CCN2c1ncccc1N(CC)C(=O)c3cccnc23 ,-2.86
CCN2c1cc(N(C)C)cc(C)c1NC(=O)c3cccnc23 ,-4.871
CCN2c1cc(OC)cc(C)c1NC(=O)c3cccnc23 ,-5.153
CCN2c1cc(Cl)ccc1NC(=O)c3cccnc23 ,-5.36
O2c1cc(C)ccc1N(C)C(=O)c3cc(N)cnc23 ,-3.043
CCN2c1ccccc1N(C)C(=O)c3cccnc23 ,-3.324
CCN2c1nc(N(C)(CCO))ccc1NC(=O)c3cccnc23 ,-3.36
C2c1ccccc1N(CCF)C(=O)c3ccccc23 ,-3.535
O2c1ccccc1N(CC)C(=O)c3ccccc23 ,-3.68
CSc1nc(nc(n1)N(C)C)N(C)C,-2.676
CCCCOc1ccc(C(=O)OCC)c(c1)N(CC)CC ,-3.84
OCC2OC(OC1(CO)OC(CO)C(O)C1O)C(O)C(O)C2O ,0.79
Nc1ccc(cc1)S(N)(=O)=O,-1.34
C/C=C/C=O,0.32
CC12CCC3C(CCC4=CC(=O)CCC34C)C2CCC1O,-4.02
CC(=O)OC3CCC4C2CCC1=CC(=O)CCC1(C)C2CCC34C ,-5.184
Cc1c(F)c(F)c(COC(=O)C2C(C=C(Cl)C(F)(F)F)C2(C)C)c(F)c1F,-7.321
CC(C)(C)Cc1ccccc1,-4.15
Nc3nc(N)c2nc(c1ccccc1)c(N)nc2n3,-2.404
ClC(Cl)(Cl)C#N,-2.168
Cc1ccc(OP(=O)(Oc2cccc(C)c2)Oc3ccccc3C)cc1,-6.01
ClC(Cl)(Cl)C(NC=O)N1C=CN(C=C1)C(NC=O)C(Cl)(Cl)Cl ,-4.19
CC1(OC(=O)N(C1=O)c2cc(Cl)cc(Cl)c2)C=C,-4.925
CC12CCCC1C1CCC3CC(=O)C(=O)CC3(C)C1CC2,-3.76
CCC(=O)OCC(=O)C1(OC(=O)CC)C(C)CC2C3CCC4=CC(=O)C=CC4(C)C3(F)C(O)CC21C,-3.77
CC(C)CCCC(C)C1CCC2C3CC=C4CC(O)CCC4(C)C3CCC12C,-7
ClC1=C(Cl)C(Cl)=C(OC2=C(Cl)C(Cl)=C(Cl)C(Cl)=C2Cl)C(Cl)=C1Cl,-12.95
BrC1=CC=C(C2=CC=C(Br)C=C2)C=C1,-7.74
FC(F)(Cl)Cl,-1.99
ClC(Cl)COCC(Cl)Cl,-1.12
C=CC=C(C)C=CC=CC,-2.09
ClCCCl,-1.08
ClC1=CC(Cl)=C(Cl)C=C1C1=C(Cl)C(Cl)=CC(Cl)=C1Cl,-8.94
ClC1=CC=C(OC2=CC(Cl)=C(Cl)C(Cl)=C2Cl)C(Cl)=C1Cl,-9.12
ClC1=C(Cl)C(Cl)=C(Cl)C(Cl)=C1Cl,-7.56
ClC1=CC(Cl)=C(Cl)C(C2=CC(Cl)=CC(Cl)=C2Cl)=C1,-8.56
ClC1=CC=C(C2=CC(Cl)=C(Cl)C(Cl)=C2Cl)C(Cl)=C1,-8.32
ClC1=C(Cl)C=C2C(=C1)OC1=C(Cl)C(Cl)=C(Cl)C(Cl)=C21,-10.66
CC(=O)C1CCC2C3CCC4=CC(=O)CC(O)C4(C)C3CCC12C,-3.82
CCl,-0.88
CC12CCC(=O)C=C1CCC1C2CCC2(C)C1CCC2(C)O,-3.97
CC(C)C1(C)CCCC(O)C1,-0.6
CC(C)C1C(C)CCCC1O,-0.29
CC1CCCC(O)(C(C)C)C1,-0.24
CCOC1=CC=C(NC(C)=O)C=C1,-2.3
CCC,-2.84
CCC(N)=O,-4.23
BrC1=CC=C(Br)C(C2=CC(Br)=CC=C2Br)=C1,-8.06
BrC(Br)C(Br)Br,-2.72
COC1=C(Cl)C(Cl)=C(Cl)C=C1Cl,-5.13
ClC1=CC(Cl)=C(Cl)C(Cl)=C1,-4.68
ClC1=CC(Cl)=C(Cl)C=C1Cl,-5.47
CC1=C(Cl)C(CC2=C(Cl)C=CC=C2Cl)=CC=C1Cl,-7.99
CC1=C(Cl)C(CC2=CC=C(Cl)C=C2Cl)=CC=C1Cl,-7.4
CC1=C(Cl)C=C(CC2=CC(Cl)=CC=C2Cl)C(Cl)=C1,-8.03
CC1=C(Cl)C=C(Cl)C(CC2=C(Cl)C=CC=C2Cl)=C1,-8.36
CC1=C(Cl)C=C(Cl)C(CC2=CC=C(Cl)C=C2Cl)=C1,-7.49
CC1=C(Cl)C(Cl)=C(Cl)C(CC2=CC=C(Cl)C=C2)=C1,-8.18
CC1=C(CC2=C(Cl)C=CC=C2)C(Cl)=C(Cl)C(Cl)=C1,-7.24
CC1=C(CC2=CC=C(Cl)C=C2)C(Cl)=C(Cl)C(Cl)=C1,-7.44
ClC1=CC=C(C2=CC=C(Cl)C(Cl)=C2)C=C1Cl,-8.53
ClC1=CC=C(C2=C(Cl)C=C(Cl)C=C2Cl)C=C1,-6.94
ClC1=C(Cl)C(Cl)=C2OC3=CC=CC=C3OC2=C1Cl,-8.77
ClC(Cl)=C(Cl)Cl,-2.74
BrC1=CC(Br)=C(C2=CC=CC=C2)C(Br)=C1,-7.3
COC1=C(Cl)C=C(Cl)C=C1Cl,-4.2
ClC1=CC(Cl)=CC(Cl)=C1,-4.6
ClC1=CC(Cl)=C2OC3=CC=CC=C3OC2=C1Cl,-7.58
CC(Cl)(Cl)Cl,-2.14
FC(Cl)(Cl)CCl,-3.04
CCCSC(=O)N(CCC)CCC,-3.3
ClC(Cl)=C=C(Cl)C(Cl)Cl,-4.23
ClC1=C(Cl)C(Cl)=C(Cl)C(OC2=C(Cl)C(Cl)=C(Cl)C(Cl)=C2Cl)=C1,-10.55
CC1=C(Cl)C=C(Cl)C(CC2=CC(Cl)=CC=C2Cl)=C1,-8.06
CCC1=CC=CC(CC)=C1N(COC)C(=O)CCl,-3.17
CNC(=O)ON=CC(C)(C)SC,-0.71
CCOP(=S)(OCC)SCSC1=CC=C(Cl)C=C1,-6.05
CCOP(=S)(OCC)SC(CCl)N1C(=O)C2=CC=CC=C2C1=O,-5.85
CCCCC1=C(CCCC)C(C(O)=O)=C(C(O)=O)C=C1,-4.4
CC1OC(OC2C(O)CC(OC3C(O)CC(OC4CCC5(C)C(CCC6C5CC(O)C5(C)C(C7=CC(=O)OC7)CCC65O)C4)OC3C)OC2C)CC(O)C1O,-4.16
O=S1OCC2C(CO1)C1(Cl)C(Cl)=C(Cl)C2(Cl)C1(Cl)Cl,-6.08
CCCCN(CC)C(=O)SCCC,-3.41
CCC1=CC=C(C(C2=CC=C(CC)C=C2)C(Cl)Cl)C=C1,-7.04
CC12CCC3C(CC=C4CC(O)CCC43C)C1CCC2=O,-4.01
Brc1cc(C(O)=O)c(N)cc1,-3.07
Oc1c(Br)cc(C(O)=O)c(O)c1,-2.62
S(=O)(=O)(N)c1sc(NC(=O)C)nn1,-2.44
CN(C)CC\C=C1\c2ccccc2CCc2ccccc12,-4.55
c1(c(CN(CC)CC)cc(cc1)Nc1ccnc2c1ccc(c2)Cl)O,-5.79
n1(Cc2ccccc2)cncc1,-2.26
c1c(Cl)ccc2Sc3ccccc3N(CCCN(C)C)c12,-5.07
Clc1ccc(S(=O)(NC(=O)NCCC)=O)cc1,-3.25
O=C(c1cn(C2CC2)c2c(cc(F)c(N3CCNCC3)c2)c1=O)O,-3.6
CN(C)CCOC(c1ccccc1)c1ccccc1,-2.95
N\C(CCSCc1csc(\N=C(\N)N)n1)=N\S(=O)(N)=O,-2.65
CC(C(O)=O)c1cccc(Oc2ccccc2)c1,-3.7
O=C(NC1CCCCC1)NS(=O)(c1ccc(CCNC(c2cnc(cn2)C)=O)cc1)=O,-5.49
S1(=O)(=O)NCNc2c1cc(S(=O)(N)=O)c(c2)C(F)(F)F,-2.97
CCn1cc(c(=O)c2ccc(nc12)C)C(=O)O,-3.61
N(CC\C=C1\c2c(CCc3c1cccc3)cccc2)C,-4.02
c1(nccc2cc(c(OC)cc12)OC)Cc1cc(c(cc1)OC)OC,-3.87
c1ccc(cc1)\N=N\c1c(nc(cc1)N)N,-4.19
C1(NC(C(c2ccccc2)(C(=O)N1)CC)=O)=O,-2.29
Nc1ccc(C(OCCN(CC)CC)=O)cc1,-1.72
S(Cc1oc(CN(C)C)cc1)CCN\C(NC)=C\N(=O)=O,-2.5
C1CN(CCN1)c1c(cc2c(n(cc(C(=O)O)c2=O)c2ccc(cc2)F)c1)F,-3.13
S(=O)(=O)(Nc1nc(C)cc(n1)C)c1ccc(N)cc1,-2.73
C(=O)(O)c1cc(ccc1O)\N=N\c1ccc(cc1)S(=O)(Nc1ccccn1)=O,-6.14
CC1=C(CC(O)=O)c2cc(F)ccc2C\1=C\c1ccc(cc1)S(C)=O,-4.5
C(c1ccc(cc1)NCCCC)(=O)OCCN(C)C,-3.01
c1(cc(ccc1C(C)C)C)O,-2.19
COc1ccc(CCN(C)CCCC(C#N)(C(C)C)c2ccc(OC)c(OC)c2)cc1OC,-3.98
CC(=O)CC(c1ccccc1)c1c(O)c2ccccc2oc1=O,-4.78
