Molecule Name,LogD,KSOL,HLM CLint,MLM CLint,Caco-2 Permeability Papp A>B,Caco-2 Permeability Efflux,MPPB,MBPB,MGMB
E-0020101,1.6436894,60.85,3.99,5.36,5.33,5.57,36.35,3.42,60.85
E-0020102,1.3297485,49.51,10.71,6,5.57,5.88,25.49,2.24,49.51
E-0020103,0.75562656,170.43,1.6,3.01,9.31,2.83,46.34,8.69,170.43
E-0020104,1.5852739,72.91,18.52,9.71,12.41,1.65,19.52,3.56,72.91
E-0020105,0.653474,241.47,2.49,3.26,11.24,2.92,45.76,12.6,241.47
E-0020106,1.8409406,178.41,13.75,9.42,13.74,1.99,30.93,9.54,178.41
E-0020107,2.5061402,49.21,88.27,39.66,9.19,1.69,12.13,3.37,49.21
E-0020108,2.2924795,6.75,16.85,24.3,4.06,5.27,10.1,0.63,6.75
E-0020109,3.1359992,10.3,56.46,38.47,1.66,2.73,1.37,0.18,10.3
E-0020126,3.8913362,15.04,60.68,538.35,5.01,1.41,1.3,0.85,15.04
E-0020131,1.302207,99.62,10.28,8,5.57,6.49,44.69,3.16,99.62
E-0020132,-0.1481851,250.57,3.66,6.04,1.5,19.6,52.45,11.42,250.57
E-0020133,0.9687058,233.64,8.97,5.38,8.32,4.51,41.2,12.58,233.64
E-0020134,0.37163723,222.03,7.49,22.86,0.84,30.67,71.78,6.97,222.03
E-0020135,0.6822159,210.68,10.49,35.48,0.83,24.76,63.48,3.56,210.68
E-0020136,2.4228153,5.85,24.18,42.62,1.53,17.71,9.81,0.24,5.85
E-0020137,1.2430099,64.32,8.97,5.88,6.85,7.61,26.92,2.17,64.32
E-0020138,1.6393718,163.18,64.61,24.5,9.44,1.05,13.12,5.77,163.18
E-0020139,0.66408014,230.17,11.68,2.8,11.45,2.71,27.31,11.88,230.17
E-0020140,0.5606372,243.2,7.6,3.04,7.15,4.68,34.73,16.93,243.2
E-0020141,3.7829127,1.26,44.48,29.57,0.56,9.32,1.45,0.05,1.26
E-0020142,2.0666916,5.3,7.21,11.47,0.88,25.78,10.5,0.43,5.3
E-0020143,2.5447958,5.96,21.85,10.96,1.25,19.44,6,0.26,5.96
E-0020144,2.6645198,1.93,17.17,24.18,1.15,20.65,1.99,0.16,1.93
E-0020145,2.3646183,3.78,12.08,23.98,1.94,11.74,9.98,0.65,3.78
E-0020146,2.8166828,1.47,14.79,39.31,2.16,7.18,5.37,0.33,1.47
E-0020147,3.40513,4.64,107.46,45.06,1.3,3.17,2.3,0.16,4.64
E-0020148,2.4626122,65.48,35.92,10.24,1.52,14.7,11.07,0.34,65.48
E-0020149,2.6547108,59.11,49.23,13.65,1.07,14.54,9.01,0.26,59.11
E-0020150,1.8155247,5.2,6.66,20.75,3.32,7.38,15.15,0.35,5.2
E-0020151,1.8692548,7.14,8.62,27.6,3.58,7.61,16.8,0.41,7.14
E-0020152,2.7140837,2.84,16.5,65.76,3.82,5.37,8.39,0.2,2.84
E-0020153,2.6526573,3.22,18.63,78.75,3.8,5.37,9.64,0.25,3.22
E-0020154,1.1933657,269.49,2.1,6.67,5.43,5.59,44.09,6.05,269.49
E-0020155,1.2828934,266.97,2.34,8.07,6.76,4.62,39.7,5.17,266.97
E-0020156,1.2399173,268.29,2.1,6.91,7.69,4.2,41.82,5.78,268.29
E-0020157,1.1607345,269.29,1.92,6.37,5.9,5.39,45.41,6.14,269.29
E-0020158,1.010879,269.4,2.6,7.25,5.45,5.99,42.65,8.3,269.4
E-0020159,1.5855346,88.93,68.6,16.6,10.01,2.15,18.66,4.1,88.93
E-0020160,1.5578401,77.8,52,12.68,6.32,5.14,22.39,3.14,77.8
E-0020161,2.2251725,42.06,69.29,18.6,5.91,4.25,16,2.27,42.06
E-0020162,2.3137393,21.18,13.47,22.61,9.95,2.89,11.68,2.51,21.18
E-0020163,3.0388522,8.73,15.31,18.19,3.96,3.77,10.84,1.44,8.73
E-0020164,2.1664166,78.19,16.98,103.19,11.26,8.08,10.02,1.76,78.19
E-0020165,2.3479772,15.48,17.08,23.33,7.66,3.96,11.12,0.71,15.48
E-0020166,3.1618695,2.79,24.26,40.95,4.24,3.39,4.51,0.35,2.79
E-0020167,2.3874745,5.53,13.75,13.95,9.14,2.63,7.59,0.68,5.53
E-0020168,2.0068262,36.18,10.72,7.52,7.39,2.94,14.9,3.8,36.18
E-0020169,3.6999378,1.37,76.09,142.14,3.59,6.02,2.54,0.37,1.37
E-0020170,3.8940353,1.88,147.6,171.71,3.01,3.9,1.41,0.28,1.88
E-0020171,2.4735677,5.79,13.75,25.4,2.98,7.77,10.24,0.54,5.79
E-0020172,2.6898527,5.26,31.04,33.73,2.72,6.83,6.33,0.42,5.26
E-0020173,2.104864,4.96,16.44,13.94,2.66,10.64,11.5,0.86,4.96
E-0020174,1.7260938,50.66,13.41,28,6.16,5.89,32.9,1.56,50.66
E-0020177,3.6850545,7.64,109.42,486.41,2.98,1.75,1.07,0.33,7.64
E-0020178,2.7607508,84.01,39.39,306.13,13.55,1.17,4.42,6.96,84.01
E-0020184,2.640133,140.94,77.17,414.77,8.81,1.79,11.74,8.45,140.94
E-0020194,3.8273847,18.33,63.56,503.78,6.18,1.36,1.4,1.13,18.33
E-0020195,3.8173168,30.03,38.92,491.1,6.89,1.25,1.77,0.85,30.03
E-0020199,1.2716825,8.62,6.55,19.66,2,16.54,28.05,2.23,8.62
E-0020200,3.3110247,2.06,45.97,36.87,0.74,9.3,2.06,0.11,2.06
E-0020201,-0.5339318,230.39,4.6,1.43,1.06,35.98,68.63,17.97,230.39
E-0020202,1.406489,64.83,8.34,8.94,2.2,19.8,15.4,1.05,64.83
E-0020203,2.9116137,3.93,27.24,28.81,0.98,15.99,5.19,0.11,3.93
E-0020204,2.5262725,3.85,14.31,22.32,1.58,13.47,7.42,0.5,3.85
E-0020205,3.0311704,1.71,24.82,41.82,1.32,10.85,1.5,0.17,1.71
E-0020206,2.9785686,1.78,21.61,43.04,1.21,11.92,3.07,0.19,1.78
E-0020207,2.490098,1.9,12.18,20.6,2.29,10.86,7.74,0.44,1.9
E-0020208,3.2453368,1.62,30.36,41.34,1,10.51,1.33,0.07,1.62
E-0020209,2.3604891,77.68,46.74,15.17,1.37,19.11,8.66,0.24,77.68
E-0020210,1.9338946,25.96,26.7,2.11,2.17,10.35,22.49,1.97,25.96
E-0020211,0.6238915,204.41,2.32,3.23,3.36,9.13,52,8.48,204.41
E-0020212,1.5037265,128.81,6.29,6.81,5.47,6.47,36.89,5.41,128.81
E-0020213,2.442994,16.85,14.71,25.32,3.55,11.08,14.32,1.47,16.85
E-0020214,2.675584,17.52,49.76,18.72,3.08,3.96,6.9,0.43,17.52
E-0020215,2.6991932,6.09,26.8,41.37,2.32,4.48,2.52,0.28,6.09
E-0020216,2.6552086,10.84,17.4,28.87,6.03,5.68,9.25,1.77,10.84
E-0020217,0.71074796,172.27,3.76,3.79,2.58,16.51,45.94,4.07,172.27
E-0020218,1.1024355,117.91,5.58,7.27,2.99,14.41,36.84,2.16,117.91
E-0020219,2.5193734,5.39,15.7,21.14,5.31,3.75,7.22,0.63,5.39
E-0020220,3.0329328,3.28,22,79.82,5.8,2.53,4.84,0.36,3.28
E-0020221,2.5125813,8.35,13.15,13.89,9.42,2.94,9.78,0.85,8.35
E-0020222,1.9405786,20.04,8.13,5.27,10.92,3.64,14.2,1.54,20.04
E-0020223,3.0840623,7.51,18.38,40.43,5.69,1.74,7.16,2.32,7.51
E-0020224,1.8811655,19.96,10.19,8.81,3.05,16.18,21.09,0.72,19.96
E-0020225,2.3715315,10.76,17.38,30.42,2.72,12.54,13.01,0.32,10.76
E-0020226,2.4494293,5.63,22.77,16.03,1.26,20.26,7.34,0.22,5.63
E-0020227,3.355226,4.24,44.29,19.97,2.25,5.48,5.61,0.46,4.24
E-0020228,1.8923805,61.85,26.13,9.46,2.74,10.11,18.39,0.84,61.85
E-0020229,1.4279528,50.46,12.03,2.82,5.34,3.53,13.84,1.43,50.46
E-0020230,2.2901883,21.7,26.72,24.15,4.4,3,10.33,0.77,21.7
E-0020231,2.9750726,16.83,70.51,26.53,1.86,6.75,4.26,0.3,16.83
E-0020232,2.3061776,20.49,38.7,11.13,2.36,10.36,8.49,0.57,20.49
E-0020233,2.910787,6.17,27.11,28.11,1.69,8.2,5.27,0.22,6.17
E-0020234,1.5894499,27.76,13.2,13.99,2.94,11.96,21.83,1.06,27.76
E-0020235,2.7779524,8.89,57.09,28.39,0.84,10.7,4.45,0.22,8.89
E-0020236,3.2555761,5.16,87.98,39.9,1.63,2.85,2.52,0.28,5.16
E-0020242,-0.17948416,232.73,1.75,3.68,1.85,24.12,60.8,50.69,232.73
E-0020243,0.19610472,173.82,4.86,3.46,7.68,11.64,45.8,20.25,173.82
E-0020244,1.095393,32.25,4.31,4.58,4.63,8.08,34.12,4.01,32.25
E-0020245,3.4590902,0.88,24.07,68.24,0.85,11.94,0.88,0.04,0.88
E-0020246,2.8292928,1.79,44.77,179.82,0.23,18.54,0.75,0.03,1.79
E-0020247,1.1838694,24.99,5.93,9,0.94,28.11,13.21,0.59,24.99
E-0020248,1.1954801,24.87,5.98,9.39,0.97,27.56,13.16,0.6,24.87
E-0020249,2.7143543,3.12,16.97,11.86,1.8,9.59,5.41,0.36,3.12
E-0020250,2.3197742,27.03,17.97,20.14,4.06,5.71,8.8,0.54,27.03
E-0020251,1.9328837,9.58,7.18,10.7,3.15,10.91,12.63,0.82,9.58
E-0020252,2.0559258,8.17,14.21,17.64,1.25,20.65,9.36,0.21,8.17
E-0020253,2.3079548,10.97,14.6,23.79,4.5,7.65,14.6,0.44,10.97
E-0020254,0.85957587,190.53,8.66,3.69,1.24,21.73,32.69,1.29,190.53
E-0020255,2.227858,32.39,33.89,10.63,0.71,22.77,9.82,0.21,32.39
E-0020256,1.6170912,95.83,22.31,8.24,1.03,19.65,15.89,0.39,95.83
E-0020257,2.0070467,57.05,25.84,282.54,3.81,9.98,19.89,4.2,57.05
E-0020258,2.2474484,28.01,19.39,37.82,5.56,5.87,15.01,0.68,28.01
E-0020259,2.4327202,9.87,20.55,12.71,2.28,9.28,7.81,0.41,9.87
E-0020260,1.4376385,95.61,9.87,11.16,3.16,12.64,33.9,2.08,95.61
E-0020261,0.9575374,111.73,5.53,4.05,3.39,13.22,43.09,3.86,111.73
E-0020262,1.2878484,125.61,9.28,15.93,3.45,10.76,39.91,1.46,125.61
E-0020263,2.3052282,16.11,23.85,27.55,2.66,10.48,15.21,0.48,16.11
E-0020264,2.9950538,8.68,39.89,38.33,1.86,3.7,6.5,0.23,8.68
E-0020265,3.988758,1.21,102.52,150.65,1.59,1.36,1.29,0.18,1.21
E-0020266,2.7335835,10.96,31.15,21.13,0.87,9.66,7.15,0.16,10.96
E-0020267,3.9874272,0.76,84.55,146.92,1.13,2,1.19,0.12,0.76
E-0020268,2.5810573,7.84,22.64,74.37,5.49,4.67,7.44,0.84,7.84
E-0020269,1.2946897,117.52,7.14,4.02,7.16,7.75,39.19,4.17,117.52
E-0020270,0.12989247,221.81,7.81,3.08,0.46,34.54,63.47,6.85,221.81
E-0020271,0.06522641,224.65,7.01,2.84,0.38,42.41,65.49,7.15,224.65
E-0020272,3.2309446,18.51,138.81,78.84,4.05,1.98,7.51,1.82,18.51
E-0020273,2.3417554,20.26,42.45,14.02,2.8,5.17,9.2,0.64,20.26
E-0020274,3.0280304,10.56,50.09,16.03,4.4,2.23,9.36,1.91,10.56
E-0020275,2.442964,15.01,30.34,26.59,2.4,7.04,8.68,0.37,15.01
E-0020276,2.4469247,8.55,26.98,16.26,1.02,17.7,4.82,0.13,8.55
E-0020282,3.3602915,58.83,30.31,333.57,4.26,1.48,4.88,1.26,58.83
E-0020285,1.9245229,136.73,29.43,245.6,13.63,1.73,17.95,15.6,136.73
E-0020286,2.3558109,145.23,51.73,366.96,12.6,1.65,11.25,8.78,145.23
E-0020288,2.9678416,42.25,35.8,387.88,12.59,1.14,4.4,5.14,42.25
E-0020292,3.7461667,15.66,67.48,443.19,2.56,1.77,1.53,0.36,15.66
E-0020293,3.652396,39.94,74.98,550.55,8.32,1.4,2.09,1.63,39.94
E-0020295,3.2318857,115.62,26.56,360.72,4.57,1.97,4.02,1.55,115.62
E-0020297,3.4937131,69.44,33.81,428.61,4.06,2.44,2.67,1.13,69.44
E-0020298,3.9377544,23.07,35.82,511.93,5.09,1.31,1.4,0.61,23.07
E-0020300,3.0631142,97.47,28.6,250.68,6.96,1.42,6.47,2.33,97.47
E-0020304,0.38498557,216.23,4.48,11.43,6.1,10,41.04,11.52,216.23
E-0020305,0.9477272,9.54,4.14,3.55,0.58,39.37,28.38,1.32,9.54
E-0020306,0.10741433,251.55,4.21,3.26,0.78,29.73,29.9,4.45,251.55
E-0020307,2.3605118,2.54,11.31,12.99,3.52,8.15,7.98,0.82,2.54
E-0020308,3.314935,4.07,26.61,27.53,3.31,3.9,5.17,0.57,4.07
E-0020309,2.566921,6.31,21.31,20.32,1.06,18.41,6.71,0.12,6.31
E-0020310,1.0086938,127.29,10.57,3.46,1.76,14.54,32.46,1.57,127.29
E-0020311,1.6419978,64.69,10.38,7.43,7.85,7.26,24.76,1.54,64.69
E-0020312,4.024422,1.53,91.92,173.36,2.11,1.61,0.79,0.18,1.53
E-0020313,2.393969,11.85,26.41,28.79,3.83,9.98,8.15,0.54,11.85
E-0020314,2.23338,8.21,12.38,15.48,4.49,5.84,10.34,0.59,8.21
E-0020315,1.6694758,20.71,7.68,5.78,5.26,7.1,15.18,1.16,20.71
E-0020316,3.2207227,7.16,129.98,87.03,6.81,1.66,4.14,1.76,7.16
E-0020317,2.728485,21.24,47.5,72.59,2.72,5.32,10.08,2.04,21.24
E-0020318,2.7072163,21.66,45.74,64.17,2.65,5.72,10.44,2.06,21.66
E-0020319,2.9710965,29.93,53.82,80.74,2.58,3.72,11.96,2.58,29.93
E-0020320,2.6585479,43.15,51.11,90.24,2.8,5.46,13.51,3.03,43.15
E-0020321,3.2056315,20.61,129.5,106.88,3.05,2.46,6.42,1.98,20.61
E-0020322,2.8084576,31.05,74.3,71.91,2.8,6.8,8.28,2.3,31.05
E-0020323,1.7060332,99.34,21.85,6.59,1.11,15.46,21.03,0.67,99.34
E-0020324,2.4524517,24.26,36.74,10.01,0.76,14.47,11.91,0.54,24.26
E-0020325,0.9527701,138.75,7.94,3.31,1.2,23.4,29.47,1.43,138.75
E-0020326,0.061190125,255.17,6.4,6.62,1.85,14.18,72.72,11.19,255.17
E-0020327,0.69377565,167.95,11.01,16.49,1.37,10.57,50.07,6.75,167.95
E-0020328,0.6513394,163.97,5.13,8.29,1.27,14.82,59.54,9.76,163.97
E-0020329,0.5928181,215.68,8.18,4.94,1,27.47,44.08,3.79,215.68
E-0020330,1.2590827,98.29,18.56,4.56,0.64,23.3,21.68,0.74,98.29
E-0020331,0.40841597,230.41,9.33,6.86,1.84,12.13,63.15,7.15,230.41
E-0020332,2.6928823,8.19,24.52,24.5,1.84,10.38,8.63,0.33,8.19
E-0020333,1.2488286,159.11,15.32,14.28,5.11,6.46,41.93,4.37,159.11
E-0020334,1.7530143,52.29,22.32,5.29,2.03,13.16,21.29,3.26,52.29
E-0020335,2.8359172,11.92,40.06,17.04,2.75,7.16,9.45,1.95,11.92
E-0020336,3.2517667,5.34,40.48,61.86,3.51,2.61,5.71,1.48,5.34
E-0020337,1.6330111,82.14,22.65,4.97,1.68,13.04,19,0.98,82.14
E-0020338,2.287826,35.5,27.12,12.2,2.84,8.61,13.06,0.74,35.5
E-0020339,2.07515,6.89,13.76,14.77,3.8,6.3,12.46,0.98,6.89
E-0020340,2.9282196,2.43,14.28,44.64,5.54,3.5,7.26,0.54,2.43
E-0020341,2.4832606,29.29,45.92,9.93,3.67,6.95,16.09,3.6,29.29
E-0020342,3.014916,11.34,60,44.11,4.36,3.33,9.33,2.99,11.34
E-0020343,3.463037,6.38,75.12,68.67,3.23,1.56,4.73,1.83,6.38
E-0020344,1.832627,45.05,20.8,11.11,1.34,13.19,17.19,0.68,45.05
E-0020345,2.1816704,11.85,11.22,30.5,3.01,7.2,11.06,0.48,11.85
E-0020346,0.8024472,134.27,9.02,6.17,2.51,12.5,37.41,1.7,134.27
E-0020347,1.2781137,87.49,15,5.98,1.02,22.32,19.44,0.78,87.49
E-0020348,2.0974107,24.23,14.22,12.74,1.49,14.46,15.44,0.7,24.23
E-0020349,1.1435286,147.59,14.33,6.07,0.81,22.47,21.2,0.71,147.59
E-0020350,2.8981304,3.67,32.84,29.51,1.13,13.43,3.2,0.09,3.67
E-0020351,1.4110518,114.23,21.54,4.82,0.73,17.84,22.21,0.75,114.23
E-0020352,2.4349012,24.36,40.13,14.59,1.37,9.58,11.52,0.46,24.36
E-0020353,1.652374,70.82,12.98,5.63,6.59,6.86,22.69,2.4,70.82
E-0020354,2.5959666,6.03,23.29,46.97,5.33,3.88,8.81,0.48,6.03
E-0020355,1.5638864,53.99,12.49,12.75,5.3,5.61,29.31,1.7,53.99
E-0020356,2.2625995,11.29,13.87,36.64,7.9,3.43,18.17,1.25,11.29
E-0020357,3.0200639,5.96,36.34,21.88,1.26,7.84,3.5,0.22,5.96
E-0020358,2.9870038,11.31,55.65,15,0.63,11.66,4.75,0.31,11.31
E-0020359,3.2620358,13.72,46.5,18.06,0.61,10.39,4.87,0.29,13.72
E-0020362,2.9588737,30.67,53.56,77.96,2.56,3.87,12.35,2.61,30.67
E-0020371,0.9114466,172.03,13,2.91,4.75,10.55,27.51,9.07,172.03
E-0020372,0.5197369,183.94,7.45,5.23,1.57,22.43,27.4,2.65,183.94
E-0020373,3.406816,2.28,26.69,34.86,0.82,13.93,2.35,0.05,2.28
E-0020374,3.59192,2.13,51.28,42.9,0.88,11.7,1.87,0.05,2.13
E-0020375,2.3219233,57.52,38.9,19.87,0.91,16.84,6.82,0.31,57.52
E-0020376,2.0331306,98.43,22.02,11.42,0.57,22.32,10.9,0.35,98.43
E-0020377,2.3537807,21.29,22.96,26.46,4.56,7.58,12.87,0.9,21.29
E-0020378,3.4493268,3.96,74.26,43.01,2.19,1.88,3.01,0.24,3.96
E-0020379,3.389658,3.57,63.62,42.96,1.19,3.51,3.04,0.15,3.57
E-0020380,2.6267104,21.33,21.85,24.88,3.97,4.49,6.1,0.46,21.33
E-0020381,2.8501358,30.44,106.75,116.43,3.21,4.09,8.47,2.4,30.44
E-0020382,3.1923394,20.65,124.05,95.79,3.06,2.56,6.81,1.99,20.65
E-0020383,3.1131818,21.29,80.3,77.55,2.91,3.03,6.2,1.76,21.29
E-0020384,3.0890331,18.89,137.57,98.95,2.56,3.16,5.7,2.01,18.89
E-0020385,1.8956459,72.99,31.2,7.85,1.43,13.3,17.34,0.6,72.99
E-0020386,1.9489846,49.68,31.13,7.47,0.9,18.56,14.7,0.4,49.68
E-0020387,2.4817748,35.86,38.16,10.25,0.64,19.32,12.88,0.43,35.86
E-0020388,1.2603804,125.95,16.58,4.52,2.27,14.24,25.53,1.66,125.95
E-0020389,2.4683948,24.2,28.41,12.85,1.31,15.09,11.31,0.47,24.2
E-0020390,3.0550904,14.21,39.06,10.31,0.52,18.54,3.58,0.13,14.21
E-0020391,3.2103229,9.51,43.15,21.76,0.55,14.2,3,0.13,9.51
E-0020392,1.7150462,40.55,21.14,10.96,0.66,21.62,15.51,0.46,40.55
E-0020393,2.9141812,5.69,41.79,37.38,4.33,2.93,5.82,0.42,5.69
E-0020394,2.5021732,9.07,12.83,9.97,5.54,2.65,13.48,2.52,9.07
E-0020395,3.1023045,4.95,21.49,38.56,6.96,1.68,6.67,2.43,4.95
E-0020396,1.8548754,23.22,22.04,7.01,3.94,7.67,12.99,0.83,23.22
E-0020397,2.2858763,8.46,12.16,32.3,5.25,7.12,20.64,1.13,8.46
E-0020398,2.228692,21.87,34.87,22.47,0.99,14.63,3.42,0.24,21.87
E-0020399,2.9876285,2.09,41.73,47.74,1.16,6.98,1.98,0.17,2.09
E-0020400,1.823666,97.1,22.26,8.14,0.43,27.32,11.45,0.36,97.1
E-0020401,1.4131267,115.96,21.99,4.78,0.73,17.87,22.2,0.75,115.96
E-0020402,2.1712606,41.01,28.9,9.25,0.93,13.83,14.93,0.49,41.01
E-0020403,2.3901067,5.11,15.51,13.03,4.38,5.81,6.96,0.59,5.11
E-0020404,2.9013577,2.05,18.98,52.82,4.76,3.71,4.99,0.39,2.05
E-0020405,2.336596,19.96,24.13,20.54,3.59,5.53,11.29,0.68,19.96
E-0020406,3.3619318,2.53,42.11,48.25,1.23,5.48,2.73,0.15,2.53
E-0020407,2.193544,25.08,32.06,17.44,2.04,10.08,12.36,0.5,25.08
E-0020408,2.7712617,7.62,39.46,37.96,3.06,6.19,8.37,0.39,7.62
E-0020409,3.1341305,10.67,68.89,18.37,0.54,14.33,4.51,0.22,10.67
E-0020410,3.3641224,9.89,62.18,25.72,0.59,10.4,3.47,0.21,9.89
E-0020411,1.5819743,74.33,23.5,4.69,0.54,22.67,18.58,0.47,74.33
E-0020412,2.4695277,21.43,42.17,12.24,0.93,13.47,9.82,0.31,21.43
E-0020413,2.3094594,9.23,17.35,27.45,7.42,4.04,13.93,1.68,9.23
E-0020414,1.0696738,143.84,32.7,5.86,1.81,12.02,31.46,2.29,143.84
E-0020415,1.6429242,74.55,36.3,6.62,2.75,6.98,21.09,2.09,74.55
E-0020416,2.3834732,49.41,46.93,16.51,1.1,11.52,6.22,0.43,49.41
E-0020417,2.6385996,3.49,22.36,38.4,6.94,2.74,6.44,0.54,3.49
E-0020418,2.2891924,29.65,20.3,16.12,1.43,14.9,12.45,0.44,29.65
E-0020419,1.9430497,28.57,56.26,12.4,1.37,6.2,8.34,0.49,28.57
E-0020420,2.996966,5.29,52.7,46.5,2.78,2.88,4.38,0.34,5.29
E-0020421,1.9125932,7.49,11.09,41.35,4.79,6.41,8.81,1.09,7.49
E-0020422,2.017416,10.77,9.77,12.56,4.47,6.44,9.76,1.48,10.77
E-0020424,1.4517069,119.07,6.86,7.18,3.33,11.24,23.68,3.61,119.07
E-0020425,2.420515,41.01,23.45,42.84,1.23,12.86,15.5,2.29,41.01
E-0020426,1.8404505,20.19,5.84,8.67,3.58,6.79,15.1,1.71,20.19
E-0020427,2.7142982,50.14,24.6,19.03,2.13,7.76,13.36,3.13,50.14
E-0020428,3.0062656,33.14,46.08,45.98,2.51,5.2,8.82,2.52,33.14
E-0020429,1.9216864,111.53,11.08,6.5,1.06,23.99,23.53,3.66,111.53
E-0020430,2.305388,95.33,12.97,8.48,1.03,20.22,21.27,4.18,95.33
E-0020431,1.9670837,103.48,43.93,10.19,0.89,24.21,9.2,0.25,103.48
E-0020432,2.3057022,6.87,25.55,46.29,8.12,1.91,14.66,4.52,6.87
E-0020433,2.743935,5.9,30.12,96.04,6.66,1.92,7.57,3.48,5.9
E-0020434,2.9880576,2.55,48.42,118.03,6.48,1.38,6.75,2.91,2.55
E-0020435,3.1806648,4.22,11.82,47.56,3.01,4.86,5.32,1.67,4.22
E-0020436,2.78775,5.98,5.96,12.23,3.14,3.92,11,1.71,5.98
E-0020437,3.4232373,5.91,69.66,106.99,2.43,2.99,2.54,1.19,5.91
E-0020438,2.9547987,5.76,29.03,39.57,4.29,3.79,6.33,1.36,5.76
E-0020439,2.4007788,47.78,15.45,25.69,3.98,6.51,15.47,3.93,47.78
E-0020440,3.6524727,3.36,56.99,80.93,1.98,2.32,3.42,1.23,3.36
E-0020441,2.552798,7.22,11.8,17.33,2.99,6.66,8.85,0.66,7.22
E-0020442,3.3536496,3.26,28.12,37.73,2.57,2.78,3.46,0.6,3.26
E-0020443,3.0948303,6.07,57.11,19.01,2.2,4.98,5.06,0.47,6.07
E-0020444,3.463248,4.46,58.42,35.71,1.76,3.31,2.89,0.46,4.46
E-0020445,2.8458326,6.16,17.21,9.03,1.87,10.51,8.95,1.97,6.16
E-0020446,1.1898556,63.96,5.17,2.52,0.96,24.07,31.89,4.7,63.96
E-0020447,2.257539,18.83,20.31,4.54,1.26,15.34,15.96,3.05,18.83
E-0020448,1.7431333,40.48,14.7,3.63,0.96,21.82,22.96,3.28,40.48
E-0020449,2.2360973,17.24,20.21,5.42,0.97,20.29,15.14,1.69,17.24
E-0020450,3.1595554,8.41,31.64,14.2,1.02,12.43,5.71,0.97,8.41
E-0020451,2.8643227,10.37,35.67,9.86,1.14,14.82,7.7,1.06,10.37
E-0020454,1.6693316,152.77,26.63,18.33,6.08,5.99,31.05,9.97,152.77
E-0020455,2.6618724,10.37,40.98,14.37,3.98,2.49,7.53,1.25,10.37
E-0020456,2.7451892,10.51,29.52,64.04,5.31,2.31,7.45,2.31,10.51
E-0020457,0.1889402,232.46,2.04,15.42,1.54,10.41,39.97,10,232.46
E-0020458,-0.6863106,243.64,1.8,13.48,1,15.32,40.99,11.54,243.64
E-0020463,2.2071934,135.17,9.44,97.42,19.26,1.21,18.81,8.87,135.17
E-0020466,1.7356516,254.38,11.1,477.2,15.07,1.4,17.92,6.97,254.38
E-0020467,3.4523413,75.72,10.86,625.09,2.81,1.84,2.11,0.31,75.72
E-0020468,1.9970727,11.95,7.25,23,4.7,6.93,13.94,1.97,11.95
E-0020469,2.86205,4.86,18.37,77.08,5.71,4.94,7.36,1.55,4.86
E-0020470,0.5787316,99.2,2.62,2.47,3.33,12.95,55.44,15.23,99.2
E-0020471,1.7104399,115.6,12.84,7.45,2.22,10.86,21.2,3.36,115.6
E-0020472,1.7103047,117.47,12.43,7.3,2,11.24,22.09,3.73,117.47
E-0020473,2.803563,15.47,67.43,15.94,1.93,3.92,2.79,0.36,15.47
E-0020474,3.315537,4.15,71.56,29.5,1.84,2.43,1.81,0.24,4.15
E-0020475,1.0020653,60.12,3.03,3.09,3.46,8.93,48.51,10.41,60.12
E-0020476,3.20618,7.91,31.22,27.65,2.52,3.66,6.34,1.3,7.91
E-0020477,1.7823586,42.3,7.07,6.3,4.05,9.44,24.24,3.4,42.3
E-0020478,2.2727783,15.96,18.01,13.41,3.82,6.06,15.44,2.74,15.96
E-0020479,2.7215438,9.49,23.67,33.02,2.6,8.01,13.13,3.12,9.49
E-0020480,3.029296,10.66,19.81,14.52,2.8,2.21,3.39,1.63,10.66
E-0020481,1.3988119,38.5,8.51,3.6,4.67,6.01,22.95,4.86,38.5
E-0020482,2.0900629,81.97,82.38,10.86,2.74,12.99,12.55,1.53,81.97
E-0020483,2.9615455,25.44,115.75,56.43,3.4,4.96,5.83,1.15,25.44
E-0020484,1.0217214,50.1,1.33,2.38,1.12,20.95,32.31,5.06,50.1
E-0020485,2.0381298,8.83,3.48,6.25,2.25,11.53,12.3,2.95,8.83
E-0020486,1.4643795,15.2,2.08,4.09,1.46,17.29,21.36,3.45,15.2
E-0020487,2.071127,5.34,3.33,5.05,1.1,20.47,14.18,1.66,5.34
E-0020488,3.2122564,2.17,11.76,15.14,1.55,10.05,4.91,1.01,2.17
E-0020489,3.208666,2.52,12.21,13.69,1.79,9.66,5.92,1.07,2.52
E-0020490,2.4275088,4.5,7.41,9.95,1.68,15.33,12.61,2.27,4.5
E-0020491,1.5892012,22.45,2.36,2.85,1.63,19.93,23.88,3.33,22.45
E-0020492,2.0695846,12.2,6.45,5.06,1.84,15.8,15.05,2.39,12.2
E-0020493,2.635787,5.23,11.54,6.59,1.66,14.7,8.98,1.03,5.23
E-0020494,3.7351167,2.16,38.65,32.61,1.2,5.7,2.19,0.64,2.16
E-0020495,3.4700499,3.36,35.12,15.65,1.71,9.18,3.78,0.8,3.36
E-0020496,2.3780508,6.85,11.74,5.83,1.02,24.14,12.11,1.73,6.85
E-0020497,3.4020386,3.57,38.89,25.19,3.5,2.93,4.19,1.7,3.57
E-0020504,1.664531,61.99,3.53,7.9,3.21,7.28,18.14,2.44,61.99
E-0020506,2.0295632,81,29.63,28.09,9.2,2.48,21.37,8.45,81
E-0020507,2.8184338,14.73,34.25,20.75,1.21,16.61,6,1.02,14.73
E-0020508,3.0244942,6.92,15.33,16.64,0.62,26.8,4.09,0.53,6.92
E-0020509,2.4926507,19.14,33.76,23.49,1.3,14.71,5.51,0.98,19.14
E-0020510,3.1987338,12.48,45.06,42.35,1.07,9.42,2.2,0.27,12.48
E-0020511,2.9829226,21.27,29.14,22.11,0.75,25.82,5.97,0.51,21.27
E-0020512,2.496673,7.66,33.16,11.27,4.28,2.72,9.81,3.32,7.66
E-0020513,2.4802153,18.66,37.67,19.21,4.79,5.01,14.78,1.93,18.66
E-0020514,1.3801492,124.27,2.45,82.32,13.35,3.05,17.81,9.67,124.27
E-0020515,1.0180905,111.96,3.09,115.17,12.01,3.73,21.1,13.03,111.96
E-0020516,1.9737163,187.5,2.46,54.21,6.74,3.42,28,10.32,187.5
E-0020518,2.8567576,203.68,21.11,401.84,2.54,1.82,4.82,0.44,203.68
E-0020522,4.1887345,2.5,59.65,66.31,0.85,2.49,1.04,0.24,2.5
E-0020523,1.0521276,54,3.64,2.68,9.76,4.72,48.99,8.72,54
E-0020524,2.5970712,8.19,17.72,13.12,3,6.87,7.24,0.7,8.19
E-0020525,3.3732135,4.22,32.05,27.21,2.91,3.26,3.56,0.58,4.22
E-0020526,2.8710444,7.57,27.35,11.95,3.71,6.87,8.16,2.02,7.57
E-0020528,2.0832314,15.65,37.4,34.85,4.24,7.98,10.91,2.28,15.65
E-0020529,2.3101635,23.81,35.85,14.72,2.22,11.31,8,0.9,23.81
E-0020530,3.3532472,9.58,26.91,26.65,0.69,20.62,2.97,0.45,9.58
E-0020531,2.6289325,8.99,21.02,24.91,1.46,10.97,4.73,0.92,8.99
E-0020532,2.7408202,12.43,19.39,18.26,1.18,13.09,4.43,0.41,12.43
E-0020533,3.665367,4.26,23.65,47.01,0.65,17.27,1.57,0.26,4.26
E-0020534,2.8538885,5.4,24.96,38.03,1.16,12.16,2.41,0.53,5.4
E-0020535,3.1039157,11.59,39.17,32.52,1,18.29,5.5,0.8,11.59
E-0020536,2.6815302,7.8,33.61,25.51,1.63,13.14,8.91,1.56,7.8
E-0020537,3.2513876,4.96,38.19,31.88,2.57,5.78,5.75,1.47,4.96
E-0020538,3.759793,2.45,59.84,73.81,2.35,2.69,3.36,1.21,2.45
E-0020539,3.024012,8.16,29.85,14.58,2.81,8.36,10.13,1.78,8.16
E-0020540,2.27101,14.7,13.06,6.1,3.32,9.66,17.16,2.82,14.7
E-0020541,2.5905006,20.38,43.95,22.44,1.8,13.23,7.94,0.77,20.38
E-0020542,3.5984783,4.7,78.19,85.79,2.71,1.99,4.79,1.17,4.7
E-0020543,1.9503675,12.05,10.29,9.89,2.03,13.23,15.28,1.51,12.05
E-0020544,1.4094362,170.43,7.85,6.85,1.9,20.21,19.75,7.42,170.43
E-0020545,0.3061309,190.34,4.7,44.46,9.76,1.42,59.55,49.22,190.34
E-0020546,-1.0192362,221.49,2.19,11.91,2.53,4.89,68.99,43.62,221.49
E-0020547,2.0827212,150.15,6.26,55.91,11.57,2.83,23.33,7.86,150.15
E-0020548,1.1468242,121.78,6.53,125.98,0.9,38.25,20.11,11.42,121.78
E-0020549,1.4513776,139.46,13.13,112.41,1.47,21.17,17.15,8.52,139.46
E-0020550,1.8850446,109.21,12.3,89.58,1.54,21,12.08,3.41,109.21
E-0020551,1.7173536,101.88,12.87,84.58,1.66,19.31,17.58,5.47,101.88
E-0020552,1.3760428,119.08,8.76,58.75,1.09,27.86,21.49,8.48,119.08
E-0020553,1.6876544,84.71,11.1,92.55,2.74,9.84,10.38,5.11,84.71
E-0020554,2.2001743,42.78,15.99,96.46,4.08,4.86,5.89,2.1,42.78
E-0020555,1.8513975,94.74,9.17,201.5,1.43,22.03,13.21,4.67,94.74
E-0020556,1.8663191,91.3,15.72,161.86,2.72,9.77,11.25,5.08,91.3
E-0020557,1.956644,79.81,11.97,142.21,1.63,15.09,9.23,3.27,79.81
E-0020558,1.8648827,95.72,15.17,182.35,1.48,18.68,8.38,4.04,95.72
E-0020559,1.3440561,102.67,9.24,70.88,1.24,21.75,17.66,6.59,102.67
E-0020560,1.2422385,147.6,10.51,95.83,1.45,22.2,16.55,12.47,147.6
E-0020561,2.4229615,48.41,13.74,196.92,3.66,2.8,5.23,2.63,48.41
E-0020562,2.1002946,78.64,11.5,271.2,5.7,3.37,10.25,5.94,78.64
E-0020563,1.869359,240.34,12.75,413.06,5.22,1.81,20.29,5.14,240.34
E-0020564,2.0647397,195.83,6.02,122.53,19.03,1.11,14.41,9.16,195.83
E-0020565,3.1515198,10.66,68.53,50.11,3.53,1.25,3.01,0.75,10.66
E-0020566,3.5969088,3.1,50.59,38.49,2.36,3.78,4.88,1.25,3.1
E-0020567,1.4940746,16.94,2.1,4.49,4,10,17.42,1.93,16.94
E-0020568,2.4416857,5.64,3.83,10.03,4.74,5.17,7.91,1.51,5.64
E-0020569,2.7250671,33.02,34.44,22.66,1.13,18.99,5.87,0.47,33.02
E-0020570,2.1831298,60.65,9.07,14.64,10.25,2.82,39.77,18.36,60.65
E-0020571,2.228673,14,45.34,31.8,2.78,8.55,11.29,1.3,14
E-0020572,2.9826217,5.95,41.74,17.47,1.31,12.1,5.84,0.26,5.95
E-0020573,1.2268324,213.91,6.17,126.08,6.9,4.73,11.84,4.03,213.91
E-0020574,1.7149515,168.15,9.39,266.34,10,2.15,7.42,3.99,168.15
E-0020575,1.2701567,153.76,5.42,53.03,7.23,3.5,20.1,4.86,153.76
E-0020576,2.7332628,38.74,31.56,375.43,12.36,2.09,2.35,3.94,38.74
E-0020577,2.7301497,38.74,30.97,372.64,12.37,2.1,2.36,3.95,38.74
E-0020578,0.62097454,203.01,2.59,50.75,7.27,4.66,20.1,6.33,203.01
E-0020579,0.5750998,211.77,2.87,21.94,9.13,3.19,22.25,6.26,211.77
E-0020580,1.3183228,229.18,2.39,236.41,6.02,10.81,25.08,11.97,229.18
E-0020581,2.1852658,202.76,7.3,713.52,18.24,1.45,7.56,5.69,202.76
E-0020582,1.1060987,224.99,2.38,88.07,5.07,7.93,12.63,16.09,224.99
E-0020583,1.8656507,83.22,7.64,197.45,9.54,3.59,16.8,10,83.22
E-0020584,1.8557597,87.6,7.59,189.15,9.21,3.91,16.85,10.55,87.6
E-0020585,1.181881,167.98,7.8,169.1,1.74,19.06,28.64,7.11,167.98
E-0020586,1.1754153,182.01,10.21,237.52,5.66,8.7,20.69,8.86,182.01
E-0020587,1.1637609,181.71,10.05,237.9,5.44,9.36,21.08,9.07,181.71
E-0020588,-0.8058492,217.09,2.03,18.3,0.75,46.85,55.48,19.69,217.09
E-0020589,2.9179034,18.8,11.09,162.78,2.12,3.59,3.41,0.62,18.8
E-0020590,1.3481282,141.35,7.72,131.18,2.07,18.6,18.89,6.49,141.35
E-0020591,2.558876,155.26,38.09,291.27,2.09,3.62,7.86,2.62,155.26
E-0020592,-0.65385985,208.4,5.62,15.47,0.83,112.53,30.95,8.48,208.4
E-0020593,2.95918,196.49,34.11,315.48,1.98,3.85,6.53,0.93,196.49
E-0020618,3.1438556,9,56.78,52.08,4.52,2.42,7.77,1.56,9
E-0020619,0.13785593,196.88,2.86,34.2,7.8,1.67,64.87,46.5,196.88
E-0020620,1.1425519,216.02,5.47,117.71,6.81,7.04,13.23,5.44,216.02
E-0020621,1.7326163,165.35,9.84,268.16,10.19,2.03,8.15,4.56,165.35
E-0020622,1.9321605,126.32,11.43,302.86,10.53,2.12,10.1,4.08,126.32
E-0020623,1.080544,202.34,4.65,100.8,5.97,6.61,15.14,4.73,202.34
E-0020624,0.7069768,226.84,3.4,38.02,3.13,11.12,20.53,4.79,226.84
E-0020625,1.2912807,190.71,5.19,89.42,7.38,3.49,17.78,5.27,190.71
E-0020626,0.37556952,145.52,4.93,38.69,17.98,1.7,69.74,57.28,145.52
E-0020627,0.7256628,234.53,1.84,51.8,3.29,14.06,20.16,16.32,234.53
E-0020628,1.9093505,205.16,7.12,568.74,18.5,1.47,11.44,12.25,205.16
E-0020629,2.1876833,159.01,10.01,520.12,14.49,1.7,13.38,5.85,159.01
E-0020630,0.7480947,152.99,4.18,37.18,0.94,37.26,32.55,15.43,152.99
E-0020631,1.5075603,152.56,13,364.72,3.88,14.77,12.39,10.61,152.56
E-0020632,1.394999,134.02,13.25,183.04,2,19.52,15.77,12.24,134.02
E-0020633,2.1929874,53.21,27.19,315.34,15.75,1.39,7.3,6.88,53.21
E-0020634,1.7600496,80.07,14.46,228.89,3.68,12.54,16.58,15.42,80.07
E-0020635,2.2750988,96.66,9.75,358.32,16.21,0.99,9.14,2.33,96.66
E-0020636,1.9657187,223.38,13.47,588.03,18.79,1.07,10.11,1.73,223.38
E-0020637,1.9716873,222.86,13.49,588.89,18.76,1.06,9.99,1.7,222.86
E-0020638,-0.4276749,215.73,2.03,17.86,0.87,43.07,58.75,20.77,215.73
E-0020639,0.58173156,222.92,2.5,27.55,1.68,26.14,55.18,22,222.92
E-0020640,-0.078410566,221.14,2.7,31.5,1.3,28.8,53.57,23.27,221.14
E-0020641,1.7096672,111.22,8.89,33.26,0.89,29.09,11.05,5.88,111.22
E-0020642,2.6159306,44.44,17.65,196.22,3.85,2.88,5.22,1.41,44.44
E-0020643,2.8979201,34.96,23.08,174.36,2.53,3.3,2.8,0.83,34.96
E-0020644,1.8976257,78.48,10.38,138.99,1.96,15.42,8.35,3.89,78.48
E-0020645,3.1006668,12.71,12.52,140.53,1.96,3.05,2.38,0.55,12.71
E-0020646,1.8921311,88.94,12.44,181.64,1.83,16.53,8.92,3.71,88.94
E-0020647,2.3522778,58.39,8.25,88.49,1.52,12.92,9.23,5.11,58.39
E-0020648,-0.5966175,169.83,5.59,20.05,0.77,111.24,21.18,3.57,169.83
E-0020649,0.6695565,65.19,21.25,63.42,1.04,85.14,9.47,1.45,65.19
E-0020650,-0.20784694,189.81,5.96,33.54,1.01,101.83,23.47,5.48,189.81
E-0020651,2.6927044,54.84,25.64,281.26,8.67,1.86,8.5,3.25,54.84
E-0020652,2.2217488,23.84,18.01,6.45,7.52,2.16,20.61,4.99,23.84
E-0020653,0.09208118,199.76,3.29,28.76,8.01,2.14,62.47,58.26,199.76
E-0020654,-0.042830635,189.85,3.1,30.43,4.9,4.67,55.88,30.02,189.85
E-0020655,2.1563392,112.6,6.95,323.69,9.05,3.88,14.25,3.19,112.6
E-0020656,2.744842,83.98,9.14,380.07,12.51,1.62,10.79,3.11,83.98
E-0020657,1.427599,167.83,11.42,263.29,2.58,18.1,12.71,10.15,167.83
E-0020658,1.4947207,143.55,14.17,211.73,1.41,22.97,13.94,10.89,143.55
E-0020659,1.6036019,132.93,11.72,276.28,4.94,13.76,14.72,10.4,132.93
E-0020660,0.87756443,193.42,5.48,132.63,1.01,34.22,21.82,11.62,193.42
E-0020661,1.7798221,132.2,13.41,253.51,5.87,8.78,8.16,7.67,132.2
E-0020662,1.2025886,168.73,8.83,193.49,2.53,16.12,30.72,11.41,168.73
E-0020663,1.1796,174.05,7.3,145.79,1.68,29.76,25.65,7.63,174.05
E-0020664,0.8146266,154.03,6.86,153.75,1.4,19.08,37.26,9.12,154.03
E-0020665,0.3443399,182.3,6.29,154.84,1.16,27.05,20.11,5.99,182.3
E-0020666,1.3373721,163.62,9.62,265.66,3.8,14.07,19.76,6.27,163.62
E-0020667,1.5626895,148.62,10.58,340.47,4.26,9.75,15,4.51,148.62
E-0020668,1.8951766,93.08,13.88,431.66,5.25,7.11,10.77,4.05,93.08
E-0020669,1.1848211,183.8,8.34,250.61,5.19,10.27,21.49,9.04,183.8
E-0020670,1.3540499,154.62,16.62,384.22,4.74,9.81,18.24,4.69,154.62
E-0020671,1.0705009,128.08,8.38,81.06,1.01,28.21,23.6,14.35,128.08
E-0020672,1.5314703,177.23,10.18,186.85,5.83,8.35,15.75,9.04,177.23
E-0020673,1.9740916,79.38,13.34,101.46,1.44,19.4,14.01,3.35,79.38
E-0020674,1.8652976,97.9,13.78,195.12,4.78,7.21,16.04,4.42,97.9
E-0020675,1.6350877,155.56,11.76,196.41,4.32,6.37,19.01,7.58,155.56
E-0020676,1.9023647,123.74,8.5,163.18,2.97,6.53,14.21,3.7,123.74
E-0020677,1.8644648,156.49,5.21,245.14,18.12,1.41,3.64,4.44,156.49
E-0020678,1.9120967,130.62,4.31,174.87,12.16,2.66,6.98,5.17,130.62
E-0020679,2.0825472,175.8,9.85,520.38,14.62,1.61,6.96,4.6,175.8
E-0020680,2.542842,50.32,12.6,241.19,4.61,3.36,5.41,1.31,50.32
E-0020681,2.779994,36.71,11.8,172.26,2.2,3.97,3.11,0.88,36.71
E-0020682,3.0006218,18.82,11.87,132.71,1.55,3.89,2.64,0.47,18.82
E-0020683,2.774095,37.57,16.91,260.95,3.42,3.32,3.52,0.9,37.57
E-0020684,3.1358562,16.17,15.04,213.38,2.12,3.44,1.81,0.43,16.17
E-0020685,1.9114876,64.78,12.78,64.49,1.38,19.92,12.27,3.85,64.78
E-0020686,-0.11023188,173.91,6.82,34.67,0.97,95.07,15.6,2.25,173.91
E-0020687,-0.11648109,175.9,6.86,36.16,0.98,94.39,15.65,2.3,175.9
E-0020688,-0.38850084,220.47,7.21,28.54,0.89,102.19,24.71,5.11,220.47
E-0020689,-0.39063257,215.31,6.95,26.9,0.85,103.62,24.76,4.93,215.31
E-0020690,-0.3116907,190.57,6.88,25.82,0.82,108.3,23.14,4.68,190.57
E-0020691,-0.22107212,221.6,9.33,60.84,1,106.87,23.66,5.29,221.6
E-0020692,3.146274,153.46,35.26,408.62,4.52,1.62,3.37,0.66,153.46
E-0020693,3.305334,90.7,38.3,383.08,0.94,2.87,3.38,0.32,90.7
E-0020763,0.64803296,150.61,3.65,66.56,9.71,2.05,55.28,39.16,150.61
E-0020764,2.1047633,126.29,4.12,572.85,16.88,1.35,8.92,3.55,126.29
E-0020765,1.2175236,194.13,9.79,209.6,2.59,16.91,24.08,12.53,194.13
E-0020766,1.5155902,137.67,8.61,191.37,3.05,13.49,26.02,8.58,137.67
E-0020767,1.6132317,116.59,10.99,172.13,3.1,16.49,19.32,9.22,116.59
E-0020768,1.4960369,98.26,6.27,102.57,1.61,23.07,21.51,10.95,98.26
E-0020769,1.500767,129.02,8.48,178.91,2.39,15.24,21.1,5.62,129.02
E-0020770,1.9731641,80.83,12.74,288.22,2.26,13.55,11.53,2.15,80.83
E-0020771,1.7276433,123.35,12.46,364.68,3.54,15.49,14.5,5.64,123.35
E-0020772,1.4177003,169.47,11.57,183.66,5.8,6.78,16.31,8.43,169.47
E-0020773,0.8792223,215.33,3.45,27,1.69,29.36,51.12,17.09,215.33
E-0020774,0.8620446,195.52,3.36,15.13,0.94,38.63,53.69,21.3,195.52
E-0020775,0.6888504,220.5,3.54,33.21,1.24,35.04,47.73,19.23,220.5
E-0020776,1.6316144,140.11,8.16,48.26,0.9,31.27,16.09,8.11,140.11
E-0020777,1.3006164,198.12,9.43,189.15,5.64,8.19,19.37,10.29,198.12
E-0020778,1.3051827,198.29,9.41,186.92,5.62,8.04,19.4,10.28,198.29
E-0020779,1.4695671,202.11,8.98,230.34,6.33,8.16,19.41,9.81,202.11
E-0020780,1.4640896,202.3,8.98,228.22,6.37,8.19,19.6,9.94,202.3
E-0020781,1.7609389,109.48,9.11,175.07,2.13,17.47,15.93,5.64,109.48
E-0020782,1.9404292,118.73,10.77,204.87,4.69,10.86,17.1,5.93,118.73
E-0020783,1.1105556,161.8,11.56,116.94,1.29,24.3,21.46,14.25,161.8
E-0020784,2.0416832,47.13,8.37,102.81,2.34,8.58,7.42,2.78,47.13
E-0020785,1.3444834,69.83,6.5,67.49,1.59,13.63,19.92,4.47,69.83
E-0020786,1.9454062,199.12,7.39,366.41,18.24,1.37,7.21,9.48,199.12
E-0020787,1.9205481,199.31,7.53,368.08,18.24,1.37,8.91,12.34,199.31
E-0020788,1.4786146,156.7,12.6,162.45,1.52,18.96,12.32,8.17,156.7
E-0020789,1.4410045,107.73,6.23,102.62,2.03,17.15,10.64,18.49,107.73
E-0020790,0.83246917,160.24,4.16,74.21,0.81,31.65,39.55,18.69,160.24
E-0020791,2.948049,19.99,23.86,172.06,0.79,13.33,2.54,0.37,19.99
E-0020792,1.6302317,97.52,11.1,52.8,1.23,24.18,16.64,6.44,97.52
E-0020793,1.6915431,96.4,11.83,68.54,1.4,21.48,16.62,6.78,96.4
E-0020794,1.7066611,105.5,14.47,100.75,1.83,16.34,12.77,6.89,105.5
E-0020795,1.3811187,136.35,10.98,117.18,1.4,21.87,14.57,9.86,136.35
E-0020796,3.1712298,158.69,15.26,767.06,9.71,1.22,4.04,1.33,158.69
E-0020797,0.5269326,120.53,12.88,43.79,1.22,103.84,15.06,4.45,120.53
E-0020798,3.865353,12.82,45,486.82,6.32,1.37,1.22,0.79,12.82
E-0020799,3.2705915,106.75,24.22,375.52,4.32,1.87,4.11,1.37,106.75
E-0020800,3.2378569,121.3,36.18,453.68,5.32,2.03,6.23,2.62,121.3
E-0020801,2.2085588,130.34,28.92,349.01,19.75,1.29,12.02,10.98,130.34
E-0020802,4.2661266,1.64,45.05,657.35,4.15,1.22,0.54,0.13,1.64
E-0020803,1.7494056,149.15,20.61,248.61,4.07,4.46,19.49,7.46,149.15
E-0020804,0.5411577,204.36,2.2,214.29,6.33,7.08,22.9,3.56,204.36
E-0020805,2.741432,84.18,9.09,380.33,12.5,1.63,10.77,3.11,84.18
E-0020806,1.5169998,158.18,9.3,244.45,3.13,13.11,16.48,6.73,158.18
E-0020807,1.065576,186.11,7.61,211.86,3.4,13.88,22.91,8.86,186.11
E-0020808,1.6041889,98.01,13.37,139.62,2.6,15.85,11.16,9.15,98.01
E-0020809,1.7234392,127.89,11.97,198.17,4.49,10.89,13.62,7.89,127.89
E-0020810,1.2506044,176.22,8.32,193.1,1.33,27.21,17.48,10.08,176.22
E-0020811,0.13044886,173.25,4.38,142.8,1.07,34.01,36.27,11.25,173.25
E-0020812,1.9800214,133.68,15.38,241.22,4.91,7.69,18.1,7.7,133.68
E-0020813,0.18588804,177.43,4.8,135.11,0.88,33.16,30.1,6.69,177.43
E-0020814,1.7083144,118.19,10.96,179.08,4.42,6.08,20.2,8.82,118.19
E-0020815,0.6901841,178.57,3.73,18.3,0.79,41.01,49.28,20.36,178.57
E-0020816,1.8245131,131.93,12.14,289.44,4.29,11.26,12.42,5.36,131.93
E-0020817,1.7417924,110.52,9.01,173.43,2.12,17.65,16.18,5.69,110.52
E-0020818,1.10831,168.04,6.54,146.89,2.03,22.16,24.23,7.91,168.04
E-0020819,0.56206536,162.81,4.41,119.61,1.4,26.24,35.08,10.32,162.81
E-0020820,1.0653431,164.27,7.73,147.72,2.2,15.67,21.32,6.1,164.27
E-0020821,1.7121512,121.76,11.8,206.27,2.53,9.99,20.12,7.16,121.76
E-0020822,2.3118384,48.74,19.04,133.97,2.78,5.26,5.86,2.79,48.74
E-0020823,2.447649,41.25,20.03,138.13,2.7,4.08,6.32,2.43,41.25
E-0020824,2.0810027,87.68,13.69,231.36,4.7,9.27,7.23,4.39,87.68
E-0020825,2.6686041,39.27,33.49,437.15,2.62,4.66,3.27,1.85,39.27
E-0020826,2.4506135,54.5,30.19,476.57,5.99,4.47,3.82,3.75,54.5
E-0020827,1.5536413,102.17,10.42,182.99,2.89,20.87,12.71,5.41,102.17
E-0020828,1.7261968,137.34,16.09,305.49,3.06,11.65,10.98,6.97,137.34
E-0020829,1.5328737,155.65,11.06,199.99,3.89,15.08,13.32,8,155.65
E-0020830,2.0866942,185.66,3.75,70.67,11.67,2.41,12.13,7.83,185.66
E-0020831,2.4948173,57.97,16.37,45.98,6.21,3.1,4.34,2.54,57.97
E-0020832,1.744025,112.32,9.58,162.5,2.02,17.25,16.49,6.42,112.32
E-0020833,1.8392107,115.84,13.73,106.31,1.45,20.5,15.83,5.09,115.84
E-0020834,2.0529275,65.52,21.39,85.39,1.98,14.34,8.31,4.04,65.52
E-0020835,1.3630944,159.41,13.76,122.01,1.36,24.68,17.46,9.59,159.41
E-0020836,2.4844193,26.24,10.75,104.51,5.62,4.49,4.05,1.22,26.24
E-0020837,2.3228836,21.15,10.41,74.75,5.44,4.13,4.66,2,21.15
E-0020838,1.3671473,147.97,13.57,213.2,9.84,2.98,22.71,9.76,147.97
E-0020840,2.673852,65.26,55.2,564.6,15.7,1.17,8.34,7.18,65.26
E-0020841,3.1655498,35.15,48.13,488.85,15.52,1.12,2.87,3.84,35.15
E-0020842,1.8253043,77.39,17.5,276.57,14.09,2.92,26.33,21.5,77.39
E-0020843,2.2384186,131.87,34.55,269.93,2.57,3.94,19.95,8.38,131.87
E-0020844,2.8446107,50.43,25.06,279.35,10.52,2.46,4.74,4.94,50.43
E-0020854,1.1239705,151.52,6.61,28.95,0.94,34.12,27.67,14.92,151.52
E-0020855,1.3035932,72.08,7.04,26.6,1.42,21,14.46,7.25,72.08
E-0020856,1.8383095,96.92,10.12,224.8,4.42,11.71,19.04,5.7,96.92
E-0020857,1.4141902,186.36,8.74,159.41,2.49,17.89,15.62,10.95,186.36
E-0020858,1.1957376,162.23,5.83,133.21,0.97,32.76,17.05,7.98,162.23
E-0020859,1.1928072,172.57,8.47,160.4,3.09,21.26,12.31,4.37,172.57
E-0020860,1.584127,159.36,11.01,225.26,7.34,7.81,13.11,6.55,159.36
E-0020861,1.2247062,181.42,8.16,232.25,2.51,16.21,20.3,8.21,181.42
E-0020862,1.2348428,165.07,8.72,201.2,2.72,13.39,21.19,8.07,165.07
E-0020863,1.2228894,165.36,8.74,194.41,2.28,16.67,23.68,7.48,165.36
E-0020864,1.2485048,165.51,8.77,198.31,2.33,16.46,23.44,7.4,165.51
E-0020865,1.2987652,118.88,7.84,145.47,1.58,18.55,17.36,1.74,118.88
E-0020866,0.56286776,162.54,4.44,119.86,1.42,25.89,34.91,10.31,162.54
E-0020867,1.3922324,155.9,9.03,223.75,2.22,13.36,27.95,8.82,155.9
E-0020868,1.2531493,173.97,7.54,162.76,2.06,17.3,30.99,9.81,173.97
E-0020869,1.3686233,159.77,8.06,129.07,1.68,17.86,22.63,6.59,159.77
E-0020870,0.9254075,184.67,6.22,137.08,1.91,18.07,30.74,10.02,184.67
E-0020871,0.91521496,187.05,6.13,135.96,1.82,18.73,29.86,9.66,187.05
E-0020872,1.5753067,125.62,13.37,315.16,4.41,12.64,9.61,9.07,125.62
E-0020873,1.5552193,127.92,13.09,309.69,3.85,13.92,10.46,9.69,127.92
E-0020874,1.6427939,173.54,9.75,119.6,1.92,20.23,19.4,12.03,173.54
E-0020875,2.020185,185.64,1.56,67.04,13.33,2.8,16.69,10.86,185.64
E-0020876,2.0674438,193.58,2.79,106.36,13.07,3.26,16.52,12.03,193.58
E-0020877,1.5575591,156.19,9.21,203.24,3.83,10.9,21.86,8.89,156.19
E-0020878,1.7769332,129.06,14.61,235.15,6.98,4.44,12.53,4.78,129.06
E-0020879,1.749748,112.04,9.87,163.37,2.05,16.48,16,6.5,112.04
E-0020880,1.071799,189.19,9,79.93,4.08,9.86,31.57,14.93,189.19
E-0020881,1.3701973,178.41,11.64,203.45,2.34,17.52,20.94,10.41,178.41
E-0020882,1.932831,19.24,12.24,80.57,0.99,24.85,3.51,1.88,19.24
E-0020883,1.8111057,47.14,5.25,97.75,9.12,4.14,7.79,4.18,47.14
E-0020884,1.6880181,127.24,10.87,243.15,5.48,9.14,12.53,4.94,127.24
E-0020885,1.9640542,215.13,4.06,77.08,14.47,1.75,12.48,10.62,215.13
E-0020886,1.8213286,61.52,13.67,264.82,7.86,7.2,15.61,8.59,61.52
E-0020887,2.093543,234.26,12.75,247.3,11.58,1.5,11.93,5.31,234.26
E-0020888,1.9921749,255.34,14.13,311.83,10.38,1.59,15.47,6.6,255.34
E-0020889,2.8910065,87.1,45.82,418.43,15.63,1.24,5.2,6.36,87.1
E-0020890,4.068018,14.73,81.52,534.1,4,1.48,1.18,0.68,14.73
E-0020891,3.9533272,29.01,95.64,554.05,4.61,1.58,1.29,0.82,29.01
E-0020892,2.3576765,124.62,21.27,123.59,1.2,6.03,21.18,8.61,124.62
E-0020893,3.199102,28.35,57.98,321.55,12.68,1.26,2.52,3.17,28.35
E-0020894,2.2708366,79.36,11.39,219.87,14.69,2.36,10.91,8.85,79.36
E-0020895,2.553582,84.25,19.5,234.45,9.4,1.63,10.4,3.11,84.25
E-0020896,0.9401959,72.75,2.9,16.13,1.4,23.65,23.48,12.68,72.75
E-0020897,2.184525,41.2,25.49,406.96,7.89,3.75,4.62,3.8,41.2
E-0020898,1.5898162,115.1,10.81,184.3,2.82,18.47,18.01,6.12,115.1
E-0020899,1.155272,165.88,7.03,169.63,2.28,15.87,22.84,7.44,165.88
E-0020900,1.7500333,91.81,12.27,152.31,3.59,7.27,10.17,6.05,91.81
E-0020902,2.0428727,63.92,10.84,155.71,1.89,11.53,8.84,2.5,63.92
E-0020903,1.2616634,167.35,12.08,141.13,7.34,8.4,16.15,12.64,167.35
E-0020904,1.6442769,140.18,15.68,173.47,1.38,16.84,15.73,8.99,140.18
E-0020905,1.6045731,141.87,15.41,163.08,1.28,18.63,16.04,9.22,141.87
E-0020906,1.5948428,186.16,13.2,151.28,1.78,22.2,19.97,12.55,186.16
E-0020907,1.9644791,116.55,9.68,74.52,1.02,27.52,9.19,5.04,116.55
E-0020908,1.2628548,151.34,10.71,181.12,3.47,15.46,12.18,3.93,151.34
E-0020909,1.5813301,138.12,15.33,163.24,1.22,22.72,14.33,5.91,138.12
E-0020910,1.4636887,141.78,13.16,110.95,5.6,9.53,18.32,13.57,141.78
E-0020911,0.0035291426,224.47,2.27,25.88,1.45,25.08,52.6,20.33,224.47
E-0020912,0.6190942,227.74,1.93,22.41,1.87,21.6,54.39,19.22,227.74
E-0020913,1.5336528,170.15,8.02,101.73,3.31,9.81,16.04,4.85,170.15
E-0020914,1.9801912,176.46,9.18,126.49,4.75,5.74,14.33,4.87,176.46
E-0020915,2.2530212,125.59,15.18,124.31,4.45,5.4,10.54,2.55,125.59
E-0020916,2.457611,139.31,15.5,131.02,4.96,4.19,10.29,2.8,139.31
E-0020917,2.252356,114.19,7,111.85,2.91,6.84,9.32,2.14,114.19
E-0020918,2.4668615,121.65,6.88,102.56,3.83,6,10.33,3.04,121.65
E-0020919,0.7471193,210.58,6.95,125.61,2.59,17.84,35.57,13.3,210.58
E-0020920,1.9658347,95.35,12.93,277.9,2.47,17.44,12.5,4.4,95.35
E-0020921,1.1700099,202.75,9.31,184.68,2.72,17.81,24.6,8.93,202.75
E-0020922,1.7224667,125.32,11.09,244.62,5.82,7.75,12.73,4.95,125.32
E-0020923,1.3484567,121.62,6.05,154.59,1.81,21.76,23.32,8.74,121.62
E-0020924,1.3623108,121.24,6.22,154.19,1.92,20.38,22.98,8.67,121.24
E-0020925,3.423606,10.08,35.38,123.45,2.46,3.2,2.29,1.37,10.08
E-0020926,2.4429054,70.35,20.84,261.54,9.6,1.94,7.27,2.01,70.35
E-0020927,1.8636422,109.54,14.07,207.99,2.63,11.23,13.42,5.16,109.54
E-0020928,1.945976,149.03,11.58,237.35,2.79,9.93,15.56,3.35,149.03
E-0020929,3.8675466,29.55,152.95,602.64,2.14,2.53,2.41,0.89,29.55
E-0020930,1.8826945,206.3,22.68,167.38,2.89,3.58,25.4,12.18,206.3
E-0020931,2.8204648,100.2,71.83,398.03,4.99,2.08,11.88,6.84,100.2
E-0020932,3.546371,31.26,29.59,593.4,5.35,1.86,2.6,0.71,31.26
E-0020933,3.823008,27.54,62.33,757.86,2.95,2.01,1.95,0.55,27.54
E-0020934,3.5481005,36.01,36.37,"1,134.38",12.69,1.24,2.43,0.82,36.01
E-0020935,3.2192502,34.07,33.71,"1,078.18",17.69,1.02,3.03,1.67,34.07
E-0020936,2.2913647,102.6,19.08,295.31,19.47,1.28,9.71,10.05,102.6
E-0020937,2.7071214,60.08,57.96,534.87,16.21,1.17,5.36,7.42,60.08
E-0020938,3.9221869,7.42,90.06,595.04,5.01,1.35,1.1,0.67,7.42
E-0020939,0.6072669,128.72,4.05,8.72,1.4,30.44,49.26,24.6,128.72
E-0020940,0.68677497,196.36,3.41,26.51,1.42,27.29,52.13,16.27,196.36
E-0020941,1.6554682,129.32,10.87,397.62,1.53,26.49,12.62,4.25,129.32
E-0020942,1.6986451,156.92,15.38,221.12,4.85,9.96,16.35,11.1,156.92
E-0020943,1.5797284,165.43,14.09,291.34,4.35,9.98,16.64,10.05,165.43
E-0020944,1.689062,158.01,15.12,223.18,4.77,10.6,14.72,9.51,158.01
E-0020945,1.5555823,169.36,13.83,298.08,4.29,11.07,15.94,9.43,169.36
E-0020946,1.7930282,129.42,11.89,285.31,4.2,12.15,13.53,5.8,129.42
E-0020947,1.7662778,124.39,11.71,243.72,3.3,13.89,15.63,6.67,124.39
E-0020948,1.8271415,128.59,12.49,277.56,4.32,10.5,13.65,6.16,128.59
E-0020949,1.1612993,166.05,6.99,172.55,2.3,15.78,22.74,7.32,166.05
E-0020950,1.4602332,140.32,10.72,215.04,1.59,22.51,20.79,7.33,140.32
E-0020951,2.6333504,39.65,7.83,131.7,11.61,1.36,3.6,1.86,39.65
E-0020952,3.2766843,33.22,23.88,243.02,5.67,1.4,2.62,0.38,33.22
E-0020953,2.9107318,53.43,15.19,230.77,5.34,1.57,3.3,0.46,53.43
E-0020954,1.7936909,156.42,11.53,214.11,4.25,9.49,11.22,2.59,156.42
E-0020955,1.7836549,86.29,12.85,65.34,1.34,25.96,14.71,4.64,86.29
E-0020956,2.519762,130.78,6.11,125.81,9.7,3.27,11.64,4.28,130.78
E-0020957,2.4620728,69.97,21.08,262.84,9.52,1.79,6.98,1.86,69.97
E-0020958,2.773798,36.86,13.52,135.01,8.51,2.23,3.53,0.41,36.86
E-0020959,1.8052938,139.39,7.08,164.03,7.59,3.33,16.99,3.95,139.39
E-0020960,2.5663986,30.21,11.5,130.47,5.68,3.54,7.25,1.2,30.21
E-0020961,1.6683393,113.94,12.49,228.21,9.08,8.91,14.72,12.1,113.94
E-0020962,1.0941963,176.08,8.2,152.87,1.79,21,31.15,16.02,176.08
E-0020963,1.2895608,163.09,7.94,188.24,2.72,14.53,31.33,10.96,163.09
E-0020964,1.4679478,154.78,8.72,164.91,2.72,12.15,26.53,9.41,154.78
E-0020965,1.3921039,154.91,7.91,206.05,3.42,12.04,25.58,8.03,154.91
E-0020966,1.8045495,136.56,11.83,330.66,5.13,9.73,8.78,5.37,136.56
E-0020967,1.654321,234.92,8.13,333.34,15,1.53,35.28,15.97,234.92
E-0020968,1.9115314,184.42,18.44,290.11,3.42,3.35,24.87,6.3,184.42
E-0020969,2.5273633,156.29,50.77,532.89,11.2,1.93,10.03,11,156.29
E-0020970,2.3184414,186.4,38.49,463.16,11.85,2.49,11.11,12.12,186.4
E-0020971,2.4378424,146.93,22.76,220.99,4.99,2.67,8.82,4.66,146.93
E-0020972,2.2533321,179.34,18.51,271.11,5.89,2.92,12.2,6.59,179.34
E-0020973,1.9144715,216.55,22.68,276.67,5.46,3.2,28.16,18.28,216.55
E-0020974,3.2846017,11.21,41.92,626.04,12.04,1.03,3,1.56,11.21
E-0020975,2.969343,77.82,58.1,422.01,7.04,3.07,9.41,4.1,77.82
E-0020976,2.7134562,128.31,76.29,465.29,5.37,2.44,9.82,6.41,128.31
E-0020977,2.2763543,176.03,13.89,321.22,14.82,1.31,11.98,4.25,176.03
E-0020978,3.2818968,64.6,135.81,456.88,4.52,1.9,2.7,2.17,64.6
E-0020979,1.8271792,91.16,7.68,125.1,5.79,8.11,17.93,6.61,91.16
E-0020980,1.2170603,166.34,11.81,101.53,1.42,22.2,24.63,9.93,166.34
E-0020981,1.2171404,167.26,11.85,102.86,1.42,22.29,24.49,9.95,167.26
E-0020982,2.611484,34.22,7.35,113.48,9.54,1.98,4.3,0.73,34.22
E-0020983,1.5096562,122.85,12.44,244.32,2.54,21,22.11,10.5,122.85
E-0020984,1.2833183,151.42,11.9,217.9,4.91,4.68,24.33,10.08,151.42
E-0020985,0.80119014,212.11,3.32,59.7,3.78,10,34.98,13.22,212.11
E-0020986,1.5273529,196.74,2.82,69.75,5.59,8.05,36.76,13.52,196.74
E-0020987,0.6380462,216.27,3.71,30.77,0.97,37.84,46.02,19.16,216.27
E-0020988,0.5669168,212.08,4.29,32.52,1,37.26,51.15,25.54,212.08
E-0020989,3.460443,18.59,20.83,205.47,2.51,2.04,2.9,0.2,18.59
E-0020990,1.2753513,152.05,7.52,120.53,1.99,22.39,26.93,7.5,152.05
E-0020991,1.9060377,118.73,11.8,178.83,3.85,10.1,16.29,4.29,118.73
E-0020992,1.432961,154.16,10.1,130.66,2.69,11.9,20.86,6.94,154.16
E-0020993,3.5415726,16.38,28.58,252.42,3.23,1.55,1.78,0.24,16.38
E-0020994,1.8885674,119.39,11.8,169.72,3.83,10.33,16.73,4.39,119.39
E-0020995,2.1648107,80.8,14.92,388.59,5.2,5.96,7,3.19,80.8
E-0020996,1.76007,193.92,7.39,224.83,9.78,2.44,13.27,1.88,193.92
E-0020997,1.7584319,194.53,7.36,221.45,9.81,2.4,13.27,1.91,194.53
E-0020998,2.7846184,36.48,13.32,137.69,8.54,2.25,3.72,0.42,36.48
E-0020999,2.3471565,55.3,12.75,306.25,14.69,1.72,4.26,3.53,55.3
E-0021000,2.8526826,14.66,17.86,168.25,10.33,2.13,1.52,1.19,14.66
E-0021001,1.3972054,119.76,10.2,174.07,2.81,14.01,29.88,6.26,119.76
E-0021002,1.819694,85.21,10.37,168.55,2.47,15.64,13.02,6.66,85.21
E-0021003,1.8482312,136.39,12.27,321.64,5.34,8.2,9.35,6.08,136.39
E-0021004,2.1518862,111.65,12.66,227.22,2.32,7.57,10.16,2.1,111.65
E-0021005,1.7191932,219.07,6.71,222.08,18.78,1.26,28.81,12.63,219.07
E-0021006,2.849249,60.5,19.31,321.1,6.5,1.51,4.48,0.47,60.5
E-0021007,1.4737359,135.43,7.5,268.83,1.09,34.03,22.7,6.06,135.43
E-0021008,1.7626088,161.75,12.5,277.97,6.8,2.88,11.53,4.77,161.75
E-0021009,1.5112495,166.2,7.8,232.64,4.25,5.12,27.72,9.21,166.2
E-0021010,1.2113824,144.44,6.02,180.04,1.03,34.52,24.89,5.19,144.44
E-0021011,1.3038416,120.22,9.72,111.54,2.03,17.91,19.38,13.03,120.22
E-0021012,1.2969787,105.8,10.37,105.82,1.41,27.04,17.45,9.66,105.8
E-0021013,2.2217183,68.41,17.54,263.33,3.64,4.09,6.33,2.39,68.41
E-0021014,-0.06691296,170.23,2.27,46.21,0.74,40.89,47.64,10.8,170.23
E-0021015,1.7846568,119.26,13.46,221.02,2.3,9.56,11.01,6.77,119.26
E-0021016,2.1063073,127.04,10.37,123.14,9.62,4.63,12.79,8.78,127.04
E-0021017,2.5867443,65.82,14.47,258.56,5.11,2.05,6.03,2.11,65.82
E-0021018,2.2983904,135.78,17.7,347.22,8.65,1.4,5.44,1.28,135.78
E-0021019,1.3326956,148.16,8.08,133.85,2.23,19.12,24.93,6.8,148.16
E-0021020,2.2722397,95.11,5.3,84.59,7.13,5.51,9.65,4.85,95.11
E-0021021,2.5172539,136.12,6.12,137.25,10.13,3.31,12.82,6.74,136.12
E-0021022,3.1465523,9.2,13.4,88.78,6,2.65,2.6,1.41,9.2
E-0021023,1.8974426,125.2,6.12,173.35,9.46,2.45,8.67,1.14,125.2
E-0021024,1.7308371,137.78,14.4,294.39,5.86,8.81,13.29,8.59,137.78
E-0021025,1.7318124,139.75,14.2,305.92,5.79,9.44,13.61,8.75,139.75
E-0021026,1.7588129,146.5,15,329.01,7.31,7.22,11.98,7.85,146.5
E-0021027,1.7772491,145.89,15.24,327.48,7.53,6.46,11.47,7.61,145.89
E-0021028,1.88012,131.78,8.66,184.56,2.22,9.59,12.67,4.35,131.78
E-0021029,2.090674,91.3,13.92,150.23,3.89,4.68,10.66,5.78,91.3
E-0021030,1.3741167,162.26,6.6,99.61,1.77,17.06,10.31,5.98,162.26
E-0021031,1.9973041,90.04,11.94,151.95,2.7,11.35,11.54,4.49,90.04
E-0021032,2.6853063,54.47,13.95,125.58,2.23,6.31,6.65,2.11,54.47
E-0021033,0.7190331,246.23,6.71,101.51,10.98,2.08,36.23,19.65,246.23
E-0021034,2.1779373,91.72,11.39,160.38,8.15,4.8,12.22,6.09,91.72
E-0021035,3.4280133,9.81,9.83,144.23,2.45,1.86,5.27,0.18,9.81
E-0021036,2.2917213,59.85,21.64,321.04,5.64,8.08,7.6,4.93,59.85
E-0021037,1.4553131,170.65,10.33,225.99,3.03,12.22,27.16,9.84,170.65
E-0021038,1.4289372,173.74,10.42,224.01,2.74,13.23,26.61,9.95,173.74
E-0021039,1.5492375,127.3,7.8,179.17,2.82,11.52,25.19,8.21,127.3
E-0021040,2.9865441,61.28,36.03,433.82,16.14,1.19,4.82,5.3,61.28
E-0021041,3.1656506,124.26,42.84,334.16,0.81,5.65,9.56,3.95,124.26
E-0021042,3.7142062,45.27,113.05,482.86,1.34,3.33,3.12,1.29,45.27
E-0021043,2.0873048,119.83,25.73,260.32,18.36,1.21,10.24,16.82,119.83
E-0021044,2.8748498,81.97,58.07,403.42,7.28,1.86,13.81,10.69,81.97
E-0021045,3.974862,13.18,70.47,459.89,8.62,1.42,1.34,0.67,13.18
E-0021046,3.0563614,60.23,23.54,394.18,16.54,1.18,3.07,2.65,60.23
E-0021047,3.019248,31.11,22.96,468.85,15.14,0.9,3.18,2.15,31.11
E-0021048,2.7107449,74.42,35.23,417.5,17,1.1,4.21,9.11,74.42
E-0021049,2.650429,87.5,31.48,474.18,18.8,1.1,7.15,7.08,87.5
E-0021050,1.6239269,138.15,16.32,157.14,4.79,6.7,27.48,10.27,138.15
E-0021051,2.9790654,57.33,41.1,602.13,16.5,1.14,5.6,4.99,57.33
E-0021052,2.1499496,178,11.35,138.2,21.22,1.62,19.32,19.21,178
E-0021053,2.197518,177.12,19.82,277.11,22.88,1.31,18.96,19.44,177.12
E-0021054,2.9221156,101.44,32.17,345.27,17.34,1.13,6.44,4.06,101.44
E-0021055,1.9577128,161.58,19.05,279.47,11.01,1.86,16.63,9.48,161.58
E-0021059,3.9962087,8.51,45.37,515.82,4.56,1.32,0.91,0.43,8.51
E-0021060,2.8290093,131.37,35.89,460.81,17.02,1.13,8.25,4.94,131.37
E-0021061,3.6764956,20.2,61.71,473.5,9.77,1.2,1.74,1.3,20.2
E-0021062,3.076332,53.65,58.01,676.32,15.68,1.12,4.37,3.16,53.65
E-0021063,1.962142,177.9,12.64,194.43,9.32,5.43,17.29,11.59,177.9
E-0021064,3.5074244,32.85,44.83,539.64,9.2,1.27,2.76,1.86,32.85
E-0021065,1.879147,137.86,10.46,239.58,5.73,3.55,17.55,5.27,137.86
E-0021066,1.4238286,180.88,12.43,288.04,5.82,8.75,20.17,9.1,180.88
E-0021067,1.9332314,119.09,10.72,205.61,4.67,11.08,17.18,5.95,119.09
E-0021068,1.1340089,155.59,13.39,232.44,10,3.63,26.83,14.79,155.59
E-0021069,1.4622396,160.68,12.08,252.15,2.93,15.54,25.21,10,160.68
E-0021070,2.6246495,21.01,10.71,121.29,5.72,3.98,3.07,0.32,21.01
E-0021071,1.5501701,193.74,7.28,147.26,2.72,11.35,23.82,5.66,193.74
E-0021072,2.4976954,120.77,16.01,315.41,5.63,3.13,11.85,3.65,120.77
E-0021073,2.87539,42.6,16.34,180.16,4.41,3.93,7.56,1.17,42.6
E-0021074,1.8495233,118.37,14.29,281.57,3.1,12.04,14.35,8.03,118.37
E-0021075,1.8689249,117.94,15.13,273.85,2.96,11.78,14.84,9.06,117.94
E-0021076,1.8067977,165.38,12.84,432.15,4.37,4.78,15.88,5.54,165.38
E-0021077,1.5682619,147.61,11.26,168.09,7.65,6.88,16.8,7.3,147.61
E-0021078,2.8144202,48.66,40.18,394.95,6.26,5.11,4.25,2.83,48.66
E-0021079,2.3340845,54.06,32.05,394.94,5.11,6.33,8.92,6.76,54.06
E-0021080,1.3976345,171.9,11.42,257.48,2.45,14.83,24.36,10.67,171.9
E-0021081,2.3647466,50.5,17.39,288.16,3.51,3.27,5.89,2.01,50.5
E-0021082,0.9140583,167.27,4.52,99.63,1.15,22.58,33.31,7.45,167.27
E-0021083,1.8439674,178.79,6.09,57.99,10.93,2.79,13.14,13.1,178.79
E-0021084,1.8902481,96.78,10.57,165.29,2.37,11.43,14.6,6.17,96.78
E-0021085,1.8566355,89.09,9.76,160.52,2.36,13.54,14.87,5.51,89.09
E-0021086,1.9030466,89.91,10.02,170.89,2.48,12.88,15,5.73,89.91
E-0021087,1.0759254,190.98,6.27,170.21,3.54,12.96,19.92,6.67,190.98
E-0021088,1.1765107,197.75,6.35,160.77,2.2,16.09,20.75,8.06,197.75
E-0021089,1.3700225,192.1,7.25,219.87,2.02,18.42,18.2,5.5,192.1
E-0021090,1.4358131,182.83,12.46,296.7,5.85,8.51,18.18,8.05,182.83
E-0021091,2.0667934,98,13.25,288.82,19.53,0.85,9.16,5.1,98
E-0021092,1.7221336,220.06,2.11,66.82,5.18,7.7,32.24,14.64,220.06
E-0021093,1.7724125,213.07,2.05,70.15,6.94,3.9,28.73,9.27,213.07
E-0021094,2.1184583,130.38,2.7,65.13,7.51,5.38,8.1,5.06,130.38
E-0021095,3.1031384,11.04,8.46,87.37,8.78,2.29,2.36,1.85,11.04
E-0021096,1.7403566,223.83,6.96,363.77,10.17,2.62,12.76,2.38,223.83
E-0021097,1.7601122,223.78,7.06,361.12,10.47,2.31,12.39,2.26,223.78
E-0021098,1.8078088,182.69,5.26,186.6,8.83,2.66,8.42,1.64,182.69
E-0021099,2.1983314,85.32,10.65,110.21,3.38,12.21,13.77,1.75,85.32
E-0021100,1.8512583,99.99,11.43,207.09,2.41,12.17,12.54,4.06,99.99
E-0021101,1.7191068,112.59,10.18,200.69,3.52,10.59,20.7,6.84,112.59
E-0021102,1.2971892,161.96,10.85,198.1,6.58,7.58,17.24,9.25,161.96
E-0021103,1.8462474,131.46,12.37,177.33,8.39,7.27,14.73,7.18,131.46
E-0021104,1.2924296,161.82,10.8,199.34,6.56,7.77,17.5,9.43,161.82
E-0021105,1.8633255,130.26,12.48,176.5,8.24,6.78,14.2,6.87,130.26
E-0021106,1.5080892,139.76,14.86,281.75,3.79,11.41,21.96,9.34,139.76
E-0021107,1.7605102,103.15,10.23,179.44,4.74,4.36,18.03,7.78,103.15
E-0021108,1.7254853,105.26,9.29,189.22,3.97,8.5,19.68,5.68,105.26
E-0021109,2.6936402,84.63,32.67,263.75,5.99,6.34,6.87,2.73,84.63
E-0021110,1.4027016,107.63,11.26,194.97,2.1,13.61,25.09,5.99,107.63
E-0021111,1.5037932,110.94,5.77,111.61,1.79,16.65,22.19,6.93,110.94
E-0021112,1.8696,87.76,9.72,161.54,2.37,13.35,14.86,5.32,87.76
E-0021113,1.5026094,163.58,7.47,180.28,3.33,15.08,15.37,5.5,163.58
E-0021114,1.2114087,167.6,8.8,210.12,3.27,13.66,34.76,14.45,167.6
E-0021115,2.1773777,107.46,10.18,279,17.51,1,11.42,4.18,107.46
E-0021116,1.1521839,171.71,9.47,216.66,2.75,15.5,33.61,15.27,171.71
E-0021117,2.860504,89.09,17.89,329.22,2.54,1.91,3.08,0.41,89.09
E-0021118,2.5236034,114.94,17.05,376.51,4.55,2.05,6.62,1.35,114.94
E-0021119,2.0139894,102.89,17.58,202.26,3.55,7.9,12.17,5.34,102.89
E-0021120,3.3024695,53.54,32.83,178.8,3.52,3.33,3.85,1.29,53.54
E-0021121,1.9765813,137.17,13.43,186.32,3.29,6.3,11.47,5.51,137.17
E-0021122,1.7845668,107.74,16.61,236.37,3.02,9.06,16.97,7.01,107.74
E-0021123,2.9632463,89.66,83.95,584.88,8.17,1.83,13.48,9.5,89.66
E-0021124,2.6739872,186.34,31.11,329.4,22.56,0.98,12.85,9.98,186.34
E-0021125,2.8192582,216,23.15,289.81,25.9,0.92,11.26,6.23,216
E-0021126,2.6337829,213.11,26.77,308.83,25.74,0.91,14.9,9.42,213.11
E-0021127,1.77997,127.77,8.72,120.51,2.17,15.84,21.78,4.94,127.77
E-0021128,2.2952838,102.82,18.17,182.24,2.08,11.29,4.17,2.07,102.82
E-0021129,1.1304162,190.78,8.56,76.84,1.36,30.46,32.9,15.98,190.78
E-0021130,1.5595756,156.93,13.45,290.25,4.83,10.43,16.59,10.17,156.93
E-0021131,1.5622548,156.65,13.38,288.11,4.77,10.46,16.77,10.31,156.65
E-0021132,1.5731192,157.76,13.68,302.4,5.08,9.88,16.13,9.89,157.76
E-0021133,0.5972582,186.66,7.32,167.6,1.84,19.9,20.13,8.72,186.66
E-0021134,1.1695672,146.25,5.76,92.29,1.3,26.1,10.75,4.05,146.25
E-0021135,2.6889753,91.23,8.78,279.17,11.26,1.07,8.97,1.44,91.23
E-0021136,1.5158854,124.35,9.94,185.54,2.86,14.72,26.37,8.54,124.35
E-0021137,2.6292925,45.14,12.6,417.83,13.3,1.03,7.07,1.36,45.14
E-0021138,0.6437234,168.2,7.12,149.92,1.65,24.07,15.97,7.38,168.2
E-0021139,1.54642,127.62,8.58,166.72,2.96,13.65,24.72,7.07,127.62
E-0021140,2.0357857,63.18,10.7,187.62,4.8,3,14.2,5.65,63.18
E-0021141,0.023501672,204.68,4.23,64.05,1.1,29.53,23.49,6,204.68
E-0021142,2.1527972,173.78,11.52,327.19,8.99,1.04,10.4,2.82,173.78
E-0021143,1.4019027,209.21,10.4,221.38,9.74,1.87,34.29,17.44,209.21
E-0021144,2.0081887,146.58,13.15,608.12,7.17,3.32,16.87,3.18,146.58
E-0021145,3.155128,68.74,21.65,484.69,2.14,1.39,2.03,0.15,68.74
E-0021146,2.0900326,103.74,12.89,148.56,2.97,5.44,11.01,2.32,103.74
E-0021147,1.9812045,106.08,13.32,132.63,2.78,8.06,12.58,5.98,106.08
E-0021148,2.161522,93.92,20.59,277.51,2.8,10.77,8.42,4.15,93.92
E-0021149,2.7317176,69.97,21.18,159.15,4.26,4.2,7.46,2.14,69.97
E-0021150,2.081602,127.7,27.45,180.03,1.7,13.49,12.56,5.15,127.7
E-0021151,1.3256199,160.67,8.23,214.74,2.61,11.26,22.42,7.02,160.67
E-0021152,1.677897,120.69,9.32,250.52,2.32,11.11,16.94,4.94,120.69
E-0021153,1.5368406,144.24,4.97,117.24,2.16,14.55,28.33,8.35,144.24
E-0021154,1.8568205,79.22,6.06,114.95,5.65,8.09,17.98,6.13,79.22
E-0021155,1.9173536,110.1,10.71,192.3,4.58,13.54,18.37,6.84,110.1
E-0021156,1.9616935,86.5,9.02,237.93,3.33,8.21,15.99,3.58,86.5
E-0021157,1.1692125,106.81,4.77,73.95,0.96,30.93,25.95,8.42,106.81
E-0021158,2.7632818,24.04,30.82,287.7,3.43,6.98,3.43,1.86,24.04
E-0021159,0.8676243,170.13,4.25,118.91,1.01,28.32,37.01,14.99,170.13
E-0021160,1.2284746,153.23,8.72,122.52,0.72,30.61,27.28,7.88,153.23
E-0021161,0.24745443,171.53,3.7,135.49,1.16,30.15,33.67,10.17,171.53
E-0021162,2.3306012,92.65,27.09,339,11.68,1.98,10.32,8.12,92.65
E-0021163,2.072878,164.94,19.51,294.03,10.43,3.14,19.85,14.94,164.94
E-0021164,2.4126968,147.77,36.13,379.26,11.69,2.17,9.41,9.69,147.77
E-0021165,2.5914774,124.72,35.15,390.34,8.87,2.27,12.38,9.86,124.72
E-0021166,2.160185,109.66,17.7,104.11,3.53,7.81,23.82,12.36,109.66
E-0021167,1.8378632,126.72,10.82,74.22,2.99,10.84,28.23,12.62,126.72
E-0021168,2.6311712,18.97,28.68,324.97,13.52,1.97,7.27,7.37,18.97
E-0021169,3.075728,108.25,35.46,370.5,15.59,1.09,4.86,3.55,108.25
E-0021170,2.3000498,158.17,15.98,210.75,21.07,1.51,13.16,16.65,158.17
E-0021171,3.0278082,75.55,88.67,620.09,9.95,1.3,7.85,5.39,75.55
E-0021172,2.5798588,131.84,68.64,524.77,7.34,2.86,26.6,18.29,131.84
E-0021173,4.0875616,13.74,124.1,598.09,0.76,2.21,1.04,0.44,13.74
E-0021174,1.9114953,246.19,12.1,294.65,10.1,1.62,25.17,6.69,246.19
E-0021175,2.722382,184.26,28.75,333.78,22.59,0.93,11.55,8.64,184.26
E-0021176,1.7625785,237.78,18.87,443.89,22.78,0.92,31.08,10.35,237.78
E-0021177,2.708468,127.07,27.27,376.81,17.65,1.08,7.98,5.7,127.07
E-0021178,2.5872397,52.77,22.87,259.72,20.28,0.98,8.44,9.61,52.77
E-0021179,2.9777694,28.07,33.2,339.69,17.39,1.19,3.06,6.84,28.07
E-0021180,2.5900636,82.67,31.78,372.86,18.28,1.34,6.51,15.44,82.67
E-0021181,2.6764824,44.49,25.11,110.66,1.97,5.17,4.83,2.71,44.49
E-0021182,2.437286,53.42,35.45,471.13,5.61,5.23,5.25,4.41,53.42
E-0021183,2.498415,53.43,37.95,467.66,6.22,3.57,4.83,4.43,53.43
E-0021184,2.0155766,96.74,12.02,194.59,2.56,9.17,14.41,3.61,96.74
E-0021185,2.4784584,49.14,15.73,246.87,2.2,4.77,8.57,1.77,49.14
E-0021186,1.4835556,121.17,10.61,158.88,2.59,18.96,18.55,8.23,121.17
E-0021187,1.4677875,161.88,11.74,209.72,5.53,12.66,17.17,7.68,161.88
E-0021188,0.14576298,200.64,7.39,146.25,1.63,28.25,28.86,9.85,200.64
E-0021189,0.1214609,202.53,5.96,145.38,1.41,35.47,33.76,7.64,202.53
E-0021190,1.4735694,153.87,6.19,200.53,1.29,30.46,38.29,10.69,153.87
E-0021191,1.6895387,140.3,14.66,299.01,4.61,8.06,17.51,7.77,140.3
E-0021192,1.5721142,155.4,10.82,212.74,2.26,14.99,20.96,7.92,155.4
E-0021193,1.5587683,129.91,14,271.32,3.38,12.03,20.56,7.63,129.91
E-0021194,1.6225041,173.38,12.71,498.25,1.98,13.67,23.17,8.67,173.38
E-0021195,3.0726628,53.71,15.45,439.38,9.24,0.89,3.41,0.46,53.71
E-0021196,1.4490476,145.63,7.1,218.36,9.43,10.85,35.26,15.92,145.63
E-0021197,1.8158196,135.71,10.22,259.73,9.18,8.11,22.39,9.3,135.71
E-0021198,3.3922806,11.49,16.14,216.65,3.01,3.07,3.56,0.25,11.49
E-0021199,1.5828042,180.03,11.27,494.17,5.13,4.88,30.17,7.56,180.03
E-0021200,2.728878,107.96,12.9,487.14,11.39,0.93,10.53,1.19,107.96
E-0021201,3.9382293,18.2,15.01,411.03,2.71,0.98,1.3,0.07,18.2
E-0021202,2.6217835,116.13,23.12,629.77,4.18,1.93,3.43,1.09,116.13
E-0021203,1.8263397,125.12,9.04,148.42,1.82,13,14.51,4.63,125.12
E-0021204,2.34126,74.63,19.37,318.73,2.9,7.36,8.66,3.58,74.63
E-0021205,2.6066294,87.91,19.56,161.61,2.75,7.2,5.17,1.75,87.91
E-0021206,0.71884084,153.28,7.37,123.73,1.09,26.82,19.4,6.59,153.28
E-0021207,1.5550077,149.48,7.28,213.47,13.52,2.55,14.2,5.19,149.48
E-0021208,2.3609636,46.13,26.82,342.42,5.87,6.08,6.42,4.59,46.13
E-0021209,2.07617,97.35,17.95,301.68,3.6,5.97,9.23,3.76,97.35
E-0021210,2.1593268,115.24,17.21,173.8,2.71,7.93,7.07,4,115.24
E-0021211,1.208801,143.5,9.05,169.48,2.64,13.59,12.25,5.85,143.5
E-0021212,1.8097878,127.99,10.65,193.14,3.04,9.57,14.79,4.98,127.99
E-0021213,0.9577159,193.66,5.06,119.23,1.15,24.59,42.91,26.43,193.66
E-0021214,1.9282589,113.74,14.61,217.47,4.29,11.27,18.07,3.04,113.74
E-0021215,1.8391378,100.77,14.94,221.71,7.49,4.21,19.33,5.7,100.77
E-0021216,1.8774301,166.68,12.86,545.22,4.6,5.62,17.01,5.38,166.68
E-0021217,2.961666,117.7,9.59,383.09,9.04,0.97,5.69,0.55,117.7
E-0021218,1.5521333,153.08,12.16,247.2,2.74,14.65,21.08,7.6,153.08
E-0021219,2.4671216,86.11,10.71,336.87,14.71,1.06,5.92,1.2,86.11
E-0021220,1.6147832,134.04,15.36,264.23,2.19,18.69,21.25,11.4,134.04
E-0021221,1.8160698,122.99,14.37,302.4,5.31,5.18,16.35,7.06,122.99
E-0021222,1.6274446,147.98,10.99,239.7,2.79,12.93,22.15,6.78,147.98
E-0021223,2.5104172,122,9.58,375.75,4.91,1.66,10.34,2.2,122
E-0021224,4.2691526,9.19,19.84,343.81,1.03,1.64,0.87,0.03,9.19
E-0021225,2.5485187,98.18,19.66,485.31,3.99,2.26,5.23,0.65,98.18
E-0021226,0.9491741,157.19,6.54,341.8,1.9,17.4,43.83,10.99,157.19
E-0021227,2.041906,139.22,4.89,241.03,10.53,1.55,24.36,3.22,139.22
E-0021228,2.8058858,99.49,24.07,829,4.96,2.58,3.39,1.19,99.49
E-0021229,3.1754777,60.22,27.57,619.32,2.15,1.58,1.67,0.23,60.22
E-0021230,2.2094026,142.52,16.85,512.82,4.31,2.47,7.82,1.8,142.52
E-0021231,3.5130754,40.69,11.58,401.79,4.4,0.97,2.34,0.14,40.69
E-0021232,1.3968353,166.27,7.42,383.97,3.69,8.72,43.38,14.78,166.27
E-0021233,2.5460954,133.08,7.92,223.37,14.78,0.95,19.77,5.32,133.08
E-0021234,2.301735,100.91,23.9,224.8,13.96,1.35,10.36,4.32,100.91
E-0021235,2.006413,105.16,12.61,179.9,3.32,8.35,13.65,4.22,105.16
E-0021236,2.0869951,104.55,15.18,188.62,3.39,5.69,12.53,4.07,104.55
E-0021237,0.9064621,152.93,7.34,115.72,1.11,24.02,14.16,5.23,152.93
E-0021238,2.3077977,98.89,14.23,181.58,2.42,8.7,5.09,2.49,98.89
E-0021239,3.0204444,34.36,29.2,245.52,7.99,3.43,2.73,2.23,34.36
E-0021240,3.1541014,21.09,30.44,227.94,6.74,3.11,2.11,1.59,21.09
E-0021241,2.1525595,118.79,16.45,180.92,3.65,4.31,11.06,4.68,118.79
E-0021242,0.91952753,174.38,5.92,87.65,1.68,15.34,11.58,5.78,174.38
E-0021243,3.0406222,46.84,54.47,309,5.38,2.99,2.91,2.79,46.84
E-0021244,2.3283038,86.73,20.08,277.01,2.11,3.68,4.83,1.27,86.73
E-0021245,1.6862102,138.96,9.83,204.07,2.4,12.96,21.12,6.71,138.96
E-0021246,2.883583,99.3,89.05,510.99,3.48,2.55,9.63,7.37,99.3
E-0021247,3.2474241,54.18,76.42,472.15,4.06,2.53,7.58,3.47,54.18
E-0021248,1.2720828,250.15,8.27,138.51,14.45,1.52,40.3,11.73,250.15
E-0021249,1.4256227,255.33,10,186.59,17.99,1.27,42.83,21.92,255.33
E-0021250,3.0752506,185.64,32.47,331.54,23.99,0.94,9.79,5.75,185.64
E-0021251,3.5297654,13.07,38.85,551.7,10.54,0.93,2.17,0.62,13.07
E-0021252,3.360159,47.18,37.59,444.91,8.11,1.34,3.74,0.98,47.18
E-0021253,1.7140855,77.34,15.03,75.44,1.2,18.03,17.4,6.36,77.34
E-0021254,2.086534,79.05,15.59,343.45,2.77,9.46,10.86,2.79,79.05
E-0021255,1.9750228,157.05,13.07,405.29,6.68,2.02,9.41,2.14,157.05
E-0021256,2.4644156,30.92,11.56,172.59,5.1,2.06,6.48,1.31,30.92
E-0021257,2.9314013,20.63,12.76,193.06,4.46,4.53,8.16,0.64,20.63
E-0021258,2.7753792,73.24,15.97,223.47,3.5,1.7,5.36,0.68,73.24
E-0021259,1.0450217,175.18,9.94,218.21,2.05,17.77,31.36,13.58,175.18
E-0021260,2.0169082,152.5,9.26,206.7,15.26,1.13,10.5,3.64,152.5
E-0021261,1.6832304,149.64,10.93,497.81,2.34,8.77,24.68,4.22,149.64
E-0021262,2.2541966,133.77,22.03,778.99,7.44,1.14,11.04,1.99,133.77
E-0021263,-0.295712,224.3,3.84,50.16,1.06,32.2,60.55,25.07,224.3
E-0021264,1.8590024,117.86,13.05,230.19,3.62,4.1,13.35,5.04,117.86
E-0021265,1.8295896,113.9,10.63,227.89,2.84,7.11,14.39,3.68,113.9
E-0021266,2.1623404,77.82,12.44,259.04,2.52,6.29,10.01,2.15,77.82
E-0021267,1.8098948,126.93,14.88,232.36,3.53,4.89,13.16,5.46,126.93
E-0021268,2.244502,88.56,20.49,297.06,3.32,4.43,8.78,3.77,88.56
E-0021269,2.9648933,43.82,46.31,338.41,4.4,5.33,3.27,2.39,43.82
E-0021270,1.9590364,116.55,9.57,172.66,2.43,7.79,13.31,4.5,116.55
E-0021271,2.8652253,31.61,40.19,387.95,7.13,1.87,3.88,3.51,31.61
E-0021272,3.3830528,62.83,21.89,604.01,5.77,1.28,5.55,0.83,62.83
E-0021273,2.1210213,68.08,15.14,215.48,5.72,3.84,11.57,6.56,68.08
E-0021274,2.066845,81.31,15.04,230.95,5.4,5.63,13.73,7.94,81.31
E-0021275,2.7596073,30.2,27.79,327.58,4.07,4.3,3.31,2.3,30.2
E-0021276,1.7891741,140.45,13.94,230.16,3.2,6.24,16.86,8.79,140.45
E-0021277,2.0180209,98.41,11.7,185.07,4.44,3.15,8.39,3.31,98.41
E-0021278,2.8536086,50.31,36.5,402.26,2.54,3.38,5.06,2.24,50.31
E-0021279,3.8957057,7.79,71.79,562.32,3.6,1.57,0.98,0.29,7.79
E-0021280,3.7236319,24.35,81.8,508.48,5.07,1.73,1.58,0.87,24.35
E-0021281,3.7292862,4.66,100.52,656.31,4.6,1.53,1.03,0.58,4.66
E-0021282,3.7757568,13.37,53.53,554.71,4.41,1.33,1.43,0.33,13.37
E-0021283,3.6292787,20.65,63.77,597.19,4.97,1.4,1.95,0.59,20.65
E-0021284,3.0918322,95.42,33.52,444.49,9.73,1.17,4.74,2.04,95.42
E-0021285,3.3281064,30.61,78.72,527.58,9.24,1.4,2.08,1.87,30.61
E-0021286,1.8457754,180.22,27.23,260.01,3.18,6.31,22.6,10.47,180.22
E-0021287,2.1254733,188.29,29.76,304.63,6.42,1.82,13.6,5.67,188.29
E-0021288,2.9473176,99.53,62.1,535.53,3.84,3.52,11.55,6.52,99.53
E-0021289,2.535479,107.68,30.96,392.49,7.18,3.79,20.18,11.94,107.68
E-0021290,3.05821,63.04,125.53,812.41,10.07,1.49,12.75,10.11,63.04
E-0021291,2.212071,131.49,31.75,353.51,8.28,2.22,30.04,17.33,131.49
E-0021292,2.7583327,123.74,84.33,556.84,8.28,1.85,15.09,10.26,123.74
E-0021293,2.934368,23.89,36.04,553,16.18,1.04,4.66,3.92,23.89
E-0021294,2.9776363,48.54,28.24,485.77,13.13,1,6,1.75,48.54
E-0021631,2.304694,141.73,40.63,363.57,13.93,1.47,12.85,12.04,141.73
E-0021632,1.9651568,200.53,18.44,308.08,16.55,1.37,19.49,8.17,200.53
E-0021633,2.1265502,67.29,106.92,355.33,5.36,2.79,6.61,2.86,67.29
E-0021634,2.1458988,209.8,15.35,213.25,15.12,1.17,18.23,5.27,209.8
E-0021635,2.3990393,121.78,45.39,422.69,6.06,3.34,22.59,14.16,121.78
E-0021636,2.3657591,120.17,42.4,410.24,5.63,3.32,26.31,14.84,120.17
E-0021637,2.9588075,74.32,102.75,718.15,9.91,1.25,10.85,8.55,74.32
E-0021638,3.020039,59.58,85.47,732.82,9.55,1.52,9.27,5.66,59.58
E-0021639,3.2642472,74.77,38.96,455.96,15.84,0.93,5.61,2.9,74.77
E-0021640,3.379275,12.37,88.62,400.11,7.94,1.39,2.98,0.84,12.37
E-0021641,2.059821,73.78,16.39,281.47,3.15,6.37,7.61,2.42,73.78
E-0021642,2.1454358,62.05,15.07,317.63,2.94,6.29,7.49,2.13,62.05
E-0021643,2.038159,84.13,15.8,249.74,4.5,5.34,11.54,3.98,84.13
E-0021644,1.2798222,127.93,11.55,193.6,2.04,19.4,10.45,3.97,127.93
E-0021645,1.3047729,172.18,11.57,422.38,2.46,13.99,31.15,13.44,172.18
E-0021646,2.370698,144.21,12.34,405.34,7.4,1.3,13.34,3.34,144.21
E-0021647,0.78573453,167.87,6.12,276.02,1.01,34.74,49.31,13.87,167.87
E-0021648,3.5484166,36.56,27.12,259.34,1.66,2.18,2.33,0.12,36.56
E-0021649,2.4401364,122.55,6.54,299.61,21.53,1.09,8.6,2.48,122.55
E-0021650,1.4286329,211.08,7.11,119.56,2.76,8.19,24.3,5.33,211.08
E-0021651,2.54799,88.7,32.67,281.5,2.89,5.08,4.62,2.21,88.7
E-0021652,3.2025433,31.1,37.54,275.73,1.83,3.01,1.42,0.51,31.1
E-0021653,2.3316214,74.39,19.32,296.7,3.22,3.34,8.41,2.97,74.39
E-0021654,2.311532,42.82,8.1,134.32,6.18,2.31,9.65,3.82,42.82
E-0021655,2.9487438,49.91,31.29,316.12,4.47,4.05,3.26,2.26,49.91
E-0021656,2.2177525,99.18,21.69,280.49,2.34,4.27,4.82,1.61,99.18
E-0021657,2.8447452,23.51,27.85,337.79,4.05,3.94,3.23,1.89,23.51
E-0021658,2.3754487,76.27,23.71,332.88,2.42,3.76,4.76,1.93,76.27
E-0021659,2.245397,96.94,22.31,302.79,2.78,4.9,5.26,2.53,96.94
E-0021660,1.9541526,109.62,13.76,232.04,3.59,4.11,15.86,7.69,109.62
E-0021661,2.6396084,45.45,9.05,449.04,16.52,1,4.84,1.26,45.45
E-0021662,3.196312,10.14,13.14,417.69,12.66,0.86,2.03,0.35,10.14
E-0021663,3.4512477,9.04,15.25,430.92,11.64,0.88,1.42,0.22,9.04
E-0021664,3.389701,6.68,14.85,427.14,10.8,0.86,1.28,0.22,6.68
E-0021665,1.7344122,144.3,16.6,347.27,2.58,13.65,16.99,7.06,144.3
E-0021666,1.9086151,66.86,13.38,196.7,1.61,5.28,12.87,1.28,66.86
E-0021667,2.9844003,49.21,40.61,389.62,2.1,3.23,5.31,2.02,49.21
E-0021668,1.6323154,149.27,9.86,162.34,2.58,6.25,21.62,7.54,149.27
E-0021669,3.1328,10.35,23.48,135.95,0.68,59.63,3.85,0.68,10.35
E-0021670,3.3642974,10.7,24.92,140.12,0.74,48.28,3.23,0.64,10.7
E-0021671,3.5471616,9.48,25.44,135.59,0.87,49.29,2.93,0.63,9.48
E-0021675,2.8221827,127.33,36.07,223.69,13.89,1.26,4.38,5.26,127.33
E-0021677,2.930873,91.49,34.66,333.26,13.89,1.15,6.47,4.71,91.49
E-0021679,4.177019,9.58,153.89,664.4,1.96,2.32,1,0.32,9.58
E-0021680,2.8288522,22.28,28.93,278.21,20.23,1.04,3.31,5.59,22.28
E-0021681,2.2941031,176.61,29.15,336.87,12.89,1.64,13.87,7.6,176.61
E-0021682,2.8314104,133.08,83.21,639.69,6.22,2.62,15.45,11.24,133.08
E-0021683,2.9717326,100.91,110.39,688.4,5.13,1.92,12.07,7.41,100.91
E-0021684,2.9663801,64.78,84.45,718.43,9.88,1.53,10.2,6.46,64.78
E-0021685,3.2907608,101.54,34.36,389.22,17.86,0.91,5.82,3.21,101.54
E-0021686,2.2982364,178.6,10.67,468.37,11.48,1.35,10.29,2.26,178.6
E-0021687,3.2641687,23.45,74.56,371.08,6.98,1.52,4.5,1.76,23.45
E-0021688,2.5653756,91.89,20.06,467.5,11.27,1.34,6.93,2.46,91.89
E-0021690,1.3672516,232.74,2.69,86.67,11.39,6.02,54.69,21.15,232.74
E-0021691,1.3707061,232.83,2.7,86.73,11.43,5.89,54.55,21.06,232.83
E-0021692,1.3485336,214.46,3.08,137.55,12.04,4.96,47.88,14.13,214.46
E-0021693,1.1180215,101.55,3.2,104.27,9.11,2.34,34.04,15.19,101.55
E-0021694,0.5932873,208.85,1.43,40.31,5.66,5.3,72,51.5,208.85
E-0021695,0.66490185,137.35,2.36,61.94,1.38,15.87,39.53,12.55,137.35
E-0021696,1.2287097,79.08,3.32,58.3,2.3,11.95,22.56,10.39,79.08
E-0021697,0.5036668,157.01,2.6,47.89,1.33,16.69,40.82,15.64,157.01
E-0021698,0.7199323,183.54,2.13,149.97,2.24,11.98,24.98,9.28,183.54
E-0021699,2.210456,51.67,9.14,146.84,5.06,4.98,11.51,3.62,51.67
E-0021700,1.4582834,176.8,7.56,140.6,3.21,8.02,16.3,5.88,176.8
E-0021701,2.158494,50.2,8.01,133.58,5.06,4.31,10.74,2.93,50.2
E-0021702,1.7724997,115.78,11.64,227.86,2.7,9.27,13.97,4.56,115.78
E-0021703,2.11908,86.84,12.56,261.59,2.51,8.79,10.26,2.89,86.84
E-0021704,2.3488097,60.65,12.49,186.96,2.29,4.47,5.93,1.34,60.65
E-0021705,2.4575443,52.16,17.99,279.77,4.7,2.24,4.9,1.49,52.16
E-0021706,1.8937743,197.36,4.96,230.13,19.51,1.14,8.2,4.4,197.36
E-0021707,2.9397278,41.48,11.11,501.4,16.93,0.97,3.79,1.38,41.48
E-0021708,2.1336055,113.87,33.93,395.55,4.4,8.03,12.35,3.75,113.87
E-0021709,1.720711,215.08,3.44,578.02,20.53,1.23,11.89,4.75,215.08
E-0021710,1.8962772,193.67,3.58,453.19,17.88,1.43,9.89,3.68,193.67
E-0021711,2.144386,146.18,7.13,498.41,15.56,1.19,5.5,1.98,146.18
E-0021712,2.404999,62,9.28,523.86,16.18,1.31,7.19,2.61,62
E-0021713,2.0725083,113.67,6.43,600.04,15.18,2.18,8.81,6.7,113.67
E-0021714,2.3286145,152,6.39,660.11,20.47,1.32,4.35,2.81,152
E-0021715,1.9768975,215.94,5.95,700.2,20.83,1.37,6.99,5.02,215.94
E-0021716,1.3653741,226.64,4.71,162.7,10.2,4.19,18.55,5.82,226.64
E-0021717,0.18893135,238.92,1.78,39.99,3.02,12.13,33.23,9.1,238.92
E-0021718,2.5588608,50.9,18.18,281.65,3.71,2.44,7.79,1.72,50.9
E-0021719,1.7850033,61.14,10.96,129.57,9.9,1.86,8.88,8.53,61.14
E-0021720,1.1193742,238.98,2.16,71.77,6.25,5.86,10.52,13.46,238.98
E-0021721,1.1393869,238.89,2.2,71.59,6.41,5.53,9.85,12.46,238.89
E-0021722,2.0351114,114.2,14.13,236.94,4.77,3.39,17.15,7.72,114.2
E-0021723,2.026578,114.74,14.19,236.31,4.77,3.44,17.18,7.79,114.74
E-0021724,2.4036913,107.65,16.94,293.75,3.68,3.35,15.82,6.2,107.65
E-0021725,1.809651,104.18,9.7,268.01,3.12,11.56,16.9,4.41,104.18
E-0021726,2.1489396,122.69,12.08,542.01,6.82,3.7,14.01,2.57,122.69
E-0021727,2.9146097,71.07,14.06,658.9,4.37,1.87,6.14,0.7,71.07
E-0021728,2.7566876,84.73,18.86,757.88,4.29,1.6,7.37,0.93,84.73
E-0021729,3.6675198,15.93,86.28,417.11,3.9,1.79,1.86,1,15.93
E-0021730,3.9649394,8.24,29.42,582.32,4.23,1.22,1.17,0.29,8.24
E-0021731,3.030355,130.17,78.11,419.93,4.6,1.5,6.33,2.12,130.17
E-0021732,1.9631968,102.99,86.89,347.89,4.1,3.09,12.63,5.84,102.99
E-0021733,2.7733006,143.06,76.45,617.04,6.42,2.97,17.27,12.54,143.06
E-0021734,2.949769,102.41,107.22,683.66,5.39,2.01,12.57,8.16,102.41
E-0021735,1.3081783,266.29,9.07,308.14,11.1,1.96,31.41,8.7,266.29
E-0021736,2.8566666,221.74,23.01,438.28,20,0.96,9.73,6.39,221.74
E-0021737,1.839732,259.93,6.13,123.15,25.56,1.24,28.54,27.4,259.93
E-0021738,2.159688,255.91,16.96,321.31,20.14,1.03,16.99,6.28,255.91
E-0021739,2.5467978,70.48,15.39,431.54,13.28,1.3,7.06,3.01,70.48
E-0021740,3.0566778,39.16,28.6,480.76,14.15,1.05,5.12,2.02,39.16
E-0021741,1.7434154,221.87,21.85,279.34,7.71,2.23,15.31,6.75,221.87
E-0021742,2.7933152,172.13,56.21,403.59,2.84,2.11,3.82,1.87,172.13
E-0022435,2.1274111,56.26,24.55,114.51,2.26,5.89,12.59,6.35,56.26
E-0022436,1.602303,53.4,7.82,21.64,4.11,3.86,31.45,16.17,53.4
E-0022437,1.5470889,164.04,11.35,370.03,2.08,10.85,21.32,8.59,164.04
E-0022438,3.8396397,23.1,30.17,469.95,1.02,1.44,0.81,0.06,23.1
E-0022439,2.2658753,92.81,17.58,515.7,14.93,0.85,18.39,5.71,92.81
E-0022440,2.9398274,68.55,14.9,397.77,7.78,0.88,5.09,0.33,68.55
E-0022441,1.3357153,158.48,7.3,134.9,1.98,17.1,17.21,5.1,158.48
E-0022442,2.5095892,81.24,14.99,267.24,1.96,4.35,9.71,1.71,81.24
E-0022443,2.3847861,79.13,10.28,135.35,3.34,3.28,5.98,4.15,79.13
E-0022444,0.6505363,240.97,2.24,55.27,4.25,8.3,17.31,6.71,240.97
E-0022445,1.2964668,164.68,4.77,51.3,5.55,2.26,7.19,1.5,164.68
E-0022446,2.462782,61.86,17.29,300.32,3.98,3.22,8.94,2.25,61.86
E-0022447,2.195907,52.41,9.41,246.6,20.67,1.22,10.02,6.38,52.41
E-0022448,1.9424248,129.04,15.28,250.28,4.16,4.8,17.81,8.26,129.04
E-0022449,1.9475133,128.77,15.56,247.74,4.19,4.48,17.4,8.14,128.77
E-0022450,2.2640667,111.21,19.64,329.79,3.44,4.32,15.74,6.46,111.21
E-0022451,2.711502,53.17,16.06,194.49,2.63,2.48,3.77,1.27,53.17
E-0022452,2.2863793,94.05,18.6,335.43,1.99,9.75,11.28,3.86,94.05
E-0022453,2.0095937,63.25,9.05,150.03,4.52,6.27,11,9.09,63.25
E-0022454,2.4105015,61.72,19.89,305.34,5.42,2.74,5.69,2.19,61.72
E-0022455,2.1785705,106.14,8.11,514.99,16.75,1.27,6.96,2.72,106.14
E-0022456,1.7825657,135.5,5.07,529.57,14.44,2.27,12.37,5.75,135.5
E-0022457,1.8407583,108.27,9.26,166.47,3.31,4.23,11.62,3.61,108.27
E-0022458,2.6253116,58.73,15.88,139.93,1.75,3.09,6.74,2.54,58.73
E-0022460,2.1927998,108.38,79.87,399.01,6.2,2.68,9.56,5.86,108.38
E-0022461,3.103915,20.54,82.49,395.63,5.98,1.47,5.56,3.35,20.54
E-0022462,1.5080595,241.03,13.42,286.21,11.34,1.89,21.49,8.16,241.03
E-0022463,1.5560486,244.39,11.89,297.83,8.51,2.39,20.92,6.29,244.39
E-0022464,1.7500491,222.07,17.11,234.79,9.46,1.9,16.81,9.93,222.07
E-0022465,2.8815274,133.55,27.41,476.34,19.18,1,7.29,5.53,133.55
E-0022466,3.0421748,22.9,50.88,381.41,8.47,1.6,4.5,1.65,22.9
E-0022469,1.7237885,126.45,13.3,298.48,2.52,6.87,25.01,5.7,126.45
E-0022470,3.4171026,37.34,29.81,575.72,2.74,1.27,1.12,0.18,37.34
E-0022471,1.4067869,190.23,7.7,122.67,2.26,14.72,25.87,8.48,190.23
E-0022472,0.84893525,168.35,11.21,141.59,29.11,1.02,39.45,39.44,168.35
E-0022473,2.5800793,73.97,15.11,233.01,3.46,3.39,7.69,2.07,73.97
E-0022474,2.474163,64.6,14.75,287.25,6.41,1.56,8.74,3.77,64.6
E-0022475,1.0746973,101.98,5.89,28.72,16.62,1.49,52.03,37.89,101.98
E-0022476,2.5543418,91.47,6.55,347.45,19.88,1.02,6.12,2.68,91.47
E-0022477,3.0707192,22.07,12.36,364.24,10.52,1.13,2.38,0.33,22.07
E-0022478,0.91505766,194.68,3.46,57.79,6.59,3.17,21,9.78,194.68
E-0022479,1.8622549,44.87,6.3,233.96,12.79,3.51,16.5,9.93,44.87
E-0022480,2.2068872,59.16,18.39,380.27,17.03,1.44,7.99,8.14,59.16
E-0022481,1.952519,111.4,12.47,197.85,5.75,4.4,11.01,4.75,111.4
E-0022482,2.2566898,82.21,13.28,166.84,2.92,5.06,8.47,3.77,82.21
E-0022483,2.573987,61.55,15.69,207.36,4.14,3.04,4.76,1.73,61.55
E-0022484,2.4281797,70.88,12.56,164.19,2.46,3.86,7.66,3.34,70.88
E-0022485,2.4443517,54.22,18.76,207.97,5.87,3.2,6.29,4.23,54.22
E-0022486,2.3900676,98.73,13.31,256.41,1.48,10.4,6.25,2.59,98.73
E-0022487,2.2794428,55.47,9.41,128.57,2.89,8.81,6.41,3.61,55.47
E-0022488,2.4403214,56.23,13.57,212.4,5.5,3.33,8.84,2.86,56.23
E-0022489,1.7723658,73.58,7.01,117.23,2.03,12.97,17.51,7.77,73.58
E-0022490,2.4059548,64.99,15.51,144.23,3.18,6.24,7.53,3.87,64.99
E-0022491,2.16359,92.27,23.46,278.75,4.79,4.09,12.39,7.49,92.27
E-0022492,2.1796303,91.11,24.08,279.41,4.89,3.68,11.99,7.21,91.11
E-0022493,0.75657177,188.14,3.8,44.36,1.64,15.17,30.24,9.79,188.14
E-0022494,1.4044932,138.99,5.68,76.14,7.5,1.77,9.24,2.09,138.99
E-0022495,2.7674787,44.59,24.3,218.44,8.16,1.51,8.34,2.03,44.59
E-0022496,1.8648579,120.26,10.99,245.02,4.33,4.56,14.53,4.45,120.26
E-0022497,1.8398077,121.81,10.57,242.89,4.22,5.12,15.01,4.78,121.81
E-0022498,2.7711267,107.52,49.07,262.15,15.02,1.25,3.99,8.18,107.52
E-0022499,2.3793073,93.73,39.25,273.26,13.05,1.6,8.42,8.49,93.73
E-0022500,2.9149299,78.98,74,394.02,7.15,1.62,4.55,4.16,78.98
E-0022501,2.2377205,157.68,33.46,374.38,14.99,1.36,14.11,9.19,157.68
E-0022502,1.8244954,106.84,98.17,326.92,4.53,3.82,11.53,6.45,106.84
E-0022503,2.5006437,102.74,46.04,455.27,3.93,4.24,15.83,9.77,102.74
E-0022504,2.5087805,103.4,45.99,456.93,3.99,4.55,15.48,10.57,103.4
E-0022505,2.2954566,241.58,17.76,324.8,20.82,0.97,16.1,5.85,241.58
E-0022506,2.3497734,226.03,25.22,356.64,17.79,1.06,14.05,6.53,226.03
E-0022507,1.6109363,187.18,11.13,187,3.68,6.6,23.36,9.52,187.18
E-0022508,2.3811197,133.49,13.06,510.75,14.53,1.21,8.53,2.49,133.49
E-0022509,2.1362562,217.21,10.01,527.15,13.8,1.24,13.16,2.33,217.21
E-0022510,3.7313821,2.5,67.34,670.75,5.01,1.12,1.82,0.62,2.5
E-0022511,2.0916796,76.86,15.88,253.47,5.36,4.01,13.23,4.95,76.86
E-0022512,0.33937585,175.4,6.44,53.6,7.56,9.94,61.61,62.44,175.4
E-0022513,2.618203,76.38,8.43,189.24,12.54,1.29,7.88,1.64,76.38
E-0022514,2.3581228,53.85,8.89,416.17,20.02,1.02,11.34,3.72,53.85
E-0022515,1.4446347,206.3,5.59,194.11,8.45,3.78,16.04,4.77,206.3
E-0022516,1.9033225,185.67,5.41,550.59,21.14,1.12,16.93,5.01,185.67
E-0022517,1.4871482,112.8,7.74,127,2,7.9,24.79,6.18,112.8
E-0022518,2.958908,43.45,23.1,308.61,3.74,2.28,4.21,1.14,43.45
E-0022519,2.2696912,71.76,13.96,180.9,4.77,3.69,7.13,3.45,71.76
E-0022520,2.3565803,68.32,19.72,237.95,6.02,4.41,7.84,5.77,68.32
E-0022521,2.3848896,59.27,12.86,167.17,3.97,2.68,6.03,2.73,59.27
E-0022522,2.7817736,48,22.64,209.5,3.43,1.95,4.43,1.31,48
E-0022523,2.7703366,48.24,21.48,207.61,3.53,2.03,4.63,1.47,48.24
E-0022524,2.8335156,46.46,14.66,190.28,3.93,2.86,3.87,2.26,46.46
E-0022525,2.322804,45.78,10.98,160.37,3.54,6.85,4.53,5.36,45.78
E-0022526,1.5881809,81.43,8.14,168.37,6.25,3.51,23.54,10.65,81.43
E-0022527,2.6932335,57.18,20.12,418.29,13.2,2.15,13.8,4.35,57.18
E-0022528,1.4432704,198.69,3.8,181.92,12.8,6.78,29.78,15.21,198.69
E-0022529,2.97292,32.4,28.26,351.36,2.3,2.32,2.65,0.88,32.4
E-0022530,1.4266202,147.45,2.16,31.49,6.59,9.35,18.71,16.19,147.45
E-0022531,1.8390024,96.98,4.98,68.3,5.57,10.69,17.47,8.43,96.98
E-0022532,2.9915597,42.69,21.12,419.67,12.54,1.11,3.86,0.93,42.69
E-0022533,3.1223502,22.44,24.74,239.9,6.25,1.24,6.85,1.16,22.44
E-0022534,3.4831972,15.3,28.62,247.43,2.89,1.73,2.84,0.38,15.3
E-0022535,2.880318,30.11,30.83,389.34,4.17,2.4,3.07,1.31,30.11
E-0022536,2.8257916,34.12,34.8,434.65,4.47,2.89,3.44,2.13,34.12
E-0022537,2.8060253,51.73,21.85,209.93,6.43,1.82,9.13,1.82,51.73
E-0022538,2.3421576,67.74,17.08,256.09,5.37,3.25,14.12,5.68,67.74
E-0022539,2.1137657,75.61,9.87,198.35,4.08,3.12,15.25,5.61,75.61
E-0022540,1.9595516,200.73,35.05,373.42,5.48,2.18,12.35,3.63,200.73
E-0022542,2.427729,223.46,22.93,352.67,19.24,1,13.79,6.53,223.46
E-0022543,1.1373947,235.43,9.63,121.05,4.54,5.59,30.03,11.56,235.43
E-0022544,1.6364107,192.46,12.65,211.79,5.2,4.96,26.3,11.31,192.46
E-0022545,2.8625963,75.2,33.66,493.89,8.52,1.36,6.34,0.97,75.2
E-0022546,3.0405421,24.16,34.47,549.89,13.31,1,4.7,2.6,24.16
E-0022547,3.655041,3.85,56.94,588.95,7.17,1.08,2.02,0.56,3.85
E-0022548,1.6386406,124.5,56.45,303.09,5.23,3.9,11.93,5.73,124.5
E-0022549,1.7093868,115.17,54.45,296.94,5.2,3.33,10.81,4.41,115.17
E-0022550,3.2704697,53.12,54.42,435.31,12.32,1.34,2.94,2.53,53.12
E-0022551,2.0024495,255.42,20.6,250.24,20.02,1.19,25.69,9.01,255.42
E-0022552,1.6867898,167.67,14.18,196.71,4.82,5.36,24.77,13.34,167.67
E-0022553,1.4043077,245.13,10.51,166.7,5.36,4.49,46.48,31.19,245.13
E-0022554,1.8285618,245.92,25.41,285.24,4.7,3.1,28.24,7.36,245.92
E-0022555,1.8765688,246.95,29.51,334.08,7.11,2.59,30.01,10.28,246.95
E-0022556,2.1920943,221.63,35.35,375.28,6.48,2.33,19.83,6.18,221.63
E-0022557,2.7655177,234.14,77.5,408.14,2.97,1.94,7.2,1.67,234.14
E-0022558,2.0861197,65.41,15.14,238.31,5.9,3.07,11.95,3.85,65.41
E-0022559,2.7071157,47.54,23.3,380.52,5.94,1.46,6.39,2.46,47.54
E-0022560,2.9282303,30.78,31.55,427.55,2.84,2.04,4.32,0.85,30.78
E-0022561,2.8223786,37.18,31.4,452.98,3.11,2.53,5.06,1.26,37.18
E-0022562,2.3627138,34.12,11.01,137,2.51,5.79,5.77,4.4,34.12
E-0022563,2.3664742,34.44,11.29,140.67,2.59,5.36,5.38,4.14,34.44
E-0022564,2.168378,36.65,9.65,131.97,3.64,4.92,11.42,6.45,36.65
E-0022565,2.22546,52.17,12.98,292.11,5.57,2.43,12.08,3.22,52.17
E-0022566,2.9416754,62.53,20.75,207.75,2.53,2.84,2.72,0.86,62.53
E-0022567,3.3710847,20.93,29.45,329.91,6.2,2.55,2.94,0.76,20.93
E-0022568,2.6127193,68.56,21.06,315.28,3.83,3.65,5.03,2.41,68.56
E-0022569,3.0612283,27.14,25.5,327.14,1.45,2.38,2.46,0.64,27.14
E-0022570,3.3877072,30.78,28.52,322.92,1.4,2.27,1.61,0.96,30.78
E-0022571,2.7238264,52.36,16.3,437.71,15.02,1.14,9.66,2.84,52.36
E-0022572,2.3357139,106.02,19.72,220.97,9.99,3.53,5.88,3.38,106.02
E-0022573,3.1308897,34.84,42.33,289.44,6.4,1.52,5.35,1.77,34.84
E-0022574,3.6538925,14.38,39.6,277.03,2.76,1.39,3.28,0.41,14.38
E-0022575,3.3981748,20.69,47.73,276.08,4.55,1.3,4.34,1.05,20.69
E-0022576,3.8217547,9.74,39.78,244.66,1.4,1.69,3.09,0.32,9.74
E-0022577,3.039588,28.89,23.9,210.6,5.29,1.52,7.87,1.24,28.89
E-0022578,2.213118,105.67,16.79,265.97,4.19,3.18,14.41,6.6,105.67
E-0022579,2.231684,105.25,16.91,268.24,4.36,2.97,14.49,6.57,105.25
E-0022580,2.0125415,115.88,12.67,236.51,3.3,4.95,12.54,5.27,115.88
E-0022581,2.093862,84.39,15.51,233.54,3.5,8.18,15.23,8.41,84.39
E-0022582,1.776884,135.02,9.32,216.35,3.91,7.72,13.19,5.23,135.02
E-0022583,2.7374058,63.69,30,446.6,2.8,4.29,6.74,1.63,63.69
E-0022584,2.0738308,98.7,17.88,255.36,3.75,7.94,10.94,4.09,98.7
E-0022585,2.4143128,73.09,36.95,313.25,3.75,4.2,7.59,3.97,73.09
E-0022586,2.351357,80,35.98,307.63,3.73,5.66,7.83,4.78,80
E-0022587,0.9690181,128.75,4.59,80.22,21.55,1.3,42.62,24.11,128.75
E-0022588,2.7964892,50.37,24.04,262.94,2.86,3.1,7.94,3.6,50.37
E-0022589,2.3903785,72.67,24.69,265,4.76,5.09,10.64,6.42,72.67
E-0022590,1.7913721,142.26,11.25,190.82,6.27,3.79,12.42,6.18,142.26
E-0022591,1.7962201,142.54,11.24,191.49,6.35,3.67,12.32,6.17,142.54
E-0022592,2.180118,102.03,16.14,230.44,7.54,3.53,10.05,6.59,102.03
E-0022593,2.1979408,100.39,16.83,230.45,7.49,3.22,9.43,6.04,100.39
E-0022594,2.3251595,91.89,22.71,328.88,4.61,2.98,13.91,5.2,91.89
E-0022595,2.2202947,99.12,22.91,313.59,4.27,3.7,14.19,5.68,99.12
E-0022596,2.0627747,94.85,10.51,191.34,3.9,4.7,16.96,6.35,94.85
E-0022597,2.342362,57.28,23.26,338.74,5.46,3.76,9.3,3.99,57.28
E-0022598,2.2886655,65.29,23.52,350.01,4.94,4.84,9.65,4.78,65.29
E-0022603,2.505169,53.01,14.86,240.35,3.55,2.25,6.12,2.21,53.01
E-0022604,2.8638725,58.18,23.5,297.62,4.79,1.37,4.49,1.91,58.18
E-0022605,3.2085624,25.76,25.46,215.99,6.55,1.38,4.09,0.84,25.76
E-0022606,3.5157251,24.15,45.77,241.38,4.98,1.6,2.48,0.82,24.15
E-0022607,3.7991905,10.79,35.12,197.96,1.56,1.79,1.94,0.3,10.79
E-0022608,3.3694324,23.36,33.75,274.36,5,1.57,3.08,0.57,23.36
E-0022609,3.6640675,17.73,45.18,215.92,2.52,1.75,2.43,0.61,17.73
E-0022610,3.8892374,8.22,32.07,182.18,0.98,1.99,1.95,0.25,8.22
E-0022611,2.2896152,102.2,22.16,209.07,5.9,4.75,9.82,6.58,102.2
E-0022612,2.567524,74.04,17.85,203.57,2.34,2.91,5.11,2.36,74.04
E-0022613,2.1193147,112.21,14.37,184.51,3.43,4.68,11.14,5.61,112.21
E-0022614,1.8180864,134.5,14.9,214.4,5.48,6.34,13.38,6.26,134.5
E-0022615,2.8069038,48.06,21.56,402.16,13.39,1,9.01,2.96,48.06
E-0022616,2.0390196,248,18.47,316.26,3.27,2.87,25.02,8.35,248
E-0022617,2.0549428,205.34,21.99,291.33,5.85,4.16,18.06,3.05,205.34
E-0022618,1.9624139,261.3,11.46,"1,178.96",15.11,0.99,21.37,7.21,261.3
E-0022619,1.7774806,219.76,16.52,237.43,3.96,3.29,37.03,15.25,219.76
E-0022620,1.7811624,219.8,16.36,237.33,3.96,3.28,37.02,15.24,219.8
E-0022621,1.8031571,245.48,27.41,345.92,7.44,2.92,31.48,10.84,245.48
E-0022622,2.1985955,221.59,34.98,380.46,6.52,2.27,19.75,6.2,221.59
E-0022623,3.2003288,165.84,102.9,346.47,1.95,2.83,4.49,1.13,165.84
E-0022624,3.0016146,163.17,89.08,319.56,1.99,2.79,3.56,1.03,163.17
E-0022625,2.1567206,228.75,76.46,356.76,1.49,4.55,12.55,1.55,228.75
E-0022626,3.5045288,87.96,73.6,346.76,1.06,3.2,2.33,0.6,87.96
E-0022627,1.6997025,146.94,10.61,149.91,6.7,5.52,16.59,6.08,146.94
E-0022628,2.4218903,69.44,9.13,203.22,19.77,0.92,4.62,1.68,69.44
E-0022629,2.4750984,45.39,15.15,172.85,6.38,1.99,5.32,2.82,45.39
E-0022630,2.7106578,49.81,19.5,212.45,5.42,2.49,4.09,1.01,49.81
E-0022631,1.8589909,132.25,12.97,192.02,4.15,5.1,14.14,6.07,132.25
E-0022632,1.5688838,162.63,10.7,169.07,5.73,5.91,17.09,7.33,162.63
E-0022633,1.5788262,162.69,11.02,171.04,5.86,5.42,16.68,7,162.69
E-0022634,2.0407853,153.33,18.4,272.22,6.13,5.34,13.56,8.86,153.33
E-0022635,2.0969968,151.81,19.87,276.34,6.63,3.78,12.24,7.86,151.81
E-0022636,2.5897133,76.84,22.33,232.26,2.81,2.46,6.53,2.52,76.84
E-0022637,2.5714898,77.42,21.69,229.78,2.9,2.56,6.66,2.82,77.42
E-0022638,1.8578993,152.1,14.52,215.06,5.89,4.46,15.75,6.67,152.1
E-0022639,1.8742852,152.04,15.04,217.82,5.92,3.96,15.04,6.2,152.04
E-0022640,2.8635225,52.24,21.28,321.38,3.07,3.15,3.23,2,52.24
E-0022641,1.9533882,110.93,12.52,243.43,2.57,9.03,4.58,2.61,110.93
E-0022642,2.752747,54.81,23.62,342.58,3.84,3.54,3.37,2.39,54.81
E-0022643,1.5293797,143.36,10.61,215.63,1.8,15.83,6.21,3.58,143.36
E-0022658,1.8896163,223.88,14.31,158.82,17.72,1.26,23.82,12.45,223.88
E-0022659,3.0940146,18.26,44.54,519.33,11.65,1.08,4.36,3.36,18.26
E-0022660,2.3332663,215.87,9.88,295.74,11.7,1.49,9.74,2.83,215.87
E-0022661,2.0985262,180.34,10.17,345.86,12.97,1.15,14.25,3.35,180.34
E-0022662,1.9688501,190.5,17.19,194.36,2.04,4.18,30.71,10.4,190.5
E-0022663,2.0124767,189.92,16.59,196.62,2.04,4.04,30.77,10.74,189.92
E-0022664,2.3747482,193.23,49.69,531.95,6.99,2,24.09,11.8,193.23
E-0022665,1.8228221,244.44,23.99,287.37,4.7,3.06,30.7,8.27,244.44
E-0022666,3.1450565,181.19,62.64,457.64,2.02,1.93,4.22,0.9,181.19
E-0022667,3.4650242,91.28,106.46,308.18,0.84,4.07,2.13,0.7,91.28
E-0022668,3.5288866,85.49,105.2,479,2.51,1.9,2.47,1.16,85.49
E-0022669,2.1593952,240.12,10.84,950.39,14.18,1.09,15.35,5.14,240.12
E-0022670,2.6472168,213.63,34.89,381.95,2.39,2.18,4.83,1.43,213.63
E-0022671,2.6904175,69.12,21.87,295.7,10.21,1.6,9.28,4.04,69.12
E-0022745,2.8719234,32.55,15.92,178.5,2.55,2.15,3.23,1.57,32.55
E-0022746,1.4342204,139.47,11.12,160.05,3.8,8.68,24.76,11.69,139.47
E-0022747,0.8700881,165.68,5.8,107.97,1.44,22.23,22.06,12.03,165.68
E-0022748,2.331625,70.5,27.41,243,2.95,4.01,10.72,4.88,70.5
E-0022749,3.1597712,21.51,28.58,239.02,4.47,2.16,2.59,0.45,21.51
E-0022750,3.2984834,26.86,27.79,223.13,6.61,1.4,3.73,1.12,26.86
E-0022751,2.9555535,26.68,32.68,246.04,3.57,2.2,4.6,2.11,26.68
E-0022752,1.7286358,107.27,10.53,152.12,3.25,8.05,19.75,8.49,107.27
E-0022753,3.3020148,26.89,27.67,223.75,6.62,1.39,3.75,1.11,26.89
E-0022754,3.7399879,9.86,34.66,199.85,1.94,1.97,2.29,0.44,9.86
E-0022755,3.7797337,9.43,35.39,199.49,1.85,1.95,2.17,0.39,9.43
E-0022756,3.3376431,28.16,21.57,195.01,3.88,1.95,3.42,0.82,28.16
E-0022757,3.3698387,27.24,21.94,197.38,3.91,1.87,3.29,0.73,27.24
E-0022758,3.2854404,32.64,41.54,259.31,7.01,1.64,3.37,1.5,32.64
E-0022759,3.2905679,32.4,41.77,256.31,6.74,1.69,3.26,1.48,32.4
E-0022760,3.3831244,32.38,23.01,207.65,1.81,2.49,1.92,0.63,32.38
E-0022761,2.1631308,72.89,12.98,145.43,1.79,7.75,2.32,0.78,72.89
E-0022762,2.539957,54.06,30.02,235.71,6.37,2.35,10.35,5.38,54.06
E-0022763,2.0127048,98.07,17.54,167.1,5.19,5.24,12.07,6.84,98.07
E-0022764,2.8981042,33.53,34.01,214.6,4.52,1.99,6.86,3.39,33.53
E-0022765,3.256409,25.7,51.66,264.17,2.4,2.05,5.02,2.12,25.7
E-0022766,3.0682602,35.96,26.63,199.3,6.65,1.59,5.4,1.26,35.96
E-0022767,3.3766594,23.26,29.52,163.41,4.18,1.54,3.8,0.85,23.26
E-0022768,3.7398243,11.24,34.97,178.98,1.38,1.95,2.39,0.4,11.24
E-0022769,3.485767,25.77,49.18,209.41,4.5,1.65,2.75,0.91,25.77
E-0022770,2.7936492,29.8,43.89,314.51,7.12,2.04,5.12,2.88,29.8
E-0022771,2.133051,83.09,19.71,195.51,6.32,2.96,6.86,2.03,83.09
E-0022772,2.072277,85.47,19.34,192.62,6.48,3.55,7.55,2.36,85.47
E-0022773,2.6613283,61.1,20.03,182.3,6.53,2.73,4.29,1.23,61.1
E-0022798,2.6860797,52.66,27.15,388.09,11.61,1.25,8.2,3.87,52.66
E-0022799,2.412168,98,12.61,303.95,16.87,1.08,13.86,4.3,98
E-0022800,1.6157073,188.83,7.99,278.2,13.1,1.27,20.33,4.13,188.83
E-0022801,1.5676749,259.68,7.19,177.92,9.58,1.91,24.48,9.55,259.68
E-0022802,2.122828,192.94,10.17,523.5,15.25,1.13,13.33,3.72,192.94
E-0022803,2.8015232,162.54,39.68,291.03,1.49,3.14,7.56,1.35,162.54
E-0022804,3.075045,155.07,39.4,336.78,1.39,2.61,3.25,0.47,155.07
E-0022805,3.6470268,54.76,127.58,311.81,0.54,4.02,1.81,0.85,54.76
E-0022806,3.2592196,90.67,57.8,727.44,12.82,1.13,5.87,2.82,90.67
E-0022807,2.233842,224.43,75.37,362.42,1.42,4.31,10.91,1.23,224.43
E-0022808,3.4058278,19.51,38.32,232.33,3.36,1.76,3.23,1.03,19.51
E-0022809,3.1452188,36.36,28.23,260.18,7.38,1.61,3.74,1.16,36.36
E-0022810,3.1435263,36.5,28.18,260.36,7.38,1.61,3.76,1.16,36.5
E-0022811,2.925508,39.09,30.61,280.21,6.24,1.45,4.63,1.38,39.09
E-0022812,2.9520175,38.17,30.74,280.88,6.09,1.41,4.43,1.31,38.17
E-0022813,1.7421334,111.62,12.65,188.74,3.51,9.35,19.9,9.15,111.62
E-0022814,0.52146125,176.44,5.31,94.28,1.19,27.43,26.57,13.82,176.44
E-0022815,2.9436288,49.66,23.96,242.04,9.61,1.43,5.12,1.68,49.66
E-0022816,2.9284441,50.22,23.67,240.71,9.75,1.46,5.3,1.73,50.22
E-0022817,3.0005145,52.04,42.41,253.32,2.11,4.15,4.7,2.16,52.04
E-0022818,2.9979358,51.57,42.36,254.87,2.12,4.3,4.66,2.16,51.57
E-0022819,2.399385,67.63,14.9,120.04,5.46,3.24,6.89,1.76,67.63
E-0022820,2.4987884,53.9,17.02,195.5,7.04,1.82,7.25,1.98,53.9
E-0022821,3.3272967,13.68,69.34,279.5,2.54,3.09,3.32,1.52,13.68
E-0022822,3.4098186,22.02,33.06,257.55,5.34,1.56,2.82,0.79,22.02
E-0022823,2.731619,59.05,22.17,219.33,6.13,2.8,4.48,1.14,59.05
E-0022824,2.7336147,58.86,22.13,219.63,6.09,2.77,4.46,1.12,58.86
E-0022825,3.3984578,22.29,33.2,257.09,5.37,1.57,2.87,0.81,22.29
E-0022826,3.8630512,8.53,45.95,237.54,1.37,2.15,1.82,0.34,8.53
E-0022827,3.8383164,8.87,45.66,236.44,1.4,2.17,1.88,0.37,8.87
E-0022828,2.469842,58.71,20.74,202,6.06,2.17,5.62,1.46,58.71
E-0022829,2.4992578,57.94,14.06,113.43,4.39,2.64,6.58,1.39,57.94
E-0022830,3.0118976,31.08,20.54,204.85,3.58,2.22,3.55,0.66,31.08
E-0022831,2.6330175,42.55,16.37,193.73,5.7,1.64,6.32,1.42,42.55
E-0022832,2.715057,47.68,25.28,254.06,6.53,1.46,6.37,1.64,47.68
E-0022833,2.5652559,60.67,25.89,267.49,8.52,1.55,6.44,2.11,60.67
E-0022834,2.5962481,59.87,26.37,267.07,8.31,1.5,6.25,2.03,59.87
E-0022835,1.8080817,262.73,18.04,219.37,24.82,1.09,33.25,24.31,262.73
E-0022836,2.120441,197.49,16.67,187.81,16.76,1.51,21.07,14.53,197.49
E-0022837,2.8481648,228.36,81.36,402.03,2.56,1.86,7.06,1.59,228.36
E-0022838,3.606862,91.41,102.11,468.28,2.15,1.86,2.35,0.95,91.41
E-0022839,3.6240327,76.63,107.72,475.12,2.03,1.82,2.35,0.93,76.63
E-0022840,1.8348855,187.55,74.56,250.52,1.12,5.94,5.76,0.9,187.55
E-0022841,3.9494085,94.84,57.17,404.8,0.74,3.86,3.19,0.36,94.84
E-0022842,2.548815,225.02,12.23,373.33,4.87,1.72,8.16,2.17,225.02
E-0022843,2.962628,185.42,25.99,424.54,2.11,1.97,3.58,0.25,185.42
E-0022844,3.3788567,199.9,36.65,375,0.74,4.73,9.5,1.94,199.9
E-0022845,3.3631954,16.79,23.53,199,3.52,1.58,4.04,0.66,16.79
E-0022846,2.4030757,74.08,15.87,170.94,5.67,3.22,6.41,1.68,74.08
E-0022847,2.4019058,73.97,15.84,170.73,5.63,3.25,6.41,1.69,73.97
E-0022848,3.2168083,37.53,36.32,275.31,7.26,1.41,3.68,1.06,37.53
E-0022849,3.2176924,37.63,36.63,275.26,7.25,1.42,3.66,1.07,37.63
E-0022850,3.048067,24.23,45.9,251.05,3.35,2.38,4.65,2.12,24.23
E-0022851,2.7598414,58.28,20.37,194.46,5.83,2.44,4.06,1.12,58.28
E-0022852,2.7580261,58.31,20.16,194.2,5.88,2.44,4.07,1.11,58.31
E-0022854,2.7193446,95.01,50.74,296.7,10.01,1.57,9.62,10.71,95.01
E-0022855,2.174014,210.89,14.13,196.73,19.23,1.17,20.91,11.53,210.89
E-0022856,1.487858,245.32,5.76,153.15,14.79,1.74,28.74,11.3,245.32
E-0022857,2.1681504,250.64,9.98,254.25,18.15,1,15.68,5.17,250.64
E-0022858,2.7502785,188.92,69.5,307.2,1.98,3.48,6.67,2.11,188.92
E-0022859,2.378995,252.04,42.15,322.38,4.27,2.61,12.9,3.72,252.04
E-0022860,3.106541,173.5,27.11,355.94,1.17,2.9,4.39,0.34,173.5
E-0022861,3.6529107,62.77,37,335.44,0.88,3.64,2.55,0.18,62.77
E-0022867,3.4034371,19.35,38.11,230.5,3.35,1.77,3.24,1.03,19.35
E-0022868,3.3992548,19.85,38.15,232.13,3.46,1.75,3.31,1.06,19.85
E-0022869,3.5080404,14.8,34.66,228.69,1.73,1.99,3.37,0.9,14.8
E-0022870,0.6698923,182.76,4.83,80.75,1.61,19.01,29.17,15.61,182.76
E-0022871,1.642684,127.89,11.19,181.97,5.03,6.18,24.19,12.31,127.89
E-0022872,2.7210584,52.68,15.89,179.69,5.07,2.35,5.49,1.09,52.68
E-0022873,2.7053223,53.25,15.46,179.41,5.12,2.43,5.73,1.15,53.25
E-0022874,3.1256208,20.56,31.66,192.66,2.82,2.53,2.33,0.46,20.56
E-0022875,3.0844638,21.05,29.78,191.04,2.88,2.88,2.39,0.52,21.05
E-0022876,3.515327,15.71,42.92,193.79,2.65,2.04,3.06,0.84,15.71
E-0022877,3.501339,15.18,41.79,193.7,2.56,2.09,2.88,0.81,15.18
E-0022878,3.2540994,24.48,42.07,253.85,3.38,1.91,3.61,1.09,24.48
E-0022879,2.2587795,79.67,22.85,221.34,9.42,2.68,12.52,7.2,79.67
E-0022880,1.7045039,117.01,12.09,115.1,4.63,7.19,15.36,8.59,117.01
E-0022881,1.705399,117.68,12.09,114.15,4.6,7.16,15.44,8.72,117.68
E-0022882,2.2872918,78.38,23.37,225.89,9.43,2.44,11.99,6.85,78.38
E-0022883,2.7512887,44.24,32.07,239.16,6.09,1.92,8.43,4.63,44.24
E-0022884,2.7449708,44.38,31.84,240.78,6.14,1.92,8.42,4.6,44.38
E-0022885,3.1270256,23.23,40.52,276.16,3.35,1.79,4.05,0.85,23.23
E-0022886,2.175353,93.92,16.48,153.14,5.82,3.71,7.66,2.96,93.92
E-0022887,2.6718335,67.29,23.6,229.01,6.33,1.67,6.71,2.81,67.29
E-0022888,2.2092428,91.63,16.38,155.14,5.78,3.12,6.98,2.57,91.63
E-0022889,2.6715548,66.9,23.66,229.92,6.34,1.67,6.71,2.81,66.9
E-0022890,4.0503693,5.83,31.76,161.72,1.25,2.27,1.19,0.28,5.83
E-0022891,3.158568,24.9,23.67,176.16,3.22,3.56,2.03,0.49,24.9
E-0022892,2.8829758,46.12,18.53,186.25,3.88,2.42,4.13,0.82,46.12
E-0022893,2.8865364,48.51,18.31,183.4,3.7,2.6,4.45,0.96,48.51
E-0022894,3.0192761,33.77,22.19,178.8,3.95,2.25,3.59,0.73,33.77
E-0022895,2.2937117,49.96,21.98,127.56,11.17,2.23,11.89,4.98,49.96
E-0022896,1.8609681,84.63,15.96,96.34,6.98,4.26,11.77,4.13,84.63
E-0022897,2.8761778,17.07,34.79,139.77,9.33,1.67,5.29,3.56,17.07
E-0022898,2.2190704,45.15,19.54,96.32,8.63,3.21,6.79,3.9,45.15
E-0022899,1.2795562,163.8,9.19,150.11,4.02,8.75,29.49,16.78,163.8
E-0022900,3.2753048,33.1,44.99,219.3,1.06,4.07,3.41,1.11,33.1
E-0022901,2.409819,58.73,22.93,185.1,3.91,3.63,5.87,1.45,58.73
E-0022902,2.9125817,32.68,31.2,248.44,4.6,1.84,4.83,1.11,32.68
E-0022903,3.2539744,26.65,25.13,187.17,3.51,1.69,5.29,0.89,26.65
E-0022904,3.0497727,38.99,22.13,233.68,7,1.52,5.61,1.36,38.99
E-0022905,3.1372123,184.67,62.61,456.85,2.07,1.93,4.29,0.93,184.67
E-0022906,2.8302457,222.02,59.02,397.4,1.75,2.4,7.44,1.04,222.02
E-0022907,2.8349411,220.97,59.49,397.51,1.68,2.46,7.33,1.02,220.97
E-0022908,2.5526147,243.67,38.51,359.68,2.09,2.51,11.63,2.24,243.67
E-0022909,2.4784598,244.13,42.65,432.55,2.9,2.17,9.42,2,244.13
E-0022910,1.9728329,228.29,20.8,185.7,2.29,7.99,26.59,8.11,228.29
E-0022911,2.9464378,180.54,35.15,308,2,2.6,5.37,0.73,180.54
E-0022912,3.2925298,126.38,47.58,294.16,1.1,3.25,4.15,0.64,126.38
E-0022913,3.2566745,136.29,46.77,396.17,3.01,1.72,3.12,0.4,136.29
E-0022914,2.9194388,193.43,31.69,381.73,4.88,1.7,4.81,1.39,193.43
E-0022923,3.5166361,14.49,34.97,227.89,1.7,1.99,3.31,0.89,14.49
E-0022924,3.5101743,14.88,34.94,229.56,1.77,1.97,3.38,0.91,14.88
E-0022925,1.6465678,127.86,11.28,180.23,5.02,6.19,24.23,12.36,127.86
E-0022926,0.67275417,182.9,5,80.81,1.65,17.63,28.54,15.2,182.9
E-0022927,2.7894588,66.93,19.92,230.25,9.49,1.35,6.26,1.83,66.93
E-0022928,2.7898765,66.72,20.02,230.1,9.52,1.34,6.2,1.82,66.72
E-0022929,3.301693,36.12,25.74,224.23,6.02,1.33,4.1,1.05,36.12
E-0022930,3.3058496,35.76,25.95,223.58,5.96,1.33,4.09,1.05,35.76
E-0022931,3.6815734,15.83,36.95,192.82,1.64,1.95,2.96,0.6,15.83
E-0022932,3.659803,16.25,36.79,192.39,1.7,1.96,3.07,0.66,16.25
E-0022933,3.1623187,53.99,43.32,278.65,7.08,1.68,4.22,1.92,53.99
E-0022934,3.2109222,52.09,44.02,277.58,7.02,1.54,3.9,1.69,52.09
E-0022935,3.5740426,23.98,39.42,269.53,4.88,1.62,2.13,0.71,23.98
E-0022936,2.8464751,66.13,22.65,268.15,6.16,2.8,4.07,1.09,66.13
E-0022937,2.842279,66.66,22.66,268.04,6.21,2.84,4.1,1.12,66.66
E-0022938,3.550509,24.78,39.12,270.94,5.06,1.66,2.22,0.76,24.78
E-0022939,2.5068371,78.54,17.4,220.35,6.58,2.95,8.53,2.05,78.54
E-0022940,2.5233037,80.18,16.69,178.07,6.96,1.96,4.82,1.26,80.18
E-0022941,2.5226767,80.28,16.64,178.48,7.01,1.94,4.87,1.28,80.28
E-0022942,1.2902653,163.49,9.3,150.1,4.12,8.33,29.12,16.46,163.49
E-0022943,2.213572,74.82,21.01,193.44,5.68,3.27,6.93,1.98,74.82
E-0022944,2.1729584,78.1,20.46,189.51,5.75,3.7,7.55,2.37,78.1
E-0022945,2.6465774,51.76,27.89,256.78,7.38,1.7,5.88,1.87,51.76
E-0022946,2.4923456,59.68,18.87,119.92,4.78,3.79,6.03,1.64,59.68
E-0022947,3.0531843,38.92,22.14,233.76,7.04,1.51,5.59,1.34,38.92
E-0022948,3.696139,6.35,38.58,299.36,7.14,1.36,1.51,0.54,6.35
E-0022949,3.4435115,9.2,28.09,212.57,11.52,1.02,2.57,1.32,9.2
E-0022950,2.786284,39.64,25.61,241.65,5.62,1.67,5.38,1.38,39.64
E-0022951,2.3411143,86.64,18.31,247.66,6.35,2.3,10.42,2.5,86.64
E-0022952,2.4931974,52.92,20.19,190.38,5.69,2.45,5.39,1.37,52.92
E-0022953,2.244876,63.83,15.01,196.84,5.65,2.92,9.33,2.21,63.83
E-0022954,1.2704248,228.32,3.32,86.27,16.15,1.62,38.23,18.67,228.32
E-0022955,3.2913167,150.05,53.97,295.45,1.28,3.25,5.22,0.81,150.05
E-0022956,3.4565272,123.27,36.04,212.13,0.54,4.25,2.77,0.21,123.27
E-0022957,3.349783,136.42,40.37,276.23,0.59,4.24,4.56,0.39,136.42
E-0022958,3.1885924,139.14,46.73,394.53,3.32,1.76,2.93,0.39,139.14
E-0022959,3.0286398,183.3,32.01,376.1,4.75,1.68,5.75,1.6,183.3
E-0022960,3.0671077,181.02,151.1,483.5,5.3,1.83,4.8,2.05,181.02
E-0022961,2.0525165,252.01,29.75,382.11,5.99,2.37,15.48,4.45,252.01
E-0022962,1.387315,239.3,22.79,435.21,6.42,5.87,32.88,13.02,239.3
E-0022963,2.132907,233.6,15.19,341.68,3.16,1.94,11.48,2.65,233.6
E-0022964,1.9477568,194.95,88.79,261.5,1.15,4.96,5.37,0.9,194.95
E-0022965,1.9649022,194.38,88.6,262.44,1.16,4.96,5.24,0.85,194.38
E-0022966,2.4647155,153.44,22.2,207.34,1.15,5.16,9.68,0.88,153.44
E-0022967,2.3684664,234.26,52.03,333.79,2.13,3.94,8.26,1.79,234.26
E-0022968,2.3608046,234.01,51.67,335.49,2.15,3.99,8.25,1.77,234.01
E-0022969,1.7608464,231.9,6.88,108.17,5.02,2.56,26.07,22.44,231.9
E-0022970,1.5373514,245.69,4.97,185.05,4.12,3.33,31.46,34.75,245.69
E-0022971,1.5850707,212.13,3.38,91.62,7.25,3.22,28.24,23.34,212.13
E-0023632,2.6705186,51.42,28.46,260.68,7.11,1.69,5.76,1.85,51.42
E-0023633,2.5933223,47.19,20.61,176.44,5.87,2.25,6.83,2.11,47.19
E-0023634,1.3950787,168.21,10.28,124.43,5.5,6.7,31.2,16.06,168.21
E-0023635,3.2223291,23.93,38.56,287.23,8.35,0.97,4.69,1.14,23.93
E-0023636,1.5856864,91.37,12.15,144.01,3.61,6.6,23.14,9.64,91.37
E-0023637,3.6110096,8.17,33.72,292.46,8.02,1.32,1.59,0.7,8.17
E-0023638,3.6107955,8.15,33.62,291.45,8.09,1.32,1.6,0.71,8.15
E-0023639,2.0892274,46.03,29.23,251.89,7.85,3.42,12.74,11.79,46.03
E-0023640,1.8867061,49,11.16,206.29,15.97,1.19,16.62,14.18,49
E-0023641,2.5446858,77.84,27.15,279.27,9.69,1.54,8.65,2.89,77.84
E-0023642,2.5999207,51.61,14.68,163.01,7.95,2.58,5.15,1.24,51.61
E-0023643,1.3008238,124.02,7.44,152.55,2.14,9.9,6.3,3.49,124.02
E-0023644,1.8530089,210.83,13.41,79.38,22.05,1.11,12.14,14.49,210.83
E-0023645,0.13914941,224.98,3.62,56.19,4.99,5.33,30.14,11.35,224.98
E-0023646,1.223929,206.08,6.05,94.5,16.21,1.56,27.33,12.93,206.08
E-0023647,0.7687567,211.49,5.99,165.03,3.82,6.18,16.2,3.06,211.49
E-0023648,0.050873697,193.02,2.89,77.32,4.37,7.78,61.39,33.36,193.02
E-0023649,0.5153624,181,3.74,69.33,5.73,3.07,22.96,8.06,181
E-0023650,0.7533203,156.34,3.23,297.41,4.38,5.02,21.97,6.22,156.34
E-0023651,0.0697444,224.47,3.14,146.88,2.33,11.01,32.88,6.43,224.47
E-0023652,0.72031385,165.38,5.7,176.5,1.56,27.3,19.44,5.27,165.38
E-0023653,1.1486652,76.84,7.45,190.5,3.9,2.38,3.92,0.8,76.84
E-0023654,2.6172156,23.11,10.86,284.7,7.36,1.52,2.22,0.37,23.11
E-0023655,1.5432119,125.78,4.91,410.46,6.93,3.91,6.77,1.86,125.78
E-0023656,3.3251042,9.75,14.6,343.52,8.5,1.13,1.1,0.2,9.75
E-0023697,0.88014615,213.9,31.27,154.94,1.34,13.26,12.07,1.04,213.9
E-0023698,2.1978936,146.85,3.33,141.94,14.79,1.53,13.95,2.98,146.85
E-0023699,3.4184947,129.45,52.42,298.76,1.04,3.1,3.99,0.49,129.45
E-0023700,1.9599397,206.72,14.25,197.62,5.84,2.39,22.65,20.39,206.72
E-0023701,1.7300174,220.61,8.35,315.83,4.88,3.07,27.29,25.08,220.61
E-0023702,1.181271,236.69,2.68,114.72,6.19,3.94,34.57,33.28,236.69
E-0023703,1.7578807,184.68,7.88,190.62,5.78,3.45,24.6,18.06,184.68
E-0023704,1.1784266,211.04,4.12,129.87,4.77,4.27,32.78,26.23,211.04
E-0023705,2.9985409,33.02,30.39,231.24,5.26,2.1,3.99,1.46,33.02
E-0023706,3.0569725,31.06,31.3,237.02,5.18,1.94,3.72,1.28,31.06
E-0023707,1.4459367,158.22,8.6,109.69,5.06,6.22,28.23,16.39,158.22
E-0023708,0.92276525,171.82,4.8,133.71,7.84,3.43,30.62,12.96,171.82
E-0023709,0.6405362,181.09,4.03,100.24,5.33,4.16,37.42,13.87,181.09
E-0023710,-0.344235,238.74,3.91,34.77,2.25,9.87,44.63,17.75,238.74
E-0023711,0.99612546,225.08,4.73,91.53,24.53,1.09,16.99,16.23,225.08
E-0023712,1.4101031,80.57,17.54,93.72,15.71,1.37,5.39,5.68,80.57
E-0023713,0.9247339,229.09,3.2,27.29,8.32,4.33,12.62,20.95,229.09
E-0023714,0.85430515,229.88,3.18,24.97,6.87,5.83,13.31,24.02,229.88
E-0023715,0.9308099,240.89,5.77,77.62,19.93,1.1,20.42,16.82,240.89
E-0023716,0.74887365,231.06,7.67,68.63,15.64,2.17,19.2,9.44,231.06
E-0023717,1.6736335,201.34,12.29,93.9,18.83,1.89,12.01,14.8,201.34
E-0023718,1.4056665,209.66,8.73,195.31,8.99,1.94,19,4.86,209.66
E-0023719,1.8241351,151.32,7.85,181.76,18.53,0.99,15.89,10.43,151.32
E-0023720,2.17178,98.92,9.03,452.51,17.72,1.13,12.82,5.96,98.92
E-0023721,0.90937126,229.65,6.06,128.72,7.18,2.93,31.13,9.22,229.65
E-0023722,0.11360654,225.77,3.6,64.84,3.15,4.85,15.25,4.66,225.77
E-0023723,2.959468,32.41,18.41,147.5,7.34,1.42,5.96,1.17,32.41
E-0023724,1.1022837,225,4.73,82.8,19.43,1.08,11.83,8.46,225
E-0023725,2.6252217,77.99,9.94,211.14,13.74,0.89,2.77,0.83,77.99
E-0023726,1.9463692,180.08,5.4,271.65,16.92,1.85,16.69,5.9,180.08
E-0023795,2.7653947,220.29,60.4,366.84,1.45,2.43,8.66,1.97,220.29
E-0023796,2.4758239,232.42,36.69,334.86,3.72,4.21,13.56,4.56,232.42
E-0023797,3.3842387,120.51,47.24,296.56,0.98,3.11,4.15,0.6,120.51
E-0023798,3.5883813,75.97,94.68,410.13,4.07,1.7,2.1,0.5,75.97
E-0023799,2.7110906,227.97,34.55,369.3,1.96,2.04,4.76,1.09,227.97
E-0023800,1.6187332,212.57,2.53,105.28,6.07,2.79,27.96,27.48,212.57
E-0023801,1.5491968,237.13,2.55,208.93,7.21,2.63,34.51,40.96,237.13
E-0023802,1.806742,256.66,9.35,515.77,15.43,1.51,19.88,6.48,256.66
E-0023803,2.7457712,21.4,15.12,250.91,12.96,1.03,2.33,1.04,21.4
E-0023804,0.689316,222.58,4.35,45.12,7.06,5.45,41.88,24.43,222.58
E-0023805,0.21966109,239.37,6.11,63.76,12.69,2.65,23.25,10.08,239.37
E-0023806,0.6477495,237.07,3.66,27.36,5.81,5.04,26.43,26.76,237.07
E-0023807,0.65834355,236.57,3.62,28.03,6.05,4.82,27.23,26.17,236.57
E-0023808,1.172457,203.53,6.74,93.46,18.35,1.46,10.65,8.05,203.53
E-0023809,0.745278,230.91,7.99,67.27,16.07,1.83,20.52,10.34,230.91
E-0023810,1.9924736,141.95,11.81,430.53,11.72,1.95,9.8,2.69,141.95
E-0023811,0.7614249,206.55,3.28,264.95,4.17,5.55,12.08,3.54,206.55
E-0023812,0.3947897,199.21,2.94,124.5,4,12.13,31.18,12.78,199.21
E-0023813,1.4510962,182.15,4.68,132.45,18.16,4.29,28.67,14.79,182.15
E-0023814,1.8316813,135.08,8,342.8,19.15,1.6,16.18,5.38,135.08
E-0023815,1.8843927,156.54,6.37,269.7,18.99,1.4,10.71,3.45,156.54
E-0023816,0.13448331,218.47,3.68,74.69,2.81,6.87,24.72,5.98,218.47
E-0023817,1.1246755,199.31,5.44,100.1,18.96,1.3,18.7,6.89,199.31
E-0023818,0.51917535,225.06,8.4,65.73,15.57,1.75,16.9,10.87,225.06
E-0023819,0.9035523,231.37,6.72,92.21,23.51,1.12,25.38,20.22,231.37
E-0023820,-0.362965,246.2,5.35,48.15,10.23,3.38,34.85,22.11,246.2
E-0023821,1.5951467,223.92,5.62,102.55,14.58,1.67,22.3,13.51,223.92
E-0023822,0.11150326,231.21,4.04,71.22,11.67,2.7,40.39,17.02,231.21
E-0023823,-0.6077495,243.54,4.06,48.97,6.51,7.42,37.97,17.62,243.54
E-0023824,0.13534011,191.82,5.39,68.02,4.01,5.68,10.99,1.35,191.82
E-0023825,1.168145,152.67,9.8,204.77,13.41,1.62,19.6,10.81,152.67
E-0023826,1.5986722,62.57,6.18,249.46,7.14,1.66,8.72,1.11,62.57
E-0023827,2.9392338,27.54,14.11,492.57,12.56,0.89,4.29,1.04,27.54
E-0023828,1.3324479,136.7,6.14,420.99,5.25,3.24,9.36,0.96,136.7
E-0023838,0.71900856,219.63,30.33,141.53,1.61,15.67,14.85,1.48,219.63
E-0023839,0.73241425,219.47,31.16,141.66,1.62,15.2,14.97,1.53,219.47
E-0023840,1.7030795,259.54,6.18,112.75,14.88,2.45,21.51,13.49,259.54
E-0023841,1.5487299,269.37,5.79,103.68,13.02,3.44,30.61,22.58,269.37
E-0023842,1.9904056,168.18,6.27,266.94,6.52,2.41,23.87,23.34,168.18
E-0023843,1.9207151,211.59,6.95,389.47,8.14,2.29,30.57,35.37,211.59
E-0023844,3.08036,200.3,84.74,396.92,2.42,2.02,2.81,0.85,200.3
E-0023845,1.888253,238.54,16.24,409.44,4.4,2.31,22.75,6.01,238.54
E-0023846,0.13131776,157.52,6.55,101.96,3.47,5.92,26.35,10.05,157.52
E-0023847,1.4506559,73.98,12.69,221.99,6.99,2.11,15.24,8.3,73.98
E-0023848,1.8872141,196.28,15.21,62.2,23.09,1.14,9.34,12.77,196.28
E-0023849,0.10353121,242.95,3.02,20.01,4.18,5.98,30.55,16.1,242.95
E-0023850,0.26615572,234.42,5.72,13.94,5.45,5.77,29.39,14.33,234.42
E-0023851,0.18465912,228.26,6.57,31.02,3.03,8.44,15.59,5.24,228.26
E-0023852,1.1201465,206.44,6.24,94.63,18.09,1.88,11,8.47,206.44
E-0023853,1.4245613,165.11,6.95,428.42,7.53,5.09,8.29,2.05,165.11
E-0023854,0.80556434,241.31,8.52,80.2,10.62,2.03,21.12,9.65,241.31
E-0023855,0.8182924,239.76,8.25,81.52,11.07,1.96,19.46,9.41,239.76
E-0023856,1.4396994,138.86,8.18,163.77,8.22,2.19,8.45,4.46,138.86
E-0023857,0.8546287,207.91,7.29,189.67,14.51,2.34,18.49,8.3,207.91
E-0023858,1.5487552,202.43,7.24,542.08,23.18,1.12,18.8,8.33,202.43
E-0023859,2.179586,95,31.01,566.22,13.11,6.06,18.54,8,95
E-0023860,0.6199128,237.19,6.59,105.76,14.64,2,35.35,24.54,237.19
E-0023861,1.416597,174.4,6.56,39.11,13.88,1.69,12.55,16.45,174.4
E-0023862,2.4949112,25.97,12.35,136.06,11.6,1.37,4.47,1.97,25.97
E-0023863,2.3639598,48.46,13.14,389.26,16.23,1.05,6.52,1.39,48.46
E-0023864,1.1720746,108.24,6.84,206.99,5.86,2.92,10.6,1.77,108.24
E-0023865,2.1487026,128.5,11.17,447.55,8.37,1.25,10.04,1.3,128.5
E-0023866,0.8156668,239.97,4.94,74.25,23.88,1.14,25.33,23.1,239.97
E-0023867,1.0649672,236.46,3.31,45.89,15.9,1.74,26.13,20.61,236.46
E-0023962,1.9118943,93.57,11.15,172.34,2.48,12.74,17.42,3.97,93.57
E-0023963,2.7411995,47,36.24,214.74,1.84,4.14,4.39,1.79,47
E-0023964,1.6301019,173.34,7.78,48.67,19.98,1.2,9.74,12.29,173.34
E-0023965,1.8704722,91.55,19.08,238.86,3.86,6.67,8.78,2.88,91.55
E-0023966,2.5705276,58.31,33.03,283.94,6.7,2.31,7.17,1.94,58.31
E-0023967,0.26506662,187.28,3.33,95.66,5.77,6.93,56.84,32.28,187.28
E-0023968,-0.29341388,244.5,3.69,35.6,4.64,5.16,24.82,7.91,244.5
E-0023969,0.37444878,237.73,2.47,213.65,5.62,6.14,19.96,4.54,237.73
E-0023970,0.8653003,236.06,4.6,71.85,10.95,1.52,18.27,8.36,236.06
E-0023971,0.853517,236.08,4.54,71.23,10.85,1.54,18.27,8.31,236.08
E-0023972,2.1856399,71.83,10.69,387.41,8.39,2.02,6,3.16,71.83
E-0023973,0.7604106,201.11,3.35,243.02,5.33,6.54,23.16,5.56,201.11
E-0023974,0.8509588,185.34,3.85,251.49,5.16,6.08,13.72,3.42,185.34
E-0023975,2.0971227,141.04,9.45,482.28,16.63,1.42,5.4,4.44,141.04
E-0023976,2.3340218,56.56,20.08,977.1,21.24,1.39,4.79,5.67,56.56
E-0023977,1.6433125,204.48,8.23,464.14,18.66,1.88,8.48,5.03,204.48
E-0023978,1.6708629,203.65,8.49,449.26,18.94,1.59,9.16,5.27,203.65
E-0023979,0.7633532,216.79,9.6,40.05,6.69,2.64,13.6,8.19,216.79
E-0023980,0.9611547,228.22,4.35,34.39,16.59,1.82,25.04,15.21,228.22
E-0023981,0.4482723,239.36,2.55,16.59,3.19,12.51,34.82,26.75,239.36
E-0023982,1.7087325,213.63,6.8,245.53,16.66,1.6,21.07,12.16,213.63
E-0023983,1.1600349,232.61,6.33,57.54,18.24,1.5,13.36,15.39,232.61
E-0023984,1.6114342,210.84,7.29,38.14,12.18,2.29,8.75,11.96,210.84
E-0023985,1.6308476,207.05,7.64,38.7,12.54,1.92,9.58,13.02,207.05
E-0023986,1.4905827,118.73,5.8,83.97,11.18,3.11,21.57,16.24,118.73
E-0023987,1.7437227,162.89,13.12,119.92,17.72,1.57,11.32,15.18,162.89
E-0023988,0.76053023,238.96,2.55,34.48,3.26,14.94,53.34,31.98,238.96
E-0023989,0.44430697,193.07,2.31,73.55,8.65,7.48,43.05,18.22,193.07
E-0023990,1.2277391,206.25,11.55,58.53,13.49,1.73,7.13,11.26,206.25
E-0023991,1.2262723,206.66,11.59,58.41,13.43,1.75,7.17,11.32,206.66
E-0024192,1.8842441,256.64,12.98,344.35,6.46,2.28,20.61,7.42,256.64
E-0024193,1.8476541,193.75,6.48,315.46,18.14,1.15,25.02,10.4,193.75
E-0024194,2.5129747,120.71,13.8,366.95,11.01,1.18,10.9,2.52,120.71
E-0024195,2.2744129,166.92,15.43,327.15,13.8,1.7,12.16,10.6,166.92
E-0024196,1.5807009,216.84,2.43,129.67,19.31,1.12,26.42,13.75,216.84
E-0024254,1.6188841,238.18,7.68,242.5,12.48,1.49,28.09,4.18,238.18
E-0024255,2.3439476,145.24,11.71,247.78,13.39,1.58,8.55,11.85,145.24
E-0024256,2.4909,221.88,18.15,436.11,3.02,1.77,8.37,0.98,221.88
E-0024257,2.3434968,234.76,16.07,434.22,4.16,1.82,7.98,1.26,234.76
E-0024258,1.4116957,222.6,2.57,121.48,18.03,1.12,25.89,12.76,222.6
E-0024259,2.0151978,172.51,9.52,168.62,13.95,0.86,8.61,2.87,172.51
E-0024260,0.9215841,188.13,4.54,91.95,11.81,5.84,35.75,20.49,188.13
E-0024261,1.3760436,164.85,6.22,413.81,8.98,3.1,9.39,2.43,164.85
E-0024262,1.3876982,163.22,6.44,404.5,8.97,2.79,9.46,2.59,163.22
E-0024263,2.3068595,95.74,10.15,117.33,9.44,2.72,11,5.99,95.74
E-0024264,1.1905518,222.67,9.86,102.55,11.67,1.96,13.59,7.35,222.67
E-0024265,1.2606488,219.54,9.65,106.67,12.15,1.86,11.92,6.92,219.54
E-0024266,2.5246253,36.56,13.26,252.54,6.19,1.66,2.8,0.74,36.56
E-0024267,2.5655837,84.63,15.18,302.48,12.09,1.21,2.4,1.03,84.63
E-0024268,2.491617,55.5,12.84,373.13,6.32,2.08,2.3,0.44,55.5
E-0024269,1.9808023,177.04,17.6,323.16,13.87,1.41,4.72,1.51,177.04
E-0024270,1.9864717,177.13,17.6,323.82,13.9,1.39,4.67,1.48,177.13
E-0024271,1.6486151,226.78,6.24,113.5,19.2,1.35,10.27,13.38,226.78
E-0024272,0.9686812,239.2,5.7,37.37,13.52,2.28,19.8,15.65,239.2
E-0024273,1.2787263,244.36,6.27,60.02,18.18,1.45,12.82,23.97,244.36
E-0024274,1.2856792,243.88,6.07,59.35,18.06,1.44,12.19,22.57,243.88
E-0024275,1.165515,232.79,6.39,57.76,18.28,1.48,13.26,15.37,232.79
E-0024276,1.5612931,234.31,6.28,60.66,16.67,1.72,9.63,14,234.31
E-0024277,1.6176553,233.54,6.8,63.6,17.28,1.44,9.55,13.35,233.54
E-0024278,1.1727803,150.21,9.98,98.06,10.5,3.93,15.89,7,150.21
E-0024279,3.0767727,27.41,15.97,124.96,5.28,1.87,5.72,1.15,27.41
E-0024280,0.9687383,228.99,2.6,43.63,3.05,12.42,38.62,20.77,228.99
E-0024281,1.3039367,153.85,12.24,60.7,16.74,1.3,5.37,9.91,153.85
E-0024282,1.4015032,212.02,9.66,59.57,13.16,2.03,8.49,12.05,212.02
E-0024283,1.1908239,205.13,12.83,61.75,12.88,1.78,6.53,9.09,205.13
E-0024284,1.1701033,206.3,12.43,60.39,12.76,1.93,6.65,9.14,206.3
E-0024286,2.671253,22.62,13.29,31.86,3.83,2.58,6.5,1.27,22.62
E-0024287,2.0813527,44.91,8.7,17.41,6.53,3.05,14.13,3.12,44.91
E-0024288,1.9794714,45.68,7.42,13.52,5.96,3.9,16.29,2.97,45.68
E-0024289,2.6164513,15.94,9,26.02,3.98,3.02,6.82,1.15,15.94
E-0024290,1.8554837,41.79,4.72,12.18,5.61,4.07,18.71,3.59,41.79
E-0024291,2.2626808,29.4,8.68,14.39,3.5,6.02,11.36,1.68,29.4
E-0024292,1.9650469,48.11,6.67,14.51,5.58,3.83,15.06,2.97,48.11
E-0024293,3.2943068,9.35,15.1,133.89,3.28,3.76,6.15,1.17,9.35
E-0024294,3.332694,11.66,20.34,143.3,3.78,3.6,5.35,1.61,11.66
E-0024295,1.5983347,194.45,3.56,410.13,15.05,1.34,11.06,4.16,194.45
E-0024296,1.595701,194.59,3.56,407.06,15.09,1.34,10.95,4.12,194.59
E-0024297,1.4751801,174.31,6.91,294.72,21.34,1.28,28.53,16.54,174.31
E-0024298,-0.528006,223.63,2.46,32.82,2.92,8.27,70.22,48.95,223.63
E-0024299,1.3022215,208.74,7.68,77.8,11.94,1.62,13.71,7.37,208.74
E-0024300,1.2875848,209.46,7.64,77.18,11.92,1.65,13.94,7.41,209.46
E-0024301,1.78354,151.85,6.63,194.27,10.46,3.64,22.84,14.1,151.85
E-0024302,2.0390499,145.65,9.19,477.05,16.28,1.7,5.43,4.89,145.65
E-0024303,2.5400417,92.98,15.88,312.2,12.32,1.13,2.58,1.04,92.98
E-0024304,3.9471014,4.42,52.23,516.26,10.82,0.87,1.6,0.66,4.42
E-0024305,2.650138,57.91,16.66,397.35,8.68,1.14,3.99,0.78,57.91
E-0024306,1.6187288,226.4,5.8,94.84,20.09,1.2,7.46,12.87,226.4
E-0024307,1.672541,225.62,6.29,105.29,20.21,1.11,7.78,13.43,225.62
E-0024308,1.279354,228.47,6.55,49.93,20.96,1.33,11.6,18.82,228.47
E-0024309,1.5762048,218.36,5.53,59.75,19.6,1.18,9.16,7.63,218.36
E-0024310,1.7575269,98.65,7.06,72.49,14.89,1.67,8.31,7.02,98.65
E-0024311,1.944648,91.07,3.42,66.14,12.06,2.88,10.42,8.02,91.07
E-0024312,2.855895,41.97,14.37,60.18,11.54,1.28,6.57,3.38,41.97
E-0024313,1.4666116,187.91,8.34,64.23,20.03,1.2,7.22,11.32,187.91
E-0024314,1.4575897,188.52,8.34,62.28,20.1,1.2,7.48,12.08,188.52
E-0024315,1.3398265,226.27,5.48,26.54,17.76,1.69,14.47,20.41,226.27
E-0024316,1.5546348,208.72,8.38,78.26,20.71,1.23,9.34,14.06,208.72
E-0024317,2.709475,3.64,9.29,9.54,1.26,16.87,9.41,1.84,3.64
E-0024318,2.9923143,3.18,19.71,11.98,1.87,10.23,6.36,1.72,3.18
E-0024319,3.3027596,2.01,20.9,15.64,2.1,8.3,5.24,1.47,2.01
E-0024320,0.9813663,178.84,5.07,69.9,16.46,1.39,14.74,5.84,178.84
E-0024321,1.0139623,178.29,5.18,70.58,16.49,1.33,14.26,5.57,178.29
E-0024322,0.38756603,219.91,2.76,79.08,13.52,2.37,27.31,8.87,219.91
E-0024323,1.2686306,230.43,4.56,125,16.05,1.25,13.58,8.37,230.43
E-0024324,1.2685909,230.42,4.57,124.04,16.02,1.26,13.7,8.41,230.42
E-0024325,1.467304,165.91,5.82,77.53,14.5,1.21,10.02,6.49,165.91
E-0024326,1.4949712,165.91,5.48,79.55,14.48,1.17,8.64,5.26,165.91
E-0024327,0.36687207,218.73,2.78,122.93,7.45,3.25,42.69,22.2,218.73
E-0024328,1.9594766,250.5,18.6,404.84,5.5,2.05,19.11,4.6,250.5
E-0024329,2.0529351,200.43,10,205.49,12.68,1.41,12.37,1.39,200.43
E-0024330,2.6253781,197.78,23.6,463.68,5.14,1.52,7.93,1.31,197.78
E-0024331,2.5717015,195.83,22.88,377.39,5.11,1.58,8.61,1.46,195.83
E-0024332,2.3698149,241.31,25.05,417.84,3.07,1.82,11.86,2.33,241.31
E-0024333,1.5822804,186.92,4.34,146.63,15.78,1.27,18.19,6,186.92
E-0024347,0.68822646,201.02,1.95,6.67,2.19,9.72,42.47,17.24,201.02
E-0024348,2.3690271,84.21,20.85,301.87,10.76,3.36,4.6,3.73,84.21
E-0024349,2.6148486,19.99,21,593.54,16.62,1.14,2.02,2.3,19.99
E-0024350,1.6578686,211.39,8.31,206.81,18.01,1.38,13.89,11,211.39
E-0024351,1.6650951,209.67,8.32,198.3,17.84,1.37,12.54,9.74,209.67
E-0024352,1.5267344,179.67,6.5,105.19,8.66,7.38,25.19,18.3,179.67
E-0024353,1.4377259,173.76,8.91,47.41,19.44,1.39,9.47,13.03,173.76
E-0024354,1.399656,176.58,8.41,44,19.52,1.55,10.26,14.76,176.58
E-0024355,1.654913,106.89,5.47,47.27,15.82,1.14,8.85,10.41,106.89
E-0024356,1.1485326,184.78,4.77,93.01,23.35,1.28,27.3,20.27,184.78
E-0024357,2.3412516,79.86,22.19,454.93,17.41,3.85,8.91,7.47,79.86
E-0024358,1.0014544,221.11,2.21,40.81,4.38,7.99,40.89,32.88,221.11
E-0024359,0.46820307,198.78,6.38,69.81,2.34,17.28,29.49,10.3,198.78
E-0024360,0.67876554,173.13,1.97,47.63,1.51,16.02,38.85,27.15,173.13
E-0024361,2.3703058,127.12,17.51,244.9,13.52,1.3,4.24,2.18,127.12
E-0024362,3.6240497,27.95,28.75,254.13,2.88,1.8,1.39,0.56,27.95
E-0024363,2.0937061,143.4,11.73,288.45,13.93,1.94,12.9,5.58,143.4
E-0024364,3.1863823,40.62,23.08,412.77,6.03,1.5,3.27,0.97,40.62
E-0024365,2.7632918,47.69,27.8,600.66,14.72,1.31,7.24,4.35,47.69
E-0024366,1.3835969,162.68,4.25,93.54,16.05,1.13,8.2,2.77,162.68
E-0024367,0.534372,213.56,9.54,145.67,7.33,2.91,7.4,1.55,213.56
E-0024368,1.6666849,215.36,10.16,410.53,16.95,1.07,7.82,1.63,215.36
E-0024369,1.3022053,219.32,3.99,54.89,9.51,4.3,30.51,43.57,219.32
E-0024370,0.54180866,228.07,2.32,21.48,2.68,12.99,48.51,38.88,228.07
E-0024371,1.5763376,237.49,5.41,220.32,4.22,6.09,30.33,35.11,237.49
E-0024372,1.8358488,228.54,9.96,235.18,7.48,2.62,20.85,5.93,228.54
E-0024373,2.5656781,173.64,65.26,373.07,2,2.2,8.87,1.17,173.64
E-0024374,1.4644524,222.4,26.16,776.94,4.16,7.32,29.21,18.5,222.4
E-0024375,2.231189,215.95,12.83,688.89,9.94,1.19,13.99,2.64,215.95
E-0025768,1.6305223,251.12,8.53,226.44,10.14,1.78,21.67,4.54,251.12
E-0025769,3.0331736,163.52,17.59,585.85,2.2,1.7,3.34,0.17,163.52
E-0025770,2.8697677,147.02,86.32,344,1.41,2.49,5.53,0.88,147.02
E-0025771,2.1854115,210.55,13.92,630.99,8.73,1.28,12.89,3,210.55
E-0025772,2.2792573,163.66,30.09,431.2,3.2,2.53,19.71,5.13,163.66
E-0025773,2.5064216,98.18,26.88,425.52,5.75,3.09,17.13,14.41,98.18
E-0025774,2.3184438,87.24,20.03,298.9,10.73,3.91,5.03,4.4,87.24
E-0025775,1.7442061,195.19,10.12,118.16,14.57,1.96,13.02,9.19,195.19
E-0025776,1.3360925,157.43,3.65,50,15.39,1.68,16.97,21.22,157.43
E-0025777,0.7947897,204.09,3.33,13.05,18.35,1.35,22.68,37.34,204.09
E-0025778,1.7191894,112.58,14.64,12.92,4.65,7.83,32.32,13.68,112.58
E-0025779,1.773837,79.87,8.96,3.24,2.9,12.84,29.13,11.02,79.87
E-0025780,0.101069555,135.94,2.43,31.35,0.97,24.54,23.78,6.38,135.94
E-0025781,1.8942361,149.76,9.37,146.47,7.08,7.36,17.96,7.93,149.76
E-0025782,1.6056068,91.98,7.98,207.82,6.72,8.25,36.18,15.41,91.98
E-0025783,1.575516,89.17,7.72,216.74,6.24,9.56,35.7,14.28,89.17
E-0025784,0.1006289,200.69,2.44,55.31,2.24,12.31,35.49,14.85,200.69
E-0025785,1.1720198,212.27,3.46,53.36,14.8,1.91,29.63,24.7,212.27
E-0025786,0.37396753,133.26,2.93,17.18,1.6,9.28,27.34,9.72,133.26
E-0025787,0.9920443,213.05,2.75,35.31,4.26,6.55,29.85,23.05,213.05
E-0025788,0.2846634,155.96,2.66,31.93,1.12,23.08,20.58,11.9,155.96
E-0025789,0.30248752,153.91,2.63,33.08,1.13,23.09,21.09,11.67,153.91
E-0025790,-0.8665397,183.47,3.05,28.91,0.77,44.51,31.03,9.62,183.47
E-0025791,2.2285123,94.92,7.81,277.89,12.91,1.1,4.15,1.65,94.92
E-0025792,1.9372246,67.91,7.87,161.65,13.41,1.53,6.33,3.56,67.91
E-0025793,1.9428849,121.76,12.58,67.67,4.89,2.87,7.22,1.97,121.76
E-0025794,1.5473537,105.35,9.11,70.16,7.76,1.98,8.21,1.37,105.35
E-0025795,0.700524,172.07,6.29,88.72,1.95,15.5,25.18,8.21,172.07
E-0025796,2.1806374,206.26,9.43,841.05,18.19,1.33,5.34,5.88,206.26
E-0025797,2.1900065,205.77,9.37,848.66,18.21,1.32,5.16,5.55,205.77
E-0025798,1.9641744,175.96,12.19,451.41,16.52,1.38,6.62,7.75,175.96
E-0025799,1.9689051,176.08,12.49,454.52,16.4,1.4,6.57,7.73,176.08
E-0025800,1.9088972,188.9,5.2,305.7,15.41,2.14,11.82,9.5,188.9
E-0025801,2.1132488,172.06,11.98,708.85,17.9,1.33,8.94,9.62,172.06
E-0025802,1.9896914,115.85,7.6,282.28,14.42,1.23,6.07,2.75,115.85
E-0025803,2.392666,108.74,8.86,227.67,11.83,1.21,4.55,2.98,108.74
E-0025804,2.3154495,111.99,8.98,220.71,11.97,1.3,5.42,3.95,111.99
E-0025805,2.2237163,170.43,7.97,672.42,14.1,1.2,7.19,3.54,170.43
E-0026542,1.6359758,100.56,9.65,64.36,6.85,2.04,14.5,1.49,100.56
E-0026543,1.9780555,155.42,29.42,387.94,19.42,1.04,11.59,1.63,155.42
E-0026544,0.8529247,184.38,2.45,18.18,13.9,3.37,32.65,44.52,184.38
E-0026545,1.4354479,215.44,4.94,623.91,13.6,1.94,16.11,4.97,215.44
E-0026546,1.452695,212.49,4.77,635.56,13.72,1.86,14.72,4.86,212.49
E-0026547,-0.7604506,201.66,2.69,29.95,3.2,7.77,72.85,53.64,201.66
E-0026548,-0.495662,223.22,2.93,80.31,7.48,4,80.32,59.67,223.22
E-0026549,-0.5593093,239.22,2.22,66.8,5.65,4.66,67.01,40.43,239.22
E-0026550,2.2311225,114.28,20.25,326.74,12.13,3.75,10.42,7.09,114.28
E-0026551,3.1299508,47.98,33.68,390.55,14,1.14,2.83,2.26,47.98
E-0026552,0.3212428,243.02,2.64,23.46,6.28,4.65,50.34,23.36,243.02
E-0026553,0.23402491,163.2,3.59,38.74,1.45,8.3,20.37,4.63,163.2
E-0026554,0.16097842,180.71,3.14,34.8,1.43,11.8,25.08,5.72,180.71
E-0026555,0.9634586,214.84,2.09,73.49,1.86,18.2,38.91,19.45,214.84
E-0026556,1.4403231,185.12,2.81,120.04,3.2,8.92,21.51,10.92,185.12
E-0026557,1.1018173,126.9,9.22,95.82,7.61,3.14,20.11,5.2,126.9
E-0026558,1.5140154,190.33,8.31,63,5.02,5.23,13.6,5.35,190.33
E-0026559,1.5767238,112.49,6.47,92.83,7.57,3.4,13.72,4.09,112.49
E-0026560,1.3827703,107.9,13.14,82.91,6.28,2.18,13.71,1.78,107.9
E-0026561,2.3279767,33.38,6.23,113.18,13.59,1.48,3.29,2.21,33.38
E-0026562,2.0281672,114.58,7.8,285.19,14.34,1.19,5.91,2.56,114.58
E-0026563,2.177444,173.29,7.39,668.72,14.15,1.24,6.97,3.54,173.29
E-0026564,1.3642225,82.91,6.25,36.31,1.33,10.7,18.32,24.46,82.91
E-0026565,1.5756698,232.32,4.13,82.52,9.33,3.63,25.89,16.96,232.32
E-0026566,2.4954307,235.28,32.67,401.01,2.35,1.9,11.13,2.22,235.28
E-0026567,2.4941454,230.57,32.55,386.41,2.04,1.94,11.33,2.22,230.57
E-0026568,2.7776976,197.73,36.96,500.28,1.52,2.42,5.02,0.54,197.73
E-0026569,2.567994,166.63,51.91,308.21,1.73,2.45,7.59,1.34,166.63
E-0026570,1.606297,235.7,16.76,308.9,3.84,5.58,37.8,18.94,235.7
E-0026571,2.1448317,186.39,38.06,354.56,5.84,2.28,8.87,4.81,186.39
E-0026572,0.6480018,267.88,2.15,70.35,12.55,4.62,56.48,30.84,267.88
E-0026573,1.8075297,200.31,17.8,707.01,10.55,1.39,17.21,2.92,200.31
E-0026574,2.7304144,211.4,69.5,397.32,2.08,2.23,8.02,1.28,211.4
E-0026575,2.5792916,165.31,50.91,306.86,1.73,2.45,7.55,1.32,165.31
E-0026576,2.6412954,162.24,49.82,302.09,1.65,2.44,7.5,1.32,162.24
E-0026577,2.717673,209.01,47.42,474.5,2.78,2.1,8.53,0.81,209.01
E-0026578,0.91533315,247.27,20.32,284.71,3.28,9.01,30.17,8.45,247.27
E-0026579,1.5305952,248.86,26.01,303.97,2.73,5.29,26.92,6.32,248.86
E-0026580,1.3567417,216.45,25.55,299.75,1.94,7.25,21.22,3.99,216.45
E-0026581,1.973155,230.97,29.2,419.63,6.85,2.04,14.89,5.22,230.97
E-0026582,2.2654352,247.3,29.66,436.4,2.63,1.9,15.56,2.82,247.3
E-0026583,3.0496008,40.49,29.15,366.56,4.9,3.27,4.73,1.84,40.49
E-0026584,1.0229827,185.38,2.14,15.06,6.85,5.34,25.68,23.24,185.38
E-0026585,0.42159864,258.11,2.05,9.2,5.72,7.03,58.38,49.2,258.11
E-0026586,0.79094166,247.12,2.27,11.17,7.57,6.79,54.05,38.06,247.12
E-0026587,0.7078114,248.68,1.98,14.7,11.92,2.54,51.12,40.91,248.68
E-0026588,2.9935222,43.57,27.83,404.65,9.04,2.09,5.05,1.55,43.57
E-0026589,1.8582346,140.7,10.18,174.89,6.23,6.65,19.78,8.37,140.7
E-0026590,0.8038469,229.95,2.78,66.55,10.24,2.21,14.49,4.31,229.95
E-0026591,0.9115758,229.11,3.02,69.69,11.18,1.76,13.35,3.79,229.11
E-0026592,1.9295948,176.94,4.55,292.82,15.2,1.34,6.58,1.96,176.94
E-0026593,1.490499,83.98,2.65,76.94,4.87,7.96,27.96,29.8,83.98
E-0026594,2.025381,105.09,14.73,411.97,12.76,2.31,10.36,3.7,105.09
E-0026595,1.2249175,172.49,4.47,67.96,7.26,3.29,15.64,5.34,172.49
E-0026596,2.3712394,71.18,9.7,247.38,11.8,4.51,12.25,4.41,71.18
E-0026597,2.2280235,160.87,14.47,436.33,13.36,2.22,10.1,5.09,160.87
E-0026598,1.851126,181.42,9.23,231.18,16.2,1.82,8.93,10.36,181.42
E-0026599,1.8539718,178.35,9.25,236.92,16.19,1.82,9.46,10.51,178.35
E-0026600,1.4718854,83.49,7.72,52.09,2.35,6.87,15.9,25.01,83.49
E-0026601,1.6245303,115.1,7.71,166.65,10.36,6.17,17.76,8.46,115.1
E-0026602,2.647409,74.53,16.09,167.51,0.62,27.71,6.09,2.9,74.53
E-0026603,4.0911913,19.09,26.76,246.21,0.41,8.56,0.8,0.66,19.09
E-0026604,1.4740405,146.34,9,193.65,1.7,19.7,13.8,5.19,146.34
E-0026605,2.0339324,156.37,32.69,273.4,4.88,7.73,18.84,13.43,156.37
E-0026606,1.8885846,130.8,21.49,239.36,2.3,13.72,27.37,12.22,130.8
E-0026607,2.9267912,33.08,15.81,98.82,0.56,51.75,3.73,0.41,33.08
E-0026608,3.6405168,33.71,21.47,159.08,0.53,28.91,1.13,0.35,33.71
E-0026609,2.1384957,85.62,13.65,68.03,0.5,47.13,7.96,2.31,85.62
E-0026610,2.8825865,33.93,11.99,206.21,11.64,0.89,1.88,0.5,33.93
E-0026611,2.4713435,12.38,12.16,138.39,9.77,1.49,2.76,2.12,12.38
E-0026612,2.483222,87.03,33.05,411.74,9.4,3.62,4.57,3.37,87.03
E-0026613,1.8160572,165.77,16.8,255.27,3.41,7.06,26.49,22.38,165.77
E-0026614,2.7441177,207.1,68.51,396.03,1.85,2.32,7.37,1.13,207.1
E-0026615,1.2492783,186.77,32.82,840.52,3.91,6.16,22.35,11.06,186.77
E-0026616,1.2264376,191.16,33.75,859.82,4.63,6.42,21.44,9.75,191.16
E-0026617,2.779531,215.25,63.88,472.13,1.99,2.24,8.38,1.07,215.25
E-0026618,2.8134227,211.65,62.39,469.62,1.91,2.18,8.03,1,211.65
E-0026619,1.8190382,240.41,22.46,310.37,3.45,2.89,14.06,1.48,240.41
E-0026620,1.848184,239.35,21.88,313.55,3.5,2.79,13.64,1.37,239.35
E-0026621,1.8879304,236.42,21.15,297.68,3.14,2.77,13.88,1.45,236.42
E-0026622,1.9319859,239.88,31.19,295.11,2.9,2.86,12.89,1.3,239.88
E-0026623,1.3879521,224.15,16.86,255.78,4.19,6.4,21.24,7.52,224.15
E-0026624,0.75637364,232.72,12.28,293.29,1.77,11.61,29.89,5.76,232.72
E-0026625,1.5679984,232.58,35.41,304.91,5.24,6.22,21.59,8.47,232.58
E-0026626,2.1887362,213.68,22.31,364.69,4.69,2.29,10.67,3.48,213.68
E-0026627,2.4095373,239.84,46.41,420.82,2.18,2.03,12.61,2.63,239.84
E-0026628,2.4220345,237.7,46.37,407.96,2.04,2.04,12.27,2.53,237.7
E-0026629,3.1914694,15.6,15.51,245.33,3.06,1.71,3.39,0.22,15.6
E-0026630,0.5905067,226.58,2.84,40.21,17.38,1.37,38.69,22.6,226.58
E-0026631,0.2604764,194.93,1.82,29.51,6.52,3.08,65.08,39.47,194.93
E-0026633,3.247767,11.84,13.3,112.48,1.82,6.78,1.92,0.48,11.84
E-0026634,2.168558,167.82,13.23,610.8,14.62,1.49,7.61,4.74,167.82
E-0026635,2.1566875,167.32,12.95,607.12,14.61,1.5,7.88,5.12,167.32
E-0026636,1.3542597,84.02,6.17,37.48,1.26,11.39,18.21,24.27,84.02
E-0026637,1.3292398,88.76,6.09,38.82,1.13,12.54,19.67,26.69,88.76
E-0026638,1.6739794,125.71,10.06,165.34,11.71,5.61,19.05,9.62,125.71
E-0026639,2.0334597,79.27,12.19,211.8,10.99,5.26,20.73,10.16,79.27
E-0026640,1.6511626,93.12,8.04,160.78,7.56,10.05,31.55,15.83,93.12
E-0026641,1.0826827,97.09,6.04,113.53,2.12,13.73,44.5,13.83,97.09
E-0026642,3.167186,25.25,21.46,200.4,0.65,33.35,3.03,0.31,25.25
E-0026643,2.4254174,71.43,18.77,247.54,0.73,27.37,8.12,2.5,71.43
E-0026644,1.9974923,45.92,6.99,74.49,0.75,36.44,17.85,4.18,45.92
E-0026645,2.4858005,86.68,33.31,415.96,9.37,3.61,4.57,3.34,86.68
E-0026646,3.3009338,37.77,32.21,332.96,2.62,2.42,2.39,6.72,37.77
E-0026647,2.5145013,98.84,27.07,573.4,11.46,4.61,7.27,5.92,98.84
E-0026648,2.5606546,94.9,27.45,586.84,11.55,4.13,6.59,5.19,94.9
E-0026649,2.1566925,107.55,15.15,268.22,4.24,10.78,12.34,8.75,107.55
E-0026650,2.6157122,96.82,18.45,435.86,8.21,3.85,4.88,2.9,96.82
E-0026651,1.585561,120.01,8.53,248.25,10.03,6.7,10.15,4.77,120.01
E-0026652,1.5908523,120.09,8.53,251.64,10.01,6.59,10.1,4.73,120.09
E-0026678,2.0557752,140.04,10.04,187.66,9.49,6.89,19.06,6.07,140.04
E-0026679,1.209719,104.76,2.99,25.88,5.09,6.46,31.77,40.46,104.76
E-0026680,0.89046574,232.84,2.66,52.58,15.49,1.26,34.93,12.23,232.84
E-0026681,2.4016728,74.49,21.28,291.86,10.32,3.84,12.35,5.9,74.49
E-0026682,2.740357,84.42,15.03,210.17,3.91,4.45,3.72,1.55,84.42
E-0026683,3.858,26.48,27.46,267.02,0.48,12.14,0.92,0.4,26.48
E-0026684,3.0562787,4.02,18.47,174.13,9.32,1.42,1.4,1.48,4.02
E-0026685,2.2079773,104.37,15.36,313.97,4.28,10.96,10.38,7.69,104.37
E-0026686,2.6321392,100.84,19.75,403.77,8.1,3.3,5.58,3.65,100.84
E-0026687,2.2204456,99.21,18.79,353.86,8.64,5.23,5.33,3.48,99.21
E-0026688,2.3231158,77.99,18.87,428.57,10.41,3.44,5.41,3,77.99
E-0026689,2.3336408,78.29,19.03,425.61,10.43,3.16,5.37,2.94,78.29
E-0026690,2.975966,43.98,21.3,309.19,6.35,2.28,3.29,3.41,43.98
E-0026691,2.9915237,45.13,22.16,301.88,6.35,2.13,3.57,4.09,45.13
E-0026692,2.3142073,100.51,18,513.55,11.98,4.06,8.24,4.89,100.51
E-0026693,2.2475095,100.8,17.41,482.05,11.66,4.84,10.01,6.2,100.8
E-0026694,2.1474721,99.04,11.78,277.49,5.2,10.85,12.16,5.46,99.04
E-0026695,2.099554,100.01,11.63,240.57,4.72,12.2,13.93,5.91,100.01
E-0026696,2.5102553,98.65,12.91,386.43,9.69,4.29,6.05,2.05,98.65
E-0026697,2.5388844,101.53,13.72,373.09,9.59,3.62,6.79,2.53,101.53
E-0026698,1.412977,121.07,5.4,214.96,8.56,9.46,13.86,5.27,121.07
E-0026699,3.7320323,5.86,23.87,246.74,4.11,2.56,2.31,0.24,5.86
E-0026700,1.7629961,248.91,17.23,332.99,6.97,2.12,19.04,6.23,248.91
E-0026701,1.5567148,217.09,14.42,355.85,8.65,3,34.39,15.63,217.09
E-0026702,2.097272,235.83,41.34,368.28,7.76,1.95,12.13,4.91,235.83
E-0026703,2.2283244,233.07,49.54,504.29,2.49,3.48,20.43,6.04,233.07
E-0026704,2.3312998,231.43,18.35,372.38,3.96,2.03,9.35,2.02,231.43
E-0026706,2.3854141,100.47,19.63,309.67,8.69,4.79,10.44,4.93,100.47
E-0026707,2.4044304,64.2,28.04,435.61,14.34,5.52,14.67,8.18,64.2
E-0026708,-0.9409797,240.07,1.19,2.27,0.61,49.47,75.56,69.44,240.07
E-0026709,2.24371,111.89,20.65,327.32,12.48,5.18,9.33,8.46,111.89
E-0026710,2.182695,112.66,18.98,350.38,12.18,7.1,8.6,7.81,112.66
E-0026711,3.2979934,36.8,31.45,340.88,2.67,2.46,2.37,6.51,36.8
E-0026712,1.8529143,133.16,8.05,315.86,13.43,6.11,14.92,6.25,133.16
E-0026713,1.7540894,125.08,13.26,345.62,12.51,5.26,14.74,6.1,125.08
E-0026714,1.7395301,125.66,13.29,343.98,12.47,5.41,14.83,6.26,125.66
E-0026715,1.961179,121.16,22.19,358.51,11.22,5.73,10.3,5.78,121.16
E-0026716,1.9634423,122.02,21.94,359.63,11.29,5.62,10.15,5.72,122.02
E-0026717,1.7756927,113.86,10.37,317.97,9.02,6.74,10.24,3.84,113.86
E-0026718,2.233427,118.49,23.47,590.92,14.96,3.02,10.68,6.78,118.49
E-0026719,2.1075368,123.58,19.12,481.36,12.64,5.89,12,7.76,123.58
E-0026720,2.5110755,60.11,13.51,171.98,0.89,33.29,11.05,6.32,60.11
E-0026721,2.630263,59.14,14.11,189.55,1.12,27.13,9.99,5.7,59.14
E-0026722,3.247891,68.81,18.01,412.68,8.64,2.71,5.61,8.57,68.81
E-0026723,2.766286,61.17,26.25,431.19,4.3,3.87,12.81,12.89,61.17
E-0026724,1.9566543,215.41,29.38,257.91,5.09,4.86,14.75,8.96,215.41
E-0026725,2.352851,228.4,65.32,425.37,2.48,4.73,12.99,8.98,228.4
E-0026726,2.3020902,236.94,66.12,400.94,2.77,4.73,13.98,12.24,236.94
E-0026727,2.2338173,219.95,24.97,276.12,11.09,2.05,18.73,17.73,219.95
E-0026728,1.7863777,228.5,9.79,247.61,4.23,5.49,28.54,37.63,228.5
E-0026729,2.4418824,215.78,72.09,358.47,2.09,2.56,12.71,1.7,215.78
E-0026730,3.0911186,152.78,104.74,345.34,1.96,2.06,4.99,1.46,152.78
E-0026731,1.8257889,218.78,14.87,378,5.84,1.96,18.11,6.74,218.78
E-0026732,2.4239812,179,16.23,505.11,3.25,1.21,5.73,1.39,179
E-0026733,2.2720585,127.16,14.55,281.42,5.6,4.11,21.43,20.91,127.16
E-0026734,2.35577,117.93,23.85,441.23,6.49,3.08,18.66,14.96,117.93
E-0026735,2.3524137,104.98,22.02,524.85,6.66,3.06,16.4,11.74,104.98
E-0026736,1.9253007,217.5,29.33,258.91,4.95,3.87,12.73,4.81,217.5
E-0026737,1.8766285,250.09,19.92,182.66,7.29,4.34,26.96,35.86,250.09
E-0026738,2.3943367,217.51,26.5,179.82,6.03,4.07,21.89,35.21,217.51
E-0026739,2.993938,117.98,33.84,164.79,1.31,4.39,11.13,23.89,117.98
E-0026740,2.9673095,113.44,48.98,354.04,2,2.82,7.99,15.47,113.44
E-0026741,2.206688,238.18,25.24,359.57,3.38,2.35,9.9,2.13,238.18
E-0026742,2.096239,251.75,43.31,364.88,4.41,3.25,17.15,4.8,251.75
E-0026743,1.3718637,219.83,7.27,249.95,3.94,10.6,38.9,41.16,219.83
E-0026744,1.9713842,220.46,13.64,232.65,3.18,4.99,26.54,35.77,220.46
E-0026745,2.1447191,174.18,17.65,226.72,2.58,6.45,21.66,20.75,174.18
E-0026746,3.573003,67.79,108.61,412.43,1.27,2.25,2.57,0.66,67.79
E-0026747,3.8125067,9.41,96.86,466.85,0.8,3.81,1.38,0.22,9.41
E-0026748,2.9007537,165.59,96.3,286.38,2.22,2.9,5.96,3.53,165.59
E-0026749,4.4475384,7.31,144.35,402.41,0.66,3.98,0.79,0.15,7.31
E-0026750,3.5311728,165.5,111.89,407.28,1.64,2.26,3.03,0.9,165.5
E-0026751,3.5254645,160.23,115.21,409.59,1.56,2.24,3.2,0.96,160.23
E-0026752,3.0714731,193.19,121.81,302.82,1.32,5.46,5.82,3.33,193.19
E-0026753,3.0557678,139.91,127.46,320.19,2.07,3.12,4.86,2.29,139.91
E-0026754,2.3300245,191.69,60.18,304.29,2.41,5.02,9.83,3.74,191.69
E-0026755,3.0956855,149.26,47.03,451.68,2.02,2.04,5.3,1.58,149.26
E-0026756,2.2357378,198.42,48.37,304.9,1.78,6.57,10.51,1.65,198.42
E-0026757,1.5877614,143.27,11.17,191.5,4.12,16.1,31.61,11.7,143.27
E-0026758,2.018777,118.57,19.16,327,12.05,6.73,16.12,8.01,118.57
E-0026759,2.2941604,76.98,15.3,61.71,0.48,44.11,3.97,1.53,76.98
E-0026761,1.0266969,180.1,5.53,106.5,7.18,6.77,29.11,14.57,180.1
E-0026762,2.6112838,47.79,13.32,135.69,0.95,29.6,9.92,3.73,47.79
E-0026763,2.5920858,45.97,10.42,97.05,1.12,21.77,15.64,8.15,45.97
E-0026764,2.7611814,28.93,10.92,83.98,1.18,22.29,13.27,4.95,28.93
E-0026765,2.6028562,47.81,13.32,142.46,0.92,30.73,9.99,3.72,47.81
E-0026766,2.617525,45.1,10.62,98.14,1.19,20.64,14.94,7.96,45.1
E-0026767,2.861205,28.28,11.6,90.33,1.35,18.14,12.91,5.19,28.28
E-0026768,3.4872336,72.22,47.8,315.99,1.03,11.03,2.18,2.42,72.22
E-0026769,4.344939,10.55,48.9,702.02,1.37,2.95,1.06,1.71,10.55
E-0026770,4.0213246,16.43,24.6,243.4,0.57,17.9,1.09,0.54,16.43
E-0026771,3.3430443,45.66,40.14,214.2,0.86,5.21,1.89,0.78,45.66
E-0026772,3.4115539,28.08,17.2,107.28,0.52,42.43,1.86,0.53,28.08
E-0026773,3.7544878,15.19,23.42,158.81,0.46,15.96,1.25,0.25,15.19
E-0026774,1.3592476,147.19,9.75,122.79,20.63,1.31,6.33,1.6,147.19
E-0026775,1.7369317,241.82,66.09,488.01,2.52,8.13,22.1,16.32,241.82
E-0026776,1.7449626,243.24,69.24,464.17,2.48,7.6,23.55,19.32,243.24
E-0026777,2.4278412,205.43,18.88,330.54,2.34,2.18,6.33,1.62,205.43
E-0026778,2.1645753,243.38,32.45,342.6,4.62,2.53,10.22,3.25,243.38
E-0026779,1.9902701,198.38,9.1,352,7.14,4.04,29.35,38.34,198.38
E-0026780,1.9338378,245.47,28.93,368.83,6.01,2.48,16.34,4.73,245.47
E-0026781,2.2426777,241.77,21.61,321.78,2.6,2.39,11.7,2.22,241.77
E-0026782,1.6842585,191.2,92.1,222.05,1.33,7.55,7.16,0.74,191.2
E-0026783,3.9517093,29.06,136.12,486.16,0.61,4.01,1.44,0.29,29.06
E-0026784,4.0541897,13.44,139.96,468.93,0.79,2.98,1.33,0.31,13.44
E-0026785,3.9344833,23.37,142.56,451.12,0.56,4.35,1.26,0.31,23.37
E-0026786,1.9803865,171.17,26.99,217.32,1.82,13.24,9.45,3.84,171.17
E-0026787,4.109146,17.03,113.43,510.67,0.7,3.67,1.26,0.27,17.03
E-0026788,1.7682071,205.39,66.52,291.35,1.52,5.62,9.06,1.21,205.39
E-0026789,1.7512527,200.34,68.74,297.89,1.41,5.54,8.86,1.13,200.34
E-0026790,1.8709825,199.27,72.12,312.28,1.39,6.84,10.06,1.39,199.27
E-0026791,2.7107105,194.81,102.72,307.3,2.19,3.2,5.25,1.68,194.81
E-0026792,2.0480464,230.91,32.64,316.07,3.86,2.43,14.86,5.28,230.91
E-0026793,2.049344,229.25,32.34,318.24,3.83,2.52,14.65,5.05,229.25
E-0026794,2.6786523,64.94,35.29,618.53,6.83,2.28,12.67,14.81,64.94
E-0026795,2.632792,70.98,34.76,598.03,6.96,2.31,12.27,14.72,70.98
E-0026796,1.9549551,248.43,27.86,322.63,5.1,2.78,19.35,5.67,248.43
E-0026797,1.8206526,207.44,9.24,291.57,6.34,5.7,24.96,29.32,207.44
E-0026798,2.7492647,144.08,88.6,366.7,1.61,5.41,5.58,1.34,144.08
E-0026799,2.7529793,176.52,100.72,292.4,1,6.9,6.18,1.87,176.52
E-0026800,3.3323693,80.93,166.43,454.09,0.83,6.04,3.19,1.09,80.93
E-0026801,1.971277,200.17,48.8,293.93,1.59,6.87,10.97,2.94,200.17
E-0026802,2.9693885,123.41,85.99,328.89,2.87,2.71,5.68,2.16,123.41
E-0026803,3.2245767,92.98,119.2,366.12,0.84,3.02,3.16,0.5,92.98
E-0026804,2.0484629,235.2,25.36,354.64,4.94,2.65,18.56,4.03,235.2
E-0026805,2.0754604,234.55,25.83,354.79,4.5,2.84,17.74,3.84,234.55
E-0026806,2.9546466,65.45,34.84,259.01,0.73,6.04,1.85,0.87,65.45
E-0026807,3.1069582,86.38,28.5,181.17,1.81,9.57,4.94,4.27,86.38
E-0026808,2.8280292,95.63,20.24,73.81,0.98,23.83,7.82,5.27,95.63
E-0026809,4.0749054,18.75,28.36,212.42,0.59,16.42,0.81,0.38,18.75
E-0026810,3.939462,24.17,26.4,221.54,0.68,14.77,0.94,0.36,24.17
E-0026811,4.298868,5.67,44.55,256.45,0.71,5.62,0.85,0.14,5.67
E-0026812,3.2305207,19.87,16.29,212.4,3.99,3.03,3.85,0.31,19.87
E-0026813,3.3015215,23.36,18.02,156.55,0.7,25.72,2.79,0.58,23.36
E-0026829,3.6099977,37.25,29.78,174.66,0.6,24.68,1.47,0.46,37.25
E-0026830,3.5250554,18.83,21.03,141.96,0.62,29.04,2.46,0.6,18.83
E-0026831,2.096847,105.61,11.31,92.54,0.88,29.19,12.39,8.26,105.61
E-0026832,0.9902833,157.57,6.05,143.47,20.47,1.35,7.49,2.01,157.57
E-0026833,0.98899394,157.26,6.03,142.84,20.43,1.35,7.52,2.03,157.26
E-0026834,0.9906579,173.32,8.15,230.07,22.11,1.26,7.21,1.79,173.32
E-0026835,1.0190811,175.8,8.31,222.65,22.29,1.24,7.5,1.94,175.8
E-0026836,1.2799869,186.95,7.95,119.31,20.19,1.6,6.52,1.38,186.95
E-0026837,1.2781212,187.77,8.21,118.56,20.1,1.59,6.69,1.45,187.77
E-0026838,3.473838,132.94,104.85,455,1.1,2.8,2.8,0.86,132.94
E-0026839,3.4520812,129.62,103.86,459.67,1.13,2.91,2.75,0.82,129.62
E-0026840,1.5862353,206.17,68.9,287.23,1.61,5.9,8.32,1.28,206.17
E-0026841,2.426751,171.09,127.51,316.11,1.17,3.71,6,0.93,171.09
E-0026842,2.4236388,172.81,128.22,321.9,1.2,3.84,6.76,1.12,172.81
E-0026843,2.7662253,220.87,59.44,372.31,1.53,2.44,8.65,1.94,220.87
E-0026939,2.9772258,142.07,54.97,297.31,1,3.42,3.75,0.97,142.07
E-0026940,3.3840952,53.2,105.62,301.6,0.74,3.73,1.96,0.39,53.2
E-0026941,3.2394905,65.99,103.71,277.26,0.73,4.19,1.95,0.4,65.99
E-0026942,2.9901521,117,50.53,317.01,1.08,3.06,4.11,0.69,117
E-0026943,1.501432,207.68,15.67,381.11,2.85,7.56,31.8,40.28,207.68
E-0026944,2.9924946,148.87,53.56,691.73,22.53,1.11,27.66,40.44,148.87
E-0026945,2.9674444,141.8,54.04,304.58,1.01,3.47,3.62,0.91,141.8
E-0026967,1.9409372,149.38,6.16,236.48,9.17,2.3,17.73,9.5,149.38
E-0026969,2.6434197,226.64,95.31,363.44,3.66,2.85,11.38,3.56,226.64
E-0026976,1.9305389,183.16,10.2,339.8,13.49,1.8,19.42,8.44,183.16
E-0026979,1.6775806,260.91,19.15,293.64,6.85,2.77,24.65,14.57,260.91
E-0026980,1.5219226,171.59,11.63,290.21,7.68,5.46,21.88,11.86,171.59
E-0026981,1.5422859,116.13,12.53,291.98,21.24,1.21,20.84,8.68,116.13
E-0026982,1.160316,160.57,6.99,267.55,15.33,2.42,32.68,10.61,160.57
E-0026983,2.0735087,45.89,18.52,81.27,1.24,93.07,4.8,1.99,45.89
E-0026984,2.4268384,42.17,18.5,66.61,1.17,79.73,3.94,2.09,42.17
E-0026985,2.3975785,74.16,21.26,176.01,1.58,14.79,8.63,6.6,74.16
E-0026986,2.3946,57.76,17.72,125.23,0.81,34.18,8.4,4.6,57.76
E-0026987,3.550383,25.99,49.75,428.67,0.73,18.09,1.34,0.57,25.99
E-0026988,3.1474223,5.47,62.1,526.64,19.88,0.74,1.84,1.48,5.47
E-0026989,3.2494402,24.92,16.97,315.62,14.7,0.91,2.48,1.93,24.92
E-0026990,2.123487,55.58,17.27,61.69,0.94,89.96,5.54,2.22,55.58
E-0026992,0.29956034,148.24,3.65,188.72,9.5,5.82,33.6,12.14,148.24
E-0026993,2.0711308,54.56,18.88,56.66,0.89,101.34,6.64,3.19,54.56
E-0026994,3.3941534,3.95,74.62,685.32,18.37,0.88,1.5,1.73,3.95
E-0026995,2.0027723,70.05,20.42,82.58,1.03,89.26,8.14,4.34,70.05
E-0026996,3.6852748,30.1,45.61,132.15,1.52,30.67,3.18,2.91,30.1
E-0026997,2.1694326,50.18,18.54,102.39,1.14,110.54,7.02,3.68,50.18
E-0026998,2.2470722,46.6,19.59,104.04,0.95,112.69,6.05,2.53,46.6
E-0026999,3.1162808,32.27,27.18,133.63,1.37,42.21,3.38,1.61,32.27
E-0027000,2.8918371,35.52,28.58,164.72,1.28,47.87,3.94,2.02,35.52
E-0027001,2.8548813,35.7,28.78,170.54,1.4,50.24,4.4,2.59,35.7
E-0027002,2.6823356,35.62,26.8,161.01,1.49,64.01,5.02,3.1,35.62
E-0027003,2.9405427,37.75,30.46,159.44,1.18,43.41,3.68,1.75,37.75
E-0027004,1.469491,154.97,9.86,184.87,6.82,4.16,15.32,4.09,154.97
E-0027005,2.3084502,82.07,23.28,208.9,1.41,17.23,8.04,6.18,82.07
E-0027006,1.8375342,113.67,9.94,162.34,17,1.16,8.88,4.42,113.67
E-0027007,2.2813416,52.55,44.99,449.89,21.67,0.77,7.09,4.64,52.55
E-0027008,2.979537,2.77,49.18,349.01,19.91,0.81,2.11,1.42,2.77
E-0027009,3.3904452,7.59,95.89,993.59,18.21,0.85,2.12,1.64,7.59
E-0027010,1.8918974,67.85,20.44,151.85,1,102.74,7.25,3.79,67.85
E-0027011,2.8998091,6.74,44.17,533.78,21.05,0.88,5.29,4.56,6.74
E-0027012,2.7031987,55.66,31.18,110.76,1.43,34.41,3.79,3.23,55.66
E-0027013,2.5106626,61.2,27.5,119.15,1.02,52.2,3.96,2.79,61.2
E-0027014,2.604279,61.94,26.09,92.6,1.11,50.5,4.09,3.02,61.94
E-0027015,2.538336,65.14,34.68,219.4,1.78,28.68,5.06,4.33,65.14
E-0027016,2.5525646,53.53,31.79,188.25,1.42,33.46,3.04,2.09,53.53
E-0027017,1.8701134,64.47,20.03,132.47,0.99,71.68,5.58,2.59,64.47
E-0027018,2.5244327,59.34,32.47,148.9,1.5,36.53,4.6,3.05,59.34
E-0027019,2.1902647,72.61,16.45,288.57,5.87,7.83,12.16,8.12,72.61
E-0027020,2.272937,68.69,16.58,201.16,4.94,7.82,13.35,9.9,68.69
E-0027021,3.1590466,29.41,27.67,143.15,1.39,40.24,3.23,1.43,29.41
E-0027022,2.2717638,79.63,13.56,336.31,5.96,4.94,10.89,5.03,79.63
E-0027023,2.5260108,46.38,22.68,77.02,1.44,62.04,5.27,2.42,46.38
E-0027024,4.086441,7.25,48.82,489.36,2.95,1.4,0.69,0.66,7.25
E-0027025,3.3442173,31.62,52.64,771.09,8.91,1,2.09,2.5,31.62
E-0027026,0.57250714,173.29,7.78,149.49,18.06,1.27,15.35,5.28,173.29
E-0027028,2.8330138,61.12,39.4,222.46,1.39,31.6,3.54,2.96,61.12
E-0027029,2.1961815,63.95,25.53,223.43,1.01,71.17,4.31,1.96,63.95
E-0027030,2.6809292,53.77,33.48,178.21,1.51,37.71,4.19,2.81,53.77
E-0027031,2.2824557,60.51,25.44,156.8,1.12,75.36,4.64,2.1,60.51
E-0027032,2.9822497,49.78,33.32,143,1.5,35.81,3.47,3.1,49.78
E-0027033,3.106676,56.55,38.46,188.56,1.46,27.71,3.58,3.14,56.55
E-0027034,2.3637576,60.85,25.02,192.16,1.1,75.73,4.12,2.05,60.85
E-0027035,2.824697,54.15,31.37,120.72,1.66,39.69,4.75,3.72,54.15
E-0027036,2.419138,58.73,32.7,153.41,1.56,37.79,4.55,3.58,58.73
E-0027037,3.7031343,23.92,65.89,339.02,1.16,19.02,1.39,0.95,23.92
E-0027038,2.3258355,67.8,33.66,308.73,1.56,39.94,4.52,3.77,67.8
E-0027039,3.4687657,33.34,46.14,160.94,1.7,35.87,3.46,3.19,33.34
E-0027040,2.6971388,64.86,40.22,270.92,1.41,29.31,3.25,2.59,64.86
E-0027041,2.4218128,61.79,33.44,129.21,1.38,33.55,3.7,2.98,61.79
E-0027042,3.8961046,17.4,70.69,324.92,1.14,14.12,0.94,0.6,17.4
E-0027043,2.568014,57.66,21.75,351.93,2.54,7.65,6.6,3.04,57.66
E-0027044,1.9951138,89.68,11.62,283.42,5.61,8.3,13.66,6.85,89.68
E-0027045,2.0178244,109.87,10,245.7,8.93,3.53,13.04,6.66,109.87
E-0027046,3.1270046,66.48,39.22,244.94,1.03,15.64,5.32,3.52,66.48
E-0027047,2.2326546,65.21,23.01,101.93,1.29,73.16,5.52,2.76,65.21
E-0027048,2.4820242,60.63,31.76,134.7,1.73,35.21,5.39,4.92,60.63
E-0027049,2.1700926,69.56,26.45,163.48,1.33,49.84,6.74,5.58,69.56
E-0027050,2.3771863,71.26,31.53,265.93,1.78,35.91,5.58,5.56,71.26
E-0027051,2.342011,67.61,28.21,152.58,1.94,32.52,7.16,5.46,67.61
E-0027052,1.6315846,81.53,19.87,136.23,1.45,98.7,9.57,5.67,81.53
E-0027053,1.667196,82.04,22.08,181.88,0.98,79.01,5.64,2.76,82.04
E-0027054,2.3057184,72.2,35.6,313.7,1.46,36.58,4.18,3.24,72.2
E-0027055,2.339764,48.82,22.23,72.37,1.43,75.02,6.56,3.79,48.82
E-0027056,2.3350124,46.67,20.68,69.25,1.46,74.31,6.17,3.06,46.67
E-0027057,2.9477525,30.1,25.45,94.91,1.4,58.81,3.98,1.72,30.1
E-0027058,2.9007876,58.43,49.78,370.28,1.34,15.07,2.22,2.45,58.43
E-0027059,3.6326518,27.56,52.1,381.7,0.72,15.22,1.41,0.59,27.56
E-0027060,2.6373453,67.61,40.83,260.8,1.68,21.19,3.81,3.33,67.61
E-0027061,2.4042478,42.81,20.56,66.4,1.51,75.55,5.75,2.82,42.81
E-0027062,2.8336549,35.74,26.9,105.32,1.33,61.61,4.61,2.55,35.74
E-0027063,2.6560497,34.68,24.96,104.71,1.42,73.6,5.32,2.85,34.68
E-0027064,2.1637535,51.17,25.66,134.97,1.69,56.93,8.67,5.95,51.17
E-0027065,1.6231687,64.99,18,83.07,1.37,92.64,12.79,7.17,64.99
E-0027066,1.7696731,57.84,24.16,110.03,1.92,62.38,14.92,9.34,57.84
E-0027067,1.980942,49.37,25.04,122.71,1.55,67.95,10.79,6.36,49.37
E-0027068,2.2467718,44.66,22.04,79.06,1.57,84.03,7.33,4.54,44.66
E-0027069,2.8897526,33.44,28.11,135.55,1.56,47.21,5.11,3.18,33.44
E-0027070,3.578791,14.03,35.95,268.6,0.76,20.42,1.22,0.53,14.03
E-0027071,3.1772149,22.64,35.05,268.81,1.04,13.98,1.55,0.73,22.64
E-0027072,2.1294875,38.36,20.09,252.32,0.99,33.46,3.48,2.62,38.36
E-0027073,1.6606019,63.34,18.57,88.57,1.34,94.23,12.13,6.93,63.34
E-0027074,1.8666478,55.36,19.78,104.03,1.33,91.59,10.26,6.25,55.36
E-0027075,2.0915775,49.32,24.42,140.26,1.77,61.41,8.69,5.22,49.32
E-0027076,1.7987363,57.78,19.13,95.77,1.36,90.88,11.21,6.63,57.78
E-0027077,1.7483019,54.35,25.21,123.57,1.81,63.1,13.54,7.71,54.35
E-0027078,2.2818313,50.67,36.64,146.54,1.05,79.12,5.4,2.63,50.67
E-0027079,2.1495457,46.68,21.15,75.24,1.52,86.82,7.35,4.06,46.68
E-0027080,4.0581098,8.64,36.18,205.75,0.87,28.55,1.57,0.71,8.64
E-0027081,3.6653852,15.99,42.36,158.4,1.19,45.92,2.67,1.34,15.99
E-0027082,1.7748011,51.34,24.71,119.96,1.59,64.39,10.53,6.96,51.34
E-0027083,1.8816674,50.88,25.56,124.16,1.69,50.03,11.15,7.37,50.88
E-0027084,1.284111,74.83,20.09,90.69,1.74,71.71,18.3,9.5,74.83
E-0027085,1.3074912,74.7,20.45,95.5,1.74,71.21,17.75,9.55,74.7
E-0027086,1.2299236,80.24,19.56,76.84,1.65,64.33,18.52,10.11,80.24
E-0027087,1.2414141,78.23,19.42,81.71,1.66,65.22,17.78,9.3,78.23
E-0027088,1.9361529,48.28,28.49,134.02,1.58,57.12,10.36,6.26,48.28
E-0027089,1.8740778,45.44,26.08,126.55,1.65,60.87,9.39,6.18,45.44
E-0027090,1.8951018,45.8,26.27,122.2,1.64,58.82,9.66,6.41,45.8
E-0027091,1.3724263,70.67,22.73,93.3,1.15,83.88,14,7.04,70.67
E-0027092,2.4897194,52.58,34.44,149.7,1.1,67.3,5.66,3.11,52.58
E-0027093,1.7107489,64.08,29.78,112.24,1.46,55.37,10.93,5.92,64.08
E-0027094,2.5516005,37.61,45.33,154.76,1.37,60.82,6.18,3.88,37.61
E-0027095,1.5888159,159.54,31.18,405.36,2.02,6.14,17.7,14.02,159.54
E-0027096,1.5052919,163.21,30.7,322.11,1.4,8.52,18.36,14.19,163.21
E-0027097,0.85770285,184.77,9.8,91.76,10.19,4.06,54.59,21,184.77
E-0027098,1.4915109,70.27,23.25,93.66,1.71,57.96,12.91,8.84,70.27
E-0027099,1.3087726,71.44,18.18,65.36,1.56,70.1,14.78,9.73,71.44
E-0027100,1.6760687,146.04,47.11,579.73,2.24,2.53,12.56,5.08,146.04
E-0027101,1.9976394,169.73,68.54,986.38,6.07,1.82,17.6,9.07,169.73
E-0027102,0.9521791,174.06,14.14,428.31,2.52,7.44,35.06,11.31,174.06
E-0027103,1.019965,196.31,15.81,361.72,2.4,8.31,43.29,18.22,196.31
E-0027104,2.0559115,134.81,38.91,867.97,13.52,0.99,16.95,7.75,134.81
E-0027105,2.2727997,45.7,21.05,70.11,1.35,81.56,6.09,3.01,45.7
E-0027106,0.98755,171.11,12.55,90.45,6.35,7.64,47.81,12.92,171.11
E-0027107,1.1040251,100.6,27.21,85.79,1.46,58.94,18.12,8.83,100.6
E-0027108,2.9058464,37.53,47.31,167.48,1.29,33.2,3.73,1.85,37.53
E-0027109,2.2352982,118.49,32.28,413.89,1.47,2.94,6.33,5.52,118.49
E-0027110,2.854712,92.36,19.83,525.97,4.68,1.13,5.58,0.47,92.36
E-0027112,2.7133195,87.01,19.08,680.17,8.97,1.01,11.84,2.07,87.01
E-0027113,2.3117037,96.03,20.11,511.5,3.79,2.59,17.58,4.81,96.03
E-0027114,1.6852014,67.34,25.4,113.81,1.19,87.43,11.36,6.97,67.34
E-0027115,2.6013272,33.45,49.31,117.04,1.17,61.82,5.6,3.46,33.45
E-0027116,2.6756454,29.1,52.52,123.52,1.24,57.42,5.54,3.62,29.1
E-0027117,1.2865657,91.14,21.57,87.8,1.61,50.71,18.02,8.04,91.14
E-0027118,1.0207205,159.76,10.2,13.16,2.04,19.46,34.36,16.72,159.76
E-0027119,1.0164988,143.85,10.72,108.41,2.16,19.08,30.09,10.41,143.85
E-0027120,1.8636929,134.99,12.2,347.61,2.69,2.12,8.76,0.84,134.99
E-0027121,3.220531,47.16,40.26,639.34,1.14,3.18,4.2,1.38,47.16
E-0027122,3.2659001,43.27,44.43,642.78,1.28,2.82,4.8,1.9,43.27
E-0027123,3.0401587,33.29,44.81,941.2,1.83,2.41,7.05,3.08,33.29
E-0027124,2.3010983,98.96,20.58,513.47,3.75,2.57,17.4,4.81,98.96
E-0027125,2.5394354,118.14,60.29,816.68,1.08,3.36,6.61,0.98,118.14
E-0027126,2.2064886,41.92,31.22,127.89,1.58,49.76,7.9,5.83,41.92
E-0027127,1.5003464,66.54,24.77,37.27,1.13,79.44,15.7,8.7,66.54
E-0027128,1.5319803,66.21,25.2,38.99,1.13,78.5,15.31,8.68,66.21
E-0027129,1.2600417,61.77,22.47,65.46,1.07,92.78,14.7,7.5,61.77
E-0027130,1.7886875,70.76,8.95,162.5,23.26,1.05,15.27,7.88,70.76
E-0027131,2.7521296,40.32,10.29,365.53,6.83,1.23,4.51,0.67,40.32
E-0027132,1.9066086,93.57,34.04,827.54,1.53,3.6,12.9,2.04,93.57
E-0027133,0.7281401,179.31,23.99,428.75,1.12,19.34,40.22,10.5,179.31
E-0027134,0.8920111,168.28,26.72,563.82,1.19,17.95,35.23,8.3,168.28
E-0027135,0.88862026,215.78,29.65,734.44,2.35,6.66,39.71,6.68,215.78
E-0027136,0.93448687,203.78,42.88,910.24,2.97,8.5,35.03,6.57,203.78
E-0027137,1.1214085,159.13,10.78,397.55,3.06,3.52,25.63,4.69,159.13
E-0027138,1.7346809,129.68,55.38,"1,046.81",1.42,8.22,14.73,2.84,129.68
E-0027139,2.567984,37.91,18.94,555.44,3.79,1.6,4.73,1.34,37.91
E-0027140,0.7055986,249.45,36.82,570.87,5.84,2.75,41.75,19.2,249.45
E-0027141,1.0971427,169.19,27.52,374.77,1.81,16.46,32.92,22.99,169.19
E-0027143,1.408569,61.26,23.74,55.41,1.23,93.71,15.58,9.03,61.26
E-0027144,1.4444726,64.18,24.19,50.81,1.21,88.07,16.46,10.1,64.18
E-0027145,1.3293492,62.52,22.98,50.53,0.99,77.24,15.05,7.3,62.52
E-0027146,0.92704546,183.56,18.8,238.06,2.1,7.7,36.44,16.02,183.56
E-0027147,0.6649264,194.76,15.37,197.79,1.27,23.61,44.23,21.39,194.76
E-0027148,1.0096862,104.12,21.12,70.29,1.55,63.2,22.33,9.41,104.12
E-0027152,1.162279,190.99,23.53,443.85,4.37,7.29,36.13,17.12,190.99
E-0027153,1.3199037,191.04,25.15,498.29,5.71,5.09,41.67,22.73,191.04
E-0027157,1.5775604,161.31,47.75,720.5,1.28,13.48,22.71,7.13,161.31
E-0027159,0.68629485,202.75,9.44,235.31,1.16,16.39,53.75,24.57,202.75
E-0027160,0.24507008,184.1,9.87,133.58,0.7,23.07,45.37,18.65,184.1
E-0027161,0.26189855,185.61,8.92,121.59,0.65,34.42,49.57,21.04,185.61
E-0027168,0.51030415,190.44,13.23,207.46,0.81,32.91,50.04,20.6,190.44
E-0027170,0.28082538,192.05,10.38,151.31,0.83,30.18,50.85,24.67,192.05
E-0027171,-0.14685157,189.29,8.35,109.56,0.6,52.78,53.02,21.91,189.29
E-0027172,1.6420544,148.9,33.88,428.73,2.45,4.37,20.98,13.95,148.9
E-0027173,0.688925,197.59,11.93,254.81,1.29,17.83,45.42,19.25,197.59
E-0027175,0.16454482,187.93,8.15,132.29,0.65,29.5,49.08,19.04,187.93
E-0027182,2.136879,39.4,30.02,132.52,1.58,56.81,7.71,5.08,39.4
E-0027183,0.5133287,186.86,15.41,226.11,1.47,29.19,49.94,30.66,186.86
E-0027184,-0.19601308,196.24,5.62,54.01,0.6,46.57,57.98,26.74,196.24
E-0027185,0.40446973,175.4,14.79,182.5,0.87,20.58,42.64,15.59,175.4
E-0027186,0.38835672,180.87,7.3,130.7,0.68,26.47,44.34,13.59,180.87
E-0027187,0.5991818,170.38,13.03,190.65,0.93,17.5,40.5,11.79,170.38
E-0027188,0.14308836,185.42,9.74,121.35,0.64,32.21,46.54,19.9,185.42
E-0027189,0.28066778,182.02,11.13,134.95,0.72,19.53,43.67,17.98,182.02
E-0027190,-0.11720444,177.89,7.9,162.61,0.75,31.71,59.39,25.86,177.89
E-0027191,1.5579643,143.61,43.59,680.44,1.26,10.59,18.37,4.34,143.61
E-0027192,1.4253504,162.72,42.9,690.46,1.04,17.63,24.66,6.43,162.72
E-0027193,1.6253994,161.14,48.4,742.21,1.32,16.13,22.42,6.7,161.14
E-0027194,1.8096952,153.42,51.87,718.12,1.43,6.17,18.23,4.57,153.42
E-0027195,1.5956705,160.33,42.81,634.56,1.09,16.65,17.47,5.89,160.33
E-0027196,1.2185633,173.45,39.38,543.96,1.07,12.74,22.99,5.21,173.45
E-0027197,1.8845024,131.67,35.8,604.95,1.24,6.96,15.54,2.88,131.67
E-0027198,1.3286802,176.52,34.7,482.12,1.04,11.01,22.25,3.94,176.52
E-0027199,1.2129049,175.37,33.78,536.97,0.98,14.81,23.49,6.42,175.37
E-0027200,1.1579282,182.25,34.04,526.33,0.95,15.8,25.29,7.06,182.25
E-0027201,1.8959688,153.46,64.97,706.48,1.33,7.39,20.31,5.01,153.46
E-0027202,1.0432091,174.92,34.33,643.19,1.46,19.09,36.45,14.2,174.92
E-0027203,0.88333577,172.98,17.94,169.56,1.06,32.03,40.54,22.62,172.98
E-0027210,1.078841,191.48,21.65,210.23,1.96,9.52,37.39,16.58,191.48
E-0027213,1.4301007,157.04,43.23,647.84,2.2,8.41,28.29,11.22,157.04
E-0027214,1.328408,157.13,40.98,715.8,2.24,12.38,28.48,10.89,157.13
E-0027215,1.0614357,171.1,29.54,471.31,1.75,18.07,32.54,12.74,171.1
E-0027218,0.8452964,185.48,20.17,555.49,1.06,20.79,24.28,3.98,185.48
E-0027231,0.8971598,192.38,15.81,162.72,1.74,16.77,37.39,26.04,192.38
E-0027235,0.83337146,172.19,17.4,155.21,0.85,27.38,48.75,29.81,172.19
E-0027239,0.0006727725,191.97,6.88,55.86,0.56,49.41,56.56,30.03,191.97