Molecule Name,LogD,KSOL,HLM CLint,MLM CLint,Caco-2 Permeability Papp A>B,Caco-2 Permeability Efflux,MPPB,MBPB,MGMB
E-0020101,1.8748416,51.33,9.52,38.71,8.69,3.07,25.85,3.36,5.76
E-0020102,1.4385781,72.93,9.59,28.27,4.41,6.56,25.29,2.85,4.54
E-0020103,0.5980653,228.17,1.76,3.3,5.25,5.28,54.17,11.54,19.26
E-0020104,1.4440167,164.03,8.72,14.08,8.51,3.52,22.62,4.19,7.18
E-0020105,0.6417566,257.16,2.19,4.91,5.7,4.86,55.32,10.57,17.65
E-0020106,1.790157,127.93,11.07,57.36,13.13,1.96,21.31,5.41,8.04
E-0020107,2.439252,90.52,23.48,91.74,8.89,1.88,10.02,2.83,4
E-0020108,2.3268456,11.2,15.06,17.98,4.27,5.88,10.73,0.96,2.17
E-0020109,3.0881574,14.94,22.78,28.01,2.06,3.38,2.48,0.36,0.78
E-0020126,3.7873945,32.97,62.43,652.8,4.4,1.31,1.43,0.93,1.74
E-0020131,0.6225809,204.07,4.32,5.16,2.02,10.38,45.42,3.28,7.01
E-0020132,0.0074204924,231.92,2.22,7.6,2.43,7.26,39.69,14.11,20.59
E-0020133,0.87245643,232.82,2.98,11.35,5.78,4.69,34.39,11.52,16.57
E-0020134,0.6587895,195.02,8.1,30.57,1.63,10.9,42.14,4.28,6.37
E-0020135,0.9619562,215.18,13.62,51,2.15,9.92,33.45,2.33,4.27
E-0020136,2.5956528,1.53,23.67,75.77,2.66,6.07,4.88,0.72,1.25
E-0020137,1.1900717,41.34,9.46,23.59,5.2,4.87,24.86,4.08,6.87
E-0020138,1.2286463,219.38,4.46,19.96,6.88,4.06,29.28,6.18,10.37
E-0020139,1.0593746,236.57,3.48,9.89,4.02,6.22,37.23,6.3,10.79
E-0020140,0.9402107,243.56,2.91,5.28,3.34,7.53,43.09,7.61,12.18
E-0020141,3.759944,0.32,28.7,26.84,0.14,6.92,1.24,0,0
E-0020142,2.128087,10.51,12.46,14.16,1.82,13.87,8.76,0.68,1.44
E-0020143,2.4872408,9.34,16.83,15.66,1.51,13.42,6.08,0.36,0.91
E-0020144,2.6723437,2.78,17.89,33.75,1.58,9.75,2.66,0.3,0.72
E-0020145,2.4291272,2.46,16.81,25.71,2.11,7.96,5.43,0.46,1.05
E-0020146,2.560196,2.39,19.07,47.66,2.76,5.83,4.85,0.59,1.26
E-0020147,3.4132738,2.71,47.48,30.15,1.86,3.11,3.43,0.17,0.55
E-0020148,2.3996341,22.31,17.12,39.57,3.78,5.77,9.37,0.82,1.49
E-0020149,1.671379,206.53,9.17,16.85,1.78,16.28,17.63,0.6,1.59
E-0020150,1.5985687,9.58,13.5,32.72,1.9,13.18,17.1,0.95,1.99
E-0020151,1.4364781,36.3,11.18,30.44,1.72,15.16,19.8,1.59,2.87
E-0020152,2.228988,11.42,17.74,41.57,3.27,6.79,10.25,0.54,1.09
E-0020153,2.093049,32.24,16.28,42.18,3,8.28,11.83,0.8,1.54
E-0020154,1.3417926,266.98,1.81,14.55,4.66,5.28,30.44,5.52,9.83
E-0020155,1.3640966,270.01,1.79,14.95,4.88,5.09,29.49,5.24,9.71
E-0020156,1.3122638,272.56,2.13,14.55,5.44,4.99,31.35,4.86,9.7
E-0020157,1.2700576,271.89,1.95,12.62,4.95,5.47,33.15,4.98,9.87
E-0020158,0.7777404,327.1,1.61,11.72,3.81,5.91,52.9,5.25,11.63
E-0020159,1.3385583,226.86,8.26,17.13,7.77,3.75,25.04,4.47,7.72
E-0020160,1.3787907,153.35,10.56,42,4.91,5.63,25.59,3.45,5.35
E-0020161,2.3086638,75.3,24.8,116.63,6.09,3.12,10.88,2.25,3.23
E-0020162,1.80768,56.11,14.04,45.2,6.83,4,15.79,3.07,5.02
E-0020163,3.0621433,6.15,11.96,27.14,6.45,1.73,8.13,1.31,2.86
E-0020164,1.6211017,130.35,12.44,62.12,6.17,4.64,18.18,3.4,5.45
E-0020165,2.3308144,41.93,21.08,32.85,6.29,2.35,9.58,1.15,2.07
E-0020166,3.0909488,10.91,23.68,41.01,2.77,2.7,4.04,0.63,1.14
E-0020167,2.2542396,11.22,20.6,10,8.38,1.96,8.71,1.1,2.17
E-0020168,1.8454906,50.45,17.53,10.48,12.54,1.96,16.47,3.29,5.25
E-0020169,3.5500274,2.67,38.27,123.99,3.77,1.89,2.4,0.89,1.42
E-0020170,3.6754217,2.88,42.95,118.94,3.15,1.84,2.21,0.58,0.99
E-0020171,2.6246421,2.69,22.68,38.22,3.23,5,5.59,0.62,1.27
E-0020172,2.6583033,11.32,25.02,32.71,3.6,4.74,6.35,0.84,1.64
E-0020173,2.155975,8.11,21.64,16.2,4.1,5.44,9.56,1.13,2.31
E-0020174,1.9739975,44.28,16.16,53.98,8.98,2.7,15.94,2.52,4.5
E-0020177,3.3999772,20.66,75.15,527.29,3.57,1.53,2.03,1.11,1.91
E-0020178,2.9717207,15.74,49.89,392.13,8.38,1.31,3.42,2.39,3.15
E-0020184,2.8814924,71.16,63.4,630.52,12.15,1.15,4.86,4.06,4.51
E-0020194,3.6288898,16.74,61.18,634.22,5.73,1.23,1.8,1.16,2
E-0020195,3.7528415,74.3,34.57,562.58,7.31,1.12,2.19,1.07,2.22
E-0020199,1.4448704,13.14,11.12,22.77,2.02,12.15,19.56,1.55,2.97
E-0020200,3.0642862,1.03,24.88,37.05,0.77,9.56,2.24,0.01,0.21
E-0020201,-0.18990505,263.54,2.37,4.66,0.32,22.98,77.63,6.4,11.86
E-0020202,1.3641843,95.9,8.1,27.16,3.66,6.59,19.1,2.8,5.01
E-0020203,3.1301565,1,23.45,43.38,0.59,10.08,2.76,0.08,0.26
E-0020204,2.2295568,11.05,17.92,24.23,1.9,12.25,7.13,0.71,1.38
E-0020205,2.6811469,3.95,22.19,44.38,1.51,9.81,2.55,0.36,0.73
E-0020206,2.6302483,15.44,19.82,24.67,2.25,6.99,4.27,0.58,1.18
E-0020207,2.5578573,4.92,23.91,61.72,3.87,4.39,5.5,0.93,1.67
E-0020208,3.1778364,5.09,16.54,35.8,0.84,6.87,2.08,0.08,0.19
E-0020209,1.8001236,101.4,10.89,16.02,2.47,10.56,15.59,0.65,1.68
E-0020210,2.2620323,36.32,17.46,2.3,2.18,10.03,12.55,0.53,1.75
E-0020211,0.6205417,212.85,3.55,7.6,3.04,7.85,65.96,7.38,11.47
E-0020212,1.6267062,138.17,10.92,48.5,7.62,3.52,28.76,3.79,6.06
E-0020213,2.0516624,39.56,8.9,24.41,4.06,8.53,13.62,2.19,4.05
E-0020214,2.605885,19.25,19.06,11.91,3.79,5.39,8.26,0.57,1.51
E-0020215,2.7785485,10.55,19.31,39.61,2.79,4.38,4.12,0.68,1.27
E-0020216,2.1647696,10.1,16.08,32.59,5.37,4.78,10.05,1.67,2.92
E-0020217,1.2227684,48.11,8.73,4.78,4.73,5.91,27.72,2.65,4.99
E-0020218,1.7535088,73.51,11.96,20.34,4.9,5.3,18.95,1.61,3.14
E-0020219,2.4575782,7.91,22.05,9.78,5.61,2.54,7.31,0.88,1.82
E-0020220,2.8796716,19.2,22.5,55.54,3.83,2.34,4.89,0.82,1.41
E-0020221,2.3873322,43.51,20.4,42.9,6.39,2.35,8.93,1.33,2.29
E-0020222,1.8449963,23.74,21.07,7.64,11.08,2.01,14.42,1.77,3.33
E-0020223,2.8791761,16.78,26.56,49.24,6.68,1.49,6.91,2.03,3.07
E-0020224,1.900878,10.45,16,29.29,2.97,9.18,14.49,1.2,2.18
E-0020225,2.3875382,10.39,18.87,41.15,2.77,7.51,9.49,0.79,1.5
E-0020226,2.545203,0.92,20.37,40.85,1.17,12.47,4.37,0.26,0.58
E-0020227,3.628686,1.36,18.71,27.53,1.91,2.08,3.46,0.46,0.92
E-0020228,2.2011719,10.08,16.36,26.35,6.05,3.48,11.46,1.28,2.72
E-0020229,1.0848088,206.6,7.09,4.78,2.04,12.69,29.94,2.4,4.97
E-0020230,1.8567942,171.87,13.36,22.53,3.43,8.36,15.74,1.04,2.23
E-0020231,2.923559,10.54,28.07,18.52,2.68,4.94,5.45,0.4,1.03
E-0020232,2.3518212,9.62,22.62,17,3.06,6.96,7.93,0.7,1.62
E-0020233,2.929358,19.8,26.14,62.35,1.85,3.95,3.67,0.66,0.94
E-0020234,1.3607422,117.2,10.26,9.2,3.31,8.28,20.75,1.21,2.88
E-0020235,3.073842,0.24,27.73,40.75,1.42,4.69,3.22,0.18,0.54
E-0020236,3.3720465,0,44.59,43.91,2.23,2.45,2.69,0.19,0.68
E-0020242,-0.44742218,318.45,0.78,4.36,0.06,27.02,93.95,21.09,26.71
E-0020243,-0.2670497,304.31,1.67,2.97,0.79,15.01,84.63,10.22,17.96
E-0020244,1.2393486,35.55,9.04,12.07,3.24,8.11,32.2,3.19,5.32
E-0020245,3.2145765,0,22.08,49.54,0.6,8.24,0.74,0,0.01
E-0020246,2.9430375,0.36,39.25,263.25,0.12,20.04,0.66,0,0
E-0020247,1.949353,13.2,12.2,22.56,1.81,12.85,10.91,0.8,1.58
E-0020248,1.9604877,12.33,12.36,23.41,1.82,12.65,10.79,0.78,1.56
E-0020249,2.569722,6.05,20.98,55.54,3.57,4.87,5.46,0.91,1.64
E-0020250,2.5400367,65.53,23.03,53.44,4.79,2.39,6.68,1.11,1.87
E-0020251,2.1372366,5.27,16.86,24.13,3.68,6.86,12.45,0.63,1.4
E-0020252,2.0412726,2.69,19.01,30.03,1.49,14.87,10.05,0.17,0.61
E-0020253,2.5331879,2.88,25.93,47.76,5.37,3.26,8.4,0.74,1.51
E-0020254,1.0259892,107.73,4.38,9.69,1.4,17.3,30.48,1.94,4.23
E-0020255,2.4589431,33.77,15.82,23.63,1.77,10.52,6.91,0.4,0.74
E-0020256,1.8392167,42.8,12.53,26.24,1.83,15.09,11.7,0.62,1.23
E-0020257,1.0132335,221.46,5.82,20.62,4.13,5.75,28.37,7.19,10.82
E-0020258,2.1398551,87.49,19.2,58.19,5.56,3.19,10.59,1.61,2.63
E-0020259,2.2949378,31.39,18.75,21.28,3.39,4.26,6.82,0.93,1.64
E-0020260,1.7920732,81.11,17.03,46.93,5.03,4.89,15.63,1.89,3.13
E-0020261,1.3031411,48.44,11.15,15.02,4.73,5.56,23.94,2.72,4.5
E-0020262,1.2913954,148.85,10.91,13.94,3.97,7.27,30.92,1.37,3.45
E-0020263,2.1165643,65.28,17.06,31.64,3.6,6.21,10.96,0.91,1.73
E-0020264,2.9981866,2.57,29.08,35.83,2.66,3.43,4.85,0.48,1.15
E-0020265,4.5126896,0,125.38,108.48,0.76,1.24,0.44,0,0
E-0020266,2.5693445,15.34,17.61,12.32,1.23,9.16,6.97,0.16,0.54
E-0020267,4.538833,0,92.7,150.37,0.53,1.36,0.36,0,0
E-0020268,2.4275532,8.31,34.89,37.54,6.21,2.45,8.21,1.15,2.07
E-0020269,1.3289484,62.19,12.69,8.64,6.88,3.77,24.68,3.02,5.44
E-0020270,-0.071355574,251.19,2.96,8.05,0.14,24.44,74.5,5.17,9.8
E-0020271,-0.12557632,253.3,2.84,7.86,0.06,26.45,77.78,5.24,9.91
E-0020272,2.9458451,21.44,36.43,112.18,4.57,1.76,4.47,1.71,2.68
E-0020273,2.183934,13.4,13.34,17.83,4.14,6.44,10.79,1.06,2.24
E-0020274,2.3244987,11.01,10.87,13.72,7.25,3.45,11.33,1.48,3.27
E-0020275,2.67064,3.2,23.77,27.62,2.99,4.02,6.2,0.56,1.26
E-0020276,2.007121,10.06,15.09,24.08,0.97,21.95,9.16,0.13,0.45
E-0020282,3.2648258,129.41,23.7,227.93,3.12,1.48,2.92,1.11,2.13
E-0020285,2.3319569,77.66,39.21,583.66,16.8,1.24,9.06,8.02,7.34
E-0020286,2.6587586,99.56,47.93,510.76,13.58,1.14,6.43,5.4,5.61
E-0020288,3.2921755,38.71,42.32,419.2,4.95,1.37,3.09,1.74,2.57
E-0020292,3.371088,74.91,39.37,419.51,4.18,1.53,2.81,1.1,2.09
E-0020293,3.4732702,41.62,55.7,544.49,6.36,1.37,2.5,1.53,2.41
E-0020295,2.9348059,202.98,22.94,308.62,6.93,1.39,7.47,2.25,4.02
E-0020297,3.1405573,142.86,22.07,316.24,6.03,1.66,4.94,1.64,2.98
E-0020298,3.8402936,67.94,39.14,608.19,5.38,1.15,1.7,0.86,1.89
E-0020300,3.3180466,95.82,21.29,296.05,8.04,1.16,6.06,2.02,3.34
E-0020304,0.74955094,246.86,4.44,28.99,1.82,12.35,36.93,8.27,10.59
E-0020305,0.79183686,26.93,5.89,5.93,0.42,33.03,36.35,1.53,3.16
E-0020306,0.43266994,271.68,3.16,7.32,1.4,11.34,50,5.93,10.65
E-0020307,2.1552677,6.61,17.3,42.2,3.99,5.54,8.72,1.12,2.08
E-0020308,3.4179938,0.59,28.88,55.77,2.59,1.96,3.95,0.59,0.99
E-0020309,2.6814628,2.33,23.28,28.42,1.38,9.03,5.9,0.01,0.2
E-0020310,1.6328473,13.27,11.59,8.83,5.01,4.45,17.01,1.61,3.44
E-0020311,1.5483146,90.1,12.21,15.05,6.5,3.34,18.91,2.36,4.23
E-0020312,4.150525,0.66,58.28,142.59,1.22,1.31,0.4,0.09,0.27
E-0020313,2.4341242,32.18,20.11,30.62,3.08,7.52,7.38,0.84,1.61
E-0020314,2.3048387,27.97,20.77,41.79,6.18,2.74,9.71,1.29,2.2
E-0020315,1.8276056,14.12,19.41,13.32,10.28,2.31,14.46,1.66,3.07
E-0020316,3.1156585,6.9,47.15,87.17,4.77,1.82,3.69,1.49,2.39
E-0020317,2.7985237,34.05,26.19,93.71,4.45,2.49,4.7,1.94,3.05
E-0020318,2.7375011,37.65,24.73,91.7,4.54,2.57,4.96,2,3.15
E-0020319,2.9152153,25.74,33.78,120.11,3.99,2.1,4.23,1.89,2.86
E-0020320,2.8749807,24.59,37.11,127.36,4.11,2.13,4.45,1.91,2.9
E-0020321,3.015807,30.49,32.54,89.69,3.74,2.26,3.81,1.55,2.5
E-0020322,2.58526,31.55,27.14,90.31,4.23,2.83,5.95,1.98,3.05
E-0020323,1.8107893,82.87,12.41,12.45,2.15,10.27,15.48,0.62,1.66
E-0020324,1.7711387,69.35,13.72,43.87,2.65,9.36,13.84,1.51,2.67
E-0020325,1.1825798,125.36,8.46,22.21,1.85,14.38,23.27,1.7,3.66
E-0020326,-0.046839476,269.1,4.39,13.73,1.64,10.17,73.16,6.83,12.6
E-0020327,1.2573192,132.86,11.12,115.51,3.24,5.87,26.26,4.76,6.52
E-0020328,0.7493296,122.85,2.9,40.53,1.46,10.38,39.34,6.2,8.57
E-0020329,1.0154486,207.08,7.3,43.78,2.33,8.09,26.59,4.49,6.79
E-0020330,0.7144043,152.31,3.08,0.08,0.22,31.97,32.32,0.66,2.27
E-0020331,0.12346574,301.59,3.02,7.77,0.92,18.61,64.02,4.1,8.13
E-0020332,3.0815136,0.24,25.08,29.61,1.97,2.14,3,0.2,0.64
E-0020333,1.5982316,66.35,14.52,59.54,7.57,2.53,15.78,3.18,4.96
E-0020334,0.9248164,82.12,1.18,0.22,1.32,14.15,33.96,2.1,4.86
E-0020335,2.604246,5.92,12.97,27.21,4.91,1.72,5.83,1.33,2.35
E-0020336,3.3190627,1.25,20.18,46.96,3.7,1.33,3.27,0.71,1.35
E-0020337,1.6052256,28.02,8.51,5.27,3.65,6.16,16.65,1.48,3.08
E-0020338,2.7490606,0.82,28.29,20.51,4.08,1.6,4.55,0.57,1.37
E-0020339,1.945206,17.05,9.52,8.07,5.1,6.04,14.2,1.64,3.11
E-0020340,3.103365,0,29.39,20.69,3.9,1.31,3.09,0.42,1.11
E-0020341,1.7192878,24,6,4.16,5.79,4.47,17.72,2.6,4.75
E-0020342,2.8582451,2.32,26.26,30.02,6.2,1.48,5.23,1.29,2.23
E-0020343,3.4229615,0.24,34.14,35.51,4.22,1.4,3.23,0.56,1.31
E-0020344,2.0886893,12.95,17.21,17.5,3.73,4.21,9.65,0.97,1.94
E-0020345,2.3760355,8.83,18.23,21.57,4.47,4.03,8.12,0.99,1.88
E-0020346,0.5948962,231.82,2.66,0.06,1.03,19.64,46.95,1.67,4.23
E-0020347,1.1317624,192.88,5.77,8.64,0.86,32.07,21.91,1.06,2.34
E-0020348,2.792113,2.64,24.02,45.47,3.29,1.91,3.7,0.61,1.19
E-0020349,0.95501155,164.44,3.09,3.41,0.53,38.35,28.29,1.21,2.67
E-0020350,3.4027271,0,46.26,66.15,0.9,3.82,1.74,0,0
E-0020351,0.9579012,195.34,3.8,0.65,0.37,31.35,26.8,0.69,2.08
E-0020352,2.7688673,3.88,23.71,29.04,2.53,1.99,3.74,0.53,1.17
E-0020353,1.298629,122.91,6.89,6.11,4.71,6,24.4,2.83,4.92
E-0020354,2.7308712,7.58,28.35,54.02,4.62,1.69,4.47,0.94,1.59
E-0020355,1.4896072,131,6.83,8.54,5.14,5.06,21.14,2.87,4.94
E-0020356,2.5310943,9.55,22.71,45.98,7.11,1.55,6.5,1.54,2.59
E-0020357,2.3865979,58.83,16.11,26.65,2.35,5.79,5.7,0.83,1.36
E-0020358,1.7101922,135.4,10.39,26.82,1.65,17.24,12.57,1.1,1.97
E-0020359,3.224013,1.6,37.23,93.21,2.67,1.72,2.45,0.56,0.98
E-0020362,2.8512342,29.62,31.62,119.22,4.14,2.13,4.51,1.97,2.99
E-0020371,1.0166982,186.51,2.74,4.72,3.54,7.5,36.96,6.23,11.1
E-0020372,0.827998,196.66,5.72,12.81,2.35,9.24,29.05,3.72,7.02
E-0020373,3.4866521,0,32.49,41.09,0.33,7.36,1.54,0,0
E-0020374,3.2583387,2.38,26.79,53.8,0.51,9.36,1.82,0.08,0.18
E-0020375,2.1630943,59.41,14.27,20.97,2.36,8.17,8.68,0.54,1.3
E-0020376,2.0625687,186.04,13.57,14.83,1.39,16.11,10.05,0.41,1.11
E-0020377,2.5949,12.53,19.17,27.92,3.11,6.24,7.52,0.66,1.31
E-0020378,3.5614195,0,49.39,50.93,2.11,1.92,2.43,0.22,0.7
E-0020379,3.390641,1.52,32.56,48.8,1.54,2.8,2.63,0.28,0.55
E-0020380,2.4106708,94.48,18.8,26.61,5.42,2.3,7.99,1.1,2.02
E-0020381,3.4786005,10.31,56.79,144.76,2.71,1.88,2.24,1.06,1.75
E-0020382,2.973358,32.79,31.36,87.91,3.79,2.3,3.99,1.59,2.56
E-0020383,3.3782804,10.87,45.9,108.68,2.65,2.13,2.63,1.14,1.88
E-0020384,3.072933,21.54,39.93,95.14,3.43,2.17,3.59,1.47,2.39
E-0020385,1.8710483,89.17,12.45,14.4,2.39,9.25,14.2,0.67,1.7
E-0020386,1.8686163,78.31,12.65,13.15,2.21,10.65,14.5,0.66,1.66
E-0020387,2.1332357,15.25,20.29,42.49,2.58,6.45,8.31,0.92,1.76
E-0020388,1.5519285,91.9,10.66,22.04,2.88,9.11,17.85,1.51,3.14
E-0020389,2.4427826,3.42,17.28,16.8,2.76,2.12,4.98,0.5,1.33
E-0020390,2.4534338,8.82,16.78,22.18,0.88,11.2,4.03,0.18,0.51
E-0020391,3.668664,0,37.96,42.76,0.25,3.64,0.63,0,0
E-0020392,1.4252783,71.96,8.21,4.3,1.09,12.99,14.44,0.44,1.31
E-0020393,3.2771344,0,37.17,30.84,2.79,1.68,2.85,0.22,0.78
E-0020394,2.0305789,11.73,6.48,3.92,7.78,4.2,14.93,2.44,4.69
E-0020395,3.2315485,0.4,25.03,22.08,5.84,1.27,3.72,0.97,1.89
E-0020396,2.0454092,19.51,14.68,10.71,3.21,8.84,12.02,0.93,2.18
E-0020397,1.9644192,21.82,13.98,22.68,5.42,2.52,10.48,1.49,2.84
E-0020398,2.0294383,50.39,9.47,11.07,0.84,28.47,7.17,0.39,1.02
E-0020399,3.5070312,0,27.49,54.67,1.05,2.67,0.85,0.03,0.25
E-0020400,1.3867372,262.54,6.03,5.6,0.13,59.86,16.07,0.52,1.48
E-0020401,0.9587841,195.49,3.8,0.66,0.37,31.19,26.78,0.69,2.09
E-0020402,2.7054443,3.17,23.18,23.47,2.39,2.14,4.09,0.46,1.1
E-0020403,1.8716149,28.2,12.11,14.59,7.71,3.03,13.36,1.72,3.05
E-0020404,2.8484597,0.59,34.86,23.34,5.37,1.24,4.39,0.63,1.2
E-0020405,1.63414,130.45,9.43,12.46,4.18,5.44,16,1.84,3.27
E-0020406,3.3789124,2,32.79,62.56,1.31,2.63,1.52,0.22,0.42
E-0020407,1.4667869,182.48,7.69,6.99,1.97,13.72,16.67,0.88,2.04
E-0020408,2.676193,8.51,23.03,59.04,3.48,2.55,4.49,0.78,1.32
E-0020409,2.0872853,53.78,14.74,27.47,1.73,10.49,7.49,0.72,1.36
E-0020410,3.8118072,0,60.26,113.89,1.29,1.5,0.81,0.11,0.39
E-0020411,0.8883393,189.49,3.61,0.34,0.22,39.44,29.79,0.71,2.12
E-0020412,2.8280244,2.53,25.63,31.72,2.34,2.13,3.51,0.47,1.07
E-0020413,2.6823037,2.32,29.93,25.08,5.71,1.37,5.29,0.94,1.66
E-0020414,0.6541743,256.96,3.82,6.76,0.65,26.48,44.08,2.21,5.02
E-0020415,2.2121196,20.53,19.91,50.95,4.52,2.89,8.69,1.56,2.75
E-0020416,1.9417276,53.29,10.87,18.7,3.55,5.59,9.45,1.38,2.58
E-0020417,2.9492152,0.44,36.03,16.88,5.29,1.14,4.12,0.44,0.99
E-0020418,2.4047048,6.36,13.89,31.64,2.96,3.19,5.54,0.75,1.51
E-0020419,1.9819672,34.78,11.62,7.3,2.17,14.41,12.47,0.77,1.8
E-0020420,3.2834613,0.05,34.42,24.42,2.1,2.17,2.56,0.18,0.7
E-0020421,2.0909474,19.69,19.91,60.54,5.89,3.66,8.89,2.01,3.08
E-0020422,1.7085522,25.6,6.66,13.86,3.4,7.63,18.3,1.71,3.11
E-0020424,1.1256964,124.69,0.74,2.69,2.25,11.85,32.59,2.92,6.23
E-0020425,2.6492372,38.61,25.07,95.87,3.86,2.53,5.11,1.88,2.96
E-0020426,1.6959265,48.59,3.4,5.5,3.08,9.45,20.71,1.35,3.31
E-0020427,3.1369789,2.71,24.02,59.34,4.18,1.45,3.64,0.98,1.6
E-0020428,3.1963863,2.97,24.55,69.55,4.31,1.37,3.37,1.03,1.68
E-0020429,1.524597,64.57,3.08,6.36,2.56,10.17,20.16,2.38,4.24
E-0020430,3.0951464,2.48,22.34,66.05,4.29,1.45,3.59,1.24,1.78
E-0020431,0.9684828,217.7,3.73,1.47,0.45,35.98,25.76,0.71,2.04
E-0020432,2.6705122,2.81,26.51,72.29,9.35,1.14,6.77,2.68,3.82
E-0020433,2.6692991,2.43,29.19,80.14,8.63,1.4,7.1,2.72,3.91
E-0020434,3.0793872,1.62,51.05,135.92,6.42,1.04,5.17,2.72,3.47
E-0020435,3.1105366,1.13,16.63,39.51,4.04,1.86,3.96,1.15,1.93
E-0020436,2.7618506,5.46,7.01,28.11,5.87,2.23,8.22,1.96,3.42
E-0020437,3.3500473,0.73,25.35,60.8,3.02,1.82,3.23,0.7,1.25
E-0020438,3.3015475,0.14,37.81,82.49,3.76,1.44,3.24,0.74,1.19
E-0020439,2.5500596,11.52,8.54,34.46,5.79,1.93,6.94,1.66,2.79
E-0020440,3.8584082,0.14,38.14,83.34,1.88,1.06,2.07,0.74,1.02
E-0020441,2.0484266,36.3,6.85,10.11,2.96,8.97,11.98,0.73,1.62
E-0020442,3.6756828,0.53,21.57,52.28,2.05,1.35,1.77,0.41,0.72
E-0020443,2.554837,13.66,11.56,17.81,2.75,7.08,7.18,0.42,1
E-0020444,3.8394346,0,26.96,47.86,1.31,1.8,1.67,0.12,0.34
E-0020445,3.226869,0.94,19.64,27.69,2.36,2.62,3.31,0.47,1
E-0020446,1.1361406,54.39,2.89,1.1,1.75,12.76,27.38,3.12,5.87
E-0020447,2.5000794,6.54,12.71,15.37,3.75,2.95,6.35,1.19,2.12
E-0020448,1.1204354,54.71,1.54,0.13,1.13,18.17,27.03,2.53,4.71
E-0020449,1.6914716,42.18,6.55,2.75,2.77,8.83,15.69,1.88,3.8
E-0020450,3.1602542,2.64,26.23,28.8,2.52,2.29,2.96,0.64,1.15
E-0020451,1.7916483,50.64,5.37,2.26,2.3,9.94,13.62,1.5,3.12
E-0020454,0.9267505,231.3,2.08,6.83,1.71,12.33,37.32,4.19,8
E-0020455,2.2136717,9.99,9.85,3.94,5.34,5.09,11.47,1.08,3.03
E-0020456,2.1671326,29.76,12.34,35.18,7.31,3.16,10.04,2.79,4.13
E-0020457,0.7179802,173.67,5.16,49.7,2.79,6.9,22.17,5.91,9.84
E-0020458,0.021511378,191.15,3.95,60.84,1.74,6.13,26.8,7.06,13.84
E-0020463,1.7775216,223.69,8.42,113.8,12.04,1.54,9.61,5.6,7.78
E-0020466,1.886351,253.79,14.54,445.53,12.01,1.37,20.53,5.88,7.86
E-0020467,3.3730273,98.97,8.66,660.56,1.79,1.43,2.73,0.36,1.78
E-0020468,1.6417764,30.4,7.06,20.14,3.93,7.05,18.98,2.5,3.86
E-0020469,2.9065583,1.59,35.06,87.24,5.33,1.75,4.71,1.29,1.89
E-0020470,0.29753864,238.36,0.49,0.2,0.99,23.94,72.61,7.02,12.36
E-0020471,1.7876396,65.19,5.73,10.53,3.83,6.67,16.49,1.81,3.51
E-0020472,1.7734452,63.44,5.71,10.07,3.75,6.83,16.87,1.79,3.45
E-0020473,2.125605,63.16,14.05,13.96,5.52,2.82,9.63,1.2,2.3
E-0020474,3.2092364,1.39,37.23,34.34,3.11,1.35,2.77,0.28,0.71
E-0020475,0.9192941,185.6,3.24,4.53,5.08,6.36,41.46,7.2,13.48
E-0020476,3.025683,5.91,12.18,38.84,4.51,2.06,6.06,1.16,2.1
E-0020477,1.7317401,87.19,5.96,12.13,4.66,7.05,20.87,2.04,4.62
E-0020478,1.7212793,97.52,4.18,6.94,3.28,10.43,19.86,1.65,3.72
E-0020479,3.0894446,1.67,24.08,58.09,3.62,1.81,3.5,0.9,1.51
E-0020480,1.9744432,94.27,7.09,4.19,8.91,1.94,12.52,2.77,4.71
E-0020481,1.1539407,180.49,1.82,4.1,5.58,4.95,28.61,4.59,8.06
E-0020482,1.2052344,191.23,1.57,0.53,1.66,17.61,26.5,2.18,4.87
E-0020483,2.7945185,9.93,17.2,41.85,4.36,2.31,4.99,1.34,2.21
E-0020484,1.4141079,29.88,2.37,1.33,2.02,17,24.96,3.32,5.58
E-0020485,3.0322812,2.04,12.6,15.93,3.54,2.33,3.74,0.91,1.71
E-0020486,1.4481597,35.93,1.31,0.21,1.49,20.97,23.57,2.58,4.54
E-0020487,1.9888568,22.55,5.9,3.95,3.26,10.29,13.27,1.94,3.65
E-0020488,3.6636474,0.47,22.14,25.15,2.15,1.9,1.58,0.4,0.84
E-0020489,2.1502254,29.39,4.93,2.58,2.74,10.64,10.86,1.44,2.9
E-0020490,2.172795,23.12,7.63,6.79,3.95,8.05,10.66,1.71,3.47
E-0020491,1.8379282,21.79,5.82,5.57,2.73,11.92,16.61,1.52,3.22
E-0020492,1.9195026,19.27,4.78,4.97,2.3,13.34,14.68,1.28,2.66
E-0020493,2.4515307,11.03,12.45,11.04,3.38,7.19,8.19,0.79,1.84
E-0020494,3.8958497,0,33.7,37.73,1.28,2.11,1.38,0.11,0.4
E-0020495,2.563721,12.17,10.81,10.68,2.72,7.69,7.09,0.7,1.58
E-0020496,2.3610926,14.21,12,11.99,3.05,8.52,8.31,0.93,2.05
E-0020497,3.272157,2.39,34.04,42.15,4.27,1.42,3.39,1.04,1.53
E-0020504,1.6887436,185.37,5.03,14.38,5.16,4.84,17.92,3.47,6.04
E-0020506,2.2665207,44.2,16.7,57.11,6.54,2.28,9.66,2.53,4.03
E-0020507,2.4689004,16.48,23.43,45.96,4.94,3.49,7.13,1.71,2.52
E-0020508,2.7089531,10.76,17.1,46.08,2.2,7.91,4.47,0.93,1.43
E-0020509,2.3613312,11.3,13.78,56.52,3.36,5.84,7.75,1.02,1.73
E-0020510,3.0396523,3.41,22.02,67.11,1.85,5.56,3.45,0.36,0.58
E-0020511,2.3375382,19.2,17.57,39.69,2.31,7.22,6.36,1.1,1.71
E-0020512,2.6819265,10.44,17.13,46.87,8.35,1.18,5.84,2.12,3.09
E-0020513,1.5955125,137.13,5.75,13.38,3.82,7.8,18.35,2.26,4.29
E-0020514,1.6624153,122.5,2.73,78.74,11.19,2.49,12.72,7.04,10.85
E-0020515,1.0273649,73.25,7.62,129.13,8.81,2.98,19.87,6.13,9.66
E-0020516,1.742103,137.03,7.66,136.7,7.73,2.73,12.6,4.16,6.24
E-0020518,2.7922971,227.84,20.92,485,2.91,1.56,5.64,1.03,2.8
E-0020522,4.444931,0,59.54,78.07,0.14,2.31,0.22,0,0
E-0020523,0.66185164,159.64,0.51,1.53,1.71,17.1,56.83,6.28,10.23
E-0020524,2.1703882,9.32,13.21,24.08,3.1,7.39,10.77,0.62,1.26
E-0020525,3.639803,0,46.02,69.86,1.76,1.9,2.07,0.14,0.34
E-0020526,1.8906363,90.2,6.26,8.42,5.95,4.69,15.89,3.14,5.28
E-0020528,1.5761924,32.66,10.18,54.26,7.11,3.84,14.02,3.6,5.48
E-0020529,2.2603908,15.17,21.72,52.97,5.64,3.57,8.84,1.58,2.48
E-0020530,3.0701206,2.54,26.03,57.14,1.65,6.8,3.28,0.45,0.77
E-0020531,1.997565,37.55,8.31,41.83,3.33,6.21,9.55,1.35,2.33
E-0020532,2.5702906,14.31,15.87,64.02,2.47,6.36,5.42,0.59,0.91
E-0020533,3.260244,2.41,28.11,138.06,1.57,5.6,1.75,0.56,0.79
E-0020534,2.499223,6.12,14.89,139.91,2.98,6.74,4.89,1.22,1.86
E-0020535,2.330537,60.15,19.66,90.52,4.25,5.18,7.56,2.39,3.24
E-0020536,1.8654506,111.21,9.35,47.1,3.45,7.33,10,2.39,3.5
E-0020537,2.9036872,17.39,27.09,82.82,5.06,2.11,4.41,1.77,2.51
E-0020538,3.4994543,3.64,74.27,172.4,3,1.53,2.73,1.44,1.93
E-0020539,1.7789357,174.43,5.01,7.85,3.7,7.93,16.56,3.28,5.49
E-0020540,1.692526,195.41,6.09,7.53,4.4,7,19.76,4.25,7.04
E-0020541,2.082033,47.59,14.6,84.93,4.51,5.58,9.45,1.81,2.69
E-0020542,3.3168697,2.26,43.34,146.14,3.59,1.35,3.79,1.51,2.11
E-0020543,2.1750293,7.47,17.8,34.92,3.65,6.6,10.37,0.83,1.64
E-0020544,1.6577611,156.25,6.55,8.49,5.83,4.72,18.97,5.15,7.25
E-0020545,-0.009866132,236.23,2.81,17.75,5.48,2.4,48.13,29.06,34.95
E-0020546,-0.26054275,231.83,2.56,17.69,3.5,3.57,38.76,16.97,27.66
E-0020547,2.560769,27.81,15.21,172.93,8.49,1.79,5.73,2.48,3.31
E-0020548,1.1929158,175.5,6.09,83.54,2.38,10.48,17.01,12.41,16.5
E-0020549,1.422976,202.1,9.44,95.52,3.71,6.34,13.93,10.02,14.52
E-0020550,1.6369109,167.57,11.8,137.87,3.46,7.2,12.38,7.56,11.19
E-0020551,1.5897537,155.07,13.54,139.99,3.41,6.93,12.02,7.47,10.95
E-0020552,1.2861984,213.16,8.09,106.03,2.15,10.74,16.6,11.17,16.12
E-0020553,1.6464065,154.44,14.82,169.16,4.37,5.57,9.4,6.67,10.21
E-0020554,1.9408433,123.04,16.19,191.04,6.57,3.74,8.18,5.74,8.35
E-0020555,1.3813701,200.25,5.62,54.07,2.92,8.72,14.69,10.78,14.7
E-0020556,1.4505134,185.61,6.22,51.16,4.63,5.78,13.38,10.74,14.33
E-0020557,1.7541498,136.42,7.18,69.4,5.62,4.69,11.92,7.35,10.03
E-0020558,1.8902061,151.98,16.43,212.66,5.84,4.24,10.12,6.44,8.68
E-0020559,1.446745,188.13,4.56,43.44,4.49,6.07,15.37,11.01,15.02
E-0020560,1.3859603,174.35,4.97,34.4,6.86,3.83,13.86,12.34,16.4
E-0020561,1.8947744,150.87,10.78,134.59,8.05,3.02,8.84,6,8.37
E-0020562,1.7572975,148.43,6.8,74.54,6.99,3.67,10.96,7,9.77
E-0020563,2.0871222,251.74,18.3,363.67,8.03,1.54,16.17,4.2,6.27
E-0020564,1.753823,237.61,6.57,210.09,14.58,1.4,16.76,5.89,8.13
E-0020565,1.6428711,130.65,8.77,43.84,6.92,3.4,18.31,3.48,5.63
E-0020566,2.9308958,17.08,28.47,104.45,4.56,2.16,5.1,2.01,2.86
E-0020567,1.4958136,22.13,4.71,7.62,2.7,10.05,24.26,1.74,3.24
E-0020568,3.0413618,0.16,32.2,62.17,4.25,1.77,4.24,0.75,1.27
E-0020569,2.2881358,19.35,16.51,52.41,2.5,6.47,6.73,0.74,1.18
E-0020570,1.8853333,73.85,7.35,52.81,9.03,2.41,12.82,4.55,6.56
E-0020571,1.6135329,89.64,8.43,55.23,3.28,8.1,10.98,1.56,2.61
E-0020572,2.4513853,57.09,18.62,30.79,2.71,5.63,6.68,0.97,1.63
E-0020573,1.3809792,225.3,3.4,131.83,7.31,3.17,11.72,5.54,8.73
E-0020574,1.7966161,197,5.76,171.71,7.91,2.39,8.09,3.84,6.15
E-0020575,1.4869893,175.55,5.27,108.91,7.75,2.5,10.91,4.14,7.04
E-0020576,2.2863457,66.34,11.75,178,11.4,1.88,4.83,3.77,5.17
E-0020577,2.3019612,65.92,12.06,189.15,11.54,1.85,4.72,3.72,5.12
E-0020578,0.36162454,236.14,1.67,44.51,3.36,4.65,20.91,7.33,15.08
E-0020579,0.3162032,250.88,2.12,20.15,4.82,3.19,16.99,8.6,16.95
E-0020580,1.1187302,213.68,2.09,66.01,2.71,9.44,16.18,8.34,12.34
E-0020581,1.9977171,169.96,6.57,373.84,14.58,1.69,8.31,5.17,7.65
E-0020582,1.2881962,212.51,1.36,103.66,4.63,6.32,11.39,8.98,12.76
E-0020583,1.5541693,208.41,5.35,57.8,7.71,2.99,15.95,7.97,10.84
E-0020584,1.5523088,209.3,5.3,56.82,7.8,2.96,15.97,8.12,11
E-0020585,1.3288172,195.7,6.74,102.35,3.82,5.54,16.51,6.23,8.76
E-0020586,1.5135058,207.03,10.29,208.66,5.16,4.71,16.33,6.65,9.84
E-0020587,1.520961,205.6,11.01,217.77,5.1,4.82,15.85,6.74,9.92
E-0020588,-0.66105783,240.24,2.08,38.92,0,20.1,52.99,14,25.35
E-0020589,2.3494534,65.94,10.88,129.18,9.35,2.07,5.66,3.19,4.63
E-0020590,1.4493064,208.57,7.04,71.92,4.3,5.82,15.86,9.65,13.23
E-0020591,2.6416132,227.92,49.06,233.15,3.34,2.28,8.47,3.16,4.56
E-0020592,0.8077276,175.22,7.29,28.5,0.45,30.58,33.14,12.09,10.75
E-0020593,2.4121351,246.03,19.67,288.75,5.1,1.7,8.81,2.3,4.17
E-0020618,2.7617362,11.22,21.72,94.48,5.41,1.95,5.48,1.55,2.32
E-0020619,0.49077812,237.93,3.19,34.61,9.56,1.78,36.74,24.28,28.03
E-0020620,1.3531976,223.78,3.13,119.19,6.7,3.54,11.89,5.71,9.05
E-0020621,1.7862501,200.61,5.81,173.12,7.92,2.41,8.46,4.1,6.36
E-0020622,1.8737413,183.21,6.31,237.08,8.6,2.22,7.74,3.87,5.97
E-0020623,1.3505712,208.11,4.56,168.14,6.89,3.26,10.5,4.53,7.48
E-0020624,1.2876173,238.19,3.31,210.89,6.16,3.6,11.45,4.33,7.68
E-0020625,1.6407527,216.41,5.78,180.21,7.1,2.67,9.13,3.19,5.7
E-0020626,-0.03125721,170,2.45,20.21,5.91,2.74,84.6,45.36,35.59
E-0020627,0.74709874,231.33,1.51,131.42,2.41,9.55,20.32,7.06,12.16
E-0020628,1.9103765,195.43,4.13,138.9,15.63,1.66,10.36,8.07,10.08
E-0020629,1.8080966,201,3.44,237.4,13.71,1.81,8.87,6.24,8.91
E-0020630,1.0372277,192.59,3.86,71.85,1.97,12.22,19.25,16.13,20.26
E-0020631,1.5967729,193.19,11.39,123.35,4.17,5.94,11.84,9.22,13.13
E-0020632,1.5407791,181.57,15.31,132.38,3.85,6.55,11.65,10.39,15.37
E-0020633,2.183875,52.41,24.13,272.59,10.65,2.38,8.05,4.58,5.98
E-0020634,1.4454099,126.64,9.06,123.25,2.9,8.77,16.31,8.68,11.12
E-0020635,2.384892,85.53,17.63,589.07,15.22,1.27,7.04,1.96,3.26
E-0020636,2.1280813,217.59,15.16,610.45,15.83,1.19,9.25,1.94,4.15
E-0020637,2.1409247,213.58,16.48,592.19,16.72,1.17,9.25,2.03,4.23
E-0020638,0.02864954,239.07,2.56,27.53,0.25,24.96,46.25,12.33,18.88
E-0020639,1.1961639,203.04,3.12,112.95,3.28,8.76,27.5,10.63,15.38
E-0020640,0.2649679,220.64,2.66,51.58,1.32,8.23,40.36,15.21,22.66
E-0020641,1.9938453,51.8,13.23,51.74,5.71,4.28,8.62,4.78,6.42
E-0020642,1.9218073,128.67,9.55,116.99,7.87,3.16,9.76,5.96,8.17
E-0020643,1.9727592,152.44,12.43,161.46,7.76,3.01,8.43,5.53,7.62
E-0020644,1.8715154,128.96,16.17,169.04,6.9,3.66,9.58,6.3,8.44
E-0020645,2.3868432,69.73,10.9,100.39,8.74,2.25,4.28,3,4.2
E-0020646,1.6943,209.43,7.18,64.07,4.55,5.87,11.26,7.31,10.16
E-0020647,2.4961545,47.98,19.95,110.52,8.1,2.13,6.22,3.11,4.09
E-0020648,0.8199455,175.07,9.15,40.25,0.31,35.77,31.44,8.02,7.65
E-0020649,1.8971068,53.76,29.7,123.62,2.68,8.61,11.13,3.9,4.04
E-0020650,0.9700411,144.35,7.38,37.52,0.96,22.82,30.29,10.46,9.05
E-0020651,2.5220218,127.3,31.77,424.77,9.73,1.44,7.68,4.19,5.07
E-0020652,1.5114908,69.47,4.18,14.58,5.71,5.22,22.31,4.66,6.49
E-0020653,-0.11537173,223.5,2.35,9.34,5.03,2.58,57.34,36.57,43.73
E-0020654,-0.15966801,210.22,3.18,59.02,1.53,8.48,36.12,8.99,16.99
E-0020655,1.7974532,151.71,6.26,255.91,9.96,2.72,12.04,4.83,6.29
E-0020656,2.139705,99.08,10.09,364.78,11.85,1.88,9.6,4.05,4.71
E-0020657,1.8574008,166.45,25.46,406.84,6.5,4.15,8.47,6.66,9.76
E-0020658,1.7590376,179.92,24.39,295.07,5.4,4.82,8.67,7.76,11.27
E-0020659,1.8781589,97.82,17.71,194.2,6.26,4.42,9.66,8.07,10.57
E-0020660,1.0836979,241.25,5.77,104.34,0.52,28.51,16.39,12.89,19.26
E-0020661,2.0266929,127.81,24.89,347.29,6.32,4.18,6.85,5.17,7.63
E-0020662,1.5251372,189.36,11.8,185.62,4.95,5.3,18.01,7.51,9.56
E-0020663,1.5184522,191.26,13.68,243.29,4.07,6.55,13.83,6.23,9.14
E-0020664,1.1083655,205.41,7.95,114.37,2.84,6.98,18.28,7.22,11.74
E-0020665,0.3506443,161.81,5.67,98.6,1.52,9.98,17.29,4.68,10.52
E-0020666,1.4985558,180.07,10.45,151.16,4.32,5.3,13.44,6.14,9.21
E-0020667,1.6087445,198.42,8.21,124.33,5.36,3.62,10.38,4.65,6.95
E-0020668,2.261967,55.59,22.27,374.78,7.02,3.07,6.31,3.58,4.72
E-0020669,1.501719,208.91,9.4,202.33,5.64,4.37,15.8,6.55,9.75
E-0020670,1.8673234,147.69,18.46,228.99,5.8,4.18,9.86,4.95,7.26
E-0020671,1.209484,142.48,3.49,30.82,3.28,8.2,16.32,12.77,15.98
E-0020672,1.7471713,179.77,12.44,176.18,5.77,4.13,9.6,6.64,9.11
E-0020673,1.7616631,149.32,16.54,200.57,4.27,5.75,10.74,6.93,10.05
E-0020674,1.5613445,173.29,8.72,147.97,6.51,3.67,16.7,5.96,8.58
E-0020675,1.4879674,207.85,7.47,166.44,6.1,3.94,18.84,6.55,9.26
E-0020676,1.6948574,144.48,8.49,143.89,7.29,3.22,15.95,4.88,7.31
E-0020677,2.1664472,64.42,8.76,245.25,15.69,1.25,5.8,4.27,6.44
E-0020678,1.9831398,133.27,5.66,236.1,12.7,1.78,7.05,4.24,6.83
E-0020679,2.1352541,151.63,8.38,292.55,13.05,1.61,6.47,4.18,6.3
E-0020680,2.1973526,94.94,9.85,139.72,9.31,2.37,6.67,4.22,6
E-0020681,2.376474,58.87,11.8,196.08,11.1,1.82,4.46,3.37,4.61
E-0020682,2.483116,65.47,10.85,184.35,8.75,1.95,4.26,2.43,3.62
E-0020683,2.466604,70.72,13.18,215.75,9.67,1.94,5.07,3.01,4.46
E-0020684,2.6442072,44.71,10.49,181.76,7.66,1.81,4.02,1.86,3.08
E-0020685,1.5935038,161.29,12.18,123.3,2.82,8.7,13.1,8,11.54
E-0020686,1.2543753,170.17,15.36,71.74,0.99,19.6,20.55,6.35,6.35
E-0020687,1.2818434,162.17,15.21,69.81,1.05,19.52,19.94,6.22,6.16
E-0020688,0.9757848,197.69,9.97,47.74,0.7,23.35,29,10.21,9.45
E-0020689,0.9611528,199.42,10.2,46.43,0.6,25.03,29.31,9.92,9.19
E-0020690,1.0492294,181.64,9.85,40.06,0.67,26.32,26.66,9.25,8.41
E-0020691,0.868811,173.97,6.64,41.69,0.7,26.34,29.46,10.14,9.24
E-0020692,3.034207,172.31,25.71,361.25,3.24,1.87,4.23,1.08,2.46
E-0020693,2.8363934,201.77,25.61,359.14,2.76,1.73,5.58,1.23,2.72
E-0020763,0.7844927,179.73,4.08,75.54,5.07,3.83,31.14,10.26,14.72
E-0020764,1.8849775,160.13,4.42,199.47,12.37,1.64,10.72,3.93,6.15
E-0020765,1.3387114,211.56,8.09,160.09,2.99,7.84,15.2,8.71,12.45
E-0020766,1.5882176,184.8,10.14,140.69,5.14,4.85,15.55,6.49,8.68
E-0020767,1.7683951,106,13.92,169.41,5.77,4.53,12.04,6.6,8.49
E-0020768,1.658967,110.68,8.27,124.92,5.29,4.74,15.48,7.58,8.46
E-0020769,1.546942,197.25,7.5,96.59,4.43,4.34,12.98,4.81,6.83
E-0020770,2.1215246,104.9,21.02,251.4,5.03,4.06,7.01,3.43,5.02
E-0020771,1.8910604,109.95,14.83,232.36,5.45,4.37,8.2,5.12,7.4
E-0020772,1.594974,199.81,8.36,211.72,6.66,3.47,14.12,5.99,8.85
E-0020773,1.7503928,104.44,7.89,101.36,4.41,6.29,15.7,6.23,8.01
E-0020774,1.4303342,145,5.31,77.76,3.05,8.83,21.59,9.35,11.34
E-0020775,1.2904198,163.86,6.07,64.07,3.06,6.86,21.31,7.94,10.4
E-0020776,1.963602,92.03,16.37,126.43,5.18,4.58,9.27,5.24,7.04
E-0020777,1.3391796,210.29,8.94,190.1,4.71,4.62,16.06,7.35,10.71
E-0020778,1.358362,209.39,8.88,197.03,4.76,4.64,15.94,7.3,10.65
E-0020779,1.6157902,186.32,13.83,219.68,5.57,4.2,12.72,5.71,8.47
E-0020780,1.6182765,185.29,13.75,220.69,5.57,4.22,12.73,5.69,8.46
E-0020781,1.4721248,150.27,11.9,126.93,3.11,6.99,14.32,6.07,8.68
E-0020782,2.0040302,97.88,17.44,233.72,5.15,4.82,9.41,4.22,5.91
E-0020783,1.2018747,196.92,9.87,105.83,1.92,11.24,17.41,13.09,19.05
E-0020784,1.9803354,96.03,8.66,101.73,10.2,2.15,7.86,4.9,6.79
E-0020785,1.7649777,118.71,9.81,123.21,6.61,3.66,10.82,6.6,8.87
E-0020786,1.8674104,212.12,5.36,182.19,16.11,1.56,10.16,8,9.8
E-0020787,1.8832806,209.35,5.59,183.77,16.09,1.58,10.23,8.52,9.95
E-0020788,1.6755021,144.38,17.1,209.43,3.78,6.55,9.45,6.38,10.04
E-0020789,1.3956012,169.13,3.12,94.46,5.58,5.38,13.08,10.9,13.43
E-0020790,1.0124142,249.33,4.67,73.2,1.06,16.42,26.36,16.93,20.1
E-0020791,2.2122357,54.03,25.65,235.25,5.17,4.25,6.14,3.62,5.35
E-0020792,1.4295354,195.34,10.65,116.64,2.2,10.7,15.52,9.86,14.07
E-0020793,1.4583642,194.79,10.96,121.96,2.39,9.91,15.22,9.52,13.66
E-0020794,1.5275303,190.1,13.32,131.66,4.55,5.06,11.27,8.18,11.97
E-0020795,1.5868721,186.82,9.36,88.69,6.09,4.03,13,9.29,12.69
E-0020796,2.7771955,129.19,11.77,758.7,10.44,1.06,6.37,1.59,3.65
E-0020797,1.0740557,101.71,11.07,56.8,1.07,21.84,23.34,8.59,7.62
E-0020798,3.5449152,21.41,29.37,524.04,5.55,1.32,1.93,0.91,1.87
E-0020799,3.149369,129.38,27.45,313.86,3.93,1.79,4.17,1.36,2.58
E-0020800,3.0625632,231.41,40.42,287.32,4.38,1.59,7.49,2.43,4.03
E-0020801,2.522041,36.64,37.35,352.97,12.5,1.35,5.14,4.33,4.9
E-0020802,3.9970105,5.34,42.78,808.52,2.66,1.43,0.86,0.3,1.01
E-0020803,2.2765818,174.8,32.64,301.63,9.29,1.65,10.24,5.49,6.43
E-0020804,0.41948614,251.53,1.16,150.11,5.49,3.92,15.13,3.82,9.46
E-0020805,2.1864245,88.53,10.85,374.75,11.87,1.83,9.12,3.93,4.44
E-0020806,1.7544813,149.72,15.75,181.51,4.85,4.98,11.41,5.22,7.56
E-0020807,0.8048668,229.28,7.55,137.33,2.66,7.58,22.94,8.96,13.99
E-0020808,1.7036134,101.12,14.98,117.06,4.76,5.22,10.62,8.56,11.82
E-0020809,1.7900261,145.05,14.41,142.33,5.87,4.17,8.41,7.16,9.77
E-0020810,1.5178584,200.68,13.15,192.72,3.31,7.87,11.55,7.74,11.95
E-0020811,0.3741544,192.92,2.99,84.08,0.6,24.39,33.39,8.33,14.37
E-0020812,2.0938904,153.17,29.34,401.85,8.35,2.99,8.29,4.66,6.34
E-0020813,-0.06261921,213.29,4.14,65.99,0.65,14.81,25.2,6.77,13.96
E-0020814,1.8946271,104.22,10.02,171.08,11.88,1.9,15.19,7.18,7.91
E-0020815,0.9928405,182.82,4.47,49.77,2.07,9.01,28.05,11.85,14.38
E-0020816,1.6833953,156.61,12.58,154.57,4.94,4.89,12.11,6.08,8.9
E-0020817,1.5102245,144.93,12.59,133.73,3.2,6.91,13.83,6.03,8.56
E-0020818,1.0948148,212.78,8.75,218.36,2.3,11,20.29,6.48,10.26
E-0020819,1.3871254,172.03,9.47,146.62,3.14,8.11,15.79,7.48,10.99
E-0020820,1.4941586,190.42,12.91,244.28,4.45,6.03,15.73,5.8,8.69
E-0020821,1.5691426,185.47,12.8,198.82,4.08,6.21,12.71,6.29,9.17
E-0020822,1.9072424,101.18,13.61,98.11,8.15,2.81,9.51,5.12,7.14
E-0020823,1.9852444,94.3,10.98,70.43,10.3,2.2,8.75,5.69,7.72
E-0020824,2.102956,91.1,23.54,253.09,6.31,3.8,6.54,4.74,6.88
E-0020825,2.6632962,26.77,43.98,441.37,7.94,2.12,3.92,2.48,3.78
E-0020826,2.5585816,40.8,42.94,451.38,8.71,2.26,4.45,2.84,4.34
E-0020827,1.4970697,196.38,12.32,164.19,4.15,5.89,13.25,8.62,12.1
E-0020828,1.759914,157.98,18.55,231.8,4.19,5.97,9.3,6.09,9.52
E-0020829,1.8732333,110.7,19.96,212.11,5.31,4.69,8.98,5.97,8.71
E-0020830,2.0094995,231.11,1.54,91.29,14.48,1.99,15.87,7.28,12.38
E-0020831,2.5420868,28.75,20.47,110.15,7.46,1.85,4.25,1.85,2.8
E-0020832,1.5135608,143.98,12.52,130.68,3.31,6.63,13.9,6.04,8.56
E-0020833,1.5965511,171.11,13.26,109.84,4.08,5.66,12.84,7.63,11.04
E-0020834,1.7043388,177.98,14.09,109.14,5.08,4.81,10.03,7.04,10.17
E-0020835,1.604364,139.27,13.59,109.71,3.47,6.81,11.45,7.55,11.47
E-0020836,2.395303,15.89,9.96,136.6,7.59,2.44,4.38,2.14,3.17
E-0020837,2.5901954,12.81,12.32,200.78,6.97,2.13,3.48,1.73,2.72
E-0020838,1.8786495,142.31,14.72,259.69,10.46,2.19,13.47,5.49,6.57
E-0020840,2.9371996,45.82,60.31,681.99,11.74,1.17,4.12,3.42,4.06
E-0020841,3.2140918,70.27,44.39,687.45,10.45,1.15,3.28,2.08,3.14
E-0020842,2.474863,22.11,42.78,352.75,12.87,1.37,4.72,4.36,4.88
E-0020843,2.529703,178.66,51.88,365.8,6.19,2,8.11,4.4,5.22
E-0020844,2.6725378,53.84,24.99,228.69,8.94,1.73,4.87,2.81,3.78
E-0020854,1.7434149,71.58,14.52,85.02,3.7,6.57,11.8,6.31,8.27
E-0020855,1.1948557,167.41,3.92,36.06,4.39,5.7,16.85,9.82,13.84
E-0020856,2.059284,52.28,16.64,197.08,5.61,3.68,8.47,3.77,4.66
E-0020857,1.7161411,193.74,23.87,328.43,6.28,4.32,10.03,6.84,9.89
E-0020858,1.2863318,220.06,6.28,70.01,1.38,16.24,15.02,10.92,15.16
E-0020859,1.5039672,202.43,11.59,160.99,4.34,5.51,11.79,7.29,10.68
E-0020860,2.0482142,126.52,26.44,360.05,6.64,3.86,7.52,4.33,6.47
E-0020861,1.0937654,216.05,8.13,141.94,2.92,7.32,17.8,6.8,10.62
E-0020862,1.5449136,199.01,13.82,225.64,4.45,5.52,14.39,5.11,7.89
E-0020863,1.6377444,170.01,12.44,160.8,4.11,6.1,13.52,6.09,8.82
E-0020864,1.6573883,168.78,13.03,165.59,4.17,6.04,13.18,6.03,8.72
E-0020865,1.6391307,171.92,18.17,255.83,4.34,5.97,12.96,5.13,7.39
E-0020866,1.4031906,167.91,9.69,151.28,3.21,7.98,15.6,7.39,10.82
E-0020867,1.4583565,187.29,11.4,189.94,3.77,6.79,13.3,6.94,10.28
E-0020868,1.3892018,193.36,11.25,173.57,3.63,6.42,14.83,6.93,10.43
E-0020869,1.2851788,183.01,8.87,130.91,2.95,7.57,16.71,7.14,10.87
E-0020870,1.1037624,191.41,6.71,88.59,2.66,7.22,19.08,7.48,10.68
E-0020871,1.0621138,195.04,6.24,83.77,2.66,7.07,19.75,7.5,10.83
E-0020872,1.6445383,191.79,12.79,146.49,5.19,4.78,11.93,8.53,11.76
E-0020873,1.6593627,188.71,13.2,147.11,5.11,4.85,11.81,8.61,11.79
E-0020874,1.5527649,204.15,7.93,85.93,4.2,6.12,18.07,12.65,16.21
E-0020875,1.9733925,207.52,2.34,89.49,13.58,2.29,18.68,9.91,13.95
E-0020876,2.0092924,206.61,6.59,156.21,11.98,2.31,14.52,7.76,10.17
E-0020877,1.9774449,149.78,22.88,308.48,7.12,3.45,8.93,4.66,6.77
E-0020878,1.641415,165.05,14.29,218.27,6.03,4.14,12.18,6.46,9.37
E-0020879,1.493067,147.89,12.23,128.07,3.31,6.58,14.23,6.11,8.66
E-0020880,1.2075428,213.42,6.51,106.31,5.87,3.72,19.87,8.4,11.06
E-0020881,1.8677249,129.3,16.09,159.13,5.76,3.8,8.94,5.81,7.18
E-0020882,1.8396372,36.63,9.36,97.97,5.39,5.03,7.49,4.71,6.49
E-0020883,2.1218967,19.71,6.85,136.41,9.79,2.52,5.85,3.27,4.64
E-0020884,1.9349813,99.94,18.43,286.65,5.83,3.96,9.46,4.54,6.41
E-0020885,1.8541858,248.89,3.88,35.46,14.72,1.85,14.56,12.59,16.6
E-0020886,1.9231793,63,15.63,169.58,8.36,3.23,11.27,6.06,7.15
E-0020887,1.8820887,260.53,10.98,194.46,9.51,1.65,13.88,5.73,7.67
E-0020888,2.2542942,246.91,15.81,268.24,9.03,1.48,10.96,3.89,5.87
E-0020889,2.5815313,114.66,37.88,534.9,15.79,1.13,6.46,5.95,6.1
E-0020890,3.7479546,14.09,39.26,586.03,3.03,1.46,1.48,0.69,1.43
E-0020891,3.4907207,13.06,50.17,632.56,4.38,1.39,1.96,1.03,1.89
E-0020892,3.3230572,144.01,100.05,294.77,1.2,3.07,3.39,1.51,2.44
E-0020893,3.1973681,11.3,37.41,511.34,6.57,1.4,2.77,1.43,2.37
E-0020894,2.225686,96.56,18.22,186.23,11.05,1.98,8.04,4.85,5.8
E-0020895,2.2215629,221.26,15.43,293.39,11.39,1.42,13.22,5.27,6.9
E-0020896,0.7258457,198.59,1.35,11.46,2.64,10.45,25.36,23.29,28.15
E-0020897,2.256736,53.94,30.9,363.46,7.74,3.18,5.85,3.88,5.89
E-0020898,1.8407526,93.04,14.59,183.54,4.92,4.56,9.91,4.96,6.62
E-0020899,1.4566559,185.24,10.09,153.13,3.46,7.34,16.05,6.8,10.11
E-0020900,1.7333236,128.17,9.41,105.39,8.38,3.01,11.84,6.97,9.48
E-0020902,1.9991189,94.91,10.8,133.87,8.78,2.45,8.37,4.98,6.74
E-0020903,1.621751,181.14,10.94,116.85,4.72,4.97,12.37,9.62,12.88
E-0020904,1.7300763,206.04,21.4,133.96,3.95,6.2,11.91,7.96,12.79
E-0020905,1.7185582,206.37,21.34,133.26,3.83,6.4,11.99,8.11,12.99
E-0020906,1.5595865,210.83,13.37,146.96,3.54,7.06,15.12,10.72,14.05
E-0020907,1.8450415,179.3,12.33,74.19,4.18,6.25,12.32,7.77,10.74
E-0020908,1.3015759,187.89,11.4,125.95,4.16,5.23,13.42,6.31,10.31
E-0020909,1.8113928,121.91,17.67,184.3,3.68,6.44,8.57,5.61,8.91
E-0020910,1.2100475,206.53,5.64,120.99,7.14,2.92,21,9.56,11.95
E-0020911,0.584141,208.76,3.34,43.92,3.04,4.63,35.05,14.28,19.81
E-0020912,1.3895818,204.69,3.49,100.82,5.92,4.83,25.06,9.81,14
E-0020913,1.3159881,183.35,6.31,121.69,6,3.21,17.77,6.25,9.5
E-0020914,2.059394,133.33,7.55,250.73,10.47,2.38,12.95,4.62,7.33
E-0020915,1.3813722,196.86,6.76,127.98,6.26,2.99,17.72,5.43,8.55
E-0020916,2.0712821,144.73,8.06,229.25,9.78,2.41,13.03,4.22,6.89
E-0020917,1.594146,159.2,7.3,119.48,8.08,2.44,14.92,4.68,7.59
E-0020918,2.28816,94.73,9.4,224.37,10.66,1.99,10.66,3.56,5.82
E-0020919,1.3042984,217.49,5.41,200.03,4.18,6.28,19.56,8.31,10.91
E-0020920,1.6421732,144.2,8.49,108.86,4.12,5.63,13.49,4.85,6.74
E-0020921,1.3494203,227.48,4.95,96.82,3.85,6.54,19.75,7.19,9.99
E-0020922,1.9351568,102.43,17.96,285.71,6.02,3.75,9.65,4.49,6.34
E-0020923,1.6926407,198.8,8.25,143.47,3.04,9.58,13.82,8.81,11.66
E-0020924,1.7097315,202.75,7.93,132.97,2.98,9.75,13.97,8.98,11.86
E-0020925,3.076359,16.21,30.82,160.27,5.77,1.72,3.04,1.55,2.32
E-0020926,2.1414826,129.59,15.88,344.53,10.86,2.02,9.52,3.83,6.02
E-0020927,1.1611185,198.24,7.61,126.52,4.3,4.7,20.34,7.3,10.44
E-0020928,1.8360367,164.77,11.12,177.31,8.38,3.17,14.78,5.17,6.6
E-0020929,3.9334757,7.65,132.93,573.31,1.51,2.2,0.87,0.65,1.22
E-0020930,2.2307205,256.85,31.48,268.09,5.83,2.33,13.91,5.31,6.57
E-0020931,2.913579,92.14,83.58,691.69,8.93,1.37,4.78,3.78,4.25
E-0020932,3.561441,7.83,80.01,"2,314.34",9.35,1.07,1.67,1.05,2.36
E-0020933,3.6063006,10.2,90.46,"1,138.53",6.21,1.19,1.74,1.09,2.15
E-0020934,3.4468794,36.26,59.49,"1,440.59",10.86,1.06,2.31,1.29,2.61
E-0020935,3.0960734,54.75,42.76,"1,209.64",14.21,1,3.51,2.11,3.47
E-0020936,2.1755273,116.45,19.74,131.51,14.31,1.57,7.4,6.21,7.05
E-0020937,2.7422757,56.43,55.72,570.64,11.36,1.32,5.26,3.83,4.49
E-0020938,3.9077258,4.8,55.26,504.25,2.93,1.4,1.07,0.52,1.15
E-0020939,1.1482495,148.79,6.66,44.07,1.84,12.26,19.01,13.45,16.82
E-0020940,0.9555771,206.63,4.08,65.23,2.34,8.43,26.78,10.15,13.76
E-0020941,1.7729491,207.17,12.29,188.17,3.95,6.03,7.79,5.27,7.91
E-0020942,1.89236,161.44,24.81,274.24,7.04,3.62,10.42,6.68,9.08
E-0020943,1.8938282,161.81,17.66,232.08,7.63,3.34,11.44,6.53,8.84
E-0020944,1.9441748,152.92,27.98,300.16,7.31,3.51,9.58,6.39,8.82
E-0020945,1.8872724,163.45,17.7,232.27,7.59,3.39,11.35,6.56,8.96
E-0020946,1.6306233,163.55,11.8,141.87,4.6,5.17,12.83,6.35,9.3
E-0020947,1.6388129,154.62,11.89,135.39,4.33,5.5,12.77,6.52,9.31
E-0020948,1.6329589,163.47,11.63,138.86,4.73,4.97,12.94,6.28,9.2
E-0020949,1.4788715,182.97,10.52,157.65,3.51,7.26,15.64,6.77,10.03
E-0020950,1.4374051,214.95,13.55,192.93,3.15,7.83,16.61,7,9.88
E-0020951,2.5059044,60.43,10.71,104.87,13.33,1.18,4.32,2.29,3.67
E-0020952,2.6513147,67.09,18.98,288.36,8.34,1.52,5.14,1.98,3.39
E-0020953,2.5780346,48.03,21.29,517.19,10.22,1.39,5.29,2.34,3.28
E-0020954,1.7117257,196.72,10.4,324.26,6.71,3.86,14.99,5.09,7.71
E-0020955,1.5448277,167.31,11.44,108.62,2.03,12.27,13.03,9.84,13.54
E-0020956,2.1620407,213.97,4.8,111.31,10.5,2.26,15.53,5.68,8.47
E-0020957,2.140937,132.08,15.24,340.51,10.61,2.02,9.62,3.79,6.02
E-0020958,2.2713163,65.59,12.13,313.61,9.75,1.78,7.02,2.33,3.85
E-0020959,2.307729,47.85,14.74,467.07,13.03,1.55,7.98,2.76,3.53
E-0020960,2.56111,28.21,15.29,287.5,9.5,1.68,5.36,2.1,2.69
E-0020961,1.9734912,113.31,24.9,437.23,10.42,2.79,9.71,7.51,8.96
E-0020962,1.2736804,229.09,10.46,176.32,4.22,5.71,19.29,9.48,12
E-0020963,1.6132083,178.45,10.39,143.89,11.7,2.27,18.52,8.02,8.59
E-0020964,1.8702323,184.57,14.21,210.84,12.76,1.99,15.2,6.73,7.24
E-0020965,1.7455509,189.11,14.89,241.51,11.8,2.24,16.83,6.5,7.16
E-0020966,1.7476047,169.35,18.69,283.38,4.94,5.01,9.69,5.42,8.35
E-0020967,1.84069,216.79,4.65,309.78,19.23,1.37,22.55,7.97,9.42
E-0020968,2.2127535,233.59,21.64,232.56,6.23,2.16,13.07,5.16,6.4
E-0020969,2.4326236,128.99,31.61,200.78,9.48,1.83,6.85,4.57,5.12
E-0020970,2.492702,98.82,45.43,370.32,11.8,1.57,6.32,5.36,5.65
E-0020971,2.1060412,233.2,16.23,124.82,9.31,1.83,10.99,6.41,7.94
E-0020972,2.5283244,164.53,25.74,182.63,8.61,1.69,9.17,3.93,5.52
E-0020973,2.345073,270.34,36.41,443.37,4.7,2.85,10.54,3.27,4.8
E-0020974,3.2545996,16.89,38.86,522.99,5.68,1.46,2.64,1.35,2.21
E-0020975,2.8874042,74.18,80.88,683.67,12.83,1.11,5.29,4.34,4.82
E-0020976,2.8702068,71.63,75.12,548.17,10.79,1.19,5.09,3.96,4.47
E-0020977,1.9977001,270.62,11.63,423.03,11.37,1.78,16.51,4.57,7.22
E-0020978,3.1838937,66.16,101.07,508.83,4.87,1.47,3.16,2.67,3.34
E-0020979,2.2589638,46.26,17.09,222.16,8.28,2.72,8.01,4.01,3.74
E-0020980,1.5704349,169.43,15.62,169.76,3.88,6.06,12.61,7.84,11.61
E-0020981,1.5834937,167.78,15.84,173.99,3.96,5.96,12.49,7.77,11.5
E-0020982,2.2049406,67.77,7.41,63.63,12.73,1.57,4.15,2.68,3.84
E-0020983,2.0296357,44.28,23.71,186.64,6.8,3.55,8.25,6.28,7.51
E-0020984,1.8651092,145.99,13.65,226.26,11.8,1.96,14.65,6.08,6.93
E-0020985,0.83335066,191.43,4.61,80.22,3.34,4.4,25.5,7.81,12.49
E-0020986,1.6944873,130.64,5.11,155.72,6.41,4.3,16.85,5.37,8.52
E-0020987,0.977617,170.2,7.55,98.92,1.88,10.02,21.77,8.74,12.06
E-0020988,1.1006037,163.2,5.57,71.84,2.74,7.71,22.4,10.01,12.62
E-0020989,3.0958648,15.05,23.81,358.69,4.8,1.62,2.62,1.27,1.87
E-0020990,1.6302108,119.14,8.42,206.11,4.47,5.55,13.26,5.79,7.57
E-0020991,1.9592001,97.16,16.58,410.26,6.9,3.21,10.25,4.39,6.05
E-0020992,1.5546505,206,9.03,312.48,5.9,4.49,17.81,6.68,9.45
E-0020993,2.6551461,59.04,20.5,344.36,10.57,1.38,5.49,2.19,3.64
E-0020994,1.9568152,95.98,16.85,399.57,6.78,3.3,10.25,4.47,6.1
E-0020995,2.2680652,61.53,24.84,331.54,7.25,3.12,6.68,3.92,5.29
E-0020996,2.0367134,106.75,11.68,492.88,13.04,1.58,10.51,3.12,5.3
E-0020997,2.0007162,117.4,10.97,493.22,12.56,1.61,10.94,3.13,5.38
E-0020998,2.3088975,58.13,12.95,311.67,9.94,1.77,6.83,2.34,3.79
E-0020999,2.665962,4.25,18.47,500.85,14.7,1.29,2.75,1.98,3.38
E-0021000,2.8926105,2.98,20.41,366.31,10.29,1.43,2.15,1.49,2.55
E-0021001,1.9785358,111.85,20.45,247.31,5.73,4.03,9.29,4.5,6.29
E-0021002,1.8142821,115.5,19.09,204.47,5.24,4.97,11.12,5.69,7.69
E-0021003,1.7435775,173.4,17.6,274.36,5.07,4.76,10.12,5.4,8.29
E-0021004,2.2625856,105.12,19.44,305.8,10.84,1.93,9.69,3.69,4.95
E-0021005,1.6113743,236.02,2.48,188.45,17.9,1.49,26.81,9.58,12.45
E-0021006,2.5524938,95.1,19.34,520.16,12.77,1.37,7.36,2.69,3.57
E-0021007,1.5702962,209.9,11.59,114.26,2.69,9.9,14.48,7.29,9.95
E-0021008,1.5889184,196.32,8.62,272.64,10.81,2.35,18.27,5.78,8.54
E-0021009,1.8104362,165.11,14.51,280.09,14.13,1.83,17.12,6.87,7.65
E-0021010,1.5440018,198.99,10.88,110.69,2.54,9.11,12.85,6.22,8.38
E-0021011,1.384884,213.96,8.32,107.29,4.08,5.89,18.78,13.69,16.96
E-0021012,1.2403427,168.71,13.8,92.42,1.56,12.81,14.56,9.42,14.38
E-0021013,2.0733366,98.88,14.2,194.02,9.76,2.3,11.81,5.03,6.57
E-0021014,-0.040234014,295.31,1.58,29.66,0,25.67,43.41,20.74,34.31
E-0021015,1.9911003,128.97,16.55,169.85,6.81,3.25,8.55,5.12,7.6
E-0021016,2.2919135,60.49,16.04,122.71,10.05,1.69,7.34,2.97,4.29
E-0021017,2.213247,55.53,16.53,431.8,11.28,1.7,8.17,3.32,4.64
E-0021018,1.9851217,191.95,13.45,381.84,12.25,1.65,11.87,3.9,6.17
E-0021019,1.6741239,112.38,9.08,219.9,4.75,5.26,12.44,5.49,7.23
E-0021020,2.367087,45.01,9.41,170.38,9.82,2.23,8.64,3.8,5.26
E-0021021,2.3223107,92.44,6.99,328.76,10.96,2.27,13.4,4.39,6.42
E-0021022,3.1089945,7.55,15.75,96.03,4.84,1.8,1.85,1.05,1.67
E-0021023,2.1390817,64.59,10,269.94,9.65,1.64,6.67,2.25,3.96
E-0021024,1.6933501,144.97,13.9,181.73,4.99,5.09,11.96,6.1,8.8
E-0021025,1.6332539,158.41,12.76,171.4,4.84,5.12,12.86,6.31,9.22
E-0021026,1.7179891,152.12,14.26,203.93,5.6,4.55,11.65,5.87,8.61
E-0021027,1.7312146,151.07,14.42,206.6,5.74,4.43,11.54,5.79,8.5
E-0021028,1.2328231,188.32,6.63,111.63,4.6,4.46,19.84,6.02,9.07
E-0021029,1.3291577,206.08,6.99,104.2,6.38,3.35,20.98,8.35,10.56
E-0021030,0.4045483,222.98,4.19,88.1,1.69,9.02,23.69,6.19,11.37
E-0021031,1.246503,186.99,9.37,111.45,3.27,6.17,18.05,5.75,8.65
E-0021032,2.316818,96.61,14.21,218.03,8.21,1.89,8.22,2.57,4.36
E-0021033,1.0636612,231.14,4.7,107.16,9.45,2.39,24.83,9.63,11.99
E-0021034,2.3781323,48.87,22.76,314.26,7.7,2.55,6.19,3.25,3.88
E-0021035,3.3119137,7.25,20.62,377.46,7.92,1.4,2.5,1.48,0.82
E-0021036,2.0929608,106.36,23.87,226.37,8.1,3.02,9.05,4.49,5.82
E-0021037,1.965465,134.21,13.16,155.24,8.44,2.86,10.17,5.45,6.94
E-0021038,1.9670392,134.52,13.41,154.86,8.58,2.81,10.14,5.47,6.96
E-0021039,1.6325967,181.42,7.53,99.33,11.24,2.19,15.45,6.62,7.9
E-0021040,2.8235388,55.53,23.43,266.87,9.89,1.37,4.78,2.61,3.57
E-0021041,3.245767,177.24,80.45,310.39,1.39,2.99,4.42,1.69,2.79
E-0021042,3.7076185,25.45,139.96,587.58,2.19,1.82,1.44,1.19,1.83
E-0021043,2.6094253,28.16,51.74,413.48,12.5,1.29,5.35,4.36,4.81
E-0021044,3.0576127,97.94,98.65,864.28,7.41,1.37,3.56,3.44,4
E-0021045,3.7437377,10.3,40.98,481.45,3.23,1.55,1.39,0.66,1.32
E-0021046,2.9145007,35.42,29.9,584.91,11.22,1.29,3.9,2.24,3.45
E-0021047,2.413137,135.62,31.03,311.2,18.55,1.07,7.3,6.02,6.57
E-0021048,2.7347405,39.94,34.31,317.65,13.65,1.27,4.18,3.62,4.43
E-0021049,2.7483459,86.69,31.24,416.21,13.83,1.2,5.7,3.95,4.74
E-0021050,2.303117,92.13,30.26,190.25,8.43,2.09,8.18,4.13,5.14
E-0021051,3.048761,41.37,35.95,874.84,14.92,1.14,4.19,2.46,4.01
E-0021052,1.9205023,170.85,18.43,96.22,15.48,1.8,13.06,10.77,10.09
E-0021053,2.0435822,118.96,16.69,220.56,15.97,1.42,10.97,7.91,7.9
E-0021054,2.701932,130.11,29.4,261.8,14.62,1.22,6.25,4.45,5.28
E-0021055,2.0870838,210.24,19.4,218.23,10.7,1.67,14.69,5.76,7.26
E-0021059,3.6068304,37.51,26.38,338.57,4.54,1.55,1.94,0.83,1.7
E-0021060,2.7351544,66.41,29.36,570.31,16.11,1.09,5.89,4.16,5.15
E-0021061,3.1862216,60.7,27.62,393.62,8.22,1.29,3.49,1.7,2.78
E-0021062,2.860735,45.27,48.33,709.52,14.11,1.22,4.61,3.15,4.43
E-0021063,2.069803,215.67,10.9,131.32,11.78,1.59,12.36,5.48,7.59
E-0021064,3.268972,54.69,59.4,871.22,10.68,1.11,3.06,2.27,3.22
E-0021065,1.7100848,156.71,12.48,244.38,11.14,2.38,17.31,6.29,7.32
E-0021066,1.7296939,213.91,11,246.54,6.95,3.67,13.85,6.16,8.87
E-0021067,1.9641685,105.01,16.53,229.08,5.09,4.93,9.76,4.36,6.15
E-0021068,1.3029839,195.01,9.41,88.58,6.19,3.63,23.38,9.3,10.95
E-0021069,1.6328186,191.08,11.58,195.65,6,4.34,17.52,6.1,7.85
E-0021070,2.3639596,40.47,10.23,202.68,6.92,1.94,4.49,1.61,2.89
E-0021071,2.2406151,56.75,14.31,383.45,9.96,2.02,6.53,2.51,3.69
E-0021072,2.8832977,22.47,24.03,577.4,9.82,1.4,3.33,1.58,2.28
E-0021073,3.1879601,9.53,22.99,338.31,6.11,1.67,2.21,1.13,1.56
E-0021074,1.7724698,180.44,17.38,247.78,5.3,4.81,12.68,5.81,7.99
E-0021075,1.7782646,181.38,17.31,242.25,5.41,4.65,12.83,5.79,7.91
E-0021076,2.342149,84.6,19.76,345.32,12.27,1.55,8.88,3.4,4.86
E-0021077,1.3576359,166.83,9.75,129.14,4.41,4.84,15.33,5.98,8.72
E-0021078,2.483524,65.62,27.87,252.94,8.95,2.26,5.85,3.26,4.28
E-0021079,2.3623526,58.68,36.98,481.67,10.36,2.19,7.03,3.87,5.28
E-0021080,1.4491626,220.86,13.78,236.99,5.66,4.9,19.54,6.81,8.43
E-0021081,2.0461454,90.51,10.32,149.57,16.76,1.31,12.7,5.64,6.85
E-0021082,1.2704687,153.48,7.49,82.56,3.62,6.09,18.16,6.51,9.33
E-0021083,1.0028735,241.22,5.18,20.89,13.23,1.41,14.05,15.05,22.12
E-0021084,1.6153936,137.62,9.55,90.86,7.31,2.93,13.85,5.55,7.41
E-0021085,1.5673486,141.47,8.99,83.49,6.58,3.23,14.37,5.66,7.61
E-0021086,1.565748,144.37,8.88,83.28,6.73,3.15,14.42,5.63,7.61
E-0021087,0.85157233,222.56,6.02,104.04,6.27,3.57,22.85,9.14,13.12
E-0021088,1.1655912,214.46,5.79,100.44,6.25,3.53,16.99,6.68,9.68
E-0021089,1.3661402,210.34,6.94,85.52,7.77,3.07,15.81,7.3,9.9
E-0021090,1.7443181,212.97,11.72,259.41,7.15,3.58,13.37,6,8.73
E-0021091,2.1630585,136.28,19.27,385.37,16.44,1.23,9.93,3.33,4.46
E-0021092,1.5385118,142.59,3.91,140.24,6.88,4.02,20.41,6.37,10.14
E-0021093,1.7523377,171.19,5.98,190.59,9.3,2.89,17.66,5.74,9.07
E-0021094,2.1857955,55.69,7.7,222.93,11.78,2.09,10.31,4.44,6.27
E-0021095,2.8845007,17.31,15.32,107.55,6.25,1.64,2.48,1.41,2.14
E-0021096,1.9199779,117.31,9.82,663.61,14.1,1.61,11.08,3.21,5.71
E-0021097,1.9097772,126.6,9.31,669.07,13.77,1.61,11.27,3.16,5.71
E-0021098,2.0011454,75.09,8.98,361.65,10.87,1.63,7.37,2.46,4.5
E-0021099,2.5094573,30.28,15.6,244.42,7.35,2.15,4.49,1.87,2.74
E-0021100,1.5308455,179.7,8.96,138.66,5.78,3.71,15.26,4.46,6.85
E-0021101,1.8847513,132.93,15.04,173.2,7.11,3.39,12.92,5.73,7.63
E-0021102,1.4506055,184.44,12.7,241.93,5.2,4.36,15.77,6.09,8.88
E-0021103,2.2135248,77.71,22.37,316.22,7.65,2.79,7.69,3.84,4.91
E-0021104,1.4726526,181.29,13.34,251.72,5.24,4.39,15.22,6.07,8.84
E-0021105,2.2005644,81.64,21.69,317.97,7.67,2.77,7.88,3.86,4.99
E-0021106,1.6093428,171.26,12.87,141.48,4.44,5.4,17.22,7.61,9.76
E-0021107,1.8602484,88.93,7.57,123.78,19.58,1.14,16.48,8.24,8.31
E-0021108,1.9273959,118.14,11.37,124.38,15.22,1.54,13.24,5.83,7.38
E-0021109,2.4769824,73,21.19,214.06,10.57,1.72,6.67,2.98,4.43
E-0021110,1.473809,196.91,11.38,168.41,3.99,5.87,13.77,5.84,9.05
E-0021111,1.5345906,121.05,9.46,142.19,4.67,4.85,14.97,5.75,7.86
E-0021112,1.5968312,136.15,9.27,87.03,6.72,3.17,13.88,5.52,7.43
E-0021113,1.8001269,159.59,10.61,133.52,10.14,2.32,11.43,5.08,7.01
E-0021114,1.4226296,172.55,7.38,104.29,8.98,3,22.65,9.54,10.08
E-0021115,2.325488,65.71,15.96,450.41,13.81,1.36,7.65,2.25,3.56
E-0021116,1.3398889,188.16,8.7,145.79,3.73,6.81,22.34,8.48,10.47
E-0021117,2.9525428,49.23,18.75,383.35,7.7,1.4,4.85,1.66,2.72
E-0021118,2.7753782,69.34,21.6,419.22,12.34,1.2,6.3,2.58,3.74
E-0021119,1.4162927,200.38,7.45,126.8,5.62,3.55,15.51,5.55,8.13
E-0021120,1.981103,136.9,10.77,127.02,7.06,2.75,9.63,3.47,5.5
E-0021121,1.2018563,210.14,6.44,118.84,5.32,3.75,20.12,7.11,9.87
E-0021122,1.1342511,189.2,7.84,139.64,4.1,5.15,22.9,8.03,10.79
E-0021123,2.8703883,95.22,74.76,616.27,10.07,1.33,4.62,3.96,4.44
E-0021124,2.618771,139.25,31.08,361.05,16.29,1.15,9.5,6.28,6.66
E-0021125,2.714872,218.56,20.42,279.98,16.72,1.09,10.27,4.99,6.28
E-0021126,2.802558,175.05,26.55,326.95,19.64,0.98,9.72,5.31,6.36
E-0021127,1.7797321,172.25,9.08,125.46,5.47,5.14,16.24,5.85,6.85
E-0021128,1.2959931,235.93,8.98,215.29,6.43,3.12,16.93,4.74,7.71
E-0021129,1.5442953,144.38,11.01,108.14,4.65,4.71,14.97,6.61,8.75
E-0021130,1.48431,198.34,9.54,147.02,3.99,6.2,14.51,8.49,11.94
E-0021131,1.5183187,194.76,10.19,155.82,4.08,6.15,14.01,8.41,11.74
E-0021132,1.5167392,196.93,10.03,155.2,4.21,5.95,14.02,8.31,11.69
E-0021133,0.9025321,207.75,6.59,117.73,1.98,9.92,17.79,8.18,13.61
E-0021134,0.21545635,216.79,6.37,70.48,0.43,18.77,23.24,4.66,10.13
E-0021135,2.890481,40.01,21.7,511.26,12.37,1.03,5.18,1.65,2.84
E-0021136,1.8890752,114.43,13.08,179.3,7.2,3.23,13.11,4.42,6.15
E-0021137,2.7057474,49.55,15.1,521.27,12.23,1.14,4.73,0.93,2.55
E-0021138,0.14716117,163.02,4.84,86.13,0.73,15.14,20,5.44,11.57
E-0021139,1.9264116,113.55,10.74,144.05,13.67,1.67,13.35,4.61,6.19
E-0021140,1.8344994,125.92,6.53,111.73,15.87,1.36,13.83,6.68,7.5
E-0021141,-0.025345974,234.48,3.89,73.34,1.73,9.55,23.4,7.24,14.4
E-0021142,2.2567887,173.34,16.8,344.35,19.38,1.01,12.46,5.36,5.51
E-0021143,1.6340894,210.69,13.6,195.53,14.75,1.38,20.59,8.73,8.89
E-0021144,2.3487926,62.68,25.98,300.62,11.57,1.58,8.37,3.54,4.75
E-0021145,3.2591476,21.24,26.88,504.64,7.02,1.26,3.18,1.04,2.01
E-0021146,1.3399057,191.03,6.48,114.7,5.08,3.9,17.36,5.24,7.91
E-0021147,1.1847228,196.39,7.8,107.9,2.98,6.45,20.26,6.42,9.31
E-0021148,0.81555647,228.24,5.4,103.45,1.49,10.65,27.69,9.39,12.79
E-0021149,1.7199849,146.51,10.54,146.82,5.82,3.51,12.61,4.35,6.46
E-0021150,1.6073865,179.31,11.22,177.44,6.38,2.98,13.92,4.72,6.87
E-0021151,1.7084317,187.01,11.8,191.34,9.04,2.64,14.27,4.76,6.62
E-0021152,1.8894027,119.44,11.44,146.36,9.58,2.39,11.22,4.18,5.76
E-0021153,1.6519036,167.18,8.58,114.73,10.12,2.43,15.56,6.99,8.04
E-0021154,2.3447607,39.16,12.25,188.15,14.62,1.48,7.83,4.41,3.13
E-0021155,1.923537,108.11,11.68,154.97,10.82,2.2,11.69,5.17,6.29
E-0021156,2.1905618,77.81,15.98,165.7,14.46,1.51,8.87,4.13,5.08
E-0021157,1.559975,156.53,9.64,87.02,7.94,3.36,18.33,8.47,9.37
E-0021158,2.4223757,36.73,30.29,316.95,12.49,1.5,6.47,3.34,4.35
E-0021159,0.20429412,258.21,2.22,54.74,0.38,18.92,46.77,14.64,19.88
E-0021160,0.95388305,217.76,7.36,131.71,2.1,8.99,24.87,7.09,9.72
E-0021161,0.54199713,186.95,2.58,65.02,2.38,9.95,28.72,7.99,12.64
E-0021162,2.2685325,149.13,12.71,149.44,14.05,1.67,9.17,7.33,7.55
E-0021163,2.5020735,45.26,29.92,429.56,13.31,1.51,6.19,5.08,5.29
E-0021164,2.5411036,158.42,24.47,208.35,10.89,1.64,6.47,4.67,5.42
E-0021165,2.6565695,182.83,52.34,344.17,9.79,1.54,6.22,4.69,5.11
E-0021166,2.361383,142.7,33.67,181.51,6.75,2.46,8.08,4.48,5.29
E-0021167,2.5606604,77.71,54.75,390.63,7.61,2.11,5.68,4.36,4.86
E-0021168,2.785708,15.97,23.32,319,11.96,1.43,4.56,2.49,3.62
E-0021169,2.6058948,164.85,19.73,267.69,12.88,1.27,6.64,4.01,5.14
E-0021170,1.8155072,217.8,9.02,76.49,12.47,2.07,15.3,10.25,10.25
E-0021171,3.0837467,45.53,81.42,785.84,9.32,1.22,3.74,2.85,3.58
E-0021172,2.649728,109.33,62.61,494.78,10.62,1.41,6,4.36,4.87
E-0021173,3.8861818,6.3,264.03,"1,164.99",4.59,1.26,1.28,1.11,1.85
E-0021174,2.2029006,227.02,17.79,351.83,10.45,1.46,15.24,5.51,6.98
E-0021175,2.7473361,126.2,20.56,337.39,15.1,1.2,9.44,4.82,5.76
E-0021176,1.807706,216.66,18.98,344.76,24.76,1.01,28.29,8.74,9.21
E-0021177,2.6127915,169.25,28.5,290.61,14.09,1.32,6.62,4.59,5.29
E-0021178,2.254723,138,12.39,158.1,16.63,1.38,9.87,6.54,7.1
E-0021179,2.8295245,33.6,38.29,403.06,8.79,1.43,4.34,2.51,3.38
E-0021180,2.7032642,27.05,49.37,433.14,10.49,1.31,5.07,3.7,4.32
E-0021181,2.523556,47,12.51,110.15,8.72,1.87,6.26,3.1,4.25
E-0021182,2.1273942,88.04,19.2,260.53,5.89,4.23,7.16,4.26,6.38
E-0021183,2.1506393,92.07,19.66,273.42,6.27,3.84,7.07,4.11,6.23
E-0021184,1.9508338,156.61,17.88,319.04,7.16,3.47,11.5,4.39,5.93
E-0021185,2.3718078,86.12,21.12,366.33,9.04,2.27,7.78,3.3,4.6
E-0021186,2.0662773,75.91,20.13,152.39,6.39,3.35,7.11,6.16,7.35
E-0021187,2.1037803,83.87,25.22,225.87,5.42,4.28,7.94,4.08,5.49
E-0021188,0.69432646,218.81,8.76,94.22,1.98,9.5,20.69,9.38,14.06
E-0021189,0.5432867,220.27,8.37,73.47,1.36,12.78,23.14,9.81,14.45
E-0021190,1.455078,181.96,11.38,202,4.48,5.48,19.19,7.73,9.65
E-0021191,1.9334378,133.7,18.41,252.14,9,2.58,12.34,6.09,7.67
E-0021192,1.7292439,146.65,9.67,128.53,6.97,3.33,15.54,7.39,8.93
E-0021193,1.6633567,164.47,10.31,99.31,10.08,2.53,18.4,7.83,9.27
E-0021194,1.8311054,168.62,15.57,256.01,10.01,2.34,14.15,5.38,6.84
E-0021195,2.91738,100.94,24.31,791.74,12.27,1.08,5.63,1.79,2.84
E-0021196,1.3412099,175.74,6.55,157.24,13.18,1.85,20.58,10.57,10.38
E-0021197,1.9102267,151.12,13.09,205.56,13.3,1.7,14.29,5.27,5.95
E-0021198,3.0746984,30.83,18.75,307.84,8.77,1.31,3.97,1.61,2.42
E-0021199,1.8621515,148.18,16.08,317.23,11.22,2.02,13.08,4.69,6.25
E-0021200,2.7583694,80.88,17.73,525.58,13.34,1.01,6.21,2,3.2
E-0021201,3.5293038,24.55,17.83,592.25,6.92,1.08,2.55,0.58,1.52
E-0021202,2.7012827,63.33,22.31,359.74,7.96,1.54,6.48,2.07,3.27
E-0021203,1.2519287,181.12,5.97,66.95,7.39,3.03,21.56,8.11,10.92
E-0021204,1.791007,121.47,14.96,158.07,8.34,2.84,12.21,5.44,7.52
E-0021205,1.1222525,174.37,6.49,82.07,2.87,6.51,10.98,3.16,6.36
E-0021206,0.03155412,205.17,3.84,109.2,0.77,15.4,30.95,6.93,13.36
E-0021207,2.0965402,157.2,15.64,311.44,14.92,1.45,11.34,4.04,4.82
E-0021208,2.1301477,84.87,18.67,156.68,14.43,1.6,9.41,4.56,5.46
E-0021209,1.5048904,164.58,8.63,141.62,5.91,3.7,17.05,5.76,8.12
E-0021210,1.2046179,220.18,5.98,128.1,4.4,4.29,19.87,6.18,9.08
E-0021211,0.30459645,150.36,4.62,63.27,2.33,6.46,16.35,4.85,10.05
E-0021212,1.6953412,181.74,16.91,198.49,5.19,4.94,12.8,6.01,8.58
E-0021213,1.3701706,210.38,6.55,94.56,6.94,3.69,22.24,9.86,10.59
E-0021214,1.6360644,179.58,13.61,162.28,5.02,4.81,15.85,5.84,7.83
E-0021215,1.9844413,113.93,16.95,268.45,9.74,2.43,11.38,4.8,6.19
E-0021216,2.0711114,128.15,17.35,261.8,9.55,2.11,10.37,3.82,5.1
E-0021217,2.9535944,65.16,17.84,467.26,10.85,1.07,4.62,1.65,2.61
E-0021218,1.6901964,175.13,13.34,172.69,5.32,4.63,15.93,6.97,9.01
E-0021219,2.5848505,57.42,18.17,398.16,12.63,1.22,5.82,1.79,3.16
E-0021220,1.6713684,187.7,13.22,200.85,5.43,4.92,14.98,7.93,10.05
E-0021221,1.9438885,120.76,14.78,197.16,16.82,1.35,13.56,6.56,7.52
E-0021222,1.7677921,163.12,10.65,125.9,12.57,1.96,16.75,7.34,8.64
E-0021223,2.4217203,95.15,19.05,414.86,14.62,1.2,8.55,2.75,3.99
E-0021224,3.4736578,28.99,18.07,469.18,4.25,1.47,2.56,0.77,1.64
E-0021225,2.8736677,39.84,18.86,423.33,10.44,1.26,5.94,1.81,3.04
E-0021226,1.4956931,143.96,12.47,179.45,5.66,4.21,16.86,5.93,7.71
E-0021227,2.4109457,76.72,16.89,340.19,13.71,1.23,7.76,3.06,4.21
E-0021228,2.4254606,76.13,26.52,360.23,9.88,1.75,7.32,2.77,4.1
E-0021229,3.1423047,22.66,23.68,471.81,6.34,1.42,3.53,1.1,2.18
E-0021230,2.4240735,100.31,19.7,423.08,12.64,1.44,8.81,3.08,4.31
E-0021231,3.1031644,56.55,23.49,552.35,9.71,1.12,3.99,1.22,2.18
E-0021232,1.6744708,174.38,10.47,149.28,9.68,2.51,16.69,7.01,8.38
E-0021233,2.2107973,128.1,14.51,259.79,15.22,1.22,10.31,4.23,5.25
E-0021234,2.1851125,102.51,15.8,243.35,14.41,1.27,8.58,3.44,5.06
E-0021235,2.0046067,103.59,16.02,243.83,8.3,2.69,10.12,3.82,5.75
E-0021236,2.036665,105.45,16.02,242.97,8.88,2.43,10.21,3.77,5.72
E-0021237,0.13328491,214.27,4.24,103.9,1.02,12.78,24.87,5.79,12.01
E-0021238,1.3037977,190.38,6.51,119.55,4.59,4.42,17.67,4.84,7.53
E-0021239,2.595206,60.11,31.2,389.83,8.84,2.05,4.8,2.79,3.89
E-0021240,2.637367,51.64,21.88,304.82,11.72,1.41,4.54,2.56,3.65
E-0021241,1.4426764,215.43,5.87,125.29,6.65,2.97,14.93,5.43,7.83
E-0021242,0.16495682,230.35,3.37,86.6,1.23,11.25,23.66,5.43,11.17
E-0021243,2.0317543,138.18,15.7,255.55,11.2,1.95,10.36,5.01,6.44
E-0021244,1.9912049,139.47,10.7,124.73,9.42,2.04,10.06,3.27,5.24
E-0021245,1.7434741,136.76,6.51,84.1,14.1,1.63,16.31,8.63,9.33
E-0021246,3.3315935,34.39,131.34,771.44,7.22,1.23,2.98,2.28,3
E-0021247,2.9193912,76.67,73.12,520.37,9.46,1.25,4.65,3.5,4.11
E-0021248,0.7905859,231.08,3.46,84.25,8.67,2.47,30.33,7.68,12.61
E-0021249,1.6180289,250.16,13.54,244.37,21.49,1.21,32.18,13.06,12.77
E-0021250,2.6870453,192.37,20.58,255.37,19.15,1,9.85,4.83,6.18
E-0021251,3.2634172,46.81,26.3,483.18,9.26,1.12,3.13,1.48,2.66
E-0021252,2.954499,194.13,24.39,320.74,8.07,1.14,5.31,1.84,3.31
E-0021253,1.908309,68.71,9.76,69.41,7.1,3.33,10.24,5.47,6.74
E-0021254,2.1389904,72.5,14.57,241.63,12.62,1.68,10.34,3.55,5.09
E-0021255,2.1931417,120.56,14.72,291.4,17.42,1.17,11.41,4.55,5.72
E-0021256,2.7058825,62.38,18.11,439.09,14.83,1.09,6.64,2.81,3.67
E-0021257,2.582034,46.44,15.45,306.42,12.16,1.35,6.07,2.73,3.64
E-0021258,2.7225168,69.64,18.87,364.75,11.7,1.2,6.33,2.38,3.38
E-0021259,1.6155738,140.58,9.96,109.74,7.46,3.16,16.65,7.58,8.83
E-0021260,1.9793196,127.83,11.43,178.41,16.1,1.27,11.76,5.41,6.41
E-0021261,1.9425611,131.28,21.09,260.26,8.96,2.41,11.77,4.61,5.64
E-0021262,2.8220806,43.57,34.3,552.64,11.08,1.2,5.41,2.36,3.51
E-0021263,0.5121228,200.8,5.49,62.36,2.03,5.06,32.78,11.82,17.05
E-0021264,1.6660483,161.72,7.91,101.85,9.52,2.28,14,4.85,6.82
E-0021265,1.7940274,154.97,11.19,110.02,8.83,2.39,11.31,3.77,5.96
E-0021266,1.9853013,105.74,10.66,98.17,8.92,2.22,9.25,3.13,4.91
E-0021267,1.668095,168.43,10.65,137.19,5.8,3.81,13.73,4.56,6.8
E-0021268,1.832465,122.02,10.69,112.54,5.83,3.82,11.92,3.97,5.79
E-0021269,2.2457323,87.11,25.35,313.15,9.84,2.14,7.84,3.86,5.35
E-0021270,1.4569556,190.9,6.13,103.32,5.88,3.42,15.24,4.72,7.34
E-0021271,2.1318777,83.7,13.17,147.49,16.34,1.33,11.04,5.51,6.13
E-0021272,2.8208532,68.16,20.26,426.56,10.84,1.2,5.25,2.26,3.21
E-0021273,1.9420657,91.98,7.46,112.86,17.08,1.34,13.21,7.44,7.99
E-0021274,2.0090477,96.51,11.45,180.55,10.17,2.24,11.96,6.44,7.49
E-0021275,2.3071177,64.34,18.04,179.73,8.53,2.36,8.34,4.02,5.38
E-0021276,1.7723445,152.78,9.69,178.74,11.36,2.03,16.64,6.94,7.94
E-0021277,1.4414157,188.87,6.19,60.46,12.61,1.81,19.04,7.28,9.31
E-0021278,2.455708,65.74,21.16,183.98,6.47,2.48,6.54,2.68,3.71
E-0021279,3.749173,20.35,71,542.85,3.45,1.53,1.38,0.59,1.37
E-0021280,3.51869,89.57,77.57,580.55,5.86,1.5,2.26,1.5,2.45
E-0021281,3.9661303,5.04,70.61,601.62,2.02,1.54,0.98,0.35,0.99
E-0021282,3.7115972,33.31,75.16,570.12,3.85,1.33,1.74,0.68,1.62
E-0021283,3.8088543,20.8,87.3,734.19,5.04,1.34,1.48,0.79,1.66
E-0021284,3.0945098,87.53,28.23,415.58,10.96,0.99,5.71,2.4,3.93
E-0021285,3.1719337,24.92,54.1,557.86,7.9,1.32,3.01,1.84,2.79
E-0021286,2.482932,146.79,41.17,317.09,8.11,1.7,8,4.52,5.29
E-0021287,2.5903406,165.14,37.71,390.69,9.56,1.26,7.7,4.23,5.04
E-0021288,3.1050403,41.46,93.87,695.87,6.96,1.47,3.24,2.49,3.16
E-0021289,2.435633,113.73,46.85,423.34,13.94,1.33,8.2,6.75,6.66
E-0021290,2.9202583,56.32,101.39,734.24,8.95,1.34,4.17,3.65,4.14
E-0021291,2.5573027,101.62,48.38,431.95,10.5,1.66,6.12,4.6,5.12
E-0021292,2.7065382,135.7,69.63,502.41,12.83,1.22,6.66,5.84,5.88
E-0021293,3.1028242,53.43,31.23,667.53,9.57,1.13,4.63,2.64,3.51
E-0021294,2.75259,147.09,23.68,597.82,16.57,0.89,8.21,4.48,5.68
E-0021631,2.7382343,97.6,32.38,463.12,11.87,1.23,7.44,4.22,5
E-0021632,2.5129929,157.44,25,370.14,14.41,1.1,11.32,5.94,6.86
E-0021633,3.1434126,20.07,103.67,543.8,7.23,1.13,3.64,2.31,3.11
E-0021634,2.3469472,258.83,17.39,243.73,18.36,1.13,18.8,5.81,7.18
E-0021635,2.6228943,104.39,57.32,423.34,9.29,1.74,6.12,4.19,4.85
E-0021636,2.602021,116.23,54.05,406.94,9.19,1.8,6.41,4.25,4.94
E-0021637,2.7701166,82.66,89.99,671.2,11.52,1.27,5.18,4.71,4.99
E-0021638,3.041434,59.8,136.66,867.18,8.52,1.33,3.78,3.08,3.78
E-0021639,2.9032183,126.33,26.18,394.27,18.58,0.96,6.76,3.66,4.96
E-0021640,3.4159362,9.93,118.86,802.21,6.48,1.04,2.37,1.61,2.41
E-0021641,2.1024365,116.96,20.9,256.34,7.16,3.18,10.09,4.33,6.14
E-0021642,2.174213,96.54,15.88,212.94,13.39,1.58,10.26,4.17,5.82
E-0021643,1.7349335,160.78,13.19,180.48,6.76,3.51,11.35,5.39,8.05
E-0021644,1.2790332,136.28,10.03,136.98,2.65,8.39,13.76,5.04,8.53
E-0021645,1.8165439,160.11,14.77,225.66,10.01,2.3,15.73,5.81,7.05
E-0021646,2.4363265,124.02,22,441.4,14.9,1.18,9.38,3.24,4.3
E-0021647,1.3600757,153.75,9.3,120.42,4.13,5.57,20.51,7.17,9.24
E-0021648,3.5581548,20.91,27.16,530.98,5.11,1.35,2.27,0.8,1.75
E-0021649,1.4889778,228.88,7.12,111.57,11.36,1.51,16.37,5.61,7.97
E-0021650,1.6741794,155.39,8.05,111.71,7.83,2.28,13.01,4.23,6.94
E-0021651,1.4721771,196.54,10.65,203.18,6.2,3.2,15.47,5.1,7.47
E-0021652,1.5254855,208.67,9.6,186.63,5.01,3.82,13.79,3.91,6.31
E-0021653,1.8059691,130.11,7.75,86.13,9.82,2.17,12.2,4.35,5.99
E-0021654,2.3951824,38.86,10.63,188.79,16.07,1.22,8.81,4.92,3.81
E-0021655,2.1696057,96.26,20.25,273.66,10.48,2.06,8.81,3.82,5.37
E-0021656,1.9365765,137.59,14.33,147.44,5.8,3.5,10.08,3.17,5.17
E-0021657,2.205096,71.07,10.18,117.5,14.73,1.42,9.65,4.83,6.16
E-0021658,1.9226489,147.81,10.17,154.31,15.45,1.45,13.95,5.3,6.79
E-0021659,1.9494574,154.19,14.05,206.37,9.34,2.42,13.08,4.93,6.62
E-0021660,1.7356842,138.18,7.27,124.37,17.54,1.32,17.78,7.67,8.19
E-0021661,2.2813988,53.11,10.01,294.38,20.34,0.97,11.08,5.13,5.22
E-0021662,2.623474,52.04,14.67,418.08,13.77,1.07,5.82,1.75,3.11
E-0021663,2.3831909,133.59,11.44,272.1,10.5,1.25,5.49,1.53,3.09
E-0021664,3.086654,22.93,19.63,471.6,9.16,1.06,3.21,1,2.15
E-0021665,1.9760127,113.5,13.49,161.43,15.22,1.43,12.77,6.19,7.13
E-0021666,1.42444,179.06,5.87,63.67,8.39,2.53,14.84,5.53,8.44
E-0021667,2.3964593,69.14,15.09,146.13,9.08,1.77,7.14,2.97,3.92
E-0021668,1.8546389,164.79,9.27,137.48,12.69,1.84,13.75,6.52,7.81
E-0021669,2.5062757,10.33,81,449.7,1.1,27.21,4.71,2.44,2.1
E-0021670,2.799704,8.47,117.85,598.57,1.57,15.98,3.37,1.84,1.74
E-0021671,2.9697132,5.82,151.83,745.88,1.31,16.54,2.56,1.46,1.44
E-0021675,2.629811,241.92,27.34,166.64,15.04,1.16,4.97,5.91,6.45
E-0021677,2.6327295,124.11,25.26,209.31,14.25,1.12,7.14,5.3,6.2
E-0021679,3.748161,13.15,163.25,608.14,2.91,1.71,0.99,0.92,1.48
E-0021680,2.9845526,35.5,34.48,326.84,12.36,1.23,3.21,2.74,3.57
E-0021681,2.5911353,204.92,28.19,367.26,13.88,1.16,8.47,5.05,5.93
E-0021682,2.9379778,80.32,129.46,788.64,10.86,1.17,4.43,4.18,4.62
E-0021683,3.16177,51.59,134.3,796.31,8.75,1.2,3.76,2.96,3.66
E-0021684,3.019361,63.03,133.07,863.66,8.84,1.32,3.91,3.2,3.87
E-0021685,2.8886073,136.84,20.71,295.6,20.11,0.94,7.98,3.78,5.19
E-0021686,2.3647554,237.65,12.69,661.94,10.9,1.24,10.41,3.38,5.5
E-0021687,2.9949982,74.51,64.04,658.88,6.71,1.37,4.65,2.65,3.42
E-0021688,2.4175434,169.66,19.22,828.95,10.97,1.14,8.82,3.54,5.17
E-0021690,1.0279285,224.54,4.84,86.35,8.77,2.53,30.23,12.05,14.73
E-0021691,0.98506594,224.44,4.61,84.03,8.52,2.57,31.33,12.35,15.07
E-0021692,1.2941182,207.76,5.5,107.87,6.88,3.4,22.98,8.11,10.73
E-0021693,0.7722979,229.51,2.27,67.22,7.73,2.85,27.91,10,13.56
E-0021694,1.0376408,217.84,1.86,92.66,5.17,5.45,34.94,11.33,16.11
E-0021695,0.93112254,224.63,2.06,52.95,2.38,7.79,23.03,10.44,15.29
E-0021696,1.6462322,144.71,5.46,157.14,5.7,4.39,12.23,7,9.07
E-0021697,1.0247968,192.11,1.5,80.63,2.68,8.49,22.1,12.33,16.6
E-0021698,0.97321284,239.58,1.87,105.42,2.42,10.22,24.8,10.89,14.45
E-0021699,2.5384781,33.47,22.31,236.45,8.54,2.12,5.9,3.03,3.23
E-0021700,1.327373,219.89,5.34,105.73,11.12,2.11,18.31,8.37,10.33
E-0021701,2.6023693,30.8,16.29,209.88,13.19,1.34,5.64,3.14,2.95
E-0021702,1.6914954,167.2,14.57,140.84,4.56,4.89,12.12,3.99,6.5
E-0021703,1.888509,106.26,14.94,120.8,4.59,4.83,10.1,3.44,5.37
E-0021704,2.241092,61.54,11.65,172.88,10.26,1.49,6.99,2.47,4.06
E-0021705,1.5766306,184.27,7.24,76.48,12.7,1.76,15.95,6.42,8.49
E-0021706,1.478607,168.59,5.88,143.52,11.96,1.83,14.51,5.16,6.91
E-0021707,1.6963364,167.93,6,149.26,15.24,1.45,14.16,5.73,7.06
E-0021708,2.0606692,110.84,11.64,151.23,14.47,1.43,11.79,5.58,6.6
E-0021709,1.6607349,227.35,3.51,251.48,11.87,1.66,12.79,4.81,7.58
E-0021710,1.7043161,218.06,5.01,201.73,11.43,1.83,13.64,4.77,7.25
E-0021711,2.144625,156.27,6.88,458.81,14.29,1.37,8.29,3.57,5.59
E-0021712,2.190421,54.66,9.01,541.52,14.79,1.31,8.84,3.66,4.17
E-0021713,2.0037727,52.39,6.54,517.15,15.14,1.48,11.01,4.92,5.92
E-0021714,1.9390748,183.16,6.92,484,12.84,1.65,9.56,4.21,6.63
E-0021715,1.8242309,190.86,3.32,647.58,15.06,1.62,10.71,5.67,8.58
E-0021716,1.5703363,220.82,5.52,244.99,10.79,2.14,15.11,5.77,8.24
E-0021717,0.6216129,231,3.76,106.71,3.98,5.19,15.4,4.9,9.58
E-0021718,2.361736,60.71,12.7,177.83,16.05,1.2,8.66,4.28,5.05
E-0021719,1.9397742,70.82,8.16,267.18,12.08,1.77,8.5,5.81,6.83
E-0021720,1.3242035,246.07,1.21,91.92,5.66,4.95,15.37,9.52,14.08
E-0021721,1.2784936,250.73,0.93,71.34,5.24,5.36,17.38,10.82,16.04
E-0021722,1.9799697,96.91,8.55,91.33,16.99,1.25,11.12,6.19,6.74
E-0021723,1.9842727,99.45,8.42,93.58,17.01,1.25,11.07,6.15,6.74
E-0021724,1.6440725,143.31,6.38,107,14.58,1.62,17.05,7.44,8.61
E-0021725,2.1321275,105.35,21.86,230.11,8.1,2.82,8.89,4.15,5.49
E-0021726,2.2527044,98.03,21.13,248.23,15.15,1.26,9.76,4.33,5.38
E-0021727,2.8401747,41.51,30.56,220.43,9.78,1.28,4.34,2.09,3.03
E-0021728,3.0558605,23.48,43.12,258.03,6.42,1.52,3.5,1.59,2.43
E-0021729,3.2499964,26.88,86.07,422.08,6.51,1.4,2.25,2.25,2.72
E-0021730,3.943647,6.72,30.69,623.72,2.17,1.28,1.25,0.38,1.15
E-0021731,3.065821,138.96,64.8,389.93,5.16,1.39,6.21,2.84,4
E-0021732,2.728144,121.17,69.08,435.87,7.05,1.39,6.76,3.57,4.46
E-0021733,2.9126623,84.29,133.31,773.71,10.63,1.19,4.62,4.37,4.75
E-0021734,3.1392748,51.44,133.88,793.12,8.87,1.21,3.82,3.03,3.72
E-0021735,1.7863901,255.49,10.32,378.81,10.68,1.57,22.07,7.05,8.84
E-0021736,2.7502778,187.46,21.59,397.94,16.31,1.11,8.02,4.03,5.42
E-0021737,1.6976352,240.66,7.37,85.23,16.09,1.77,17.91,12.31,12.13
E-0021738,2.0956924,263.82,13.63,307.85,20.31,1.11,22.12,6.6,8.25
E-0021739,2.617263,164.21,15.04,758.58,8.9,1.24,8.45,2.72,4.58
E-0021740,2.9142694,149.19,28.52,605.91,13.95,1,5.66,3.61,4.65
E-0021741,2.0838435,201.51,19.29,421.37,10.75,1.36,12.32,5.15,6.57
E-0021742,2.6801293,216.16,50.74,366.64,3.08,1.71,5.99,2.61,3.86
E-0022435,2.3520873,47.24,21.34,142.37,8.13,2.22,6.96,3.39,4.44
E-0022436,2.093801,33.83,13.31,71.18,9.14,1.93,7.54,3.52,4.49
E-0022437,2.134686,131.78,17.86,244.15,8.79,2.25,10.34,3.88,5.21
E-0022438,3.3866336,10.98,25.37,457.93,5.26,1.35,2.5,0.84,1.73
E-0022439,1.9882805,114.37,12.8,360.11,19.65,1.14,14.5,5.78,6.42
E-0022440,3.528257,26.29,41.95,"1,037.16",7.91,0.97,2.49,0.98,1.98
E-0022441,1.3709048,178.26,8.96,92.14,5.36,3.98,13.42,4.69,7.38
E-0022442,1.8390498,142.01,8.64,114.48,9.9,2.29,10.95,4.62,6.75
E-0022443,2.5422077,66.04,17.88,229.8,11.46,1.41,5.1,2.52,3.71
E-0022444,0.24405433,255.83,0.65,60.22,2.15,8.59,21.13,5.47,12.68
E-0022445,1.3647068,164.89,5.74,60.77,5.36,2.71,8.59,2.34,5.05
E-0022446,2.448228,69.57,18.3,236.02,11.01,1.62,7.83,3.74,4.73
E-0022447,1.9604466,101.29,7.77,326.41,18.36,1.38,10.87,6.65,6.56
E-0022448,2.0789213,101.43,11.95,140.23,11.47,1.82,10.21,5.29,6.21
E-0022449,2.078006,102.73,11.67,141.68,11.6,1.81,10.27,5.3,6.24
E-0022450,1.6536789,159.93,9.22,163.3,7.71,3.05,15.55,6.81,8.65
E-0022451,2.3380842,110.76,13.25,162.35,13.2,1.36,7.83,3.44,4.9
E-0022452,1.8291491,171,7.73,74.61,9.8,2.49,13.06,6.72,7.93
E-0022453,1.9152163,73.91,5.53,106.65,15.26,1.47,14.8,8.25,7.29
E-0022454,1.5761595,189.19,9.32,115.31,7.59,2.89,15.83,6.18,8.32
E-0022455,1.6743616,220.5,2.97,366.26,10.57,2.06,11.51,4.14,7.17
E-0022456,1.5859914,213.66,4.19,311.42,10.25,2.55,16.3,6.45,9.01
E-0022457,1.6559566,141.01,7.96,110.96,11.74,1.98,15.78,5.88,7.56
E-0022458,2.4644852,70.74,17.39,185.43,10.24,1.56,6.37,2.85,3.93
E-0022460,2.6712043,56.85,55.57,455.5,10.74,1.29,5.96,3.74,4.48
E-0022461,3.0810866,33.13,91.43,504.1,7.2,1.31,3.39,2.38,3.04
E-0022462,1.9953773,235.28,17.83,422.03,10,1.58,15.45,5.37,7.11
E-0022463,1.9705333,252.75,10.99,309.44,10.92,1.56,14.87,5.33,7.27
E-0022464,2.0950239,220.63,14.14,392.21,10.02,1.54,14.46,5.34,6.91
E-0022465,2.849765,145.11,31.87,398.75,12.51,1.15,6.58,3.99,4.8
E-0022466,2.6489506,123.33,34.92,571.58,11.01,1.26,5.67,3.48,4.28
E-0022469,2.2057147,85.54,21.5,344.93,11.18,1.89,9.7,3.95,5.28
E-0022470,3.1261284,24.65,37.43,602.32,7.68,1.33,3.22,1.25,2.4
E-0022471,1.5221863,151.6,8.82,125.98,5.31,3.66,15.63,5.16,7.6
E-0022472,1.3537143,181.26,7.97,139.5,12.22,1.71,19.08,7.53,9.48
E-0022473,2.2050815,72.63,9.43,186.17,14.49,1.4,12.63,5.34,6.36
E-0022474,2.025596,70.26,9.59,213.1,19.04,1.12,15.14,6.84,7.32
E-0022475,1.5423523,100.43,10.09,53.87,10.63,2.21,18.37,9.82,10.54
E-0022476,1.5769469,171.75,5.15,126.77,16.4,1.39,17.33,6.75,7.85
E-0022477,2.9512951,25.97,18.49,504.46,8.7,1.17,3.43,1.12,2.34
E-0022478,1.0115734,207.57,4.24,60.85,6.39,3.08,19.81,8.4,11.03
E-0022479,1.8906372,86.21,5.34,237.48,15.28,1.59,13.6,6.99,4.9
E-0022480,1.7662709,189.73,8.16,356.5,15.69,1.61,12.46,6.07,6.6
E-0022481,1.4702083,196.55,7.96,92.17,8.16,2.78,18.41,6.75,8.86
E-0022482,1.6487738,202.06,7.89,113.08,7.98,2.6,14.34,5.56,7.61
E-0022483,2.4090002,117.7,19.64,231.84,9.57,1.81,7.35,3.25,4.65
E-0022484,1.6031961,205.04,5.71,83.48,11.46,1.85,14.94,5.97,8.09
E-0022485,1.8882178,143.91,7.88,106.82,14.08,1.58,12.33,5.87,7.68
E-0022486,1.7600055,224.13,7.87,80.59,8.95,2.57,11.38,5.3,7.24
E-0022487,1.7100253,182.17,9.43,90.45,10.9,2.19,15.72,6.95,8.63
E-0022488,2.1573956,84.76,9.54,159.14,13.93,1.46,10.57,5.18,6.15
E-0022489,1.7578219,132.46,8.8,85.63,11.8,2.08,16.54,8.51,9.03
E-0022490,1.952409,105.08,10.94,154.02,11.85,1.78,10.12,5.09,6.29
E-0022491,1.7165402,159.58,8.53,113.89,14.51,1.59,13.99,7.46,8.53
E-0022492,1.7456342,154.67,8.83,117.16,14.88,1.54,13.63,7.41,8.39
E-0022493,0.9655614,207.52,5.01,31.3,5.58,3.51,21.05,9.5,12.28
E-0022494,1.5705298,179.38,7.71,87.95,7.2,2.07,10.42,3.21,5.34
E-0022495,2.403696,55.06,13.78,283.25,16.11,1.19,10.06,4.76,5.64
E-0022496,1.6125866,163.58,6.13,83.6,10.1,2.41,15.86,6.54,8.47
E-0022497,1.5724154,170.62,5.83,78.99,9.65,2.54,16.36,6.65,8.72
E-0022498,2.9082205,81.66,33,309.37,10.67,1.27,4.65,3.8,4.45
E-0022499,2.3803387,66.08,34.46,361.22,12.15,1.5,7.12,5.54,5.78
E-0022500,2.7068863,85.68,43.25,333.86,9.17,1.41,5.24,3.68,4.33
E-0022501,2.7046094,184.96,40.71,479.68,15.82,1.05,8.65,5.14,5.91
E-0022502,2.720956,131.45,70.13,467.94,8.41,1.36,5.85,3.62,4.32
E-0022503,2.8745618,52.97,91.24,598.33,7.17,1.57,4.39,3.18,3.79
E-0022504,2.856599,52.8,94.48,619,7.42,1.56,4.44,3.33,3.91
E-0022505,2.0506759,246.02,12.22,342.89,20.77,1.06,22.49,6.47,8.21
E-0022506,2.1246135,233.17,17.3,386.13,17.87,1.12,20.02,7.64,8.38
E-0022507,2.0574296,247.39,14.93,167.69,9.62,1.94,12.81,6.2,7.49
E-0022508,2.339316,223.16,15.38,751.84,11.93,1.14,11.68,3.58,5.64
E-0022509,2.097874,265.58,10.19,839.11,13.07,1.1,17.41,4.58,7.2
E-0022510,3.3699505,26.05,73.35,729.17,6.28,1.19,2.3,1.53,2.27
E-0022511,1.9015847,139.9,13.12,156.88,8.79,2.57,13.51,6,7.47
E-0022512,0.9357239,197.3,4.81,66.71,5.56,3.6,28.51,15.26,16.96
E-0022513,2.267565,69.54,8.62,224.32,16.73,1.02,9.49,4.04,4.81
E-0022514,2.1606655,83.06,9.25,234.99,18.94,1.08,11.74,5.43,5.62
E-0022515,1.6165037,141.98,3.67,173.42,10.55,1.95,15.57,4.34,6.88
E-0022516,1.7808844,187.12,6.67,497.76,18.39,1.39,19.4,7.54,8.74
E-0022517,1.2037066,182.86,4.7,56.01,8.72,2.41,18.46,7.5,10.64
E-0022518,2.3551016,89.66,12.75,184.62,11.52,1.7,9.56,3.69,5.25
E-0022519,1.6426325,210.41,7.69,107.82,8.37,2.51,14.11,5.17,7.22
E-0022520,1.948638,140.13,12.33,187.81,9.54,2.38,11.96,5.72,7.41
E-0022521,1.6263089,204.22,5.91,78.61,11.5,1.77,13.62,5.27,7.31
E-0022522,2.3150759,108.28,14.75,226.79,14.35,1.31,8.52,4.09,5.43
E-0022523,2.3289213,108.13,14.99,227.37,14.34,1.31,8.38,4.08,5.43
E-0022524,2.015383,156.36,9.36,151.69,11.55,1.72,10.69,4.39,6.33
E-0022525,2.0015879,95.88,9.18,132.67,13.61,1.57,12.52,5.88,6.47
E-0022526,1.8907449,62.83,10.49,148.71,18.42,1.19,16.45,8.13,8.03
E-0022527,2.2208624,72.43,10.57,217.27,18.39,1.08,12.35,4.88,5.58
E-0022528,1.7417886,177.47,11.16,212.75,14.38,1.69,16.56,6.61,6.9
E-0022529,2.576643,81.71,21.46,244.51,8.5,1.78,5.46,2.65,3.75
E-0022530,1.4880631,173.91,3.99,32.92,10.25,2.42,12.19,9.9,13.74
E-0022531,1.7094115,158.88,6.51,48.36,9.54,2.44,11.17,7.03,9.53
E-0022532,2.161024,144.27,8.72,311.6,13.24,1.4,11.24,2.98,4.68
E-0022533,2.523676,37.7,13.04,282.24,16.03,1.05,8.59,4.08,4.74
E-0022534,2.4300354,91.27,12.15,196.94,10.13,1.47,6.68,2.74,4.32
E-0022535,2.0966387,117.55,8.93,129.9,13.93,1.42,8.73,4.63,6.32
E-0022536,2.1020103,118.16,13.74,201.03,9.05,2.33,9.34,4.83,6.31
E-0022537,2.5810943,55.87,17.28,266.31,11.51,1.44,7.36,3.48,4.58
E-0022538,2.3724694,65.3,14.94,255.76,15.23,1.28,10.1,4.78,5.5
E-0022539,1.8790123,125.44,7.26,138.5,14.99,1.43,13.79,6.89,7.54
E-0022540,2.265143,181.94,40.85,589.84,8.31,1.47,10.38,3.9,5.5
E-0022542,2.1980524,250.28,14.18,460.46,17.04,1.17,18.54,6.24,7.63
E-0022543,1.9704474,237.76,15.9,179.53,9.58,1.93,16.24,7.27,8.73
E-0022544,2.1515856,231.78,25.63,283.68,9.9,1.93,13.58,6.15,7.37
E-0022545,2.57725,152.19,42.16,"1,062",8.02,1.31,7.43,2.59,4.21
E-0022546,2.9381113,142.29,35.75,604.01,17.11,0.89,6.43,4.03,4.89
E-0022547,3.1486042,21.55,38.47,579.02,6.26,1.29,2.95,1.69,2.49
E-0022548,2.3036845,173.72,33.27,357.57,10.24,1.62,8.16,4.62,5.44
E-0022549,2.34142,171.37,33.23,370.36,10.55,1.53,7.93,4.44,5.3
E-0022550,2.6385186,92.36,31.63,347.57,10.07,1.44,5.07,3.57,4.31
E-0022551,1.9871345,267.4,21.99,265.77,20.24,1.14,24.19,7.13,8.72
E-0022552,2.2581894,222.34,20.72,281.02,8.81,1.85,13.85,5.73,6.97
E-0022553,1.5992545,268.78,11.08,208.68,6.7,3.24,23.29,8.65,9.61
E-0022554,2.1821902,228.66,24.89,460.02,9.08,1.55,12.95,5.06,6.39
E-0022555,2.2191358,235.16,28.62,391.29,6.93,1.84,14.25,4.94,6.13
E-0022556,2.3262432,235.95,33.53,572.58,7.8,1.62,11.84,3.94,5.6
E-0022557,2.793324,257.46,64.31,335.65,2.59,1.89,7.41,2.56,3.94
E-0022558,1.8792044,127.67,9.46,106.64,15.51,1.44,14.3,6.34,7.6
E-0022559,2.1268818,89.98,13.32,201.49,14.89,1.41,11.98,5.04,6.32
E-0022560,2.6255028,53.36,17.07,185.41,12.43,1.3,5.59,2.68,3.84
E-0022561,2.6314514,59.91,24.93,245.07,8.69,1.83,5.65,2.68,3.76
E-0022562,2.0567226,121.08,13.16,162.41,13.38,1.58,12.44,5.63,6.39
E-0022563,2.0552769,121.79,13.02,162.49,13.49,1.57,12.44,5.59,6.4
E-0022564,2.070599,73.86,9.49,142.11,14.41,1.48,12.68,6.73,6.29
E-0022565,2.4393024,42.42,21.07,229.14,14.11,1.26,8.23,4.06,4.81
E-0022566,1.7752435,177.62,7.92,99.34,9.7,2.18,14.82,4.73,6.93
E-0022567,2.392527,123.35,14.78,207.69,9.94,1.38,7.69,2.44,3.97
E-0022568,1.5603641,182.75,6.71,80.54,11.47,1.94,17.43,6.49,8.59
E-0022569,2.5567267,73.48,14.71,184.55,11.73,1.32,5.27,2.65,3.89
E-0022570,2.6287794,74.5,16.42,195.47,10.26,1.38,5.77,2.6,3.76
E-0022571,2.5010264,46.79,9.26,546.48,19.09,0.99,10.82,3.5,4.32
E-0022572,1.7326303,156.62,9.8,120.16,8.7,2.02,11.49,3.75,5.48
E-0022573,2.5836952,48.93,17.84,301.35,12.35,1.39,7.17,3.76,4.86
E-0022574,2.9838216,30.44,24.76,327.59,9.05,1.39,4.5,2.12,3.07
E-0022575,2.6410012,36.11,13.41,251,13.02,1.19,6.42,3.43,4.31
E-0022576,3.0775683,22.39,19.17,299.41,9.13,1.24,4.11,1.88,2.72
E-0022577,2.668609,41.19,14.23,241.12,11.73,1.25,6.63,3.15,4.06
E-0022578,1.8968107,128.78,7.03,111.63,15.74,1.36,11.13,6.86,7.09
E-0022579,1.9012076,124.66,7.12,110.63,15.95,1.34,11.11,6.88,7.06
E-0022580,1.8967848,137.65,6.2,92.21,13.15,1.67,11.62,5.4,7.05
E-0022581,1.6014931,171.63,7.95,76.33,8.15,2.9,16.98,6.69,8.1
E-0022582,1.2944837,186.94,6.14,92.69,6.25,3.77,18.35,6.27,8.63
E-0022583,1.8982248,147.66,10.43,93.48,9.66,2.31,11.66,4.65,6.13
E-0022584,1.5873889,166.14,7.47,88.5,9.38,2.63,14.77,7.13,8.7
E-0022585,1.9740295,111.9,10.63,135.65,11.19,1.94,10.9,5.35,6.44
E-0022586,2.0322196,104.89,16.31,194.23,6.65,3.34,9.97,4.68,6.14
E-0022587,1.3336307,154.92,8.64,132.85,15.04,1.49,26.35,10.75,10.53
E-0022588,2.9400709,38.81,25.5,309.29,9.03,1.44,4.64,2.16,3.08
E-0022589,2.419316,73.44,16.76,241.4,12.47,1.53,8.38,4.45,5.34
E-0022590,1.6186444,181.91,9.53,134.74,14.36,1.6,17.84,6.95,8.64
E-0022591,1.5866641,186.25,9.02,125.79,14.02,1.63,18.42,7.09,8.8
E-0022592,1.8150846,159.16,8.98,136.99,13.93,1.68,13.25,6.57,8.29
E-0022593,1.8640015,153.83,9.49,147.81,14.39,1.6,12.48,6.37,8.05
E-0022594,1.8571799,118.59,7.01,86.63,13.1,1.64,11.74,5.59,7.03
E-0022595,1.8450174,116.45,6.95,84.23,13.14,1.65,11.88,5.66,7.14
E-0022596,1.9198605,132.16,9.86,173.5,9.61,2.2,12.99,6.05,7.21
E-0022597,2.0727386,93.94,9.9,100.82,14.49,1.51,10.43,5.48,6.79
E-0022598,2.1375842,93.3,16.85,175.32,8.56,2.54,9.63,5.01,6.31
E-0022603,2.4018617,83.71,21.11,212.48,12.21,1.4,7.75,3.45,4.8
E-0022604,1.5154595,180.49,7.21,102.78,12.25,1.9,19.3,6.54,8.69
E-0022605,2.1269457,142.41,12.42,200.5,11.34,1.71,10.36,3.99,5.94
E-0022606,2.6099885,75.46,19.03,309.61,10.57,1.51,6.15,3.05,4.47
E-0022607,2.9750903,52.45,25.07,310.8,8.06,1.5,4.01,1.89,3
E-0022608,2.274073,115.92,13.92,215.69,9.95,1.79,8.36,3.42,5.14
E-0022609,2.6591816,63.5,13.2,241.05,11.07,1.3,5.47,2.67,4.04
E-0022610,3.066601,41.26,18.31,266.84,8.15,1.35,3.58,1.6,2.68
E-0022611,2.163436,80.31,8.47,166.66,13.33,1.49,8.05,4.18,5.71
E-0022612,2.6707034,56.7,14.01,247.83,11.68,1.33,4.84,2.38,3.59
E-0022613,1.7994095,165.46,6.43,110.92,10.75,1.69,9.69,3.95,5.85
E-0022614,1.5168055,157.67,8.62,143.74,6.53,3.3,14.46,5.38,7.68
E-0022615,3.0643344,25.62,29.11,205.91,7.73,1.23,3.83,1.81,2.74
E-0022616,2.006631,280.92,17.65,449.32,6.16,1.97,19.18,5.51,7.05
E-0022617,2.0955844,263.91,17.79,449.01,10.07,1.5,17.11,5.63,7.29
E-0022618,1.8609915,254.2,7.04,534.33,14.63,1.28,18.97,5.05,7.97
E-0022619,1.8440198,292.63,13.26,266.4,7.49,2.7,21.51,6.9,8.51
E-0022620,1.8372306,292.84,12.74,254.49,7.54,2.74,22.08,7.03,8.66
E-0022621,2.1988473,231.52,26.61,404.7,7.43,1.81,14.2,4.92,6.18
E-0022622,2.3194928,235.16,33.04,568.04,7.91,1.62,11.86,3.98,5.63
E-0022623,3.1570444,193.65,101.18,341.12,2.22,1.79,6.2,1.95,3.23
E-0022624,2.9238088,183.25,60.31,291.66,2.71,2.11,5.58,2.03,3.24
E-0022625,2.2562838,250.24,43.35,313.26,1.95,2.59,10.74,2.88,4.39
E-0022626,3.061237,192.62,72.94,353.96,1.84,2.22,6.12,1.83,3.12
E-0022627,1.389568,162.51,7.36,80.51,9.09,2.32,15.9,6.12,8.34
E-0022628,1.212697,217.06,5.34,58.81,15.41,1.33,16.7,8.67,10.52
E-0022629,1.5723746,191.04,6.53,88.31,12.1,1.87,18.16,6.77,8.55
E-0022630,1.2620721,168.77,7.79,117.57,5.4,3.89,11.89,3.74,6.87
E-0022631,1.5817772,147.32,6.83,95.28,11.32,1.9,14.47,5.53,7.59
E-0022632,1.7302138,149.19,12.9,237.86,12.67,1.75,14.21,5.56,7.36
E-0022633,1.777146,142.97,13.79,256.09,13.23,1.67,13.55,5.37,7.15
E-0022634,2.0695035,109.34,10.08,244.28,13.77,1.57,9.28,4.86,6.51
E-0022635,2.141892,103.75,10.6,261.69,14.27,1.47,8.61,4.63,6.21
E-0022636,2.5812893,69.98,15.54,345.32,13.67,1.27,5.74,2.98,4.28
E-0022637,2.6028605,68.3,15.65,343.28,13.66,1.27,5.63,2.96,4.25
E-0022638,2.0178006,139.97,9.69,205.61,13.11,1.51,9.83,4.12,6.03
E-0022639,2.0522377,135.81,9.89,210.55,13.33,1.46,9.48,4,5.88
E-0022640,1.7559952,196.56,6.47,98.63,10.77,1.76,12.26,4.75,6.65
E-0022641,0.7902119,184.24,4.37,68.39,4.47,4.05,17.21,5.15,9.29
E-0022642,1.7490094,197.63,8.18,130.44,7.57,2.63,12.97,4.79,6.71
E-0022643,0.60455316,194.34,4.5,97.01,1.96,8.44,20.29,5.22,10.08
E-0022658,1.8069264,241.26,7.23,93.07,12.68,2.05,22.87,8.74,10.49
E-0022659,3.3906145,13.3,56.36,410.23,5.1,1.41,2.34,1.32,2.04
E-0022660,1.9001575,271.41,6.05,253.79,9.45,1.56,16.95,4.69,7.22
E-0022661,2.247239,199.11,8.75,168.4,9.31,1.33,9.7,2.53,4.66
E-0022662,1.9940457,249.58,19.68,303.04,6.48,2.31,16.25,5.39,6.66
E-0022663,1.9565995,250.63,19.03,309.78,6.66,2.32,16.46,5.6,6.82
E-0022664,2.1482737,242.45,24.38,383.11,7.43,1.71,15.51,5.48,6.77
E-0022665,2.1558332,227.65,23.77,448.63,9.29,1.55,13.19,5.16,6.49
E-0022666,3.1531227,195.98,74.03,602.86,2.08,1.85,4.36,1.78,3
E-0022667,3.3103845,186.05,100.74,374.97,1.33,2.36,4.85,1.51,2.66
E-0022668,3.0916326,137.77,63.11,424.65,2.62,2.1,4.36,1.81,2.89
E-0022669,2.2553997,241.91,9.97,526.6,12.21,1.31,11.42,3.28,5.77
E-0022670,2.5551448,240.24,29.93,368.09,4.31,1.78,7.71,2.57,4.09
E-0022671,2.434612,190.66,23.59,351.8,11.85,1.39,10.45,4.6,5.85
E-0022745,2.5876145,100.19,17.9,256.14,10.49,1.4,6.07,2.72,3.96
E-0022746,1.1327405,208.77,4.44,60.97,9.38,2.47,24.67,9.42,12.11
E-0022747,-0.030498166,215.71,2.52,45.52,1.96,6.96,28.47,7.83,15.48
E-0022748,1.9843805,152.26,10.57,161.51,12.97,1.66,11.32,4.88,6.69
E-0022749,2.1232448,102.19,13.58,201.54,8.78,2.18,7.33,3.03,4.9
E-0022750,2.4131052,115.87,15.14,282.17,11.48,1.48,7.81,3.4,5.07
E-0022751,2.4762719,77.96,18.67,281.72,11.08,1.6,7.17,4.78,5.68
E-0022752,1.3368629,219.59,4.3,80.43,10.07,2.26,18.6,6.99,9.72
E-0022753,2.4306657,113.92,15.31,282.97,11.5,1.48,7.64,3.35,5.02
E-0022754,2.8669,62.54,27.9,401.72,9.78,1.43,4.71,2.43,3.48
E-0022755,2.907873,58.79,28.53,399.94,9.66,1.41,4.51,2.34,3.37
E-0022756,2.3677604,120.49,16.37,312.24,9.97,1.82,7.46,3.33,4.93
E-0022757,2.3556674,122.71,16.05,310.6,10.03,1.8,7.57,3.34,4.95
E-0022758,2.4680276,93.88,19.8,378.55,11.6,1.55,7.01,3.72,5.2
E-0022759,2.500096,91.11,20.55,388.41,11.61,1.54,6.74,3.64,5.09
E-0022760,1.9359943,193.39,7.12,105.56,8.57,2,10.69,3.49,5.49
E-0022761,0.91450113,186.38,5.22,67.63,3.77,5.19,15.2,3.65,7.23
E-0022762,1.6628251,180.06,8.84,173.32,8.61,2.8,15.34,6.13,8.3
E-0022763,0.7453472,191.04,5.31,122.39,2.87,6.8,17.68,5.35,9.89
E-0022764,1.8445114,186.53,8.5,179.22,9.49,2.31,11.97,4.97,7.04
E-0022765,2.6677063,86.22,26.35,386.94,9.57,1.62,5.69,2.84,4.08
E-0022766,2.2854328,100.05,13.13,291.48,9.31,1.93,7.64,2.98,4.73
E-0022767,2.4528832,96.84,11.75,236.39,8.66,1.7,5.64,2.34,3.81
E-0022768,3.1450605,26.62,23.09,375.39,6.6,1.69,2.93,1.47,2.34
E-0022769,2.7950752,39.65,19.26,373.25,8.94,1.61,4.33,2.23,3.34
E-0022770,2.5970001,58.3,28.54,345.31,12.64,1.51,6.1,4.03,5.14
E-0022771,1.4376453,173.22,10.92,194.57,7.8,2.83,11.97,4.37,7.09
E-0022772,1.3996717,178.5,10.58,186.4,7.53,2.94,12.39,4.46,7.25
E-0022773,1.2024398,128.15,7.95,149.27,3.92,5.01,9.93,3.26,6.21
E-0022798,2.707442,72.19,27.37,312.01,7.59,1.74,4.9,2.33,3.39
E-0022799,2.3405328,137.59,13.72,159.64,10.97,1.61,8.31,3.35,5.12
E-0022800,1.6910424,241.73,5.65,208.9,10.79,1.57,13.4,3.77,6.54
E-0022801,2.233444,226.32,14.19,383.32,8.95,1.4,10.53,3.41,5.57
E-0022802,1.9975258,259.21,4.72,138.25,9.68,1.63,13.68,3.61,6.38
E-0022803,3.2823493,176.87,91.67,329.17,1.61,2.31,4.38,1.62,2.76
E-0022804,3.3703794,133.16,59.19,329.88,1.18,2.2,3.64,1.26,2.21
E-0022805,3.488681,175.11,113.83,371.05,0.84,2.57,3.95,1.25,2.29
E-0022806,2.824576,161.85,34.64,453.88,14.54,1.05,8.08,3.96,4.85
E-0022807,2.3543308,250.28,46.91,326.35,1.88,2.53,9.86,2.66,4.14
E-0022808,2.4081135,105.19,14.43,221.58,10.91,1.55,7.14,3.28,5.05
E-0022809,2.2360861,114.31,14.63,275.77,11.87,1.71,9.19,3.83,5.52
E-0022810,2.198615,119.16,14.11,271.15,11.7,1.74,9.51,3.89,5.63
E-0022811,2.3237488,126.83,15.76,347.21,10.71,1.67,8.18,3.91,5.51
E-0022812,2.3409956,126.12,15.97,350.83,10.55,1.65,8.14,3.87,5.43
E-0022813,1.262645,217.82,5.13,108.51,5.46,4.03,19.22,7.33,10.27
E-0022814,-0.3159174,235.58,2.22,58.61,0.39,16.32,35.15,8.4,17.7
E-0022815,2.1790097,130.22,15.36,327.92,12.61,1.56,10.56,4.19,5.98
E-0022816,2.204935,125.55,15.86,333.99,12.83,1.55,10.33,4.15,5.92
E-0022817,2.0528765,193.8,14.28,222.48,9,2.44,9.19,4.63,6.38
E-0022818,2.0242083,195.33,13.7,212.73,8.89,2.49,9.51,4.68,6.48
E-0022819,1.0528121,204.42,7.07,148.46,4.89,4.57,15.09,5.58,9.13
E-0022820,1.6284852,191.05,8.78,200.76,10.83,2.2,15.53,6.54,8.67
E-0022821,2.315486,90.97,22.12,318.39,11.13,1.93,7.5,4.03,5.44
E-0022822,2.555937,83.54,15.33,254.15,10.52,1.53,5.87,2.65,4.04
E-0022823,1.5665009,155.76,10,137.48,5.64,3.67,9.2,3.23,5.68
E-0022824,1.564973,156.5,9.94,137.03,5.63,3.66,9.22,3.23,5.68
E-0022825,2.539831,85.81,15.24,256.07,10.55,1.53,5.97,2.68,4.09
E-0022826,2.9956973,38.97,26.76,336.96,8.23,1.52,3.56,1.9,2.78
E-0022827,2.9653661,41.43,26.6,339.63,8.34,1.53,3.68,1.95,2.86
E-0022828,1.5214043,159.21,10.15,153.94,8.88,2.25,10.91,4.26,6.7
E-0022829,1.1510286,200.32,6.16,116.06,7.21,3.03,12.9,5.24,8.39
E-0022830,1.3498825,150.88,7.15,85.68,6.57,2.91,10.49,3.6,6.46
E-0022831,1.7614076,169.05,8.38,176.83,13.09,1.69,13.75,5.87,7.8
E-0022832,2.3605945,99.43,15.47,343.66,13.87,1.31,9.04,4.01,5.47
E-0022833,2.1980321,127.84,15.72,358.42,12.48,1.66,10.56,4.56,6.28
E-0022834,2.2407675,121.05,16.61,374.09,13.04,1.59,10.24,4.51,6.18
E-0022835,1.7955279,234.47,11.1,164.37,19.4,1.35,24.34,10.15,11
E-0022836,2.1304128,236.41,20.38,230.57,13.87,1.32,20.06,10.52,10.14
E-0022837,2.7885718,257.01,63.66,333.95,2.83,1.85,7.47,2.63,4
E-0022838,3.2233427,152.23,73.83,424.49,2.03,2.14,4.15,1.71,2.78
E-0022839,3.2066908,140.17,68.78,428.59,2.25,2.12,4.05,1.69,2.76
E-0022840,2.5065784,233.04,53.41,320.16,1.76,2.71,8.22,2.09,3.56
E-0022841,3.5179882,55.13,51.97,340.13,0.73,4.75,2.57,0.65,1.5
E-0022842,2.4503958,252.69,18.89,363.13,4.93,1.52,10.22,2.92,4.82
E-0022843,3.0224395,186.32,29.61,566.92,2.6,1.82,5.22,1.09,2.72
E-0022844,2.9974775,236.86,42.2,360.76,1.26,2.72,5.67,1.58,2.95
E-0022845,2.1998572,126.36,10.73,169.76,11.41,1.48,9.33,3.53,5.39
E-0022846,1.5209199,171.85,9.47,161.84,6.83,3.3,11.22,3.93,6.61
E-0022847,1.5068865,174.16,9.32,158.78,6.75,3.33,11.34,3.93,6.64
E-0022848,2.4675698,104.32,16.13,343.53,12.87,1.38,8.24,3.4,5.01
E-0022849,2.45741,105.98,15.84,340.79,12.88,1.39,8.32,3.41,5.04
E-0022850,2.557184,73.55,26.31,293.47,10.01,1.71,5.71,3.38,4.56
E-0022851,1.8223263,168.47,9.92,197.4,7.51,2.66,9.11,3.33,5.57
E-0022852,1.8353882,166.67,10.03,198.91,7.54,2.65,8.98,3.3,5.52
E-0022854,2.8244174,52.2,66.8,511.53,9.64,1.31,4.64,3.61,4.14
E-0022855,2.0436163,241.87,13.77,188.81,16.94,1.24,21.67,8.95,10.06
E-0022856,1.8228784,256.02,7.94,333.81,13.35,1.35,15.62,5.48,7.95
E-0022857,1.5962939,250.28,4.88,171.44,18.04,1.23,26.31,8.28,10.42
E-0022858,3.0210428,193.27,93.13,288.52,2.54,2.12,5.88,2.5,3.79
E-0022859,2.0869238,269.72,31.7,255.8,2.76,2.33,14.49,5.07,6.21
E-0022860,2.9593644,224.56,20.88,458.07,2.19,1.64,4.95,1.01,2.61
E-0022861,2.9379413,249.62,24.15,406.95,2.36,1.68,5.12,0.99,2.57
E-0022867,2.3866563,106.35,14.22,218.04,10.87,1.57,7.3,3.33,5.13
E-0022868,2.4091918,104.3,14.53,221.42,10.95,1.55,7.14,3.31,5.07
E-0022869,2.466054,98.36,11.88,191.24,10.98,1.38,6.41,2.93,4.59
E-0022870,0.4402978,206.25,4.18,72.27,3.48,5.22,21.92,6.25,11.58
E-0022871,1.4048632,212.09,5.44,99.74,11.06,2.21,20.14,7.62,10.04
E-0022872,1.6342516,159.26,8.58,130.84,7.96,2.47,9.83,3.64,6.12
E-0022873,1.6387086,157.09,8.65,131.66,8.01,2.48,9.8,3.65,6.12
E-0022874,1.8946434,129.32,10,148.93,7.58,2.7,9.22,3.18,5.25
E-0022875,1.8928888,129.69,10.06,149.18,7.46,2.77,9.22,3.22,5.26
E-0022876,2.2151911,125.5,14.66,239.65,8.38,2,8.06,2.94,4.87
E-0022877,2.2794302,118.65,15.41,244.03,8.4,1.97,7.56,2.85,4.69
E-0022878,2.4036539,77.79,14.35,182.22,9.39,2.06,5.96,3.23,4.6
E-0022879,1.624579,181.94,8.52,216.4,8.71,2.91,16.73,6.72,8.85
E-0022880,1.0639249,185.41,6.73,150.53,4,5.52,14.74,4.65,8.23
E-0022881,1.0515192,186.54,6.64,148.2,3.96,5.55,14.93,4.67,8.29
E-0022882,1.6137809,184.57,8.2,207.58,8.82,2.86,17.1,6.73,8.91
E-0022883,1.9248717,166.69,9.95,220.6,10.37,2.21,12.11,5.21,7.15
E-0022884,1.9051169,170.8,9.72,215.38,10.34,2.22,12.43,5.3,7.28
E-0022885,2.3904026,108.5,14.59,212.89,9.1,1.75,5.73,2.68,4.22
E-0022886,1.507912,161.88,8.46,177.24,9.65,2.58,14.71,6.46,8.8
E-0022887,2.0506744,124.08,10.36,292.25,11.76,1.8,11.38,5.44,7.14
E-0022888,1.5314151,159.22,8.56,182.45,10.15,2.44,14.47,6.33,8.64
E-0022889,2.0281022,127.11,10.37,278.82,11.63,1.81,11.51,5.48,7.21
E-0022890,2.5767004,108.61,10.39,135.36,7.03,1.74,5.32,1.83,3.28
E-0022891,1.617701,133.71,7.9,82.61,5.57,3.33,8.31,2.55,4.81
E-0022892,2.0231128,146.4,8.94,180.91,8.08,1.99,7.4,2.75,4.88
E-0022893,1.9844421,149.6,8.99,174.5,8.08,2.08,7.79,2.9,5.06
E-0022894,1.390795,103.68,7.61,113.82,5.27,3.17,7.9,2.83,5.33
E-0022895,2.0523582,139.14,13.95,238.12,11.84,1.79,10.15,4.12,6.17
E-0022896,1.2257533,159.46,8.8,123.45,5.21,4.12,9.89,3.53,6.66
E-0022897,1.9722183,149.16,12.22,272.72,13.41,1.58,10.83,4.56,6.83
E-0022898,1.182234,171.22,6.44,136.37,5.97,3.45,11.79,4.32,7.65
E-0022899,1.1116618,211.82,4.92,89.36,9.24,2.63,27.13,10.4,12.92
E-0022900,2.2924976,158.51,11.63,167.45,9.81,1.77,6.28,3.32,4.82
E-0022901,1.4222412,130.5,10.87,118.8,5.67,3.6,9.4,3.36,6.08
E-0022902,2.3285646,106.62,18.59,281.4,9.83,1.88,7.3,3.24,4.95
E-0022903,2.5133963,81.29,11.65,270.3,9.48,1.49,6.13,2.35,3.93
E-0022904,2.2913287,112.42,15.34,313.38,13.04,1.31,9.36,3.67,5.34
E-0022905,3.2272854,187.6,79.78,578.39,1.94,1.92,4.03,1.72,2.88
E-0022906,2.6353228,247.42,48.46,472.19,3.27,1.5,8.49,2.64,4.1
E-0022907,2.6277575,247.96,48.43,476.05,3.22,1.51,8.58,2.65,4.1
E-0022908,2.5516405,241.54,30.22,320.04,2.43,1.94,8.78,2.76,4.23
E-0022909,2.630927,229.34,30.4,435.47,3.56,1.52,7.88,2.09,3.81
E-0022910,2.177713,233.39,23.5,240.34,2.94,2.66,10.18,3.29,4.79
E-0022911,2.532827,262.56,25.16,368.75,2.64,1.77,8.36,1.99,3.68
E-0022912,2.880504,198.57,32.68,382.38,2.33,1.98,5.09,1.23,2.6
E-0022913,3.0636804,212.78,39.76,357.64,2.82,1.79,4.43,1.13,2.45
E-0022914,2.7853315,248.56,32.64,338.51,4.82,1.51,6.95,2.45,3.97
E-0022923,2.450496,99.05,11.85,187.59,10.89,1.39,6.49,2.95,4.62
E-0022924,2.473359,96.2,12.02,190.32,10.99,1.37,6.37,2.93,4.56
E-0022925,1.4111782,210.27,5.58,101.99,11.16,2.19,19.67,7.49,9.92
E-0022926,0.44065744,206.59,4.16,71.58,3.53,5.13,21.92,6.22,11.55
E-0022927,2.3447895,104.59,19.3,513.01,12,1.56,8.12,3.24,4.97
E-0022928,2.306199,110.6,18.76,513,11.85,1.58,8.41,3.34,5.11
E-0022929,2.6504295,78.11,15.69,395.45,10.79,1.43,5.44,2.4,3.82
E-0022930,2.6413019,79.66,15.62,403.86,10.77,1.44,5.48,2.42,3.85
E-0022931,3.0296404,36.34,25.24,474.6,8.84,1.49,3.58,1.89,2.84
E-0022932,2.989665,39.52,24.71,481.63,9.18,1.48,3.75,1.96,2.94
E-0022933,2.680396,60.19,20.25,487.75,10.59,1.55,5,2.69,3.97
E-0022934,2.673504,63.21,19.78,498.61,10.75,1.52,5.09,2.7,4
E-0022935,2.5294387,92.34,15.12,268.37,10.08,1.55,6.63,2.71,4.24
E-0022936,1.5507874,159.69,8.54,166.05,5.67,3.74,10.47,3.3,5.84
E-0022937,1.5608532,157.93,8.63,167.74,5.7,3.74,10.41,3.31,5.83
E-0022938,2.529213,91.2,15.03,262.25,10.05,1.57,6.62,2.71,4.24
E-0022939,1.4551402,190.09,11.9,153.06,8.29,2.74,11.67,5.47,7.92
E-0022940,1.442594,156.5,9.11,205.39,5.98,3.54,10.01,3.34,6.03
E-0022941,1.4596575,154.12,9.25,208.18,6.07,3.51,9.91,3.34,6
E-0022942,1.1411979,209.93,5.26,95.91,9.51,2.57,26.27,10.22,12.7
E-0022943,1.4428421,175.63,11.63,127.31,6.76,3.19,10.55,3.74,6.5
E-0022944,1.4306557,174.61,11.7,125.43,6.67,3.27,10.66,3.85,6.61
E-0022945,2.2256048,120.7,16.38,269.5,11.35,1.82,9.09,3.83,5.68
E-0022946,1.1458229,193.59,9.32,121.59,4.19,5.18,12.4,4.28,7.55
E-0022947,2.3291132,107.51,15.72,321.86,13.34,1.29,9.04,3.61,5.24
E-0022948,2.7948499,34.28,24.62,273.71,11.85,1.36,5.6,2.95,3.92
E-0022949,3.0141053,16.4,22.35,302.17,13.03,1.2,4.21,2.38,3.13
E-0022950,2.413572,93.21,15.99,260.27,12.91,1.36,7.46,3.21,4.86
E-0022951,1.8200456,187.42,10.32,217.05,11.18,2.14,14.54,6.66,8.27
E-0022952,1.576266,152.5,10.74,102.75,8.16,2.42,8.88,3.46,5.92
E-0022953,1.5083483,139.31,6.72,155.58,6.57,3.52,12.74,4.64,7.29
E-0022954,1.5371027,235.76,4.91,207.09,15.24,1.48,22.55,8.96,10.83
E-0022955,2.9348993,208.76,43.68,379.28,2.38,1.88,4.83,1.43,2.73
E-0022956,3.0338311,255.18,25.82,366.44,1.64,1.88,4.6,0.82,2.28
E-0022957,3.1691022,233.9,45.17,452.47,3.18,1.68,4.56,1.13,2.44
E-0022958,3.05763,211.08,37.67,368.96,3.19,1.7,4.41,1.14,2.49
E-0022959,2.7735174,253.44,32.74,326.98,5.11,1.48,7.24,2.62,4.11
E-0022960,2.6517632,211.65,59.19,313.33,3.38,2.31,7.42,2.82,4.09
E-0022961,2.2370803,242.69,39.03,440.31,5.13,1.68,11.74,3.69,5.39
E-0022962,1.5239983,260.6,18.28,251.13,5.75,2.77,22.38,7.94,9
E-0022963,2.1640809,247.2,24.71,351.05,4.11,1.8,11.99,3.37,5.29
E-0022964,2.7058117,226.19,54.31,335.55,1.67,2.46,6.8,1.98,3.4
E-0022965,2.615433,230.37,50.64,349.51,1.66,2.4,7.43,2.06,3.53
E-0022966,2.3209846,252.52,16.02,274.62,3.14,2.33,8.26,1.89,3.65
E-0022967,2.3350022,216,40.37,261.41,3.69,2.31,10.17,3.11,4.57
E-0022968,2.3933058,216.13,45.42,280.13,3.47,2.34,9.35,2.98,4.39
E-0022969,2.0665143,230.71,13.64,236.83,4.95,2.4,10.11,3.44,5.17
E-0022970,1.73895,241.92,5.86,274.61,10.2,1.89,19.86,6.25,8.42
E-0022971,1.8157945,224.9,8.51,195.67,6.7,2.38,12.63,4.48,6.55
E-0023632,2.2608216,114.81,17.16,277.91,11.66,1.78,8.76,3.79,5.57
E-0023633,1.8338078,166.81,13.36,203.21,9.19,2.47,10.68,4.23,6.48
E-0023634,1.0394456,202.73,6.02,118.62,5.81,3.06,23.67,8.18,11.35
E-0023635,2.7658243,38.97,28.83,385.66,11.44,1.23,6.4,2.92,4.08
E-0023636,1.2662895,163.61,6.35,111,4.01,5.47,17.47,5.98,9.18
E-0023637,2.7447329,42.11,26.79,301.68,12.55,1.32,5.65,3.26,4.22
E-0023638,2.7442293,41.92,26.74,300.8,12.56,1.32,5.65,3.26,4.22
E-0023639,2.2299862,67.82,19.65,271.58,12.21,2.02,10.13,7.08,7.89
E-0023640,2.5093746,22.21,20.24,283.12,16.35,1.19,5.91,3.69,4.74
E-0023641,1.8857144,182.39,10.64,260.65,12.87,1.86,13.65,6.93,8.26
E-0023642,1.2137084,109.92,8.48,142,3.67,5.33,9.57,3.18,6.08
E-0023643,0.57131445,190.38,4.34,42.32,4.3,4.09,18.44,5.44,10.26
E-0023644,1.5807918,203.73,7.08,72.11,21.46,1.27,13.04,19.8,18.45
E-0023645,0.3713173,185.05,3.52,51.13,4.11,4,26.31,9.9,15.13
E-0023646,1.3175348,202.5,6.35,79.89,17.11,1.29,21.04,12.98,13.17
E-0023647,0.648414,215.33,6.62,61.79,4.67,4.89,20.31,5.23,9.38
E-0023648,-0.33976296,277.45,0.31,31.57,3.97,3.49,74.73,19.67,28.09
E-0023649,0.43514112,202.95,2.21,63.76,8.07,2.36,20.86,8.31,12.89
E-0023650,0.82748884,206.09,2.36,324.24,7.63,3.65,20.76,5.47,9.45
E-0023651,0.5428396,221.04,5.53,77.02,5.49,4.51,19.61,6.27,10.58
E-0023652,0.88084024,195.3,7.6,172.36,1.39,17.5,19.1,5.11,9.28
E-0023653,0.5179431,77.45,4.66,92.52,3.02,4.23,7.34,1.51,4.73
E-0023654,1.9627091,47.16,9.45,157.81,7.14,1.82,4.11,1.25,2.91
E-0023655,1.308926,148.01,4.92,190.22,6.79,3.35,11.84,3.43,6.36
E-0023656,2.1289704,79.55,10.4,208.67,8.91,1.42,4.8,1.51,3.16
E-0023697,1.3795953,225.64,19.16,168.37,2.31,5.11,11.6,2.02,4.29
E-0023698,1.8508618,195.77,5.34,135.97,9.31,1.85,12.64,3.52,5.97
E-0023699,3.0277677,211.63,43.45,399.18,2.17,1.84,4.46,1.25,2.55
E-0023700,2.5540168,200.6,35.26,268,4.45,2.17,5.68,2.54,3.73
E-0023701,2.2408679,214.12,16.48,295.42,9.57,1.68,10.28,4.25,5.84
E-0023702,1.4798511,242.43,4.49,176.29,10.09,2.17,24.17,8.19,10.29
E-0023703,2.2999563,204.84,22.44,238.16,5.48,2.22,7.4,3.11,4.54
E-0023704,1.9260275,237.57,10.8,197.64,9.37,2.05,13.94,5.83,7.39
E-0023705,2.5409632,68.8,20.11,257.27,10.82,1.79,5.62,3.2,4.48
E-0023706,2.6030176,61.74,20.88,265.47,10.89,1.71,5.3,3.04,4.26
E-0023707,0.9651585,202.53,5.5,90.76,4.82,3.51,24.86,8.77,12.14
E-0023708,0.42154014,231.48,3.26,45.07,4.08,3.13,35.56,9.67,14.44
E-0023709,0.55346876,229.99,3.68,59.64,5.04,2.68,33.31,8.79,13.27
E-0023710,-1.1091865,282.02,1.37,12.62,1.1,7.15,50.01,18.06,33.36
E-0023711,0.99020845,244.66,3.38,115.6,22.46,1.02,14.92,17.71,16.74
E-0023712,1.6549888,75.5,15.17,136.27,16.9,1.22,6.86,9.3,10.29
E-0023713,0.8855608,221.7,3.1,25.58,10.01,3.22,11.46,22.09,26.04
E-0023714,0.8510609,220.71,2.72,18.43,8.85,3.89,10.61,23.8,28.62
E-0023715,0.8132821,255.07,2.02,71.13,18.56,1.25,28.59,26.88,23.44
E-0023716,0.693869,213.53,5.98,56.34,6.93,2.68,26.93,13.79,16.78
E-0023717,1.5719061,201.61,10.34,62.8,12.79,2.02,13.74,13.38,14.15
E-0023718,1.324404,211.35,8.47,92.97,9.79,2.11,15.63,6.26,8.63
E-0023719,1.2788595,185.73,4.04,76.37,23.84,0.86,20.87,11.54,11.29
E-0023720,1.9289654,100.43,6.08,294.77,23.26,0.92,17.05,7.09,6.5
E-0023721,1.3892069,216.89,8.59,116.7,11.84,1.74,14,7.84,9.18
E-0023722,-0.533047,201.42,3.7,34.49,2.4,4.59,17.99,6.59,15.77
E-0023723,2.2847989,102.49,16.36,280.72,8.73,2.03,7.26,2.96,4.66
E-0023724,0.99182373,204.63,5.34,62.92,11.9,1.56,18,10.88,12.6
E-0023725,2.239602,141.3,12.03,354.31,10.36,1.34,6.13,1.47,3.18
E-0023726,1.9722867,89.61,6.31,190.35,19.93,1.06,14.28,7.87,6.71
E-0023795,2.4593732,251.77,45.94,274.13,2.07,2.33,11.4,3.28,4.63
E-0023796,1.9872028,268.44,22.73,184.47,5.85,2.19,16.05,6.54,7.61
E-0023797,2.908255,202.04,34.23,378.18,2.18,2.01,5.08,1.23,2.58
E-0023798,2.960597,169.1,39.83,322.82,3.03,2.11,4.38,1.25,2.46
E-0023799,2.5702307,239.79,23.32,288.04,2.82,1.95,8.83,2.03,3.66
E-0023800,1.8538173,214.99,6.98,256.75,7.21,2.06,13.87,4.92,7.04
E-0023801,1.9468553,248.38,9.78,312.57,8.77,1.84,17.27,5.75,7.56
E-0023802,1.6544182,281.65,8.3,461.2,13.49,1.32,27.56,8.66,10.43
E-0023803,2.7330844,34.11,13.9,204.76,13.16,1.11,2.3,1.34,2.66
E-0023804,0.28024635,270.07,2.18,24.11,7.79,2.41,42.26,24.96,26.23
E-0023805,0.61096454,243.43,3.89,85.91,12.78,1.55,14.38,13.71,16.59
E-0023806,0.5059669,254.48,2.05,22.79,4.97,4.99,33.82,32.5,39.36
E-0023807,0.57556134,242.73,2.77,31.47,5.74,4.37,28.7,28.69,33.82
E-0023808,1.0010643,192.26,3.83,64.64,11.78,1.91,19.49,9.1,12.07
E-0023809,0.7043556,209.15,6.12,56.35,7.15,2.64,26.31,13.74,16.66
E-0023810,1.7031679,183.52,8.74,188.28,8.52,2.75,15.46,3.94,6.07
E-0023811,0.10653118,181.12,2.6,145.99,2.62,7.18,17.28,3.65,9.16
E-0023812,-0.650079,276.1,0.82,65.66,1.02,12.21,47.43,9.23,19.68
E-0023813,0.7398031,245.4,2.3,71.37,7.87,3.13,35.57,12.73,15.37
E-0023814,1.8472763,136.67,9.14,190.27,14.58,1.69,17.23,6.58,7.37
E-0023815,1.190902,195.22,4.1,73.49,9.51,2.63,22.44,7.36,9.82
E-0023816,-0.57632226,215.8,2.97,22.54,1.94,5.15,28.4,9.08,19.45
E-0023817,0.81455386,223.5,3.72,39.89,11.45,1.88,25.83,13.39,15.39
E-0023818,0.16974369,265.81,6.75,43.01,13.75,1.4,17.96,14.96,19.62
E-0023819,0.7525234,253.07,4.02,63.26,19.95,1.09,24.08,22.65,20.3
E-0023820,0.18347466,241.58,6.17,54.72,7.08,2.53,19.71,18.09,21.67
E-0023821,1.3064417,205.56,4.33,61.82,18.93,1.04,18.16,14.63,13.95
E-0023822,0.9679957,217.75,5.99,78.25,9.25,2.03,18.08,16.34,15.65
E-0023823,-0.053422265,238.89,5.71,39.68,5.06,3.55,22.69,16.57,21.44
E-0023824,0.15372744,215.74,4.25,101.45,3.03,5.9,12.36,2.66,7.29
E-0023825,1.5539683,237.59,14.76,482.5,19.4,1.26,17.11,6.75,8.14
E-0023826,1.3988322,130.77,4.85,193.3,7.8,2.07,8.84,2.13,4.72
E-0023827,2.4195495,80.77,10.21,405.52,16.51,0.96,8.53,2.21,3.64
E-0023828,1.3571253,131.97,7.85,204.21,5.41,4.32,8.83,1.83,3.93
E-0023838,1.5788172,229.22,22.24,188.36,2.65,4.71,12.42,2.31,4.34
E-0023839,1.560773,230.23,22.43,189.8,2.54,4.73,12.85,2.36,4.4
E-0023840,1.798344,278.57,3.83,115.91,7.76,2.15,15.49,5.98,8.42
E-0023841,2.1460242,279.14,7.43,656.9,10.73,1.57,16.02,5.49,7.77
E-0023842,2.3436103,190.94,19.46,304.03,7.36,1.82,7.43,3.59,5.07
E-0023843,2.4348109,210.85,24.76,312.25,8.85,1.62,9.44,4.22,5.6
E-0023844,2.88958,238.82,48.18,259.65,2.4,2.11,6.28,1.94,3.18
E-0023845,1.965504,271.06,13.24,399.4,6.47,1.8,18.81,5.98,7.32
E-0023846,0.22676086,222.53,5.09,102.11,5.86,3.12,29.49,8.41,14.41
E-0023847,1.4656352,182.05,11.44,313.36,13.21,1.67,15.84,5.29,7.2
E-0023848,1.8447943,195.19,13.8,65.85,16.25,1.57,7.37,8.78,10.36
E-0023849,-0.32036033,248.95,1.1,14.6,2.08,6.46,38.71,18.49,28.41
E-0023850,-0.13707216,237.09,7.34,10.65,0.27,11.3,26.51,7,15.62
E-0023851,0.31992802,229.97,5.77,57.08,4.1,5.87,19.17,5.67,10.92
E-0023852,1.0028862,192.86,3.63,66.84,11.64,1.93,19,8.81,11.94
E-0023853,0.9263828,196.83,4.82,160.01,3.26,8.66,19.07,3.6,6.94
E-0023854,1.4625915,204.76,7.69,84.23,13.53,1.6,10.64,11.74,12.71
E-0023855,1.4953701,203.73,8.03,86.12,13.78,1.56,10.35,11.54,12.42
E-0023856,1.4520056,194.89,7.71,70.07,10.83,2.06,10.67,5.03,7.73
E-0023857,0.9443776,223.09,6.77,148.56,12.06,1.91,16.94,8.75,11.36
E-0023858,1.4302984,230.99,4.64,264.34,19.62,1.42,23.1,12.42,12.23
E-0023859,1.8285761,170.34,12.13,117.12,11.24,2.02,16.3,5.34,6.9
E-0023860,0.8653162,238.37,6.96,94.57,11.64,1.64,17.62,21.6,19.49
E-0023861,1.8894156,162.86,11.07,67.61,14.27,1.08,4.9,15.71,13.29
E-0023862,2.73589,12.95,18.52,189.89,11.28,1.13,1.92,1.73,2.63
E-0023863,2.4723094,64.69,17.79,357.81,12.87,1.28,6.88,2.04,3.6
E-0023864,1.2292181,93.37,6.48,110.52,4.53,4.17,11.79,2.79,5.4
E-0023865,2.2834704,141.26,15.49,406.61,11.13,1.47,6.84,1.72,3.16
E-0023866,0.8859237,251.31,4.13,97.95,20.53,1.15,23.46,23.14,20.24
E-0023867,0.88543016,259.52,2.03,39.06,15.4,1.58,27.31,26.05,24.4
E-0023962,1.8779335,158.03,17.1,292.79,6.16,4.18,12.13,4.7,6.29
E-0023963,2.3522925,89.9,22.33,248.38,7.51,2.34,5.84,2.7,4.2
E-0023964,1.703571,202.86,8.1,55.14,14.31,1.56,6.18,8.86,10.34
E-0023965,1.5361817,119.38,9.74,153.09,4.12,5.73,13.23,4.62,7.21
E-0023966,2.380483,81.08,22.53,281.51,10.32,1.94,8.63,3.77,5.31
E-0023967,-0.50069046,280.6,0.18,23.15,3.09,4.08,81.24,22.3,31.36
E-0023968,-0.07437679,227.16,4.08,48.07,7.23,2.67,22.95,12.7,20.96
E-0023969,0.55618036,214.04,3.57,227.73,7.14,3.64,20.3,5.69,10.95
E-0023970,1.2669814,203.66,4.28,59.31,10.09,2.12,11.81,11.88,14.03
E-0023971,1.3231381,195.48,4.57,61.05,10.26,2.08,11.19,11.51,13.55
E-0023972,1.8756583,148.35,7.87,192.18,10.7,1.9,8.88,3.84,5.84
E-0023973,0.76518553,188.05,2.7,160.31,3.36,7.87,25.23,5.79,10.19
E-0023974,-0.0024859668,203.69,2.26,95.75,2.05,8.45,26.58,5.2,11.81
E-0023975,1.5211469,192.38,4.46,207.65,10.92,2.31,17.84,5.33,8.1
E-0023976,2.1023822,67.4,12.86,417.42,16.03,1.69,10.69,6.66,8
E-0023977,1.1316429,204.65,5.26,184.3,6.61,3.75,24.67,7.43,10.58
E-0023978,1.1604195,201.17,5.63,184.98,6.85,3.65,24.22,7.39,10.41
E-0023979,0.9146675,221.98,6.23,80.8,8.22,2.63,17.28,9.2,12.01
E-0023980,1.0663502,226.64,5.82,40.64,10.09,2.28,16.74,9.68,12.37
E-0023981,0.46567237,229.62,3.02,9.91,3.07,7.55,20.73,19.88,25.91
E-0023982,1.256923,230.31,4.73,46.2,15.31,1.45,9.64,13.8,16.68
E-0023983,0.99504834,219.42,6.89,53.81,11.11,1.97,12.84,13.09,15.88
E-0023984,1.4336879,191.21,10.11,71.88,13.15,1.64,12.84,10.37,12.06
E-0023985,1.400345,190.03,9.7,71.76,12.82,1.69,13.49,10.44,12.09
E-0023986,1.513976,163.59,5.43,80.92,15.19,1.42,16.46,11.67,10.51
E-0023987,1.3160791,218.7,5.93,85.68,17.81,1.21,14.57,13.72,12.99
E-0023988,1.1515442,187.28,4.13,89.28,5.59,3.99,23.44,8.88,11.95
E-0023989,1.4879293,188.46,7.31,107.09,6.93,3.14,17.68,5.74,8.18
E-0023990,1.2124738,238.1,8.03,56.6,12.36,1.7,10.13,14.62,16.9
E-0023991,1.1884203,238.3,7.89,56.73,12.18,1.73,10.41,14.6,16.89
E-0024192,1.6744381,261.2,10.5,323.56,9.61,1.82,25.37,9.27,9.95
E-0024193,1.4816571,258.02,6.16,146.9,11.93,1.73,27.85,9.22,10.86
E-0024194,1.8776056,229.38,11.85,253.42,10.05,1.44,16.18,4.64,6.8
E-0024195,2.1056304,187.83,16.67,275.43,9.83,1.7,11.29,4.81,6.47
E-0024196,1.4321463,225.23,3.28,105.91,12.97,1.77,24.28,8.99,11.55
E-0024254,1.3680882,245.44,5.02,105.06,7.5,2.4,24.14,6.9,9.36
E-0024255,1.871246,218.38,10.59,175.57,9.69,1.92,15.4,6.39,7.97
E-0024256,2.470602,242.11,14.51,432.94,6.26,1.4,9.5,2.18,4.23
E-0024257,2.2164178,253.83,13.33,662.93,8.62,1.36,14.58,3.5,5.95
E-0024258,1.4488382,230.11,2.85,121.34,14.42,1.58,24.54,8.82,11.67
E-0024259,1.427178,208.63,10.95,112.84,12.72,1.34,15.34,6.69,8.68
E-0024260,1.3734114,191.33,9.09,128.06,9.02,2.33,20.35,6.8,8.4
E-0024261,1.2118125,225.07,4.15,139.84,9.47,2.7,17.78,6.56,9.42
E-0024262,1.2352095,223.53,4.29,142.35,9.65,2.66,17.77,6.68,9.41
E-0024263,1.7225506,152.97,10.42,159.67,9.42,2.12,9.13,3.32,5.42
E-0024264,1.3613507,196.71,7.74,96.04,10.35,2.28,14.28,11.2,12.11
E-0024265,1.38086,197.13,7.89,97.51,10.61,2.23,13.97,11.11,11.96
E-0024266,2.393737,84.55,12.12,175.16,8.99,1.44,3.51,1.29,2.71
E-0024267,2.0255885,148.61,10.05,227.51,11.74,1.53,8.83,2.1,4.1
E-0024268,1.4625196,108.09,9.32,123.86,4.43,4.9,8.66,1.76,3.7
E-0024269,1.6219058,190.95,16.12,277.16,8.83,2.19,13.13,3.55,5.73
E-0024270,1.6245743,188.6,16.52,269.8,8.94,2.2,12.95,3.53,5.7
E-0024271,1.5974431,207.9,7.86,71.29,15.34,1.35,9.47,11.67,13.38
E-0024272,0.9007215,225.53,5.5,61.73,12.42,1.78,12.62,14.99,16.78
E-0024273,1.1252674,227.71,7.47,100.29,14.55,1.45,11,11.05,12.72
E-0024274,1.1416109,226.06,7.45,100.8,14.51,1.46,11.01,10.84,12.53
E-0024275,0.9686415,220.66,6.83,54.79,10.88,2,13.54,13.29,15.94
E-0024276,1.2629466,210.93,5.39,68.81,14.21,1.51,9.02,9.13,11.48
E-0024277,1.2535633,212.64,5.46,70.34,14.47,1.47,9.07,9.22,11.5
E-0024278,1.6087375,176.4,11.28,112.8,15.27,1.3,7.52,9.51,9.91
E-0024279,3.021104,19.69,29.27,522.19,7.85,1.64,3.24,1.8,2.19
E-0024280,1.1033041,188.86,5.55,114.67,4.44,4.74,21.98,6.88,10.13
E-0024281,1.4493159,139.68,12.12,79.76,13.74,1.47,6.5,12.69,13.97
E-0024282,1.2903266,220.7,7.89,43.36,11.74,1.84,11.1,15.76,18.05
E-0024283,1.4229246,233.15,9.55,60.7,12.92,1.58,7.76,13.57,15.2
E-0024284,1.4565082,233.19,9.76,60.85,13.11,1.56,7.39,13.6,15.19
E-0024286,2.1991014,205.99,11.76,28.59,6.6,3,9.68,2.06,3.97
E-0024287,1.8241324,178.2,11.24,30.29,6.24,3.74,14.68,3.34,5.43
E-0024288,1.6472362,172.33,6.82,27.89,5.87,3.97,16.78,3.88,6.28
E-0024289,2.4559586,32.66,18.65,85.17,5.7,2.88,5.81,1.66,2.46
E-0024290,2.0476992,51.03,12.66,33.59,6.52,3.21,10.97,2.3,3.83
E-0024291,1.7533015,205.84,3.63,6.08,3.16,8.28,15.75,2.33,4.23
E-0024292,2.7126737,45.46,28.97,137.22,8.01,2.04,5.56,2.32,3.17
E-0024293,3.0582404,21.65,23.36,142.32,4.82,2.57,3.45,1.52,2.11
E-0024294,3.0725799,27.06,40.21,260.09,6.73,1.97,3.53,1.94,2.51
E-0024295,1.7249466,169.11,3.27,168.77,10.06,2.24,10.24,5.2,7.7
E-0024296,1.7695057,159.65,3.5,173.04,10.25,2.18,9.77,5.06,7.45
E-0024297,1.4937341,158.57,7.68,109.99,11.39,1.54,15.3,6.34,7.87
E-0024298,-0.8519535,311.11,0.22,9.18,3.74,2.59,93.58,47.71,56.77
E-0024299,1.2068962,196.66,4.96,69.67,7.55,2.97,15.73,12.11,13.48
E-0024300,1.227219,194.02,5.12,70.8,7.64,2.94,15.38,11.93,13.27
E-0024301,1.3399079,191.35,5.99,185.7,8.19,3.07,16.72,6.3,8.97
E-0024302,1.5178789,192.15,4.33,213.56,10.74,2.37,17.46,5.25,8.08
E-0024303,2.07544,144.55,10.54,233.24,12.23,1.44,8.63,2.07,4.03
E-0024304,3.2550259,26.12,49.29,519.14,8.14,1.31,2.8,1.41,2.48
E-0024305,2.370868,99.79,16.61,221.65,8.74,1.66,5.95,1.66,3.09
E-0024306,1.4536728,217.84,5.78,68.7,15.57,1.39,12.63,11.23,13.57
E-0024307,1.4595597,217.57,5.98,73.44,15.84,1.37,12.35,11.22,13.31
E-0024308,1.4283917,246.92,5.54,25.77,16.63,1.36,11.61,18.39,22.51
E-0024309,1.5945163,210.38,6,86.86,16.43,1.17,6.98,9,10.3
E-0024310,1.9296423,107.06,8.87,123.88,14.74,1.35,8.5,7.18,7.64
E-0024311,1.8590729,116.65,4.57,61,13.07,1.78,8.46,6.89,9.22
E-0024312,2.3336573,89.65,14.92,100.84,6.81,2.35,7.09,2.72,3.95
E-0024313,1.5307752,229.39,7.29,39.17,16.64,1.38,13.95,15.64,17.68
E-0024314,1.5367942,228.38,7.43,38.75,16.64,1.38,13.84,15.78,17.84
E-0024315,1.443773,210.11,7.6,26.72,15.11,1.53,9.43,14.98,20.69
E-0024316,1.5854994,238.59,7.33,32.22,17.14,1.33,11.58,17.53,19.78
E-0024317,1.9466761,65.65,3.15,0.41,2.24,16.68,14.54,1.6,3.5
E-0024318,2.0621014,59.77,7.15,2.43,2.38,13.82,11.02,1.53,3.07
E-0024319,2.0291076,58.35,6.12,2.9,3.07,10.87,11.63,1.67,3.37
E-0024320,1.6698364,165.27,9.55,100.82,15.27,1.4,9.59,6.36,8.3
E-0024321,1.6442697,168.9,9.5,104.16,15.17,1.4,10.05,6.42,8.35
E-0024322,1.4071722,200.69,7.17,85.13,13.71,1.6,11.33,7.74,9.72
E-0024323,1.6606327,197.23,10.14,122.53,15.19,1.33,9.29,6.78,8.34
E-0024324,1.6534135,196.83,9.94,121.28,15.18,1.34,9.38,6.82,8.39
E-0024325,2.0257266,133.44,8.13,109.24,16.14,1.15,6.38,4.33,6.1
E-0024326,2.0036194,140.35,7.83,112.18,16.35,1.13,6.47,4.26,6.11
E-0024327,1.0913839,166.3,4.75,56.43,7.53,2.3,17.87,6.27,9.12
E-0024328,2.1471229,260.96,20.91,644.77,10.42,1.17,14.86,4.19,6.33
E-0024329,1.8186097,239.2,7.9,106.96,6.4,2.06,14.66,3.78,5.83
E-0024330,2.2948453,218.81,17.54,408.41,7.29,1.36,11.9,3,5.19
E-0024331,2.7858448,177.65,25.16,484.76,5.18,1.27,7.11,1.62,3.44
E-0024332,2.3315659,227.88,24.1,543.6,5.66,1.44,12.64,3.15,5.21
E-0024333,1.6620092,219.67,3.48,186.2,13.07,1.52,19.49,6.18,9.05
E-0024347,1.0928363,239.47,1.49,11.86,3.67,4.41,25.05,5.52,9.2
E-0024348,1.8122549,160.17,6.85,110.47,13.04,1.52,10.29,3.21,5.68
E-0024349,2.5876236,15.91,26.52,410.64,14.06,1.27,3.65,2.13,3.53
E-0024350,1.2479447,235.8,4.37,40.55,15.2,1.54,12.61,12.94,16.34
E-0024351,1.2795033,235.47,4.44,39.2,15.26,1.52,12.41,12.51,16.15
E-0024352,1.6119962,167.85,8.9,103.62,8.7,2.56,15.9,5.82,8.06
E-0024353,1.4902285,230.04,6.79,22.41,17.35,1.4,10.52,15.56,23.09
E-0024354,1.4566336,229.81,6.46,21.23,16.82,1.46,10.99,15.91,23.57
E-0024355,1.6753411,145.67,7.62,55.84,13.45,1.62,9.95,6.27,8.2
E-0024356,0.7709309,188.06,4.58,61.27,8.13,2.13,23.12,9.67,12.6
E-0024357,2.4477854,79.4,15.75,191.82,14.2,1.39,6.37,4.31,5.66
E-0024358,0.67661613,259.44,2.04,27.32,5.71,3.46,32.5,30.67,30.21
E-0024359,0.71604675,211.39,4.19,32.28,4.52,4.54,24.34,14.82,17.19
E-0024360,0.2660565,268.24,1.27,19.13,2.45,6.23,34.86,25.31,31.49
E-0024361,2.2052217,115.97,10.16,424.86,11.27,1.6,9.19,2.45,4.05
E-0024362,3.3018148,19.68,17.52,605.51,7.1,1.47,2.49,0.93,1.77
E-0024363,2.2374506,107.85,12.35,694.44,15.66,1.57,12.12,3.14,4.16
E-0024364,2.92083,24.41,16.77,658.1,11.03,1.44,4.61,1.6,2.37
E-0024365,2.5714703,33.02,13.84,779.51,13.81,1.47,6.73,2.51,3.56
E-0024366,2.068707,134.17,8.01,112.84,16.21,1.11,5.41,4.84,6.21
E-0024367,0.80029416,226.87,14.18,198.38,8.59,2.05,10.24,2.64,5.98
E-0024368,1.7179725,247.39,9.65,635.79,14.18,1.34,10.54,2.34,4.66
E-0024369,1.3778768,217.99,6.28,69.39,11.85,2.02,16.43,17.38,16.66
E-0024370,1.2325337,212.6,5.96,62.98,7.71,2.99,16.31,19.92,18.08
E-0024371,1.5968438,238.67,11.8,175.89,3.99,3.22,22.66,7.21,8.07
E-0024372,1.5089046,254.6,10.47,187.55,7.35,2.77,24.17,7.72,9.06
E-0024373,2.596697,237.42,81.41,681.44,1.76,1.98,9.3,2.09,3.9
E-0024374,2.0308704,269.59,40.65,464.71,7.34,1.53,15.81,6.74,7.68
E-0024375,2.1843483,208.74,12.14,411.8,10.84,1.24,12.84,3.11,5.49
E-0025768,1.6346643,248.91,4.52,213.88,10.68,1.79,20.96,6.58,8.97
E-0025769,2.882408,185.88,10.28,918.14,6.14,1.1,5.35,1.01,3.15
E-0025770,2.3207572,258.69,50.72,466.38,1.87,2.15,11.39,2.22,4.18
E-0025771,2.291994,175.34,14.64,387.76,11.97,1.09,10.92,2.56,4.94
E-0025772,2.5848713,186.88,47.73,530.21,6.29,1.38,9.47,3.08,4.71
E-0025773,2.640903,211.39,78.83,518.25,4.25,1.81,8.55,3.22,4.57
E-0025774,1.7493987,163.75,6.75,104.47,12.77,1.59,10.91,3.45,5.95
E-0025775,1.1453028,228.69,5,39.27,10.82,2.04,10.08,11.81,15.17
E-0025776,1.1101639,208.45,2.85,27.19,10.36,2.44,21.66,16.47,21.12
E-0025777,0.43784386,271.94,4.51,8.33,12.38,1.59,23.15,40.72,50.99
E-0025778,0.7405022,291.49,0.49,0.42,1.18,18.19,53.19,5.32,10.33
E-0025779,1.1384325,187.06,1.25,0,1.38,21.99,38.69,2.87,6.52
E-0025780,-0.23977886,238.02,2.84,36.82,1.99,6.41,30.51,15.3,24.21
E-0025781,1.5382407,189.32,9.59,115.22,10.41,2.18,17.33,6.2,7.36
E-0025782,1.3344452,195.49,8.38,85.58,8.12,2.9,24.35,7.93,9.15
E-0025783,1.3149214,198.03,7.92,82.23,7.85,3.01,24.57,7.86,9.28
E-0025784,0.5123419,247.1,2.75,37.27,2.65,6.56,28.68,18.92,23.1
E-0025785,0.9948166,247.03,3.47,31.86,14.11,1.52,21.08,18.7,20.86
E-0025786,1.0848826,209.98,4.79,66.73,5.07,4.04,17.31,9.3,12.25
E-0025787,1.0197935,204.81,4.32,55.29,8.14,2.73,21.06,16.29,15.79
E-0025788,-0.22148311,235.52,3.24,30.22,2.54,5.86,27.62,16.16,24.53
E-0025789,-0.25857177,237.62,3.21,29.75,2.42,6.03,28.39,16.51,25.07
E-0025790,-1.5112276,329.61,1.94,11.24,0.26,13.7,57.34,35.3,59.23
E-0025791,2.4730904,78.68,9.16,358.66,13,1.2,4.29,2.35,3.68
E-0025792,2.196353,65.45,7.56,193.85,13.57,1.45,5.93,3.83,4.1
E-0025793,1.8598013,132.11,6.33,92.63,8.14,2.05,5.04,1.97,3.8
E-0025794,1.476635,212.66,4.69,80.45,5.95,2.49,6.23,1.85,4.11
E-0025795,1.2513695,188.28,4.61,97.71,4.24,5.93,19.71,8.15,10.31
E-0025796,1.8836533,193.88,6.91,415.61,16.26,1.48,8.39,6.1,8.26
E-0025797,1.8700682,193.83,7.05,459.76,16.24,1.48,8.1,5.96,8.19
E-0025798,2.0400355,202.75,9.15,278.28,16.99,1.38,8.77,7.24,8.53
E-0025799,2.052598,201.99,9.59,292.35,17.07,1.36,8.53,7.1,8.41
E-0025800,2.0132117,89.78,6.07,178.53,15.06,1.82,8.41,6.43,8.66
E-0025801,2.0718381,192.97,7.15,204.38,16.56,1.43,9.43,7.66,8.86
E-0025802,2.2384026,152.3,12.28,384.28,14.05,1.37,7.34,3.17,4.95
E-0025803,2.5226107,144.07,11.34,341.45,13.55,1.18,4.92,2.1,3.78
E-0025804,2.5265515,142.05,11.73,328.36,13.4,1.2,4.97,2.19,3.82
E-0025805,2.224704,146.25,15.92,551.45,14.74,1.36,7.73,3.71,5.27
E-0026542,1.997508,107.1,8.85,129.64,8.54,1.84,5.29,1.77,3.56
E-0026543,2.399728,167.14,20.95,384.08,9.09,1.39,9.18,2.52,4.2
E-0026544,0.789801,229.15,2.77,17.23,8.86,2.46,18.78,23.06,30.27
E-0026545,1.928698,147.58,6,329.48,13.85,1.69,10.25,5.14,7.14
E-0026546,1.9670267,141.17,6.32,336.8,14.15,1.64,9.91,5.08,6.93
E-0026547,-1.0441955,324.43,0,7.06,3.64,2.52,103.08,55.79,67.49
E-0026548,1.0636052,180.71,3.42,156.97,20.31,1.14,37.47,16.9,15.54
E-0026549,0.53637713,179.92,3.15,61.53,9.48,1.62,32.32,13.96,16.44
E-0026550,2.202119,167.38,10.34,84.09,11.04,1.55,5.58,4.63,5.93
E-0026551,2.8463037,30.82,14.1,779.54,10.06,1.47,4.06,1.68,2.88
E-0026552,0.7678745,242.99,4.72,44.41,8.44,2.62,37.53,20.72,21.05
E-0026553,1.4614754,204.92,6.31,66.48,10.18,2.06,12.71,7.5,9.82
E-0026554,1.2049123,208.57,5.48,62.03,8.31,2.65,15.76,9.01,11.52
E-0026555,1.5349327,210.2,6.51,149.04,7.22,3.82,16.62,8.52,9.82
E-0026556,1.5128137,191.29,6.06,181.36,7.68,3.7,18.49,6.92,8.13
E-0026557,1.7894744,177.77,5.99,148.92,7.98,2.32,7.61,3.06,5.48
E-0026558,1.3423407,206.71,3.31,140.3,7.79,2.77,10.61,5.15,8.77
E-0026559,1.2664627,213.6,3.73,64.83,5.67,3.51,12.53,5.37,9.09
E-0026560,2.3610542,74.85,8.89,140.69,7.6,1.7,3.03,1.14,2.61
E-0026561,2.0686512,82.31,6.1,72.94,12.25,1.88,6.29,4.22,5.95
E-0026562,2.2089953,158.38,11.92,393.77,13.99,1.38,7.65,3.22,5.05
E-0026563,2.2044373,147.43,15.38,546.6,14.77,1.37,7.84,3.72,5.34
E-0026564,1.0947237,178.04,6.31,53.19,6.62,3.57,14.1,9.34,11.73
E-0026565,1.542954,231.1,5.47,180.82,7.06,2.72,21.85,8.25,9.27
E-0026566,2.541836,238.55,32.83,301.01,2.77,1.8,10.27,2.58,4.25
E-0026567,2.5305223,237.71,33.97,293.88,2.76,1.79,10.26,2.64,4.27
E-0026568,2.736306,197.95,35.06,660.13,2.87,1.92,6.67,1.7,3.32
E-0026569,2.941195,153.93,43.31,298.58,2.69,2.04,5.79,1.92,3.14
E-0026570,2.0841057,212.45,32.24,387.25,9.37,1.74,15.25,5.86,6.98
E-0026571,2.364744,215.72,30.44,555.17,8.95,1.26,8.47,3.6,5.05
E-0026572,0.98048997,234.13,3.75,46.65,5.95,3.41,29.3,11.43,13.24
E-0026573,1.7274294,237.29,8.46,169.98,10.08,1.86,18.61,6.28,8.5
E-0026574,2.7344842,244.65,74.39,540.01,3.64,1.54,8.82,2.35,3.98
E-0026575,2.9367652,154.99,43.21,299.08,2.65,2.05,5.82,1.92,3.15
E-0026576,2.9809384,146.75,45.16,294.49,2.59,2.06,5.59,1.89,3.06
E-0026577,2.571022,243.92,45.55,555.81,3.94,1.61,9.17,2.77,4.26
E-0026578,1.5786015,206.32,20.15,259.23,6.07,2.76,17.18,4.62,6.96
E-0026579,2.0544267,227.79,24.63,310.39,5.27,1.93,12.69,3.98,5.57
E-0026580,1.889702,232.08,28.4,275.69,4.76,2.37,13.62,3.74,5.72
E-0026581,2.272667,243.33,26.76,594.73,10.11,1.23,10.92,3.56,5.33
E-0026582,2.234585,239.85,31.67,347.23,3.41,1.76,14.26,3.75,5.26
E-0026583,2.6674914,55.28,18.74,168.06,9.54,1.55,5.71,2.21,2.95
E-0026584,1.0740832,228.57,2.36,18.29,11.72,1.92,16.42,19.04,24.85
E-0026585,0.5100559,250.85,2.97,11.13,7.44,2.71,23.28,19.11,26.35
E-0026586,0.9614822,216.98,5.68,36.54,8.96,2.26,16.72,10.8,14.85
E-0026587,0.40846497,207,3.14,19.09,6.56,2.58,31.24,24.42,28.29
E-0026588,1.7935141,180.86,9.1,105.7,12.02,1.59,13.49,4.16,6
E-0026589,1.6215782,190.53,10.06,125.77,10.03,2.24,16.63,5.79,6.8
E-0026590,0.79562414,211.7,4.19,35.21,6.58,2.59,16.03,7.33,11.19
E-0026591,0.91562134,210.19,4.48,41.76,7.37,2.41,14.46,7.01,10.47
E-0026592,1.3093716,159.64,4.88,87.15,6.66,2.57,12.45,3.61,6.49
E-0026593,1.6349851,170,7.34,158.34,7.9,3.36,15.98,7.16,8.38
E-0026594,2.1464179,106.31,13.62,734.39,15.47,1.43,8.01,4.27,5.28
E-0026595,1.068362,229.54,2.68,84.59,5.65,3.28,12.16,4.51,8.55
E-0026596,2.9090323,19.07,17.6,236.16,10.31,1.46,4.7,2.3,1.55
E-0026597,1.723973,198.61,4.02,204.05,10.14,2.31,8.7,5.14,7.9
E-0026598,1.9689314,154.87,7.89,162.72,15.98,1.69,8.11,7.87,9.78
E-0026599,1.9750128,155.56,8.11,170.28,16.06,1.68,7.93,7.85,9.71
E-0026600,1.0998214,184.76,6.25,56.09,7.75,2.97,13.97,8.81,11.36
E-0026601,2.168153,119.21,17.82,242.15,14.2,1.43,10.61,3.86,4.81
E-0026602,1.9832135,96.81,15.07,200.95,4.4,5.02,8.18,3.04,4.14
E-0026603,3.469388,19.62,19.71,273.14,1.51,2.78,1.25,0.47,0.88
E-0026604,0.8910753,225.76,6.01,70.55,2.09,8.88,19.59,6.39,9.77
E-0026605,1.8805215,155.03,10.79,177.46,9.14,2.3,12.16,4.1,5.75
E-0026606,1.8257265,145.93,12.91,174.57,7.97,2.91,13.01,4.77,6.01
E-0026607,2.5700705,18.41,28.25,148.56,3.05,5.58,3.89,1.7,2.19
E-0026608,3.1200519,20.14,26.67,200.34,2.5,3.6,2.09,1.05,1.49
E-0026609,1.9152225,78.33,13.27,112.02,3.7,7.31,8.33,4.93,6.25
E-0026610,2.1622267,136.51,11.12,241.07,10.19,1.46,7.7,2.31,3.91
E-0026611,2.7357202,25.51,16.8,151.44,12.15,1.33,3.67,3.31,4.11
E-0026612,2.2331872,156.31,8.52,117.33,9.69,1.49,6.87,2.3,4.06
E-0026613,2.0170429,232.69,29.79,204.41,3.67,3.05,13.69,4.99,6.08
E-0026614,2.7134054,243.06,71.7,544.78,3.63,1.55,8.84,2.34,3.97
E-0026615,1.8582315,260.13,25.94,287.51,5.56,2.01,16.4,5.65,7.22
E-0026616,1.8570197,259.73,26.04,298.58,6.26,1.89,15.95,5.68,7.26
E-0026617,2.6800725,262.57,59.38,518.78,2.66,1.72,8.73,2.56,4.04
E-0026618,2.7016926,261.42,60.73,510.44,2.65,1.73,8.5,2.52,4
E-0026619,2.1655033,225.93,41.03,351.17,4.15,1.85,10.77,2.91,4.67
E-0026620,2.1869957,224.35,41.09,352.96,4.19,1.83,10.53,2.87,4.62
E-0026621,2.2127373,223.66,40.79,346.78,4.12,1.85,10.54,2.91,4.59
E-0026622,2.389399,199.08,35.76,295.18,4.58,1.68,8.59,2.72,4.22
E-0026623,1.6402175,225.79,25.53,246.01,4.49,3.42,16.91,4.47,6.4
E-0026624,1.5943787,226.12,17.89,228.17,4.9,3.07,16.17,4.1,6.38
E-0026625,2.2008743,178.06,28.1,284.64,6.75,2.03,10.95,3.8,5.44
E-0026626,2.3445356,258.23,21.36,513.01,10.32,1.25,9.92,3.51,5.34
E-0026627,2.5207648,227.82,41.49,290.68,2.83,1.9,10.32,3,4.37
E-0026628,2.5080857,228.7,40.72,286.86,2.8,1.92,10.31,2.99,4.37
E-0026629,2.730307,62.13,17.54,420.87,11.54,1.34,6.3,2.27,3.19
E-0026630,1.0388713,175.73,5.29,54.44,12.09,1.53,20.47,11.85,13.65
E-0026631,0.034873795,267,1.86,21.42,5.18,2.67,56.52,39.42,39.61
E-0026633,2.7048326,48.3,10.36,76.48,6.38,1.78,4.02,1.67,2.8
E-0026634,1.7807885,222.23,5.44,275.95,15.23,1.58,8.38,7,9.14
E-0026635,1.7867377,220.84,5.48,246.73,14.87,1.62,8.58,7.15,9.22
E-0026636,1.0928595,178.72,6.36,53.88,6.61,3.56,14.16,9.35,11.75
E-0026637,1.0447556,182.3,6.03,50.86,6.39,3.64,15,9.77,12.19
E-0026638,1.9316506,128.77,13.37,211.41,14.22,1.58,14.42,4.97,5.93
E-0026639,2.0116918,138.13,19.52,208.69,12.51,1.74,12.16,4.92,5.91
E-0026640,1.2380244,197.62,7.23,79.08,8.21,2.86,25.52,9.1,10.12
E-0026641,1.3146511,186.85,7.14,69.39,7.23,3.21,23.55,7.35,8.96
E-0026642,2.7791228,13.8,35.06,319.45,4.07,3.39,3.62,1.48,2.19
E-0026643,2.0825708,97.65,17.02,231.18,6.3,3.7,8.77,3.33,4.58
E-0026644,1.9516306,108.22,13.54,170.55,9.11,2.52,11.44,4.61,5.46
E-0026645,2.2087576,158.84,8.47,116.26,9.65,1.5,7.04,2.36,4.13
E-0026646,2.9028094,70.84,19.13,136.57,7.89,1.5,4.26,1.48,2.6
E-0026647,2.3041818,132.48,13.1,127.45,9.61,1.7,6.86,2.78,4.24
E-0026648,2.366463,127.52,13.4,132.23,9.56,1.64,6.4,2.57,4.02
E-0026649,2.0403552,204.12,11.87,81.12,7.06,2.85,8.15,3.18,4.74
E-0026650,2.7909198,65.58,17.98,184.59,9.72,1.37,5.15,1.74,2.85
E-0026651,1.3918893,189.12,10.09,105.62,9.67,2.31,15.81,5.35,7.91
E-0026652,1.3953198,189.35,10.26,108.85,9.59,2.3,16.15,5.26,7.81
E-0026678,1.5286964,196.77,9.07,118.61,10.2,2.27,18.6,6.43,7.6
E-0026679,1.1230115,204.61,6.13,50.83,8.84,2.41,18.71,17.3,17.98
E-0026680,0.7864624,263.39,4.77,54.33,12.33,1.46,23.08,15.87,18.26
E-0026681,1.9504083,159.89,9.84,127.23,10.78,1.79,11.15,4.2,5.35
E-0026682,2.2418993,114.45,14.81,205.61,6.83,2.27,6.62,2.1,3.52
E-0026683,3.288156,21.89,28.13,351.29,3.03,2.33,2.03,0.85,1.47
E-0026684,2.691945,26.06,21.93,134.17,12.09,1.37,3.56,3.55,4.22
E-0026685,2.0689044,206.37,11.55,87.61,7.49,2.61,7.62,3.01,4.62
E-0026686,2.7740908,66.37,18.71,178.94,9.56,1.41,5.4,1.84,2.9
E-0026687,1.5320685,196.45,8.23,84.66,7.35,2.73,13.52,4.25,6.62
E-0026688,1.8401402,179.57,9.42,115.65,9.2,1.96,10.57,3.55,5.62
E-0026689,1.8465375,175.96,9.33,114.45,9.27,1.94,10.36,3.51,5.61
E-0026690,2.649618,75.6,19.24,147.39,8.78,1.62,5.6,2.02,3.24
E-0026691,2.6020703,80.68,19.07,146.22,8.61,1.68,5.97,2.13,3.33
E-0026692,1.9136081,152.83,11.4,121.12,9.37,2.06,9.77,3.91,5.73
E-0026693,1.8748447,146.82,11.17,108.66,8.92,2.24,10.19,4.18,5.92
E-0026694,1.7532365,211.55,9.54,82.89,6.37,3.4,10.85,4.07,6.06
E-0026695,1.6928985,209.48,9.19,75.69,5.8,3.78,12,4.35,6.33
E-0026696,2.5364332,75.03,18.9,207.97,10.78,1.47,6.6,2.43,3.57
E-0026697,2.4975638,78.93,18.62,199.01,10.53,1.52,7.11,2.55,3.67
E-0026698,1.0817494,206.31,6.29,94.42,7.51,2.9,18.5,6.14,9.21
E-0026699,3.2045856,13.59,18.68,167.87,6.41,1.34,2.59,1.21,1.91
E-0026700,1.9495895,243.4,25.88,357.51,6.93,1.73,13.33,4.37,6.33
E-0026701,1.6723657,244.48,21.02,272.67,8.48,1.85,16.35,6.48,8
E-0026702,2.3226647,228.86,32.51,419.23,5.52,1.59,9.71,3.33,5.03
E-0026703,2.1653223,235.72,39.18,435.48,4.56,1.9,12.16,4.03,5.39
E-0026704,2.4208765,246.67,28.82,438.55,3.84,1.74,10.05,2.8,4.56
E-0026706,2.3769543,92.07,18.25,365.31,12.55,1.48,9.38,3.26,4.2
E-0026707,2.113585,84.33,13.1,122.77,12.31,1.7,9.97,4.27,5.28
E-0026708,0.0047762822,221.69,1.44,6.02,1.81,9.7,56.09,30.7,33.83
E-0026709,1.9670954,137.66,9.86,117.21,11.17,1.65,9.24,2.94,5.03
E-0026710,1.9808997,138.9,9.32,124.44,11.49,1.56,8.84,2.73,4.94
E-0026711,2.8755958,72.96,18.67,135.66,8.07,1.49,4.35,1.51,2.66
E-0026712,1.8020352,184.78,7.75,157.86,12.48,1.7,14.09,4.36,6.62
E-0026713,1.8067478,193.51,9.61,165.27,11.69,1.88,14.5,4.65,6.96
E-0026714,1.7866689,200.9,9.22,160.02,11.15,1.95,14.84,4.64,6.94
E-0026715,2.128401,195.87,8.77,183.7,14.51,1.42,11.33,3.53,5.58
E-0026716,2.1122084,199.52,7.9,184.9,14.81,1.41,11.61,3.59,5.68
E-0026717,1.7752463,176.61,7.58,110.22,9.21,2.02,11.07,3.96,6.1
E-0026718,2.2677026,162.31,16.27,198.75,17.12,1.34,7.89,3.9,5.46
E-0026719,2.1483514,166.85,14.88,173.43,16.3,1.45,8.71,4.29,5.91
E-0026720,2.4914505,41.08,37.4,525.4,7.11,2.94,5.16,2.73,3.51
E-0026721,2.547305,40.01,37.4,570.79,7.56,2.6,4.85,2.57,3.42
E-0026722,2.7904105,38.72,18.15,219.99,12.13,1.38,5.35,2.59,3.85
E-0026723,1.851932,235.38,28.24,315.3,3.59,3.4,13.79,3.47,5.23
E-0026724,2.3012877,228.7,36.81,264,4.66,2.38,10.75,3.61,4.96
E-0026725,2.1776195,241.58,39.94,328.74,5.29,2.22,11.47,4.04,5.34
E-0026726,2.1656168,247.33,42.74,311.75,4.97,2.26,11.87,4.25,5.45
E-0026727,1.8532724,240.58,18.84,187.45,8.1,2.19,16.21,8.33,8.65
E-0026728,1.7864612,250.13,23.58,216.35,2.77,3.71,18.53,5.85,6.66
E-0026729,2.350974,274.78,67.74,398.16,2.14,2.17,12.47,3.12,4.9
E-0026730,3.1141746,257.21,91.4,309.14,1.61,2.06,6.07,2.09,3.38
E-0026731,1.9379581,242.78,14.2,252.42,6.16,1.69,11.86,4.53,6.41
E-0026732,2.336512,205.75,16.71,225.31,5.13,1.78,6.61,3.14,4.5
E-0026733,2.0979261,279.28,48.17,491.16,3.85,2.5,14.86,5.83,6.67
E-0026734,1.8743045,236.27,34,356.42,4.06,3.22,14.28,3.94,5.56
E-0026735,1.8348235,236.53,29.88,409.83,4.44,3.13,14.12,3.66,5.5
E-0026736,2.3562205,225.27,37.15,285.36,5.14,2.1,10.06,3.46,4.82
E-0026737,1.6557137,261.06,17.88,122.81,6,3.02,21.46,11.44,10.16
E-0026738,2.2353425,228.02,29.88,205.6,4.46,2.37,11.15,4.89,5.74
E-0026739,2.5130787,179.9,40.45,248.72,4.09,2.41,8.33,3.6,4.62
E-0026740,2.5131402,167.37,30.87,237.12,4.56,2.15,8.22,3.51,4.56
E-0026741,2.4001179,230.24,21.32,365.08,4.36,1.59,8.55,2.32,4.22
E-0026742,2.4405553,217.27,35.47,354.47,4.54,1.77,8.75,3.31,4.67
E-0026743,1.4529297,238.34,12.2,179.74,4.72,3.8,24.02,8.32,8.97
E-0026744,1.9126499,232.26,29.96,212.73,3.23,3.36,15.17,5.24,6.18
E-0026745,1.7261184,244.11,18.82,144.6,3.36,3.65,17.99,5.7,6.83
E-0026746,3.4247863,184.7,105.3,429.39,1.43,1.98,3.7,1.69,2.75
E-0026747,3.912436,27.7,109.54,553.13,1.6,2.01,1.81,0.83,1.68
E-0026748,3.0802565,139.99,96.84,291.91,2.71,2.07,5.51,2.37,3.62
E-0026749,3.7855914,95.21,122.16,423.65,0.8,2.57,2.55,0.99,1.9
E-0026750,3.5471473,123.38,118.03,462.03,1.31,1.85,2.96,1.49,2.41
E-0026751,3.5122175,131.7,118.9,467.98,1.44,1.79,3.08,1.56,2.5
E-0026752,3.158698,235.4,126.13,316.94,1.93,2.03,5.53,2.4,3.64
E-0026753,2.9683118,206.16,69.1,259.67,2.95,1.96,6.18,2.29,3.59
E-0026754,2.692575,222.62,61.95,249.71,2.75,2.25,8.01,2.57,3.88
E-0026755,3.2083247,200.18,73.56,653.99,1.56,2.21,4.26,1.94,3.09
E-0026756,2.941805,237.89,88.27,445.37,1.07,3.05,5.14,1.93,3.04
E-0026757,1.6584171,143.55,10.59,103.22,10.59,2.28,16.77,6.65,7.76
E-0026758,2.1851525,129.01,20.3,289.15,13.43,1.47,10.83,4.22,4.94
E-0026759,2.1240613,79.37,17.04,100.56,3.89,5.7,7.99,2.74,3.51
E-0026761,0.95665723,213.46,4.2,53.08,7.59,2.67,25,9.6,12.42
E-0026762,2.2455795,35.93,26.9,341.38,5.16,4.67,6.5,2.99,3.7
E-0026763,2.4806616,45.48,23.96,400.76,8.18,2.3,5.35,2.71,3.48
E-0026764,2.412477,35.83,25.53,363.84,6.86,3.05,5.66,2.76,3.51
E-0026765,2.2170222,39.34,25.81,338.7,5.11,4.71,6.72,3.06,3.79
E-0026766,2.483854,48.06,23.49,420.63,8.35,2.2,5.37,2.68,3.48
E-0026767,2.4334407,39.79,25.4,377.29,7.23,2.76,5.76,2.77,3.52
E-0026768,2.6614044,51.49,32.98,398.98,6.9,1.86,5.22,2.15,3.16
E-0026769,3.1367764,19.7,27.73,339.18,9.2,1.41,3.38,1.71,2.73
E-0026770,2.9565783,23.5,29.87,361.49,3.45,2.9,2.92,1.25,1.89
E-0026771,2.7851663,101.57,33.94,209.34,4.26,2.22,4.91,1.78,2.87
E-0026772,2.6347733,16.09,30.45,222.03,4.01,4.36,3.87,2.06,2.72
E-0026773,2.761394,29.99,22.7,229.25,4.78,2.85,3.6,1.87,2.68
E-0026774,1.0837839,197.02,11.48,101.78,11.57,1.89,14.36,6.45,9.3
E-0026775,1.8853004,223.7,24.16,213.62,6.19,2.35,14.55,4.87,6.51
E-0026776,1.905255,227.42,26.19,203.24,5.82,2.37,14.65,4.97,6.47
E-0026777,2.002443,222.98,10.76,279.32,5.86,1.67,11.6,2.76,5.02
E-0026778,2.0308535,225.52,19.72,295.49,6.91,1.69,12.53,3.44,5.43
E-0026779,1.563128,222.12,12.09,133.39,6.11,2.94,20.18,8.24,9
E-0026780,2.2546148,199.55,27.47,387.61,6.79,1.56,9.04,2.99,4.83
E-0026781,2.3602881,232.27,20.63,292.33,3.33,1.89,8.74,2.87,4.59
E-0026782,2.111391,246.04,55.02,280.43,2,3.22,10.26,2.19,3.86
E-0026783,3.8277526,69.83,161.86,399.43,1.04,2.09,2.28,1.03,1.83
E-0026784,4.0803876,19.98,146.29,502.37,0.88,2.09,1.37,0.7,1.38
E-0026785,3.7204092,68.96,128.39,405.1,1.19,2.23,2.36,1.04,1.87
E-0026786,2.221594,206.96,29.77,163.65,4.25,3.36,9.17,3.3,4.65
E-0026787,3.6872163,46.75,91.19,416.3,1.38,2.36,2.23,0.95,1.74
E-0026788,2.206728,239.21,41.83,272.8,3.21,2.52,10.58,3.04,4.62
E-0026789,2.1592133,237.06,39.08,269.44,3.36,2.55,10.75,3.06,4.68
E-0026790,2.109101,247.14,45.93,255.24,2.75,2.92,12.8,3.28,4.86
E-0026791,3.221693,140.51,74.94,367.7,2.47,1.86,4.42,1.72,2.79
E-0026792,2.049382,229.32,29.91,280.43,5.67,1.94,11.48,4.18,5.75
E-0026793,2.1575587,218.16,32.87,313.44,5.56,1.98,10.56,3.79,5.29
E-0026794,2.2817261,213.29,34.07,356.98,5.09,2.21,10.3,3.56,5
E-0026795,2.2896776,213.73,34.9,361.94,5.21,2.17,10.27,3.59,5.04
E-0026796,2.1978593,209.27,24.13,310.01,5.95,1.74,9.42,3.63,5.32
E-0026797,1.5265152,234.38,9.45,171.65,5.32,2.78,21.78,7.12,8.43
E-0026798,3.3468103,72.02,102.75,450.41,1.94,2.39,3.27,1.32,2.25
E-0026799,3.202507,211.34,150.06,504.44,0.95,2.71,4.21,1.74,2.79
E-0026800,3.9270387,33.21,211.19,665.86,0.62,2.69,1.52,0.7,1.39
E-0026801,2.4720817,227.33,67.22,225.29,2.3,2.76,8.84,2.76,4.18
E-0026802,2.8708673,178.75,75.95,431.66,3.61,1.81,6.44,2.29,3.57
E-0026803,2.594137,247.13,67.97,391.25,2.64,1.96,9.3,2.75,4.3
E-0026804,2.1825716,232.8,31.66,350.96,5.67,1.6,10.54,3.34,5
E-0026805,2.22131,229.21,32.75,348.4,5.52,1.62,10.12,3.24,4.86
E-0026806,2.34972,156.15,16.09,159.82,5.75,2.52,6.45,2.11,3.46
E-0026807,2.0616782,133.69,16.5,180.2,7.18,2.82,9.85,3.62,5.07
E-0026808,2.3129199,85.59,27.56,179.1,5.77,3,8.07,3.12,4.19
E-0026809,3.6685865,13.22,31.76,236.62,1.51,2.36,1.35,0.56,0.97
E-0026810,3.4876294,15.42,26.55,209.33,1.88,2.52,1.7,0.66,1.11
E-0026811,3.1074102,27.9,21.65,215.58,4.21,1.82,3.06,1.17,1.99
E-0026812,2.9144702,37.47,15.69,249.48,9.64,1.33,4.72,1.7,2.65
E-0026813,2.999306,17.3,28.29,229.73,3.74,2.43,3.29,1.41,2
E-0026829,3.169704,31.34,27.99,168.64,2.43,2.57,2.4,1,1.56
E-0026830,3.1117322,15.94,35.1,252.22,3.49,2.24,2.93,1.38,1.9
E-0026831,1.9871929,131.06,14.7,150.07,6.49,3.01,10.09,4.06,5.43
E-0026832,1.3646293,181.56,10.76,207.52,14.11,1.53,15.37,6,8.32
E-0026833,1.3638082,180.59,10.69,208.42,14.13,1.54,15.41,6.06,8.36
E-0026834,1.3761483,199.36,8.9,186.54,12.15,1.67,13.74,4.77,7.5
E-0026835,1.394249,197.08,9.04,181.51,12.12,1.69,13.79,4.85,7.48
E-0026836,1.6436347,155.41,14.55,199.69,14.19,1.52,11.07,5.08,7.02
E-0026837,1.6515938,150.99,14.67,198.66,14.38,1.51,11.23,5.11,7.03
E-0026838,3.356323,174.58,100.11,671.77,1.87,2.1,3.33,1.43,2.43
E-0026839,3.3278039,176.27,96.87,678.37,1.95,2.09,3.39,1.44,2.47
E-0026840,1.3888719,209.68,27.37,216.71,2.49,6.42,15.36,2.65,4.67
E-0026841,2.5999076,248.41,59.67,324.35,2.36,2.3,7.71,2.13,3.61
E-0026842,2.6297393,251.08,64.29,315.75,2.22,2.34,7.69,2.17,3.61
E-0026843,2.4091277,244.25,39.21,266.7,2.26,2.15,11.87,3.34,4.72
E-0026939,2.751657,160.7,40.44,290.18,3,2.01,6.38,2,3.28
E-0026940,2.0883667,221.03,32.05,321.74,3.28,2.2,10.54,2.39,4.26
E-0026941,2.247641,226.38,40.32,321.77,3.11,2.16,9.92,2.35,4.08
E-0026942,2.6831012,220.35,42.07,363.51,2.65,2.1,7.44,1.93,3.37
E-0026943,1.7717352,221.51,13.6,220.87,5.33,2.66,17.49,6.06,7.24
E-0026944,2.5833797,117.15,31.5,348.59,11.27,1.42,7.41,3.52,4.58
E-0026945,2.7019765,168.14,37.77,298.18,3.04,2.02,6.55,1.98,3.34
E-0026967,1.9392735,202.44,12.13,184.49,9.47,1.96,14.64,5.65,7.57
E-0026969,3.0218585,180.81,60.94,343.65,3.72,1.77,5.01,2.25,3.29
E-0026976,1.3657279,196.61,8.92,111.5,15.34,1.32,20.39,8.62,10.4
E-0026979,1.7044052,261.95,24.05,238.11,4.87,2.38,20.8,6.89,7.94
E-0026980,1.5007272,200.53,12.43,177.05,16.04,1.47,19.9,8.79,9.08
E-0026981,1.8730521,154.2,16.27,338.04,20.23,1.15,13.28,6.33,6.58
E-0026982,1.4164139,204.83,9.67,199.22,16.03,1.65,20.43,9.23,9.1
E-0026983,4.054205,2.29,190.68,148.98,0,63.46,0.12,0,0
E-0026984,3.791202,25.64,114.5,77.57,0,58.34,0.54,0,0
E-0026985,3.4047632,4.25,86.91,309.23,2.66,2.23,1.93,0.84,1.32
E-0026986,3.0027409,12.14,102.12,263.45,1.86,6.28,3.28,1.29,1.67
E-0026987,3.2737622,5.72,37.78,190.56,0.41,7.54,0.87,0.21,0.38
E-0026988,2.8206196,32.03,29.97,399.52,14.42,1.13,3.52,2.42,3.31
E-0026989,2.1853027,93.13,14.41,202.93,12.07,1.52,6.19,3.58,5.26
E-0026990,2.7476313,15.39,37.74,96.58,0.25,17.42,3.06,0.67,0.7
E-0026992,1.1348977,136.39,4.27,178.88,8.16,2.99,17.32,4.97,7.75
E-0026993,1.9190664,53.51,26.96,65.44,0.22,37.07,9.23,1.86,1.87
E-0026994,3.1688058,11.2,41.65,750.23,14.11,1.02,2.79,1.67,2.59
E-0026995,2.0950434,51.18,40.71,87.67,0,38.22,7.58,1.43,1.29
E-0026996,5.7465363,0,"1,696.15","1,190.59",0,3.57,0,0,0
E-0026997,3.3372464,1.19,208.16,265.3,0,65.99,1.01,0.08,0
E-0026998,3.059529,2.08,120.53,200.15,0,44.03,1.81,0.42,0.37
E-0026999,4.7429333,0.1,737.32,704.62,0,13.8,0,0,0
E-0027000,4.0241475,2.02,504.14,636.47,0,21.16,0.24,0,0
E-0027001,4.081747,2.59,642.04,633.07,0,25.88,0.2,0,0
E-0027002,3.877363,2.81,637.3,587.04,0,48.24,0.36,0,0
E-0027003,3.9172106,2.97,405,541.51,0,15.49,0.47,0.1,0.17
E-0027004,1.6320388,199.15,11.61,135.51,7.83,2.8,12.48,5.43,8.07
E-0027005,2.7567792,22.81,47.23,222.03,3.56,2.93,4.24,1.59,2.16
E-0027006,1.3040045,177.85,11.03,113.76,8.85,2.27,9.61,5.21,7.48
E-0027007,2.5420957,55.09,37.69,581.82,21.4,0.96,5.54,4.03,4.95
E-0027008,2.5438569,29.65,20.09,208.79,17.72,1.15,4.45,3.59,4.45
E-0027009,3.8225098,1.89,39.3,724.25,14.62,0.8,0.91,0.74,1.36
E-0027010,2.1629827,36.18,35.5,86.38,0.25,30.15,6.89,1.57,1.61
E-0027011,2.98622,14.83,39.15,434.14,13.36,1.13,3.03,2.01,2.81
E-0027012,3.8940063,9.62,141.61,385.52,0,4.78,0.5,0.11,0.16
E-0027013,3.134904,9.09,38.64,119.38,0.04,10.37,1.29,0.21,0.22
E-0027014,3.4617138,6.54,55.04,135.12,0,10.74,0.7,0,0
E-0027015,3.7564087,13.66,184.14,477.33,0,6.16,0.73,0.21,0.22
E-0027016,3.6491547,8.95,91.83,376.26,0.29,4.36,0.75,0.27,0.41
E-0027017,2.5828326,12.43,23.53,91.18,0.32,16.03,2.72,0.54,0.66
E-0027018,3.6773102,13.02,146.45,382.37,0,6.97,0.86,0.2,0.16
E-0027019,2.017951,107.99,24.99,152.3,4.12,6.24,10.8,4.71,5.74
E-0027020,2.0375888,103.67,31.57,142.7,3.04,8.14,10.94,4.11,4.8
E-0027021,4.293382,0.69,468.6,544.68,0,15.06,0.02,0,0
E-0027022,2.0864458,90.73,20.1,169.65,5.69,4.1,9.5,4.23,5.57
E-0027023,4.3876414,1.53,680.67,412.72,0,24.38,0,0,0
E-0027024,3.3378112,16.5,91.15,536.59,5.33,1.58,2.51,1.5,2.34
E-0027025,3.1135464,26.78,90.33,945.96,9.49,1.27,2.8,2.01,3.15
E-0027026,0.8750775,196.21,10.24,106,10.49,1.81,12.58,6.97,9.96
E-0027028,4.333149,6.13,278.5,469.51,0,5.2,0.1,0,0
E-0027029,2.8300524,7.07,34.26,96.49,0,22.8,1.78,0.19,0.23
E-0027030,4.2896204,4.54,224.29,574.65,0,6.58,0,0,0
E-0027031,2.766438,9.2,34.4,93.71,0,32.82,1.82,0.11,0.05
E-0027032,4.342984,4.27,196.08,493.97,0,5.19,0,0,0
E-0027033,4.746773,3.28,386.9,559.22,0,5.42,0,0,0
E-0027034,3.141121,4.6,48.2,105.89,0,26.17,1.03,0,0
E-0027035,4.4178295,5.43,307.36,554.02,0,7.69,0,0,0
E-0027036,3.1584551,19.34,93.18,315.06,0.69,6.35,1.94,0.78,0.9
E-0027037,4.523366,0,112.02,394.43,0,3.09,0,0,0
E-0027038,3.335224,11.48,139.04,355.27,0.32,7.09,1.52,0.58,0.74
E-0027039,4.909505,0.07,"1,520.06",935.77,0,5.16,0,0,0
E-0027040,3.9863074,8.28,183.91,415.19,0,4.83,0.5,0.09,0.2
E-0027041,3.1082556,27.49,77.69,300.36,1.17,4.34,2.39,0.99,1.2
E-0027042,4.459685,0,74.61,352.39,0.1,2.56,0,0,0
E-0027043,2.3045633,59.46,29.96,204.5,5.04,4.34,7.28,3.21,4.26
E-0027044,1.9537734,116.43,18.37,139.81,4.79,5.51,11.29,5.5,6.86
E-0027045,1.9512286,142.32,12.6,122.98,7.18,3.62,12.53,6.39,8.12
E-0027046,3.1409795,62.1,88.92,175.65,0.59,8.3,2.9,0.88,0.95
E-0027047,2.9174128,9.99,45.8,89.1,0,36.17,1.63,0,0
E-0027048,3.2541502,23.97,137.38,318.64,0.24,7.49,1.87,0.67,0.67
E-0027049,2.7105465,16.95,39.88,113.79,0.16,16.07,2.72,0.57,0.58
E-0027050,3.6065834,12.29,237.35,397.86,0,7.63,1.08,0.34,0.4
E-0027051,3.5851994,15.6,205.65,410.04,0,9.31,1.05,0.27,0.18
E-0027052,1.9323449,26.12,29.46,63.77,0,94.18,6.22,0.75,0.6
E-0027053,2.3496597,16.05,26.41,71.46,0,27.23,3.84,0.55,0.65
E-0027054,3.1698318,18.83,100.38,301.35,0.79,5.22,2.18,0.88,1.12
E-0027055,4.2232265,2.46,646.01,469.18,0,27.96,0,0,0
E-0027056,4.6052976,0.72,747.13,533.27,0,24.68,0,0,0
E-0027057,4.6577263,0,681.42,547.08,0,13.73,0,0,0
E-0027058,4.3256145,5.02,193.81,576.72,0,4.35,0.01,0,0.06
E-0027059,3.5650277,4.39,47.03,209.39,0.1,6.89,0.47,0.03,0.15
E-0027060,3.7760317,15.55,151.14,478.13,0.09,4.16,0.8,0.3,0.39
E-0027061,4.905501,0.13,"1,055.25",662.4,0,26.09,0,0,0
E-0027062,4.381056,0.67,666,503.13,0,15.02,0,0,0
E-0027063,4.208001,0.48,643.86,482.12,0,26.6,0,0,0
E-0027064,3.2137098,7.71,348.15,428.18,0,36.4,1.93,0.63,0.54
E-0027065,2.8976421,4.79,161.94,198.89,0,53.4,2.62,0.69,0.54
E-0027066,2.3014796,21.14,159.24,276.63,0,70.5,6.31,2.03,1.63
E-0027067,2.6454923,10.41,157.95,269.69,0,53.87,4.07,1.21,0.97
E-0027068,4.1728516,1.84,808.7,492.95,0,58.45,0,0,0
E-0027069,5.162768,0,"1,612.87",915.74,0,14.26,0,0,0
E-0027070,3.3889465,11.99,96.97,435.84,0.87,5.5,1.4,0.58,0.95
E-0027071,3.7540283,4.56,145.1,688.23,0.73,4.14,0.68,0.28,0.67
E-0027072,2.6537387,24.12,43.31,259,2.98,4.89,4,1.75,2.25
E-0027073,2.889572,4.75,161.8,203.44,0,54.3,2.62,0.71,0.56
E-0027074,2.9388561,5.6,172.5,244.34,0,76.25,2.41,0.69,0.52
E-0027075,3.219541,5.61,341.04,478.61,0,43.68,1.72,0.59,0.51
E-0027076,2.863572,6.37,161.78,219.2,0,83.23,2.72,0.75,0.55
E-0027077,2.2646966,18.79,136.82,297.08,0,63.58,6.29,2.27,1.96
E-0027078,3.3171995,2.83,114.89,301.56,0.63,10.71,1.52,0.59,0.75
E-0027079,4.043424,1.87,616.14,445.38,0,52.63,0.07,0,0
E-0027080,3.980002,1.34,190.9,577.51,0.13,7.79,0.24,0.06,0.21
E-0027081,5.578086,0,"3,461.27","1,805.79",0,7.2,0,0,0
E-0027082,2.6297183,9.83,137.96,277.3,0,52.64,3.67,1.41,1.29
E-0027083,2.6932592,11.04,138.44,264.45,0,43.78,3.51,1.27,1.18
E-0027084,2.5178478,21.72,223.03,414.9,0,71.03,4.25,1.77,1.55
E-0027085,2.5713854,22.68,242.64,455.15,0,63.11,4.01,1.69,1.52
E-0027086,2.4339495,29.9,154.57,348.46,0,49.89,5.04,2.09,1.94
E-0027087,2.5034797,26.42,165.81,405.55,0,48.79,4.48,1.94,1.86
E-0027088,2.4744432,13,130.04,274.43,0,41.14,5.01,1.76,1.63
E-0027089,2.646372,15.73,143.09,288.05,0,45.74,3.76,1.68,1.61
E-0027090,2.6312766,17.26,139.6,272.24,0,43.55,3.91,1.69,1.61
E-0027091,2.3360703,11.29,53.67,203.71,0.5,31.21,5.91,2.08,2.12
E-0027092,3.9337444,0.87,223.65,397.32,0,9.15,0.42,0.07,0.14
E-0027093,2.3654118,12.98,94.34,310.11,0.53,27.12,5.87,2.16,2.18
E-0027094,3.084524,2.23,126.23,304.14,0.1,24.22,2.08,0.87,0.96
E-0027095,2.2349327,139.83,39.92,352.21,5.44,2.74,10.01,3.43,4.4
E-0027096,2.1459517,135.45,35.24,349.88,5.33,2.86,10.86,3.54,4.43
E-0027097,1.4660817,237.04,7.01,132.13,10.42,2.64,24.19,14.44,13.92
E-0027098,3.1750383,8.51,323.29,660.65,0,34.01,1.64,0.86,0.93
E-0027099,2.7293472,11.67,177.63,372.88,0,59.49,3.03,1.18,1.07
E-0027100,2.8919013,95.34,62.81,511.52,5.73,1.82,5.16,2.19,2.96
E-0027101,2.379588,158.75,30.52,393.49,8.56,1.86,9.17,3.69,4.63
E-0027102,1.9248334,196.02,24.82,404.1,6.09,2.52,14.02,3.84,5.13
E-0027103,1.8652873,220.36,27.93,476.72,8.53,1.98,18.63,5.54,6.9
E-0027104,1.8283349,179.34,13.07,215.38,11.51,1.71,15.06,5.67,6.88
E-0027105,4.0235,2.04,442.44,423.02,0,29.02,0.13,0,0
E-0027106,1.3452878,215.64,8.02,133.73,6.06,4.17,23.95,12.18,12.15
E-0027107,2.302781,33.83,97.28,416.4,0.55,25.87,6.41,2.58,2.53
E-0027108,3.6805737,3.68,297.81,680.68,0.34,9.02,0.92,0.4,0.63
E-0027109,2.541832,135.95,33.85,429.69,4.83,1.96,6.61,2.17,3.19
E-0027110,2.217637,147.54,13.92,628.59,10.79,1.34,11.24,2.86,4.77
E-0027112,1.9942636,152.11,14.46,806.74,14.38,1.22,14.71,4.01,6.1
E-0027113,2.2732093,104.74,17.68,442.37,8.76,1.54,9.02,2.83,4.37
E-0027114,2.8379502,5.49,110.44,315.07,0.19,26.49,3.11,1.16,1.17
E-0027115,2.9678507,5.15,72.28,214.05,0.44,18.91,2.71,1.14,1.22
E-0027116,3.1093292,3.77,115.78,314.92,0.44,17.88,2.25,1.1,1.27
E-0027117,2.3361945,43,79.62,390.66,0.8,19.18,6.7,2.58,2.42
E-0027118,0.9465283,228.19,6.55,55.25,1.73,9.98,27.01,14.31,16.18
E-0027119,1.4335129,154.54,11.23,81.35,7.63,3,19.01,5.06,6.33
E-0027120,1.9599354,143.56,12.82,276.87,8.03,1.91,12.55,3.48,4.9
E-0027121,3.1960928,68.65,47.96,744.77,2.87,1.78,3.05,0.95,2.03
E-0027122,3.5454547,45.89,65.45,980.17,2.04,1.87,2.18,0.65,1.57
E-0027123,3.0304334,37.98,64.44,"1,059.26",5.48,1.44,3.99,1.41,2.76
E-0027124,2.2176735,112.09,17.1,425.47,8.69,1.57,9.5,2.93,4.51
E-0027125,2.950099,107.34,56.39,851,4.09,1.78,5.07,1.53,2.71
E-0027126,2.907122,5.19,176.24,290.82,0,31.75,2.84,0.93,0.89
E-0027127,2.62255,21.86,124.49,195.72,0,59.09,3.86,1.57,1.49
E-0027128,2.6575193,21.94,128.59,206.21,0,54.3,3.7,1.53,1.47
E-0027129,2.355964,11.75,81.11,234.54,0.01,46.35,4.77,1.98,1.98
E-0027130,2.299044,62.45,18.89,341.15,14.28,1.26,8.04,3.07,4.5
E-0027131,2.6325805,88.89,13.27,500.62,9.97,1.28,6.75,1.95,3.47
E-0027132,1.9729736,146.9,28.75,441.31,7.04,2.46,13.02,4.46,5.44
E-0027133,1.3954358,216.64,25.69,323.31,2.81,5.77,26.13,7.34,7.6
E-0027134,1.7384562,176.13,36.75,523.45,3.7,5.35,18.3,6.31,6.52
E-0027135,1.5172985,214.18,18.49,302.48,5.01,3.5,22.13,7.8,8.1
E-0027136,1.8674637,176.99,23.63,415.38,6.75,2.9,15.09,6,6.53
E-0027137,1.7529415,135.12,12.45,278.63,8,1.88,15.82,4.66,6.1
E-0027138,2.4446063,110.09,54.36,808.68,6.18,2.07,8.31,2.89,4.19
E-0027139,3.052102,35.91,26.91,787.73,9.05,1.1,4.63,1.49,2.83
E-0027140,1.6090709,200.65,18.56,238.1,6.79,2.01,19.12,6.7,8.08
E-0027141,1.94698,138.31,35.09,318.68,6.1,3.1,13.49,5.1,5.84
E-0027143,2.70815,11.58,145.23,236.27,0,84.84,3.06,1.35,1.21
E-0027144,2.7027438,13.69,145.29,219.43,0,74.91,3.23,1.35,1.21
E-0027145,2.340879,21.02,67.65,211.38,0.37,29.41,5.34,2.21,2.35
E-0027146,1.933441,168.44,28.54,328.42,5.55,2.87,14.28,4.51,5.45
E-0027147,1.674273,166.54,22,256.27,4.45,4.1,18.15,5.57,5.97
E-0027148,2.3053465,60.26,105.02,436.91,0.25,27.94,6.78,2.48,2.22
E-0027152,1.9500973,185.31,25.21,434.37,8.1,2.3,14.77,4.91,6.15
E-0027153,2.1518993,180.58,23.72,702.44,10.33,1.65,13.12,4.09,5.95
E-0027157,1.9154681,216.83,34.65,350.09,2.99,4.75,15.32,3.92,4.92
E-0027159,1.8793939,202.25,20.34,431.36,7.04,2.75,15.81,4.9,6.16
E-0027160,1.5950458,196.55,17.97,201.49,3.2,4.63,18.04,5.17,5.72
E-0027161,1.4485657,191.22,18.98,181.44,2.81,6.86,21.89,6.07,6.25
E-0027168,1.5109046,195.79,19.68,185.23,2.98,6.7,21.27,6.31,6.53
E-0027170,1.4188458,203.94,16.73,170,2.76,6.78,22.85,6.86,6.89
E-0027171,1.1975923,191.94,19.01,151.18,2.3,9.12,28.28,6.98,7.08
E-0027172,2.201601,155.93,31.39,301.44,5.57,2.62,10.64,3.73,4.61
E-0027173,1.5967504,203.31,19.49,261.71,4.36,4.66,19.59,6.05,6.5
E-0027175,1.059883,201.35,8.47,100.82,1.95,8.47,26.34,6.38,6.93
E-0027182,2.8660767,3.99,166.34,306.01,0,41.42,2.77,0.95,0.91
E-0027183,1.5326854,165.53,20.35,227.09,4.91,4.17,20.45,7.59,7.76
E-0027184,0.99389166,198.74,8.74,97.76,1.9,9.57,28.34,9.05,8.72
E-0027185,1.458176,185.59,16.62,162.14,2.46,6.26,17.09,4.63,4.83
E-0027186,1.6795498,176.76,15.64,171.89,3.56,4.38,15.16,4.3,5.07
E-0027187,1.6346039,164.08,16.85,161.19,3.07,4.88,14.43,3.96,4.34
E-0027188,1.5429691,185.48,15.02,139.37,2.63,6.06,15.84,4.72,5.26
E-0027189,1.5949283,185.83,15.77,146.11,2.75,5.26,15.16,4.47,5.07
E-0027190,1.1548463,184.14,18.67,224.11,2.99,6.07,29.95,8.35,8.24
E-0027191,1.9988284,223.74,28.8,368.21,3.15,3.69,13.14,3.32,4.52
E-0027192,1.3727582,227.18,13.16,145.73,1.98,7.38,22.63,4.67,5.59
E-0027193,2.2053437,176.64,49,582.59,3.41,4.97,11.23,3.68,4.46
E-0027194,2.477198,174.58,54.89,627.25,3.53,2.55,8.8,2.48,3.76
E-0027195,1.8776276,261.33,31.71,279.51,1.39,8.39,14.95,3.24,3.95
E-0027196,1.9676132,226.29,32.39,306.74,2.32,4.74,11.8,2.81,3.54
E-0027197,2.144591,210.17,26.36,311.31,3.48,3.17,11.13,2.82,4.1
E-0027198,2.0122116,204.05,29.07,269.8,2.83,4.1,11.53,2.81,3.65
E-0027199,2.0491507,211.73,28.71,249.11,2.68,4.28,11.12,3.03,3.98
E-0027200,1.939259,217.24,26.4,234.09,2.6,4.52,12.47,3.39,4.35
E-0027201,1.7989872,221.25,26.76,421.84,3.67,4.34,17.19,4.47,5.46
E-0027202,1.7499219,204.05,31.64,360.86,4.03,4.44,18.01,5.32,6.06
E-0027203,1.7784348,177.05,33.78,272.47,3.86,5.83,16.77,5.79,6.13
E-0027210,1.7234033,174.29,20.82,349.19,5.56,3.51,17.76,5.6,6.18
E-0027213,2.1690478,161.27,38.39,486.96,4.59,3.07,11.2,3.24,4.48
E-0027214,1.903373,166.47,28.42,363.34,4.59,4.44,14.07,4.8,5.47
E-0027215,2.024306,187.8,43.47,444.44,3.68,4.6,13.46,4.38,5.1
E-0027218,1.4375459,236.32,13.6,184.55,2.09,6.74,19.18,4.39,5.84
E-0027231,1.6781073,186.2,22.1,214.37,3.97,4.42,17.72,5.66,6.12
E-0027235,2.0200853,162.1,61.46,375.59,5.03,3.27,13.63,4.71,5.48
E-0027239,1.527585,200.54,23.46,175.58,2.62,7.27,19.7,6.23,6.52