Molecule Name,LogD,KSOL,HLM CLint,MLM CLint,Caco-2 Permeability Papp A>B,Caco-2 Permeability Efflux,MPPB,MBPB,MGMB
E-0020101,1.6819882,59.79,2.3,4.08,7.95,3.01,33.56,3.4,7.2
E-0020102,1.4440742,73.35,4.08,2.9,6.67,4.05,25.41,2.17,3.02
E-0020103,0.7336423,186.76,1.03,1.63,10.7,2.04,46.72,9.61,23.33
E-0020104,1.6808102,76.38,5.86,3.56,12.72,1.5,19.45,3.13,6.25
E-0020105,0.59122527,271.25,1.16,2.67,9.51,3.08,49.48,11.25,33.23
E-0020106,1.3831426,252.36,2.37,9.26,11.76,2.04,35.17,8.24,23.67
E-0020107,2.342109,76.14,26.74,32.88,7.39,1.82,11.9,2.24,6.11
E-0020108,2.2075782,9.46,5.91,8.1,4.49,6.48,10.82,0.59,1.67
E-0020109,2.9806573,9.68,15.81,15.56,1.75,3.49,1.53,0.2,0.5
E-0020126,3.8444705,20.9,21.21,205.52,4.39,1.37,1.23,0.76,3.59
E-0020131,1.1587055,108.83,3.77,3.7,4.67,5.07,47.82,4.06,5.8
E-0020132,-0.23630644,260.23,1.63,2.02,1.46,10.94,52.42,7.77,38.57
E-0020133,0.67843497,254.53,1.38,3.17,8.44,2.82,47.66,16.25,37.83
E-0020134,0.39955616,219.24,3.32,9.37,0.75,25.65,65.68,4.64,5.44
E-0020135,0.73270243,194.16,6.12,15.33,0.98,14.71,56.62,2.41,3.3
E-0020136,2.3541987,3.5,10.05,14.91,1.7,14.35,6.42,0.23,0.33
E-0020137,1.5040674,58.05,4.71,4.55,4.64,7.21,18.62,1.87,5.68
E-0020138,1.7189962,194.81,13.64,16.66,13.19,1.13,19.8,4.23,21.84
E-0020139,0.7431887,225.83,5.23,2.38,11.73,1.98,31.57,7.77,11.55
E-0020140,0.65684557,240.4,4.45,2.22,7.75,3.17,40.56,11.08,13.92
E-0020141,3.8093002,1.06,18.76,15.92,0.62,6.96,1.37,0.09,0.15
E-0020142,1.9770273,4.91,3.67,4.38,0.89,26.33,9.44,0.37,1.09
E-0020143,2.4188492,7.17,8.11,6.27,1.03,21.25,4.66,0.24,0.7
E-0020144,2.5479941,2.34,6.18,8.28,1,18.2,1.86,0.19,0.46
E-0020145,2.3639495,2.16,5.76,7.62,2.23,9.67,5.89,0.4,0.72
E-0020146,2.5772626,2.48,6.81,9.81,2.22,6.1,4.74,0.34,0.65
E-0020147,3.29353,5.9,34.97,20.4,1.79,3.54,3.07,0.17,0.55
E-0020148,2.4436216,55.36,13.42,6.73,1.55,12.81,10.09,0.33,0.73
E-0020149,2.4741793,79.2,17.63,9.55,1.21,10.95,9.05,0.26,0.94
E-0020150,2.0856097,10.45,4.1,5.55,2.52,7.09,14.34,0.47,0.66
E-0020151,1.9426885,25.98,4.15,5.76,2.64,7.99,17.3,0.48,0.69
E-0020152,2.8689272,4.07,10.18,18.67,3.69,3.61,6.8,0.26,0.4
E-0020153,2.7400274,7.8,9.91,22.12,3.63,3.9,8.16,0.25,0.39
E-0020154,1.2444557,266.02,1.02,3.63,5.61,4.71,38.42,6.57,11.77
E-0020155,1.3268995,263.36,1.07,4.91,7.08,3.63,33.63,5.62,11.68
E-0020156,1.2967077,270.34,1.1,4.32,6.78,3.35,36.43,6.26,9.57
E-0020157,1.2092128,271.64,1.04,3.36,5.42,4.5,40.58,6.8,9.6
E-0020158,0.8714417,274.71,1.1,5.77,4.79,6.9,42.83,7.35,14.85
E-0020159,1.5599713,161.9,16.21,12.85,8.01,2.54,21.74,3.24,9.16
E-0020160,1.525705,145.61,11.15,13.02,6.05,5.21,24.75,2.29,4.62
E-0020161,2.200153,67.66,18.52,19.44,5.52,3.78,14.85,1.49,2.74
E-0020162,2.4480784,19.16,5.85,20.57,11.58,2.32,10.55,3.77,7.77
E-0020163,2.9985342,9.88,7.18,15.78,5.01,2.84,9.58,1.49,3.13
E-0020164,2.069357,74.62,9.13,83.54,10.97,5.66,9.86,1.67,8.03
E-0020165,2.4441085,21.23,13.61,11.84,7.83,2.83,10.3,0.58,1.76
E-0020166,3.4697547,2.22,13.08,19.16,3.97,2.48,3.3,0.37,1.56
E-0020167,2.414733,10.07,7.54,4.4,8.31,2.76,6.76,0.67,1.29
E-0020168,1.9960941,37.66,5.69,3.43,6.62,2.85,15.63,3.06,5.19
E-0020169,3.5575695,1.26,19.07,60.75,3.57,2.87,2.75,0.33,1.12
E-0020170,3.7047641,1.77,41.22,86.46,3.27,2.33,1.72,0.21,0.74
E-0020171,2.6196651,4.97,7.51,9.42,2.35,6.61,6.37,0.48,0.93
E-0020172,2.7911673,6.45,14.68,14.98,3.13,5.45,6.63,0.4,1.06
E-0020173,2.1444037,5.57,8.02,5.87,2.79,9.67,11.05,0.8,1.92
E-0020174,1.7745553,82.94,8.72,11.25,7.49,3.04,28.54,1.46,3.12
E-0020177,3.533395,14.75,48.17,171.76,2.79,1.69,1.11,0.49,0.59
E-0020178,2.7246177,72.75,17.4,121.38,10.36,1.2,3.66,5.54,5.05
E-0020184,2.434225,181.55,29.3,118.35,10.04,1.74,10.46,7.77,5.85
E-0020194,3.7377431,36.41,21.34,191.52,5.02,1.41,1.23,0.97,3.99
E-0020195,3.7967706,47.96,13.95,187.94,5.81,1.3,1.62,0.84,3.55
E-0020199,1.1780812,14.7,2.94,12.52,1.96,15.11,25.03,1.96,3.66
E-0020200,3.2621458,2.11,15.06,15.04,0.78,8.7,1.66,0.13,0.25
E-0020201,-0.6096396,239.86,3.9,1.06,0.8,29.21,74.57,16.25,24.78
E-0020202,1.4003928,75.85,7.53,6.47,1.17,15.63,15.8,1.01,2.09
E-0020203,3.1528265,2.67,14.33,14.6,1.02,9.18,3.1,0.12,0.18
E-0020204,2.3483665,3.82,6.4,7.37,1.51,14.38,6.53,0.34,0.88
E-0020205,2.8228772,1.99,9.12,11.85,1.1,10.45,1.49,0.18,0.39
E-0020206,2.6851425,2.17,7.57,11.17,1.16,12.75,2.84,0.18,0.46
E-0020207,2.486928,2.79,6.54,6.97,2.21,10.47,7.85,0.51,1
E-0020208,3.2271512,2.01,10.84,15.84,1.08,6.89,1.53,0.11,0.21
E-0020209,2.2192545,47.65,15.28,8.67,1.36,11.73,8.77,0.31,1.19
E-0020210,1.8901137,35.1,14.5,1.95,1.32,7.11,21.58,1.49,1.73
E-0020211,0.6231103,255.02,1.41,2.84,3.59,9,54.14,7.57,16
E-0020212,1.3880742,205.59,2.61,7.64,5.24,6.17,39.49,4.63,11.2
E-0020213,2.507602,13.23,5.88,14.92,4.99,8.12,10.88,2.26,3.18
E-0020214,2.4607725,20.92,11.54,6.94,3.39,6.76,7.02,0.39,1.11
E-0020215,2.6443615,6.52,9.21,15.78,2.43,4.71,2.53,0.29,0.72
E-0020216,2.8933828,6.44,7.53,31.53,6.75,2.66,4.67,2.11,2.8
E-0020217,0.80860245,152.31,2.22,1.68,2.48,14.67,42.01,3.59,7.64
E-0020218,1.3251071,102.96,4.14,4.28,3.82,9.57,31.12,1.86,4.77
E-0020219,2.8838007,4.3,8.47,7.98,5.14,3.29,5.1,0.71,2.19
E-0020220,3.2241051,4.46,14.27,24.63,4.8,2.04,3.61,0.32,0.75
E-0020221,2.6643713,12.76,8.64,12.86,8.63,2.52,7.02,0.57,2.47
E-0020222,1.9543599,32.74,4.43,2.82,9.61,3.89,12.66,1.25,3.86
E-0020223,3.2715812,5.57,12.06,20.92,4.57,1.52,4.65,1.85,3.85
E-0020224,1.9702324,21.34,7.53,5.64,3.71,13.61,19.32,0.62,1.08
E-0020225,2.6079755,10.61,14.49,16.59,2.93,7.36,10.34,0.28,0.66
E-0020226,2.5102425,4.74,8.99,7.34,1.29,16.06,5.64,0.21,0.33
E-0020227,3.5513172,4,15.09,13.13,2.2,3.93,4.27,0.41,0.71
E-0020228,1.9257023,45.65,7.81,6.71,3.08,5.41,18.14,0.62,1.71
E-0020229,1.5881845,72.84,5.09,2.58,4.96,3.15,11.47,1.08,3.85
E-0020230,2.432851,33.91,11.34,14.22,4.37,2.27,6.77,0.59,2.21
E-0020231,3.0226514,15.22,30.21,12.24,2.01,5.39,4.38,0.28,0.73
E-0020232,2.3197546,20.01,14.09,5.49,2.2,10.46,7.49,0.5,1.27
E-0020233,3.6010342,1.82,16.2,17.59,1.16,3.74,2.61,0.16,0.22
E-0020234,1.5694461,47.11,5.99,4.25,3.03,10.67,23.44,0.83,2.09
E-0020235,2.82366,4.86,17.18,13.45,0.88,10.55,3.39,0.2,0.45
E-0020236,3.4965005,2.03,28.89,23.92,1.21,2.43,1.67,0.2,0.43
E-0020242,-0.27828446,222.76,1.07,2.01,0.99,27.35,64.78,69.44,47.11
E-0020243,-0.00017380863,232.68,1.79,1.73,1.75,15.65,53.06,27.55,27.51
E-0020244,1.3932664,24.98,3.42,2.46,6.33,4.8,30.59,3.66,4.55
E-0020245,3.277883,0.66,10.02,16.4,0.72,9.03,0.73,0.1,0.19
E-0020246,3.0062845,0.93,15.59,65.43,0.28,14.69,0.64,0.07,0.13
E-0020247,1.3489691,23.15,2.79,3.73,0.82,26.92,11.37,0.33,1.42
E-0020248,1.3578124,23,2.8,3.83,0.84,26.36,11.35,0.33,1.43
E-0020249,2.6718404,2.96,6.62,4.45,1.78,9.88,5.25,0.36,1.21
E-0020250,2.7278748,26.94,16.48,16.6,3.15,3.49,6.69,0.49,1.06
E-0020251,2.0644917,13.43,4.5,4.14,3.01,10.27,14.86,0.74,1.25
E-0020252,2.0650246,7.38,7.42,7.86,1.33,19.58,10.76,0.21,0.49
E-0020253,2.3696706,12.33,10.15,9.58,4.75,5.15,12.62,0.42,1.09
E-0020254,0.83159286,190.6,2.53,1.99,0.99,20.85,33.52,1.38,5.4
E-0020255,2.272767,50.39,11.44,5.09,0.9,16.05,10.5,0.23,0.73
E-0020256,1.715859,100.63,8.2,3.63,1.08,17.04,15.01,0.41,1.17
E-0020257,1.9521555,65.08,9.12,64.9,4.6,6.48,18.29,2.47,10.1
E-0020258,2.542412,33.92,18.1,19.88,4.37,3.72,13.91,0.57,1.35
E-0020259,2.735845,5.64,9.59,6.36,1.87,6.17,5.07,0.3,0.43
E-0020260,1.5566081,119.64,6.77,5.12,3.64,7.81,32.43,1.85,5.8
E-0020261,0.99036276,164.42,3.33,1.54,2.94,10.81,42.66,3.34,8.6
E-0020262,1.3309562,178.91,5.34,5.96,4.3,7.32,40.74,1.27,3.68
E-0020263,2.3472736,17.26,11.74,11.51,2.46,6.63,13.81,0.37,0.91
E-0020264,2.8724966,10.73,21.77,18.45,1.79,3.11,5.24,0.21,0.44
E-0020265,4.21479,0.57,43.6,71.05,1.25,1.03,0.85,0.14,0.19
E-0020266,2.431231,17.02,13.21,10.74,1.04,9.12,7,0.18,0.38
E-0020267,3.9806073,0.79,31.48,63.07,1.52,1.46,1.15,0.13,0.18
E-0020268,2.6608384,10.58,18.59,26.84,6.84,2.66,4.84,0.63,2.09
E-0020269,1.0165371,136.14,4.17,2.13,7.64,8.41,39.9,3.72,6.61
E-0020270,0.040231787,224.49,3.67,1.72,0.41,36.52,69.88,5.71,11.24
E-0020271,0.0018453294,226.12,3.44,1.65,0.35,44.42,71.13,5.88,11.44
E-0020272,3.05121,24.64,42.22,51.67,3.88,1.97,4.66,1.28,2.85
E-0020273,2.5015876,11.03,14.86,5.87,2.21,6.16,6.29,0.55,1.46
E-0020274,3.137671,7.29,17.87,13.06,4.81,2.41,5.65,1.48,3.39
E-0020275,2.4823987,11.16,13.61,10.57,1.83,5.74,6.45,0.31,0.76
E-0020276,2.5297854,4.42,11.16,9.91,1,16.33,5.17,0.14,0.33
E-0020282,3.3060684,61.97,9.52,105.95,5.28,1.51,3.87,1.32,1.76
E-0020285,1.9970038,137.21,11.61,101.69,14.49,1.45,14.87,15.41,6.33
E-0020286,2.240857,172.07,20.45,117.6,12.66,1.47,11.09,9.22,5.97
E-0020288,3.0460296,35.55,14.25,150.05,10.65,1.11,3.95,4.02,4.62
E-0020292,3.7088485,23.93,25.35,148.35,3.22,1.59,1.52,0.52,0.44
E-0020293,3.5907726,58.34,26.12,204.14,7.22,1.38,2.12,1.58,4.69
E-0020295,3.190081,117.5,10.11,126.92,4.04,2,3.94,1.23,16.86
E-0020297,3.4401183,61.5,12.06,142.76,3.59,2.25,2.73,0.99,5.26
E-0020298,3.895364,27.88,13.14,197.5,4.73,1.34,1.56,0.61,2.73
E-0020300,2.9775412,134.88,8.52,100.87,6.67,1.53,5.15,2.13,6.16
E-0020304,0.4345541,232.04,2.55,8.98,5.04,10.6,46.62,10.15,7.39
E-0020305,0.73681253,19.89,1.87,1.76,0.47,45.5,28.62,0.7,3.05
E-0020306,0.38910806,218.7,2.26,1.82,1.04,25.22,35.07,3.54,12.9
E-0020307,2.2411997,4.02,5.34,5.76,3.28,8.02,7.37,0.59,2.07
E-0020308,3.440631,4.28,11.48,15.03,2.66,3.04,4.94,0.47,0.67
E-0020309,2.6591568,6.29,11.86,10.07,1.09,14.05,6.9,0.13,0.28
E-0020310,1.1136152,81.05,3.04,2.13,1.55,13.08,27.7,1.1,3.18
E-0020311,1.7546802,98.96,8.18,3.73,6.8,6.49,27.65,1.33,2.6
E-0020312,4.1257386,0.89,34.39,55.81,1.62,1.21,0.63,0.17,0.23
E-0020313,2.1673079,12.59,8.86,12.36,3.43,10.02,6.94,0.5,1.41
E-0020314,2.2192216,16.21,9.64,8.3,5.02,4.81,8.36,0.51,1.53
E-0020315,1.6428368,31.2,5.26,2.74,5.37,6.25,14.01,1.05,2.65
E-0020316,3.2734342,6.46,35.6,47.05,6.08,1.78,3.4,1.5,4.02
E-0020317,2.6746497,29.38,16.68,31.97,1.98,3.82,7.58,1.46,3.9
E-0020318,2.6555665,29.69,16.28,29.57,1.92,4,7.83,1.48,3.91
E-0020319,2.988306,26.41,25.01,39.87,3.35,2.11,7.88,2.11,4.67
E-0020320,2.6484597,36.31,17.37,29.28,3.29,3.42,8.94,2.45,4.61
E-0020321,3.143558,21.84,37.5,37.22,2.96,2.52,5.35,1.41,3.21
E-0020322,2.7736707,28.49,23.52,32.18,2.63,4.75,7.31,2,3.56
E-0020323,1.6212054,105.89,5.21,4.3,1.37,11.59,22.83,0.59,2.37
E-0020324,2.0212362,79.96,7.16,5.51,0.6,19.21,7.88,0.28,1.66
E-0020325,1.003218,120.38,3.22,1.68,1.22,23.14,32.97,1.31,4.24
E-0020326,0.03472326,249.93,2.69,2.84,1.44,13.34,75.1,10.58,18.26
E-0020327,0.50941867,178.52,3.46,6.21,1.22,9.45,58.97,8.07,17.05
E-0020328,0.67312676,162.81,2.26,6.05,1.12,9.7,63.07,11.78,21.59
E-0020329,0.38511604,195.07,3.36,1.91,0.7,32.15,54.46,3.94,8.62
E-0020330,1.3718927,64.62,4.08,2.65,0.73,20.94,21.04,0.64,2.16
E-0020331,0.68777597,207.75,4.5,3.69,1.52,10.68,59.35,6.51,13.92
E-0020332,2.591434,4.44,9.39,9.27,1.74,6.44,5.82,0.3,0.69
E-0020333,1.7058551,117.33,7.12,8.11,5.77,3.07,38.34,4.03,6.39
E-0020334,1.7189511,45.47,2.03,3.08,1.88,13.7,25.6,2.35,4.77
E-0020335,2.3800094,17.39,4.26,9.94,3.08,6.03,11.38,1.63,2.35
E-0020336,3.2300806,5.29,12.77,37.64,4.63,2.05,4.02,1.09,1.59
E-0020337,1.8048054,39.85,6.18,3.61,1.59,10.6,15.58,0.66,2.15
E-0020338,2.4958777,15.18,8.82,9.02,2.44,3.81,9.35,0.48,1.09
E-0020339,2.3731885,5.37,6.59,5.48,3.62,5.81,9.63,0.92,2.21
E-0020340,2.9553037,1.43,8.24,14.38,5.28,1.89,4.63,0.49,1.15
E-0020341,2.2101252,26.31,4.23,4.07,3.6,6.25,17.85,2.32,4.52
E-0020342,2.8358939,11.69,8.59,15.57,4.65,2.51,8.47,1.9,2.44
E-0020343,3.6406684,2.82,27.52,45.98,3.97,1.26,2.35,1.1,1.6
E-0020344,1.8302802,37.44,7.04,7.08,1.41,8.4,14.93,0.52,1.24
E-0020345,2.1963036,12.58,6.19,9.87,2.83,5.12,8.62,0.45,1.08
E-0020346,1.0458969,155.71,3.92,2.32,2.62,11.49,36.04,1.42,4.03
E-0020347,1.4063973,58.76,5.31,2.69,0.96,24.99,18.56,0.71,2.48
E-0020348,2.0947456,12.91,6.87,5.52,1.74,9.69,12.53,0.56,1.41
E-0020349,1.1932474,125.84,3.53,2.65,0.68,24.78,21.44,0.85,4.01
E-0020350,3.0740585,1.69,13.39,19.98,1.24,6.97,3.09,0.12,0.16
E-0020351,1.3878552,95.12,4.37,3.14,0.79,18.33,21,0.68,3.1
E-0020352,2.2041435,26.67,8.96,11,1.64,5.44,9.42,0.47,1.65
E-0020353,1.4003322,74.58,7.53,3.61,5.99,8.71,22.48,2.06,4.59
E-0020354,2.8979576,7.58,17.01,20.8,3.65,2.56,6.46,0.45,0.85
E-0020355,1.7124387,72.18,6.63,4.57,5.49,4.26,23.93,1.54,3.38
E-0020356,2.4255102,13.59,8.64,13.78,6.84,1.8,11.55,0.99,1.83
E-0020357,3.6596308,1.47,15.85,14.63,0.96,4.87,1.94,0.17,0.26
E-0020358,2.8311722,27.84,12.23,16.44,0.64,13.03,2.5,0.18,1.06
E-0020359,3.190846,14.52,12.14,19.96,0.76,7.35,2.16,0.16,0.63
E-0020362,2.9761014,27,25.07,39.7,3.33,2.15,8.09,2.17,4.71
E-0020371,0.7821775,169.32,7.35,2.04,5.43,4.95,40.21,11.46,13.29
E-0020372,0.566806,182.85,5.16,2.26,0.95,19.22,29.08,1.98,4.88
E-0020373,3.4944804,1.56,15.45,16.72,0.75,8.95,1.93,0.09,0.12
E-0020374,3.553935,1.87,20.98,23.22,0.74,7.04,1.71,0.09,0.14
E-0020375,2.0419087,71.79,6.86,9.2,1.08,11.49,9.59,0.31,0.71
E-0020376,1.9625374,153.82,6.52,6.85,0.67,17.62,11.84,0.35,1.06
E-0020377,2.2369497,17.08,9.76,11.36,4.04,7.22,8.34,0.69,1.48
E-0020378,3.562503,2.42,31.02,27.67,1.94,1.49,2.28,0.21,0.44
E-0020379,3.167769,3.76,21.09,24.49,1.68,2.87,3.15,0.19,0.41
E-0020380,2.8249567,22.92,21.23,15.07,3.73,2.85,5.24,0.41,0.89
E-0020381,2.5475178,51.53,22.6,34.3,2.33,4.48,8.41,2.01,7.22
E-0020382,3.1287277,22.17,36.21,35.11,2.92,2.57,5.61,1.44,3.16
E-0020383,2.9724152,27.41,22.5,33.56,2.23,2.65,7.04,1.72,3.26
E-0020384,3.024188,23.94,43.63,51.22,2.73,2.94,6.04,1.56,3.19
E-0020385,1.7282372,91.29,6.72,5.51,1.69,9.54,19.05,0.55,2.39
E-0020386,1.8016953,82.12,6.77,5.53,1.06,14.42,16.26,0.4,1.92
E-0020387,2.2256856,37.29,7.75,5.25,0.49,19.91,8.41,0.26,2.44
E-0020388,1.2319248,141.39,4.64,2.13,1.97,15.22,29.28,1.3,5.03
E-0020389,2.1006598,21.33,6.58,8.05,1.47,8.39,10.81,0.43,1.01
E-0020390,2.8599145,11.07,9.52,6.82,0.56,17.39,3.34,0.13,0.33
E-0020391,3.3656526,4.55,11.85,16.67,0.74,8.32,2.37,0.12,0.17
E-0020392,1.4917759,50.56,5.27,6.24,0.78,17.58,16.86,0.45,1.18
E-0020393,3.2173204,2.28,18.96,19.03,3.02,1.81,3.23,0.32,0.75
E-0020394,2.7610557,5.09,5.52,4.17,5.88,2.71,8.9,2.22,4.25
E-0020395,3.3589497,2.17,9.77,14.06,6.38,1.36,3.62,1.72,2.37
E-0020396,1.7404561,22.96,4.99,3.02,2.67,13.83,11.29,0.7,1.92
E-0020397,1.990336,24.54,6.19,7.06,4.44,3.64,17.66,0.89,2.02
E-0020398,2.388881,12.4,11.06,10.09,0.91,14.54,2.69,0.27,0.69
E-0020399,2.9937408,1.36,13.73,27.48,1.21,4.74,1.5,0.18,0.37
E-0020400,1.7657564,149.42,5.79,4.59,0.4,29.56,10.54,0.37,1.36
E-0020401,1.3882408,95.31,4.44,3.14,0.79,18.27,20.96,0.68,3.13
E-0020402,2.0309172,33.58,7,6.85,1.18,8.6,12.51,0.48,1.63
E-0020403,2.2048779,11.09,8.98,5.74,3.95,6.26,5.84,0.54,1.75
E-0020404,3.1265295,1.84,13.64,19.93,3.79,2.2,2.76,0.36,0.68
E-0020405,2.562765,23.16,17.7,12.14,3.02,5.21,10.83,0.6,1.39
E-0020406,3.8132083,0.95,16.41,21.98,1.13,2.87,1.49,0.15,0.16
E-0020407,2.2704039,14.24,10.56,8.11,2.09,8.55,10.65,0.41,1.13
E-0020408,2.783189,5.19,11.81,14.16,2.74,3.18,6.15,0.33,0.65
E-0020409,3.030705,15.32,13.77,12.46,0.55,14.29,2.59,0.17,1.54
E-0020410,3.6164758,6.26,16.99,21.55,0.76,5.69,1.51,0.14,0.89
E-0020411,1.5119725,80.43,4.6,3.37,0.54,24.41,17.6,0.49,2.44
E-0020412,2.511187,23.53,9.51,12.82,1.11,7.7,6.93,0.3,1.07
E-0020413,2.4640877,5.99,11.58,13.77,6.99,2.45,10.46,1.28,2.08
E-0020414,1.082109,136.22,11.36,3.7,1.07,13.33,36.21,2.33,6.58
E-0020415,1.5861882,72.9,14.94,6.97,2.56,5.38,19.37,1.77,3.56
E-0020416,2.1621406,38.99,8.24,7.22,1.04,10.99,6.03,0.35,0.91
E-0020417,3.026101,2.57,16.18,17.04,4.66,1.81,4.17,0.42,1.01
E-0020418,2.1199296,32.37,6.81,8.4,1.64,7.68,10.94,0.53,1.69
E-0020419,2.0748005,15.76,9.95,4.82,1.46,13.33,6.31,0.42,1.25
E-0020420,2.9010808,3.36,12.42,14.7,2.61,2.93,3.06,0.25,0.63
E-0020421,2.0694304,6.73,8.6,3.98,3.85,5.04,6.56,0.99,2.14
E-0020422,2.3209658,14.3,6.41,11.68,3.76,6.58,9.89,1.18,2.8
E-0020424,1.5721859,96.42,1.24,2.8,2.72,11.06,25.39,3.56,9.25
E-0020425,2.344834,47.09,10.09,16.28,1.19,5.49,10.41,1.56,4.87
E-0020426,2.0732856,20.9,2.62,5.24,3.46,7.66,13.97,1.56,3.48
E-0020427,2.659025,49.87,8.99,32.33,2.96,4.37,11.51,2.44,2.97
E-0020428,2.887426,39.83,12.9,56.07,3.6,2.75,7.66,2.09,2.95
E-0020429,1.7205713,121.39,3.73,5.37,1.13,23.09,22.18,2.13,4.57
E-0020430,2.055918,98.58,5,9.05,1.26,15.08,16.76,1.96,2.62
E-0020431,1.7272829,57.99,12.37,5.22,0.82,21.98,8.1,0.36,1.47
E-0020432,2.4459414,5.77,11.32,22.06,8.74,1.52,11.91,4.15,5.27
E-0020433,2.9383283,3.95,19.04,51.21,6.33,1.73,4.7,2.68,3.92
E-0020434,3.0453458,2.27,20.27,60.61,6.38,1.18,4.17,2.67,4.06
E-0020435,3.3248186,2.8,6.87,20.3,3.12,3.62,3.58,1.3,1.48
E-0020436,3.0879328,4.36,2.97,8.75,3.59,3.28,8.27,1.78,3.44
E-0020437,3.5443354,4.27,24.05,52.52,2.82,2.64,1.94,0.8,1.2
E-0020438,2.986221,7.79,14.58,27.79,4.55,3.14,5.61,1.04,1.45
E-0020439,2.5166092,33.73,5.26,15.71,4.24,3.62,11.62,3.12,4.13
E-0020440,3.6791208,3.21,21.34,50.96,2.76,1.72,2.45,0.95,1.11
E-0020441,2.753976,5.86,5.47,6.2,2.82,6.76,7.75,0.69,1.31
E-0020442,3.5035598,2.33,9.5,15.02,2.63,2.1,2.42,0.52,0.63
E-0020443,3.1526585,6.78,13.88,10.72,2.27,5.4,4.1,0.39,0.89
E-0020444,3.6215098,3.23,17.22,22.66,1.99,2.34,1.83,0.33,0.43
E-0020445,2.730106,10.28,6.88,10.07,2.45,8.38,6.28,1.75,1.93
E-0020446,1.1431695,66.65,1.41,1.5,1.18,26.02,34.82,3.73,6.83
E-0020447,2.14066,19.71,3.64,4.52,1.66,13.74,16.23,2.29,2.7
E-0020448,1.7213255,36.11,2.44,2.36,1.01,24.33,25.18,2.49,4.58
E-0020449,2.1031387,25.95,3.6,3.42,1.03,20.18,15.66,1.04,2.06
E-0020450,3.073739,9.62,7.12,13.79,1.34,9.95,5.15,0.62,0.72
E-0020451,2.7445931,13.6,6.34,7.53,1.19,15.51,7.75,0.7,1.59
E-0020454,1.3244058,177.56,6.16,6.95,2.61,6.99,28.88,8.36,13.1
E-0020455,2.6113508,12.4,7.58,6.31,4.42,4.53,6.02,1.11,3.2
E-0020456,2.9268064,4.82,11.53,3.79,5.04,2.6,3.98,1.91,3.4
E-0020457,1.3655072,191.1,1.51,10.89,3.78,5.67,21.89,6.94,9.54
E-0020458,-0.481802,235.31,1.15,6.95,1.06,14.93,28.54,6.66,8.05
E-0020463,2.294488,210.95,3.7,29.48,17.45,1.01,10.54,8.66,31.4
E-0020466,1.771139,248.13,4.09,150.82,15.63,1.22,15.15,5.54,13.16
E-0020467,3.3504171,76.55,4.1,243.51,2.48,1.47,2.02,0.32,1.07
E-0020468,2.1828206,12.69,4.53,17.36,4.07,6.83,13.01,2.11,3.11
E-0020469,2.7903423,6.52,11,44.04,4.98,2.96,5.09,1.45,1.52
E-0020470,0.6676943,108.36,0.96,1.17,1.62,13.57,46.47,12.55,31.03
E-0020471,1.9527832,102.01,3.4,8.42,2.53,9,21.93,3.07,5.88
E-0020472,1.9518864,103.54,3.42,8.06,2.33,9.52,22.62,3.23,5.83
E-0020473,3.151008,15.92,34.04,13.72,1.63,3.6,1.98,0.27,0.95
E-0020474,3.6228836,3.61,31.89,27.26,1.65,1.72,1.24,0.2,0.5
E-0020475,1.0986934,100.94,1.48,1.35,4.28,7.26,47.96,9.73,21.74
E-0020476,3.438009,5.42,14.08,26.39,2.78,3.22,4.07,1.09,2.18
E-0020477,1.6920244,76.08,1.84,2.4,3.5,10.48,25.31,2.49,5.67
E-0020478,2.336149,28.72,4.59,5.2,3.42,7.32,13.61,1.83,4.51
E-0020479,2.767789,9.65,8.12,17.46,2.92,6.06,8.76,1.67,2.35
E-0020480,3.0770943,11.94,13.3,12.53,3.51,2.88,3.31,1.62,2.36
E-0020481,1.8777603,23.19,5.14,3.63,4.81,4.77,16.33,4.19,7.62
E-0020482,2.3349047,49.22,21.19,5.65,2.36,10.33,8.3,1.27,3.71
E-0020483,2.9915478,18.05,27.61,28.67,3.85,3.33,3.87,1.11,2.1
E-0020484,1.0942345,65.69,0.97,1.14,1.58,18.63,32.55,5.3,7.2
E-0020485,2.3260229,8.69,2.46,4.31,2.63,8.18,9.9,2.95,2.9
E-0020486,1.6669416,17.25,1.24,2.17,1.66,16.66,19.01,3.79,4.96
E-0020487,1.9475238,7.37,1.43,1.87,1.1,23.61,13.39,1.28,2.17
E-0020488,3.2229662,2.23,4.28,7.01,1.66,9.54,3.13,0.72,0.81
E-0020489,3.0470407,2.7,3.28,5.28,1.55,12.3,4.58,0.89,1.65
E-0020490,2.3967667,4.76,2.98,2.89,1.74,15.03,9.95,1.6,2.85
E-0020491,1.4718251,56.15,1.23,1.65,1.44,22.31,23.23,3.41,5.37
E-0020492,2.196402,19.36,2.88,4.68,1.64,17.27,11.26,2.35,3.55
E-0020493,2.5369613,8.71,3.76,3.95,1.49,16.28,6.91,0.76,1.48
E-0020494,3.7036264,2.25,11.7,27.04,1.61,4.7,1.44,0.41,0.52
E-0020495,3.3641925,4.26,8.66,11.54,1.45,10.75,2.71,0.57,1.22
E-0020496,2.4322574,10.05,5.17,3.09,0.92,24.69,8.6,1.07,2.09
E-0020497,3.3505378,2.2,12.45,15.66,3.39,2.57,2.5,1.28,1.35
E-0020504,1.5991231,68.62,1.41,2.38,3.12,8.42,17.41,2.62,4.21
E-0020506,1.706852,125.65,8.53,10.74,5.52,2.65,15.49,6.9,7.55
E-0020507,3.254869,5.36,13.92,23.84,1.06,10.97,2.39,0.55,0.64
E-0020508,3.3749056,3.64,7.03,16.57,0.62,22.32,2.22,0.34,0.35
E-0020509,3.09069,9.24,16.04,34.81,1.25,10.43,3.08,0.57,0.61
E-0020510,3.7319944,4.76,17.97,39.68,1.03,4.97,1.1,0.2,0.21
E-0020511,2.9271512,18.5,8.24,29.62,0.72,21.72,4.36,0.36,0.45
E-0020512,2.752645,5.26,14.71,25.86,5.21,2.19,4.93,2.7,3.08
E-0020513,2.5351748,12.5,11.11,8.41,4.44,4.75,11.38,1.4,2.64
E-0020514,1.4354699,106.76,1.48,37.31,11.48,2.94,13.61,10.69,9.9
E-0020515,1.2174932,97.27,1.76,44.94,10.61,2.93,16.58,15.19,16.42
E-0020516,2.178418,180.86,1.79,15.09,10.98,1.86,18.24,12.78,9.3
E-0020518,2.8313503,205.18,8.04,143.37,2.24,1.81,3.77,0.53,1.13
E-0020522,4.1256127,1.56,18.49,37.22,0.95,2.41,0.61,0.19,0.16
E-0020523,1.5451218,30.76,2.08,2.6,8.62,3.93,40.62,7.68,13.9
E-0020524,2.7963614,7.18,7.49,7.1,2.58,7.03,7.75,0.54,0.86
E-0020525,3.336643,4.3,11.17,16.11,3.08,2.7,3.71,0.46,0.53
E-0020526,2.7908785,5.46,7.73,6.68,2.95,7.26,5.64,1.79,3.56
E-0020528,2.7006576,6.35,14.91,32.13,3.59,4.46,6.2,1.79,2.57
E-0020529,3.0796194,6.51,16.04,17.13,1.89,5.48,3.59,0.56,0.73
E-0020530,3.6544302,5.23,12.95,31.79,0.8,14.79,1.38,0.28,0.26
E-0020531,3.0307593,4.35,8.44,21.69,1.58,8.42,3.39,0.74,0.82
E-0020532,3.526405,3.56,10.24,17.43,1.07,7.91,2.13,0.29,0.25
E-0020533,3.792242,1.99,10,33.87,0.69,11.49,0.62,0.19,0.21
E-0020534,3.4099622,1.88,12.56,42.88,1.01,7.79,1.22,0.4,0.45
E-0020535,3.2870219,5.51,13.56,28.41,0.91,16.57,2.54,0.53,0.53
E-0020536,2.6959643,6.7,7.86,11.02,1.58,13.05,5.25,0.9,1
E-0020537,3.1616488,3.42,11.34,14.98,2.83,5.66,3.47,1.15,1.08
E-0020538,3.5544405,2.19,17.33,30.99,2.51,2.94,2.12,0.93,0.95
E-0020539,2.829836,6.86,7.75,6.98,2.43,10.58,6.62,1.6,2.57
E-0020540,2.1104317,17.52,3.84,2.77,2.82,11.15,13.6,2.23,3.01
E-0020541,3.1090765,7.55,15.91,24.58,1.5,8.63,3.47,0.49,0.6
E-0020542,3.4280243,3.41,20.96,38.03,2.96,1.91,3.13,0.85,0.94
E-0020543,2.2009487,13.67,7.31,3.82,2.18,11.76,15.61,1.06,1.79
E-0020544,1.2518523,132.19,3.51,3.73,1.64,15.98,22.66,9.48,8.83
E-0020545,0.077390015,206.92,1.8,8.88,8.94,1.49,54.65,45.56,67.96
E-0020546,-1.0795553,241.96,1.03,3.58,2.1,5.82,63.47,30.8,63.28
E-0020547,2.455981,82.54,3.26,18.97,16,1.57,12.04,9.68,5.98
E-0020548,0.9481411,184.63,2.35,39.87,1.09,28.63,18.76,10.9,12.25
E-0020549,1.4322569,174.21,4.23,39.42,2.08,10.81,10.58,7.55,14.38
E-0020550,1.9826899,103.93,4.65,48.1,2.7,8.27,5.1,2.73,5.32
E-0020551,1.8616675,111.27,5.66,50.06,2.87,7.87,7.3,5.01,7.23
E-0020552,1.1821063,162.31,2.99,13.99,1.2,20.64,17.04,8.36,11.07
E-0020553,1.9950473,65.75,6.14,56.52,4.03,5.27,5.5,5.9,15.37
E-0020554,2.4248388,26.88,7.09,41.6,3.41,3.35,3.05,2.76,14.59
E-0020555,1.4763765,161.61,2.82,62.34,1.83,16.85,11.34,5.25,6.39
E-0020556,1.6719819,131.35,4.53,64.57,3.06,7.15,9.84,4.63,9.55
E-0020557,1.9892073,128.53,4.59,52.79,2.03,8.03,5.6,3.22,6.56
E-0020558,2.0099335,124.92,7.06,84.95,2.02,8.81,5.96,3.05,6.78
E-0020559,1.3090745,158.33,3.18,21.05,1.74,13.83,12.88,6.77,13.89
E-0020560,1.2462811,176.12,3.34,27.21,1.53,12.76,14.14,11.09,18.78
E-0020561,2.2875485,71.03,3.69,59.27,3.9,2.62,2.43,1.66,6.75
E-0020562,2.0084348,81.82,4.24,101.41,6.04,2.79,5.2,4.62,6.92
E-0020563,1.8682299,253.5,4.75,127.85,7.47,1.51,19.57,5.24,10.59
E-0020564,1.999626,182.03,2.5,27.55,17.03,1.09,13.44,9.58,6.15
E-0020565,1.8849393,26.82,9.53,5.63,5.73,1.65,4.94,0.73,8.69
E-0020566,3.514889,2.53,13.92,20.33,2.18,4.56,2.75,1,1.64
E-0020567,1.8688765,14.35,1.44,2.98,3.33,10.67,20.07,1.75,3.15
E-0020568,2.699173,5.77,3.57,7.74,4.51,4.35,9.37,1.36,1.63
E-0020569,3.1797576,14.96,11.2,28.99,1.06,10.49,3.76,0.26,0.3
E-0020570,2.2551196,48.46,3.63,11.94,7.43,4.35,48.86,11.13,9.85
E-0020571,2.3785996,11.66,10.41,12.16,2.84,7.25,8.48,0.86,1.24
E-0020572,3.0666513,4.18,13.8,10.52,1.13,9.63,3.32,0.2,0.55
E-0020573,1.4082123,223.88,2.75,84.68,7.06,3.45,10.45,2.67,3.6
E-0020574,1.9876348,202.37,4.51,171.48,9.28,1.65,6.36,3.69,4.4
E-0020575,0.893216,150.53,2.91,36.76,6.72,2.63,10.28,4.25,6.39
E-0020576,2.493662,49.45,8.84,151.61,10.41,2.1,1.38,3,19.36
E-0020577,2.4903505,49.44,8.71,151.26,10.4,2.11,1.39,3.01,19.32
E-0020578,0.5263926,213.67,1.77,20.68,5.45,3.87,18.12,5.86,8.36
E-0020579,0.3269269,212.64,1.78,11.49,6.17,3.16,19.12,5.67,8.59
E-0020580,0.8700216,238.74,1.1,39.56,3.93,9.46,21.11,10.4,8.91
E-0020581,2.0578294,217.6,2.23,213.59,16.49,1.47,10.78,6.74,8.68
E-0020582,1.2279593,226.34,1.24,41.84,5.98,4.91,11.27,12.6,6.95
E-0020583,1.5110058,147.51,2.31,51.35,7.65,3.56,17.72,11.39,15.57
E-0020584,1.5030991,149.68,2.34,51.08,7.43,3.83,18.06,11.81,15.63
E-0020585,0.97721654,173.11,2.71,45.04,2.49,10,27.45,8.92,13.61
E-0020586,1.2407537,174.88,4.35,115.22,13.45,3.19,20.8,8.64,16.16
E-0020587,1.2296424,174.45,4.34,114.12,13.13,3.44,21.21,8.85,16.08
E-0020588,-1.0514567,235.44,1.12,4.38,0.71,40.67,59.49,19.39,39.02
E-0020589,3.0601199,13.78,4.83,71.22,1.33,3.03,1.01,0.38,2.81
E-0020590,1.5454173,175.91,3.83,47.96,2.07,12.9,13.95,7.36,7.48
E-0020591,2.7912335,167.07,17.33,116.2,2.44,2.67,6.98,2.45,5.9
E-0020592,-0.17344467,155.75,2.89,9.99,0.84,120,23,3.78,7.05
E-0020593,2.8184018,199.57,10.85,116.47,1.98,3.47,5.82,0.59,2.06
E-0020618,2.9840844,5.81,14.99,17.3,4.58,2.19,5.27,1.1,1.31
E-0020619,-0.54081064,235.63,1.08,5.69,5.57,2.01,66.26,52.18,66.98
E-0020620,1.3201789,224.65,2.58,79.57,7.26,4.45,11.9,3.35,3.62
E-0020621,2.0050285,201.89,4.58,163.63,9.34,1.63,6.56,3.98,4.44
E-0020622,2.156231,170.23,4.23,131.27,11.52,1.81,10,4.52,3.46
E-0020623,1.349085,208.65,2.11,58.2,6.1,4.61,11.67,3.43,2.18
E-0020624,0.66393775,225.58,1.43,23.75,2.63,8.4,14.92,3.21,3.91
E-0020625,1.5218103,193.87,2.26,57.32,6.41,2.85,13.59,4.19,3.16
E-0020626,0.124280795,134.95,1.89,11.82,16.65,1.56,78.59,52.27,55.45
E-0020627,0.8031354,237.55,1.04,30.99,2.86,10.47,15.79,12.69,6.83
E-0020628,2.0341291,182.66,3.83,144.88,16.59,1.57,7.87,11.02,10.46
E-0020629,1.9455055,213.23,3.48,164.33,13.74,1.63,12.07,5.83,7.74
E-0020630,0.8352948,198.81,2.34,17.25,0.97,32.39,24.94,14.85,15.09
E-0020631,1.6373998,152.18,4.97,99.23,5.17,8.24,7.94,12.32,14.64
E-0020632,1.4135016,143.86,5.24,57.87,2.72,11.23,9.13,11.32,22.69
E-0020633,2.154673,45.43,11.16,129.78,18.25,1.51,3.79,8.35,12.53
E-0020634,1.5015124,83.26,7.07,90.86,6.34,9.62,11.12,17.1,15.98
E-0020635,2.4220793,102.82,4.53,138.43,17.09,1.01,7.38,1.7,2.76
E-0020636,2.0654366,208.49,5.32,214.96,18.33,1.05,8.41,1.52,3.17
E-0020637,2.0696466,208.26,5.3,215.76,18.34,1.05,8.38,1.51,3.14
E-0020638,-0.30151623,227.27,1.36,7.13,1.08,29.84,56.94,19.87,38.32
E-0020639,0.73260915,232.96,1.59,13.05,4.18,10.74,51.83,23.37,36.25
E-0020640,-0.09990035,229.59,1.57,11.21,2.06,17.18,52.83,22.02,41.49
E-0020641,1.649257,167.81,2.84,6.46,1.18,21.02,8.78,5.47,15.48
E-0020642,2.5481238,57.99,5.77,79.57,3.57,2.58,2.02,1.17,2.8
E-0020643,2.702648,58.11,6.83,70.74,2.58,2.77,1.29,0.61,3.26
E-0020644,1.9626611,100.94,4.45,50.94,1.82,12.17,5.53,2.83,6.76
E-0020645,3.2009444,14.55,5.67,73.02,1.16,3.4,0.77,0.51,3.55
E-0020646,1.9628557,137.46,5.23,62.13,1.67,11.8,6.57,3.46,6.52
E-0020647,2.1107087,133.66,3.07,18.47,1.69,9.17,6.1,3.72,6.32
E-0020648,-0.21640694,140.07,2.28,9.25,0.76,120,24.23,2.04,2.82
E-0020649,1.1065542,33.83,8.73,31.53,1.06,120,6.29,0.67,3.78
E-0020650,0.1925544,121.75,2.56,17.21,1.16,120,22.92,2.98,3.83
E-0020651,2.7951217,55.36,13.15,125.83,7.02,1.85,5.33,2.59,4.53
E-0020652,2.4137533,18.5,8.62,6.18,6.72,2.91,18.76,4.6,7.33
E-0020653,-0.3116873,224.51,1.36,5.86,6.51,2.13,68.6,58.35,67.14
E-0020654,-0.8057549,227.82,1.02,5.3,1.66,8.39,58.63,19.6,45.05
E-0020655,1.9377888,119.23,2.53,98.26,10.08,2.12,9.5,2.36,1.36
E-0020656,2.6082842,72.28,4.41,132.97,13.66,1.2,6.55,3.16,1.93
E-0020657,1.5733048,169.33,4.94,98.77,3.81,9.35,10.7,11.44,18.13
E-0020658,1.6414826,144.15,5.8,59.57,2.38,12.26,8.03,8.63,17.7
E-0020659,1.728787,115.93,4.7,64.68,7.4,7.14,11.54,11.46,16.37
E-0020660,0.9684256,204.79,2.12,42.44,1.63,25.02,18.25,11.25,12.71
E-0020661,1.9102255,148.02,5.77,137.3,12.4,3.18,8.49,6.22,7.92
E-0020662,1.2331702,170.54,3.99,62.85,8.27,4.44,26.33,11.02,14.36
E-0020663,0.75662595,185.86,3.05,30.53,2.17,21.95,26.49,6.69,19
E-0020664,0.38559645,170.03,2.44,32.72,2.03,7.39,27.42,8.84,13.49
E-0020665,0.020911627,181.61,1.95,29.47,1.56,19.88,21.31,4.44,14.07
E-0020666,1.3800633,166.69,3.46,79.15,6.83,6.84,19.18,6.7,13
E-0020667,1.6839672,148.11,3.49,81.53,7.2,3.89,11.01,4.64,8.56
E-0020668,1.9216008,109.7,4.03,99.63,7.93,4.29,7.85,3.72,5.28
E-0020669,1.2510331,175.79,3.5,107.57,11.56,3.35,22.02,11.09,11.26
E-0020670,1.6924827,139.19,7.9,255.52,10.93,2.51,11.68,5.34,7.87
E-0020671,0.81172585,171.08,2.12,15.54,0.92,24.44,22.67,13.57,21.07
E-0020672,1.6416663,169.97,3.52,63.04,8.73,3.64,10.84,9.53,12.25
E-0020673,2.2577605,66.8,7.36,56.97,1.91,6.64,3.66,2.65,5.28
E-0020674,1.5882773,121.68,3.97,67.15,8.34,3.33,11.85,3.78,9.39
E-0020675,1.5097897,164.68,5,152.24,15.01,1.8,20.84,6.98,19.39
E-0020676,1.6809545,137.14,3.42,109.98,7.82,3.24,12.99,2.82,12.8
E-0020677,1.9466347,129.78,2.3,79.49,15.26,1.27,3.65,2.34,4.73
E-0020678,2.1281216,120.08,2.94,58.55,12.13,2.1,7.04,2.85,3.56
E-0020679,2.2689962,136.92,5.4,173.97,12.34,1.63,4.62,3.01,2.62
E-0020680,2.6042938,58.97,4.94,98.19,4.11,2.4,2.26,0.97,5.24
E-0020681,2.828421,33.15,4.45,89.48,1.98,2.51,1.35,0.65,2.53
E-0020682,3.165077,13.39,4.85,72.83,1.05,2.94,0.83,0.33,1.61
E-0020683,2.756278,62.86,5.37,105.89,2.8,2.66,2.3,0.93,3.8
E-0020684,3.2367847,17.83,5.13,88.92,1.35,3.11,0.96,0.3,1.81
E-0020685,1.5966202,101.62,4.27,26.48,1.66,12.26,8.12,3.21,7.56
E-0020686,0.3351072,137.94,3.18,18.84,1,120,13.31,1.22,2.45
E-0020687,0.33041885,138.88,3.22,19.33,1.01,120,13.29,1.25,2.46
E-0020688,0.05780262,206.66,2.46,13.22,0.92,120,24.28,3.29,3.61
E-0020689,0.04916535,202.73,2.42,12.1,0.9,120,24.4,3.13,3.54
E-0020690,-0.027172094,179.13,2.34,8.37,0.84,120,20.99,2.59,2.22
E-0020691,0.2798858,207.75,2.49,23.23,1.13,120,22.48,4.3,2.79
E-0020692,3.2833261,174.12,14.54,152.84,4.15,1.56,2.08,0.76,0.86
E-0020693,3.1970747,137.02,14.22,133.72,1,2.38,3.22,0.4,0.79
E-0020763,0.15136608,183.7,1.47,11.4,4.14,2.45,56.27,32.54,54.12
E-0020764,1.9505771,146.67,1.56,113.81,13.63,1.39,8.59,3.56,3.27
E-0020765,1.2155812,208.76,2.77,63.65,3.38,9.14,18.85,12.01,10.57
E-0020766,1.5870384,142.44,4.31,78.47,8.2,2.77,18.55,8.54,10.16
E-0020767,1.6494185,110.2,4.98,54.48,8.8,3.67,13.03,11.06,9.68
E-0020768,1.4348145,119.44,2.64,35.67,2.13,12.7,22.27,10.68,10.4
E-0020769,1.399972,138.08,3.33,61.36,3.25,6.21,16.47,6.73,8.92
E-0020770,1.8386959,86.9,4.54,94.28,3.36,5.74,9.65,3.07,4.94
E-0020771,1.6874475,136.64,4.14,87.03,8.03,6.1,11.35,6.92,10.71
E-0020772,1.5351508,173.28,4.96,111.49,10,2.79,14.73,8.98,16.24
E-0020773,1.2768735,218.31,3.04,12.53,6.97,9.13,36.71,16.71,24.5
E-0020774,1.1407025,199.5,2.09,14.55,1.66,23.43,54.02,24.67,26.55
E-0020775,0.9125139,237.95,2.39,9.37,3.28,22.05,35.97,15.4,21.1
E-0020776,1.4733047,194.93,2.89,12.27,0.95,25.9,11.75,7.95,19.58
E-0020777,1.4047084,193.18,4.16,108.4,12.17,3.71,18.72,10.55,15.65
E-0020778,1.4127495,193.04,4.14,108.93,12.24,3.64,18.52,10.53,15.65
E-0020779,1.638552,197.08,4.26,132.78,11.23,2.91,18.54,9.87,11.69
E-0020780,1.6349266,197.28,4.25,131.75,11.21,2.93,18.68,9.99,11.73
E-0020781,1.5277115,147.91,3.99,48.66,3.09,9.58,16.23,7.08,9.93
E-0020782,1.9115951,121.51,5.72,114.46,6.51,3.8,11.42,5.15,8.71
E-0020783,1.0972455,182.31,3.57,46.12,1.81,13.63,19.74,15.32,26.82
E-0020784,2.2565756,46.02,3.89,40.6,2.37,5.54,3.79,1.7,6.74
E-0020785,1.453651,101.68,2.77,21.13,2.34,7.08,13.43,4.28,9.52
E-0020786,1.9767523,197.48,4.1,133.42,16.63,1.4,6.19,9.04,11.99
E-0020787,1.9572878,197.8,4.08,126.52,16.6,1.44,7.04,10.92,12.04
E-0020788,1.6396924,161.89,5,52.2,3.28,12.07,9.66,4.78,7.43
E-0020789,1.5197253,134.58,2.88,23.92,1.31,15.78,10.79,11.11,12.49
E-0020790,0.7413214,185.34,2.25,15.14,1.15,26.47,37.18,27.1,24.47
E-0020791,2.8229294,14.25,7.51,97.47,0.94,5.31,0.95,0.33,1.74
E-0020792,1.3646541,137.47,4.31,18.46,1.49,17.23,10.1,6.05,12.99
E-0020793,1.4035741,137.09,4.46,21.04,1.69,14.57,9.63,6.24,13.17
E-0020794,1.9432689,86.19,6.92,52.49,2.93,8.49,5.44,4.99,12.09
E-0020795,1.3298814,173.9,3.34,45.19,1.83,12.23,14.54,8.43,16.33
E-0020796,2.9450686,155.86,4.71,202.04,6.47,1.3,3.8,1.11,3.99
E-0020797,0.8504159,85.05,8.71,28.64,1.27,120,11.78,2.94,2.26
E-0020798,3.816638,16.32,14,190.55,5.18,1.33,1.14,0.62,3.89
E-0020799,3.271598,97.91,10.33,124.44,3.53,1.95,3.49,0.98,11.05
E-0020800,3.312693,87.37,13.39,156.35,3.06,2.14,4.97,1.8,11.41
E-0020801,2.1150546,151.44,10.24,125.99,16.8,1.33,9.01,9.3,8.61
E-0020802,4.201386,2.18,14.21,219.63,3.13,1.23,0.44,0.2,1.09
E-0020803,2.073559,198.29,10.57,86.25,6.4,2.88,16.62,7.57,7.32
E-0020804,0.6650348,193.65,1.28,84.17,7.14,4.7,17.31,2.26,6.06
E-0020805,2.6017694,72.93,4.38,133.14,13.66,1.2,6.56,3.16,1.94
E-0020806,1.6511984,156.9,4.28,82.87,6.58,5.85,8.52,5.22,3.99
E-0020807,1.0006539,179.32,3.42,76.62,7.18,5.65,21.34,8.73,10.59
E-0020808,1.7057446,86.95,6.01,59.69,3.31,8.75,5.72,7.51,17.19
E-0020809,1.8914903,142.06,4.98,68.93,6.79,3.4,8.68,7.25,10.28
E-0020810,1.2322192,201.55,2.81,55.88,2.63,16.67,12.72,9.09,10.81
E-0020811,0.2988139,158.24,2.35,42.94,2.4,18.13,28.13,7.94,15.86
E-0020812,1.554083,182.82,5.81,81.62,6.46,6.28,22.43,9.62,16.61
E-0020813,-0.2204621,177.44,1.67,21.25,0.63,31.33,32.14,7.18,18.43
E-0020814,1.6553411,135.07,4.64,78.77,11.73,2.03,18.02,9.2,14.1
E-0020815,0.5901194,217.91,1.49,8.41,0.92,34.41,51.22,22.39,27.62
E-0020816,1.7333015,165.66,5.61,95.02,8.56,5.14,13.27,6.43,11.26
E-0020817,1.5236281,148.06,4,48.76,3.04,9.82,16.13,7.14,9.89
E-0020818,1.0343403,159.47,4.53,84.84,5.16,12.22,22.1,9.02,12.21
E-0020819,0.57818943,170.22,2.23,30.93,2.92,14.54,29.25,10.14,15.62
E-0020820,0.80793023,163.51,3.25,87.07,3.91,9.46,22.77,6.63,7.89
E-0020821,1.327545,151.38,3.97,68.46,3.16,8.7,11.49,3.97,19.19
E-0020822,2.1162288,85.15,5.24,45.39,2.63,3.65,3.1,2.21,6.24
E-0020823,2.0423188,95.33,4.49,36.5,2.76,3.62,4.02,2.35,6.34
E-0020824,2.1388445,91.49,6.12,92.99,5.59,4.88,4.6,4.39,8.83
E-0020825,2.841228,35.41,14.32,165.62,3.34,3.22,1.51,1.81,10.78
E-0020826,2.5028982,41.32,10.11,135.92,7.23,3.13,2.59,2.15,10.02
E-0020827,1.4402913,115.63,4.74,63.26,6.35,9.47,9.7,3.93,10.84
E-0020828,1.8017983,149.27,6.77,121.68,4.11,9.24,5.89,5.33,7.08
E-0020829,1.6939406,145.42,4.39,51.9,5.33,8.48,8.23,5.68,10.12
E-0020830,2.1419544,215.62,2.33,16.86,12.43,2.33,12.43,3.92,8.05
E-0020831,2.383781,69.63,6.12,14.29,5.61,4.46,4.95,1.45,3.12
E-0020832,1.5439333,147.5,4.18,48.5,2.95,10.08,16.13,7.51,9.75
E-0020833,2.096202,93.6,6.58,75.08,2.11,7.68,5.46,3.1,5.51
E-0020834,2.3829432,37.93,9.11,41.26,2.61,8.02,2.9,3.01,12.51
E-0020835,1.4108826,196.94,4.95,47.86,1.96,13.32,12.59,9.31,17.16
E-0020836,2.6049948,32.61,4.35,39.74,6.25,2.81,1.79,0.84,2.57
E-0020837,2.63699,21.95,4.63,37.33,4.23,2.56,0.94,0.6,1.95
E-0020838,1.4042243,143.74,6.19,95.21,15.99,1.31,15.72,6.91,16.92
E-0020840,2.6798487,94.37,24.91,197.56,15.43,1.19,7.62,6,8.44
E-0020841,3.176667,62.34,16.97,210.73,14.23,1.17,2.45,2.6,6.24
E-0020842,1.6342167,112.93,6.59,53.5,9.27,3.59,17.26,19.91,6.09
E-0020843,2.553801,152.43,19.42,113.67,3.83,3.53,13.38,4.68,4.97
E-0020844,2.9089026,57.18,10.23,93.29,9.95,2.26,2.64,3.72,4.16
E-0020854,1.3120096,197.65,3.48,10.25,1.48,23.27,19.37,12.86,24.44
E-0020855,1.3268533,111.18,2.65,17.28,2.01,8.05,10.68,5.8,13.44
E-0020856,1.6675595,97.68,3.69,68.06,4.76,5.51,13.4,5.74,5.09
E-0020857,1.4989097,180.58,3.34,55.48,3.85,10.64,17.96,11.44,15.68
E-0020858,1.1891222,181.43,2.75,32.22,1.42,25.41,12.37,7.63,17.06
E-0020859,1.1979032,191.39,3.22,46.28,4.89,9.51,11.36,4.71,10.48
E-0020860,1.7597122,172.14,4.23,96.18,10.05,3.44,10.54,7.45,9.95
E-0020861,1.2897328,195.31,3.07,80.93,7.07,5.1,17.1,7.75,7.16
E-0020862,1.0071069,169.74,4.54,103.39,4.58,9.02,24.31,9.15,12.06
E-0020863,1.2094238,162.05,4.07,66.45,4.55,8.51,23.53,7.98,11.45
E-0020864,1.2237126,161.3,4.06,65.86,4.65,8.19,23.21,7.84,11.48
E-0020865,0.99739057,120.02,4.92,78.16,2.18,9.79,14.87,2.4,3.61
E-0020866,0.58026564,170.25,2.24,31,2.96,14.21,29.23,10.13,15.65
E-0020867,1.096837,160.69,3.67,83.51,3.78,7.95,16.77,6.25,12.62
E-0020868,1.0665574,160.88,3.4,61.87,3.77,7.65,21.22,7.56,14.53
E-0020869,1.241973,132.28,3.14,40.49,2.74,9.38,15.3,4.58,14.79
E-0020870,0.8800769,182.51,2.62,46.73,2.53,11.41,20.74,8.41,6.87
E-0020871,0.85650724,183.88,2.64,47.51,2.42,12.25,20.55,8.19,6.94
E-0020872,1.6394407,149.82,5.5,89.62,5.15,7.4,6.51,10.58,18.81
E-0020873,1.6184404,150.68,5.41,85.78,4.62,8.33,6.96,11.19,18.81
E-0020874,1.7412486,218.97,3.83,45.49,3.61,12.22,14.91,9.98,14.49
E-0020875,2.0482264,212.62,1.05,21.96,12.93,2.45,15.84,8.77,10.12
E-0020876,2.0729647,183.76,2.23,55.01,12.37,2.75,13.51,9.17,11.76
E-0020877,1.3908664,173.29,4.49,79.98,6.96,6.18,16.39,9.16,17.05
E-0020878,1.5599483,153.42,5.87,113.02,10.19,3.26,13.58,6.77,15.45
E-0020879,1.553928,147.72,4.27,48.81,3.07,9.51,16.2,7.63,10.12
E-0020880,1.3582288,199.8,3.84,40.29,6.48,5.13,20.63,10.87,21.46
E-0020881,1.2168907,164.36,4.19,43.39,2.38,11.8,15.75,10.77,15.39
E-0020882,2.0936859,27.79,4.46,26.61,1.08,18.17,2.4,1.12,2.26
E-0020883,2.055253,69.01,2.55,46.03,10.45,2.46,5.15,2.5,4.82
E-0020884,1.9146695,151.77,4.78,104.22,11.11,2.87,7.99,4.35,7.79
E-0020885,1.8878006,242.57,1.42,18.15,14.48,1.8,11.79,7.21,21.87
E-0020886,1.8618261,46.98,6.21,74.91,14.98,2.33,9.18,8.75,12.12
E-0020887,2.0188007,245.63,4.73,81.34,10.66,1.51,11.87,4.71,7.94
E-0020888,2.018902,258.22,5.28,103.84,10.82,1.51,14.64,5.46,7.55
E-0020889,2.8794076,133.46,18.46,167.65,13.91,1.24,4.13,4.54,7.83
E-0020890,4.1201305,10.18,26.58,215.42,2.26,1.62,0.9,0.54,3.33
E-0020891,4.0361557,13.25,31.88,227.88,2.4,1.7,1.21,0.73,3.05
E-0020892,2.3041072,154.35,10.81,53.68,1.8,4.24,13.04,3.26,13.22
E-0020893,3.066149,46.98,13.03,124.74,9.41,1.5,1.95,2.35,3.63
E-0020894,2.102927,86.23,4.76,92.58,11.43,2.61,9.41,8.54,8.55
E-0020895,2.5909536,72.11,7.46,99.75,11.03,1.44,7.02,2.19,6.39
E-0020896,0.62595296,140.06,1.46,5.77,1.33,15.25,19.74,11.49,22.55
E-0020897,2.3560457,28.48,9.8,162.81,10.57,2.03,3.39,2.5,6.03
E-0020898,1.4563495,117.47,4.31,56.74,4.02,7.57,13.16,9.2,11.49
E-0020899,0.9506903,174.31,3.42,70.56,6.21,8.05,26.85,9.61,11.25
E-0020900,1.8331025,102.97,4.61,55.28,4.02,4.05,5.52,4.44,5.44
E-0020902,2.047553,104.72,4.1,49.8,2.17,5.89,5.41,2.37,6.15
E-0020903,1.1647353,176.92,3.83,45.49,5.27,4.78,11.27,9.33,26.84
E-0020904,1.706162,154.21,7.11,67.24,2.7,10.88,9.36,6.69,16.88
E-0020905,1.6855229,154.99,7.08,64.76,2.47,12.3,9.78,6.98,17.08
E-0020906,1.655262,217.02,5.08,71.17,2.66,16.86,13.6,10.31,16.22
E-0020907,2.0423179,154.93,3.32,15.9,1.52,15.42,5.51,3.66,10.25
E-0020908,0.98316973,161.35,4.24,59.57,6.48,7.74,14.99,4.48,14.12
E-0020909,1.6365682,166.56,5.55,61.79,1.84,11.23,8.92,4.91,10.75
E-0020910,1.9364429,165.7,4.46,65.66,10.08,3.45,10.92,9.85,12.12
E-0020911,0.014907659,228.81,1.26,8.8,2.37,13.59,50.24,17.26,38.84
E-0020912,0.8580861,228.15,1.3,10.15,5.41,7.79,49.12,17.86,34.48
E-0020913,1.4628398,163.24,3.53,47.56,5.89,3.82,12.9,3.84,11.1
E-0020914,2.2251048,148.52,4.51,75.45,10.84,1.81,10.67,4.17,8.76
E-0020915,2.2869287,106.14,5.28,68.76,5.71,2.44,4.75,2.18,6.22
E-0020916,2.736209,84.54,6.01,87.32,6.03,1.61,4.52,2.63,5
E-0020917,2.454305,91.58,3.79,52.37,4.36,3.82,5.35,1.48,5.7
E-0020918,2.7240336,80.47,3.82,52.74,6.43,2.57,5.23,2.19,5.84
E-0020919,0.9303782,214.84,4.34,72.12,4.93,12.56,38.22,11.79,10.25
E-0020920,2.1229575,126.76,5.46,101.49,3.93,7.95,5.82,2.71,2.98
E-0020921,1.4343097,191.34,5.22,101.02,5.79,9.78,22.72,6.23,8.23
E-0020922,1.9366406,151.5,4.77,104.65,11.38,2.55,7.9,4.3,7.75
E-0020923,1.1416439,134.49,3.1,41.64,4.33,11.02,19.25,10.09,16.68
E-0020924,1.157204,134.4,3.15,42.31,4.64,10.09,18.8,9.96,16.64
E-0020925,3.0932937,15.94,7.41,36.75,2.33,3.13,1.44,1.41,4.95
E-0020926,2.6596365,17.67,9.27,99.84,7.15,1.59,3.19,1.69,8.84
E-0020927,1.7850008,121.24,4.65,91.98,4.32,6.46,6.68,2.79,9.79
E-0020928,2.1113212,129.91,5.38,76.67,6.25,3.24,11.26,2.42,3.82
E-0020929,3.7779157,55.87,60.29,239.81,1.85,2.49,1.99,0.79,2.46
E-0020930,2.0631478,209.65,10.74,64.86,3.53,3.87,21.94,6.16,11.44
E-0020931,3.0174935,103.95,34.48,141.72,4.88,2.07,7.76,3.75,3.87
E-0020932,3.6435916,18.16,16.64,227.23,3.07,1.38,1.32,0.49,4.6
E-0020933,3.9378915,14.84,27.25,258.16,1.67,1.7,0.88,0.46,3.73
E-0020934,3.723527,27.6,20.17,358.94,8.4,1.16,1.76,0.54,6.24
E-0020935,3.2035139,53.32,12.92,332.66,18.06,0.93,3.01,1.13,13.66
E-0020936,2.2122908,90.28,6.5,102.48,16.93,1.37,6.58,7.53,7.79
E-0020937,2.7571998,71.82,25.49,182.86,13.61,1.17,3.99,5.44,5.53
E-0020938,3.8929818,13.51,31.26,232.82,3.97,1.5,0.84,0.54,3.3
E-0020939,0.5988958,182.05,1.63,4.19,1.79,20.86,44.9,28.24,49.92
E-0020940,1.038027,212.7,2.59,21.93,3.8,13.24,40.03,16.51,28.72
E-0020941,1.677833,133.26,5.57,123.1,2.81,11.74,7.74,3.34,6.43
E-0020942,1.7394824,131.08,6.95,95.72,10.18,4.09,14.24,9.74,17.85
E-0020943,1.4941509,171.56,5,118.69,8.82,3.36,16.34,9.15,17.98
E-0020944,1.7227124,130.46,7,103.34,10.22,4.28,13.46,8.68,17.77
E-0020945,1.471484,171.45,5,122.26,8.6,3.67,16.24,8.79,18.04
E-0020946,1.7223016,164.32,5.57,91.79,8.43,5.51,14.09,7.09,11.68
E-0020947,1.7021068,160.22,5.54,79.47,7.11,6.54,15.39,7.8,11.45
E-0020948,1.7550389,164.12,5.74,92.89,8.61,4.88,13.75,7.11,11.44
E-0020949,0.9559978,174.36,3.41,70.27,6.27,7.94,26.77,9.54,11.37
E-0020950,1.0407386,167.78,4.2,59.56,2.62,13.78,26.27,9.91,18.01
E-0020951,2.767427,34.33,4.82,60.43,13.23,1.19,2.25,1.22,6.2
E-0020952,3.3513403,5.84,8.52,92.36,2.42,1.48,0.4,0.34,3.78
E-0020953,2.8684833,71.72,4.49,85.36,6.37,1.38,0.91,0.33,2.05
E-0020954,1.8191904,152.56,3.82,106.98,10.75,3.77,10.86,2.38,6.1
E-0020955,1.7078494,105.07,4.36,33.71,1.58,12.23,5.49,3.94,8.19
E-0020956,2.5159101,166.77,2.46,55.92,9.08,2.92,8.51,3.68,5.71
E-0020957,2.6739697,17.48,9.21,99.93,7.05,1.52,3.02,1.6,8.85
E-0020958,3.0406182,43.01,5.59,82.01,10.59,1.4,1.4,0.32,2.3
E-0020959,2.2930007,91.84,4.65,87.13,13.94,1.28,8.22,1.5,2.91
E-0020960,2.9719114,23.82,5.74,67.26,8.32,1.45,2.37,0.65,2.31
E-0020961,1.8465962,94.51,7.66,138.43,21.18,2.34,13.5,15.21,20.88
E-0020962,1.0651535,175.09,4.74,93.2,9.89,6.87,32.68,18.71,24.44
E-0020963,1.4098376,157.86,3.52,54.42,7.93,3.58,24.22,8.87,12.99
E-0020964,1.3874867,168.32,3.69,65.23,7.95,3.28,27.14,8.74,13.6
E-0020965,1.288984,163.76,3.39,69.83,8.33,3.65,26.27,7.39,11.71
E-0020966,1.8269496,154.18,5.52,131.28,8.74,4.83,10.21,4.89,13.06
E-0020967,1.7270416,234.48,3.17,156.91,21.53,1.17,35.49,14.35,9
E-0020968,2.0182526,227.31,8.46,87.12,5.58,3.35,22.76,6.43,14.72
E-0020969,2.4570594,182.7,19.11,162.03,6.98,2.55,6.73,10.54,5.81
E-0020970,2.194732,212.08,14.31,167.08,9.49,2.49,8.63,13.02,8.4
E-0020971,2.48656,159.65,10.11,73.38,6.94,2.14,8.45,4.47,8.76
E-0020972,2.3907409,186.41,9.83,104.22,8.25,2.3,11.08,5.79,8.46
E-0020973,2.097264,204.86,14.84,127.21,7.46,3.61,22.68,7.95,6.79
E-0020974,3.2403522,14.21,14.78,242.07,9.57,1.07,2.13,1.34,1.97
E-0020975,3.0034516,78.34,28.84,139.82,6.24,2.46,7.49,3.57,3.29
E-0020976,2.64647,150.67,34.41,133.84,5.6,2.51,8.44,5.33,3.86
E-0020977,2.4383373,191.26,5.96,141.66,17.8,1.13,9.38,3.36,6.64
E-0020978,3.3278823,47.29,54.13,183.36,3.3,1.72,2.45,1.95,1.79
E-0020979,1.8342681,71.14,3.57,47.93,7.93,2.9,8.37,5.09,3.84
E-0020980,1.2569661,182.39,3.71,47.11,2.86,9.84,18.83,10.04,15.1
E-0020981,1.2499441,182.93,3.71,47.59,2.87,9.84,18.88,10.03,15.2
E-0020982,2.7321343,30.39,3.09,35.99,11.28,1.43,1.31,1.03,1.55
E-0020983,1.3582377,111.47,5.3,45.08,2.42,14.85,16.52,12.35,17.44
E-0020984,1.6878263,156.92,8.43,167.2,11.39,1.69,16.91,5.4,5.6
E-0020985,0.8983385,209.92,2.05,19.85,3.49,4.7,27.95,8.41,12.08
E-0020986,1.6423355,199.41,1.94,25.65,8.38,2.97,27.56,10.66,12.52
E-0020987,0.62907594,238.27,1.9,11.34,1.15,25.77,45.37,20.52,33.03
E-0020988,0.2961866,228.97,1.81,7.05,1.12,25.72,48.97,33.52,41.11
E-0020989,3.7786665,4.11,7.8,85.64,1.46,1.59,0.31,0.23,1.79
E-0020990,1.6867099,178.84,4.33,72.31,4.01,11.92,15.53,6.27,3.94
E-0020991,2.0988445,100.09,4.72,82.78,6.59,3.33,7.7,3.05,3.65
E-0020992,1.3149915,155.28,3.27,55.23,5.7,6.93,25.43,6.74,10.15
E-0020993,3.452745,4.2,7.41,85.51,1.6,1.53,0.33,0.26,2.97
E-0020994,2.0912533,100.32,4.69,81.2,6.56,3.44,7.97,3.18,3.69
E-0020995,2.2196872,117.56,6,112.32,8.45,2.97,4.38,3.19,4.92
E-0020996,2.1523008,160.26,4.74,122.11,14.93,1.29,7.98,1.05,3.69
E-0020997,2.1500244,160.59,4.74,121.53,14.98,1.28,7.94,1.05,3.71
E-0020998,3.039072,42.86,5.53,82.02,10.5,1.41,1.43,0.33,2.27
E-0020999,2.5286257,53.54,5.61,68.91,15.87,1.35,2.84,1.9,4.11
E-0021000,3.1317658,15.64,6.44,53.18,11.05,1.47,0.75,0.68,2.46
E-0021001,0.7005332,133.41,3.88,41.75,2.99,7.1,10.67,4.08,9.17
E-0021002,1.8931642,90.48,5.38,67.91,7.04,4.6,10.73,5.25,9.57
E-0021003,1.8623459,154.46,5.65,128.36,8.96,4.17,10.38,5.25,13.01
E-0021004,2.3251464,86,4.95,73.98,4.08,2.51,5.37,1.09,2.43
E-0021005,1.7832488,206.46,3.59,127.33,21.85,1.05,29.55,10.28,9.11
E-0021006,3.0208132,23.75,7.4,108.21,3.79,1.45,2.16,0.38,2.54
E-0021007,1.41879,119.79,4.55,60.87,3.16,15.01,11.39,4.35,6.71
E-0021008,1.5328875,171.9,3.15,56.99,10.02,2.06,13.19,3.5,10.26
E-0021009,1.4090801,163.22,3.82,60.35,9.42,2.58,23.95,7.34,9.45
E-0021010,1.3209666,122.58,4.1,53.48,1.87,19.42,14.31,5.63,7.28
E-0021011,1.2952797,173.46,3.3,38.05,2.45,9.2,19.27,14.84,22.82
E-0021012,1.2740468,154.44,3.42,31.19,1.39,17.86,15.17,10.71,18.76
E-0021013,2.5280578,74.57,7.86,125.32,7.14,1.68,2.76,1.62,4.93
E-0021014,-0.16283976,207.58,1.22,8.13,0.73,29.78,38.29,16.45,28.61
E-0021015,1.996576,97.06,7.88,79.88,5.59,3.82,6.76,3.88,18.23
E-0021016,2.2714493,115.52,4.48,59.7,11.03,2.67,5.71,4.46,6.24
E-0021017,2.165891,116.22,3.77,56.56,6.45,1.88,3.27,1.49,4.09
E-0021018,2.2712762,104.3,4.24,115.77,8.21,1.42,2.74,0.7,4.39
E-0021019,1.7359705,178.06,4.39,77.46,4.58,9.12,14.21,5.61,3.89
E-0021020,2.270259,146.74,2.61,32.34,7.04,3.76,7.54,2.84,4.48
E-0021021,2.4675748,168.07,4.54,70.17,8.93,3.03,7.78,5.04,6.78
E-0021022,2.8793142,39.81,5.83,26.52,4.89,2.2,1.82,0.82,1.89
E-0021023,2.256807,113.82,3.39,72.28,11.24,1.49,5.41,0.6,2.49
E-0021024,1.7535505,144.86,8.43,155.74,13.47,2.8,12.38,8.02,10.86
E-0021025,1.7477413,144.61,8.34,154.11,13.2,2.98,12.54,8.07,10.84
E-0021026,1.7850609,147.68,8.6,160.99,14.75,2.34,11.59,7.32,10.93
E-0021027,1.8036789,147.78,8.7,162.51,15.13,2.15,11.21,7.15,10.88
E-0021028,1.8335392,143.63,3.56,126.08,4.32,6.36,8.32,2.32,13.15
E-0021029,1.8311805,131.1,4,80.76,5.25,3.39,6.68,3.9,10.12
E-0021030,0.59758353,165.22,2.1,28.72,1.74,14.33,9.39,2.9,10.89
E-0021031,1.8210183,102.13,4.14,81.34,3.02,6.81,4.24,2.43,8.37
E-0021032,2.3966901,133.29,2.99,45.89,4.5,3.54,6.54,1.66,11.53
E-0021033,0.93301934,221.9,3.6,67.74,10.26,2.38,30.57,14.59,22.08
E-0021034,1.7148291,108,3.08,35.28,8.88,3.15,9.5,5.63,9.44
E-0021035,3.735276,2.04,5,65.99,1.26,1.78,0.5,0.15,0.23
E-0021036,2.5364065,30.81,9.92,125.46,8.17,2.75,3.77,2.24,6.69
E-0021037,1.3968706,171.26,5.26,97.19,6.86,5.19,27.53,11.44,18.84
E-0021038,1.3783537,172.39,5.43,97.39,6.46,5.9,27.63,11.53,19.08
E-0021039,1.8446319,111.13,4.22,69.36,7.25,2.21,15.5,6.45,8.75
E-0021040,3.0029807,69.08,14.43,189.92,12.12,1.2,4.04,3.47,6.51
E-0021041,3.118741,158.82,19.82,96.42,0.81,4.86,6.54,1.29,4.78
E-0021042,3.7909348,74.63,47.47,170.98,1.32,2.74,2.17,0.73,1.87
E-0021043,2.1249447,103.19,11.74,100.28,16.23,1.21,7,13.86,8.69
E-0021044,2.941582,69.28,29.01,171.83,6.09,2.33,8.29,4.32,3.82
E-0021045,3.9329307,23.31,24.55,193.44,5.47,1.64,0.96,0.56,4.66
E-0021046,3.0935516,45.26,9.32,167.8,16.71,1.07,3.47,2.4,8.3
E-0021047,2.9664364,26.89,8.48,142.82,16.09,0.95,2.4,1.57,8.08
E-0021048,2.7121775,65.71,15.63,142.57,13.94,1.1,4.2,8.56,5.92
E-0021049,2.5935073,116.33,12.7,198.62,17.46,1.09,6.42,5.6,9.26
E-0021050,1.2142023,222.42,7.52,35.2,3.23,4.87,23.71,10.2,23.67
E-0021051,2.984738,47.66,15.47,188.63,15.36,1.16,4.25,2.63,6.04
E-0021052,2.1767516,165.82,5.99,67.09,20.37,1.29,17.6,14.83,13.37
E-0021053,2.1116664,172.48,8.4,90.81,21.47,1.1,20.49,14.1,15.4
E-0021054,2.9405432,98.88,12.09,144.65,14.23,1.09,5.8,2.97,7.92
E-0021055,2.0592813,181.8,7.31,85.66,12.63,1.66,12.81,6.82,15.66
E-0021059,3.9558632,9.23,15.16,197.15,4,1.29,0.89,0.46,2.94
E-0021060,2.8773594,117.1,15.49,192.16,15.8,1.06,7.9,3.56,9.68
E-0021061,3.6943612,25.66,21.4,191.51,7.95,1.27,1.37,1.17,4.59
E-0021062,3.0624654,59.12,25.51,290.7,15.1,1.05,3.88,2.18,4.78
E-0021063,1.9810566,146.23,3.93,56.75,11.13,4.22,13.85,10.21,9.52
E-0021064,3.4132645,49.84,16.14,199.88,9.69,1.18,2.65,1.93,6.13
E-0021065,1.7590944,143.28,3.81,45.23,8.79,1.89,14.17,4.24,8.78
E-0021066,1.485195,176.08,4.7,110.42,11.27,3.47,18.93,8.78,15.53
E-0021067,1.9105926,121.33,5.71,114.44,6.5,3.85,11.5,5.17,8.67
E-0021068,1.0887532,181.74,6,87.87,15.76,1.85,27.09,12.02,15.3
E-0021069,1.3309538,180.4,5.3,72.09,7.81,6.94,17.7,9.92,11.16
E-0021070,2.972716,31.58,4.83,57.72,6.96,1.92,0.99,0.22,1.66
E-0021071,2.0067303,161.05,4.75,70.63,6.49,4,10.75,1.18,3.64
E-0021072,2.579563,143.4,8.44,114.51,7.23,2.16,9.8,1.74,4.36
E-0021073,3.025502,48.18,8.1,75.24,4.87,2.45,2.74,0.54,2.23
E-0021074,1.7751313,132.05,7.58,148.34,7.57,4.27,13.04,6.09,12.38
E-0021075,1.7978477,131.76,7.93,148.84,7.24,4.36,13.3,6.46,12.35
E-0021076,2.2311363,113.81,8.54,133.65,11.23,1.49,10.31,2.92,13.74
E-0021077,1.3233819,158.23,3.11,50.03,10.37,2.82,18.03,8.2,16.97
E-0021078,3.0401804,14.16,11.73,106.57,7.33,2.48,1.82,1.04,6.1
E-0021079,2.3291535,44.96,13.5,173.23,7.66,3.51,5.99,3.84,9.5
E-0021080,1.2216573,185.34,4.6,111.16,6.51,4.9,23.45,9.44,14.47
E-0021081,2.7618568,40.14,7.37,121.4,5.93,1.53,2.2,1.15,4.6
E-0021082,0.90482366,156.11,2.12,25.84,1.59,11.39,25.83,7.64,11.84
E-0021083,1.8201742,198.51,2.91,16.49,12.54,2.24,11.12,12.05,34.55
E-0021084,1.8273685,120.54,4.5,47.8,3.18,5.71,12.79,5.95,8.96
E-0021085,1.7917824,118.25,4.21,42.84,3.11,6.31,13.35,5.67,8.87
E-0021086,1.8099803,118.89,4.21,45.54,3.25,5.92,13.23,5.77,8.85
E-0021087,1.0109246,174.7,2.9,53.12,5.73,5.75,18.24,6.07,9.65
E-0021088,1.3421679,195.28,2.57,55.82,5.57,4.7,14.92,6.22,6.25
E-0021089,1.767996,152.54,3.91,76.93,4.33,5.37,6.16,3.75,4.51
E-0021090,1.494503,176.15,4.74,113.56,11.52,3.37,17.86,7.94,15.43
E-0021091,2.2499723,84.27,5.82,164.35,22.24,0.84,9.26,2.66,3.88
E-0021092,1.502138,230.9,1.28,20.78,6.45,3.99,36.21,15.17,16.44
E-0021093,1.7753891,191.2,1.63,19.44,8.58,2.4,19.46,8.03,10.57
E-0021094,2.1392736,175.79,1.62,26.51,8.61,3.76,9.25,3.82,4.59
E-0021095,2.7851322,51.63,3.99,23.33,5.8,2.26,2.26,1.15,2.05
E-0021096,1.6433666,219.48,3.66,134.66,12.99,1.96,14.55,1.92,5.64
E-0021097,1.6616327,219.58,3.68,135.38,13.34,1.84,14.09,1.84,5.67
E-0021098,1.7832959,191.87,2.33,76.7,10.26,2.03,9.74,1.28,3.71
E-0021099,2.4588692,72.35,5.87,50.31,5.44,4.36,4.59,0.45,2.34
E-0021100,1.783468,104.51,4.7,92.1,3.87,6.19,5.89,2.14,4.71
E-0021101,1.7888839,113.22,4.83,77.32,7.63,3.7,13.13,6.4,8.7
E-0021102,1.2161422,157.55,3.86,87.15,14.26,2.98,18.09,10.53,22.56
E-0021103,1.6820021,141.29,4.04,52.26,10.84,3.54,11.72,6.41,12.47
E-0021104,1.2161475,157.4,3.85,87.14,14.22,3.06,18.32,10.7,22.54
E-0021105,1.6905795,140.91,4.06,52.21,10.78,3.37,11.4,6.16,12.42
E-0021106,1.4010291,157.36,5.67,78.84,6.66,5.32,15.22,9.84,15.25
E-0021107,1.7691334,109.07,4.11,66.87,10.6,1.68,15.81,7.07,13.67
E-0021108,1.9415526,85.33,4.37,75.86,7.39,2.71,10.77,4.33,8.45
E-0021109,2.6531925,93.62,8.23,147.57,6.63,3.72,3.33,1.26,6.13
E-0021110,0.94096094,134.41,4.22,54.57,4.12,4.64,13.58,4.94,11.84
E-0021111,1.439462,129.09,2.21,36.51,3.69,6.27,16.43,5.79,4.58
E-0021112,1.7946198,117.69,4.19,42.88,3.05,6.29,12.88,5.42,8.55
E-0021113,1.7457135,142.41,3.54,58.76,5.94,5.88,6.93,3.63,3.11
E-0021114,1.3190506,159.04,4.27,78.72,10.06,2.68,26.06,13.61,20.08
E-0021115,2.4534707,110.46,4.9,149.93,18.97,0.93,8.08,3.35,3.79
E-0021116,1.1682026,171.14,4.71,98.23,10.45,3.41,28.66,16.92,21.06
E-0021117,2.8903675,94.2,7.57,100.92,3.56,1.61,2.7,0.63,3.18
E-0021118,2.5052025,102.29,5.97,72.9,6.75,1.59,4.92,1.09,7.75
E-0021119,2.0527036,89.21,6.17,122.57,3.94,4.49,5.88,2.54,6.84
E-0021120,3.0977643,41.81,6.34,64.46,3.89,2,1.93,0.64,6.9
E-0021121,1.7371188,177.89,3.67,122.72,6.2,4.39,11.4,3.86,18.49
E-0021122,1.836137,120.86,5.45,162.2,5.93,4.1,8.41,3.95,13.15
E-0021123,2.9645154,123.89,30.27,185.87,8.77,1.95,9.11,5.18,6.77
E-0021124,2.6937885,202.33,11.81,116.06,20.7,0.98,15.79,8.83,7.85
E-0021125,2.8176403,221.21,8.21,96.21,25.02,0.93,14.94,6,6.78
E-0021126,2.712605,222,9.69,120.62,26.22,0.89,17.37,7.83,13.4
E-0021127,1.7171146,118.83,3.88,51.51,4.91,6.05,14.94,3.68,6.45
E-0021128,2.4730608,72.52,12.65,127.81,2.4,2.58,2.88,0.54,4.86
E-0021129,1.4005289,198.38,3.83,39.06,2.76,15.95,23.37,11.03,21.32
E-0021130,1.5209167,168.89,6.5,140.32,10.6,3.68,17.15,10.83,14.98
E-0021131,1.5202565,169.11,6.53,140.49,10.6,3.69,17.4,11.04,15.08
E-0021132,1.5335727,169.08,6.57,142.65,10.82,3.49,16.8,10.56,15.02
E-0021133,0.95715165,170.85,4.03,79.65,5.46,7.48,21.05,7.45,18.82
E-0021134,0.69992083,127.22,2.26,35.57,1.34,20.32,5.94,1.56,8.03
E-0021135,3.1174552,44.16,6.58,134.15,13.5,0.88,4.28,0.71,2.79
E-0021136,1.4251176,145.41,4.54,57.26,6.86,4.77,20.58,7.81,7.17
E-0021137,2.6197677,34,4.6,158.04,12.32,1.11,4.9,0.81,1.26
E-0021138,0.29099488,162.75,2.27,35.26,4.03,13.54,16.07,5.2,19.71
E-0021139,1.5854731,130.08,4.09,44.77,6.16,4.33,17.37,5.69,6.89
E-0021140,2.1798935,74.01,5.15,87.11,8.79,1.38,10.51,4.88,9.13
E-0021141,-0.19889952,203.05,1.84,19.02,1.37,24.46,26.72,4.29,9.94
E-0021142,2.340334,173.55,4.78,68.78,10.3,1.02,7.43,2.18,11.87
E-0021143,1.4911076,206.38,4.77,54.33,12.83,1.4,32.94,13.87,25.39
E-0021144,2.509333,92.3,7.06,105.41,11.3,1.42,8.89,3.04,6.2
E-0021145,3.3676715,50.03,8.29,122.32,3.1,1.27,1.11,0.24,2.15
E-0021146,2.0645618,110.81,4.17,100.57,4.7,4.37,5.23,1.41,10.21
E-0021147,1.7726463,110.33,4.56,93.58,4.11,4.89,5.3,2.99,10.69
E-0021148,1.9772544,110.52,6.08,117.15,3.5,6.27,3.98,2.15,9.69
E-0021149,2.7191436,35.55,5.85,73.39,2.92,3.18,2.67,0.85,11.29
E-0021150,1.8790414,169.83,5.13,75.78,2.45,7.07,10.11,3.82,22.27
E-0021151,1.1782334,167.5,4.52,88.96,4.11,7.06,23.89,7.26,11.15
E-0021152,1.7715688,123.69,7.63,113.5,4.41,3.91,13.76,4.13,5.34
E-0021153,1.826287,122.66,3.56,42.04,5.29,2.91,17.16,7.22,7.44
E-0021154,2.0770035,44.73,3.33,37.24,6.79,2.75,7.21,3.81,2.93
E-0021155,2.1330068,64.13,6.63,84.42,7.19,3.05,8.13,3.13,3.16
E-0021156,2.312877,43.51,5.88,76.08,3.77,1.99,5.35,2.31,2.79
E-0021157,1.2038507,100.56,2.57,16.96,1.94,14.05,19.58,6.12,4.83
E-0021158,2.7961633,16.7,14.46,139.11,5.24,2.55,1.12,0.61,2.1
E-0021159,0.9157946,177.93,2.67,80.96,2.39,17.82,23.21,9.3,14.45
E-0021160,1.1523476,143.49,4.24,46.28,1.48,11.53,18.09,3.68,8.46
E-0021161,0.39092022,156.58,1.91,36.16,2.27,16.28,25.41,5.93,14.86
E-0021162,2.491229,44.03,12.28,144.68,10.04,1.86,6.24,7.35,3.88
E-0021163,2.1336596,123.79,9.35,118.36,11.85,2.35,12.7,16.47,6.12
E-0021164,2.4072225,139.83,13.66,128.65,8.02,2.51,6.83,9.28,5.38
E-0021165,2.7191017,130.37,15.83,130.34,5.7,2.83,5.56,6.86,3.66
E-0021166,1.9101223,143.65,8.39,39.62,2.78,8.33,14.78,8.98,11.85
E-0021167,1.6490312,177.36,5.61,39.03,2.98,8.24,18.13,12.23,13.61
E-0021168,2.535315,19.67,9.47,110.81,11.41,1.97,7.05,7.17,3.87
E-0021169,3.2135499,67.79,15.88,158.22,10.47,1.09,4.05,2.42,4.8
E-0021170,2.309165,162.16,8.99,78.18,19.26,1.27,13.25,11.98,8.75
E-0021171,2.9449441,119.35,36.88,217.41,9.83,1.39,6.23,3.87,6.98
E-0021172,2.6091611,168.25,29.71,159.13,7.24,2.36,14.82,9.44,9.5
E-0021173,3.8970642,8.48,46.69,191.76,1,2.39,1.03,0.27,0.88
E-0021174,2.0092032,248.66,5.55,100.68,11.26,1.35,21.74,8.24,10.86
E-0021175,2.7594404,203.35,11.02,132.77,22.32,0.94,15.69,8.8,10.35
E-0021176,1.884836,240.13,6.67,168.02,23.34,0.91,34.51,9.9,9.03
E-0021177,2.7928116,117.44,10.98,130.83,15.95,1.02,5.92,3.88,8
E-0021178,2.4600325,58.69,9.61,89.91,16.38,1.04,7.26,6.94,3.6
E-0021179,3.036291,34.23,12.89,152.86,12.91,1.24,2.77,5.86,3.93
E-0021180,2.699219,106,13.56,193.77,13.87,1.27,4.56,14.45,5.64
E-0021181,2.7141068,51.38,7.87,36.42,1.93,3.15,2.88,1.48,6.61
E-0021182,2.2995756,63.06,13.19,151.2,8.8,3,3.88,4.13,9.82
E-0021183,2.3458016,63.25,13.85,154.23,9.37,2.33,3.59,3.89,9.76
E-0021184,1.8561515,108.12,4.84,63.94,4.95,4.86,9.21,2.4,3.79
E-0021185,2.41966,35.93,5.77,96.21,2.99,2.85,3.79,0.89,2.1
E-0021186,1.465867,122.1,5.07,38.24,2.25,10.19,11.39,8.73,12.46
E-0021187,1.648905,144.54,5.73,94.12,7.01,5.49,11.92,8.32,10.18
E-0021188,0.09503335,198.31,3.41,46.95,1.92,16.85,30.29,13.01,23.32
E-0021189,-0.15590002,209.09,2.58,34.15,1.35,23.84,35.37,12.08,14.55
E-0021190,1.3062733,156.73,3.01,55.73,3.93,14.6,35.13,10.23,11.86
E-0021191,1.5795529,147.41,5.73,115.79,9.95,2.83,15.64,8.75,18.68
E-0021192,1.5086608,178.14,4.8,74.11,7.85,3.5,15.45,7.09,14.56
E-0021193,1.5976853,131.25,5.47,66.36,6.06,4.24,11.69,6.53,12.91
E-0021194,1.9444445,160,6.92,99.58,8.88,3.84,14.16,6.54,13.52
E-0021195,3.0381503,56.76,5.77,97.39,4.46,1.18,2.16,0.31,2.32
E-0021196,1.5641203,154.74,3.55,95.5,15.71,2.45,31.13,10.72,6.99
E-0021197,1.9056402,145.55,5.14,92.81,11.24,2.21,14.78,4.47,4.83
E-0021198,3.1777768,11.48,5.64,75.12,2.18,2.81,1.18,0.18,1.71
E-0021199,1.8693851,133.37,5.62,106.89,13.57,1.73,25.03,8.26,11.61
E-0021200,2.866602,108.2,5.52,157.22,13.05,0.96,9.15,0.98,3.92
E-0021201,3.8046393,42.16,6.58,137.7,3.46,1.13,1.03,0.13,1.12
E-0021202,2.597774,118.16,7.46,128.17,6.59,1.64,3.44,1.22,6.48
E-0021203,1.7152973,132.6,2.87,57.12,2.62,6.61,6.37,2.35,10.83
E-0021204,2.288884,86.58,10.1,150.51,3.79,5.16,4.66,2.52,8.11
E-0021205,2.4610941,61.44,4.46,42.03,4.21,3.82,2.55,0.55,6.73
E-0021206,0.5221452,146.76,2.36,56.56,1.27,21.26,14.29,3.08,14.11
E-0021207,1.7748444,136.74,3.18,81.84,11.7,1.54,13.79,4.11,4.39
E-0021208,2.8070908,18.01,11.11,117.34,7.01,2.3,2.85,1.53,5.94
E-0021209,2.0422132,115.28,5.33,143.11,5.43,4.59,4.16,1.88,9.6
E-0021210,2.2342703,114.69,5.7,165.36,5.41,4.26,4.84,1.89,9.45
E-0021211,0.48946106,150.39,2.01,30.88,3.52,10.13,12.07,3.4,17.22
E-0021212,1.2339779,170.25,4.43,92.69,3.87,7.9,16.88,4.79,11.45
E-0021213,0.58861345,214.54,1.66,23.65,2.08,15.41,50.96,28.54,24.14
E-0021214,1.8052362,132.87,5.56,84.29,7.07,3.87,12.43,3.28,8.63
E-0021215,2.057086,77.29,7.4,109.64,8.56,2.04,11.54,5.18,6.7
E-0021216,2.1670716,139.07,6.4,102.42,11.8,1.97,13.93,4.78,12.51
E-0021217,3.2490137,89.36,4.91,110.95,10.07,0.95,4.49,0.46,3.26
E-0021218,1.5529418,172.9,5.59,85.87,7.24,4.33,14.26,6.34,12.33
E-0021219,2.666323,80.06,5.73,141.93,15.5,1.03,3.6,1.09,2.03
E-0021220,1.4862972,156.33,5.88,90.86,4.33,7.33,17.27,10.9,16.09
E-0021221,1.7871032,125.68,5.59,104.56,9.56,2.06,12.7,6.91,18.18
E-0021222,1.682936,154.61,4.88,75.06,7.01,3.37,12,5.01,11.95
E-0021223,2.867506,104.05,5.54,87.14,8.06,1.25,4.97,1.34,3.98
E-0021224,4.15746,10.44,7.66,90.06,1.3,2.16,0.74,0.11,1.78
E-0021225,2.7423117,85.58,7.76,106.41,6.21,1.65,4.43,0.86,2.82
E-0021226,1.4494727,130.35,4.22,79.66,7.43,4.46,32.83,9.82,6.3
E-0021227,2.2657251,125.19,3.37,64.04,11.36,1.21,18.32,2.51,1.43
E-0021228,2.950346,90.4,11.11,163.68,8.63,1.39,1.43,0.73,5.04
E-0021229,3.354102,41.12,8.98,138.68,2.81,1.4,1.02,0.27,1.95
E-0021230,2.4524937,112.39,6.93,112.18,8.37,1.31,4.84,1.87,7.01
E-0021231,3.4977653,59.45,5.9,123.35,5.69,1,1.62,0.2,2.47
E-0021232,1.7587818,138.93,4.71,73.78,11.46,2.35,36.98,9.41,17.43
E-0021233,2.4485173,121.11,3.52,53.44,15.38,0.99,18.65,3.38,5.67
E-0021234,2.6477084,69.56,19.48,111.66,15.77,1.12,4.67,2.91,7.72
E-0021235,1.9034796,108.63,4.35,88.56,3.55,4.34,7.81,2.78,6.45
E-0021236,1.9829277,107.47,4.63,93.22,3.68,3.34,7.29,2.65,6.47
E-0021237,0.6148715,153.28,2.28,38.25,1.25,21.4,9.99,1.98,10.37
E-0021238,2.181053,107.1,5.02,120.93,3.52,6.66,3.25,1.13,8.85
E-0021239,2.669222,26.85,7.15,92.21,7.26,2.77,2.43,1.31,7.78
E-0021240,2.9050486,15.97,6.49,77.93,5.87,2.51,1.83,0.76,7.21
E-0021241,2.0010831,145.6,4.51,160.73,5.79,3.04,9,2.93,12.67
E-0021242,0.38973895,183.36,1.75,34.27,1.59,15.22,13.98,2.94,20.12
E-0021243,2.905599,52.71,12.58,330.9,7.48,2.7,2.14,0.86,8.56
E-0021244,2.2423985,91.5,9.22,125.16,3.38,2.62,3.91,1.36,4.14
E-0021245,1.6722455,156,4.36,65.84,7.56,2.72,12.66,5.42,13.68
E-0021246,2.968874,87.47,37.91,161.73,2.65,2.99,6.69,5.04,4.53
E-0021247,3.1486554,56.46,34.9,161.46,3.14,3.05,5.35,2.59,2.6
E-0021248,0.9544683,267.82,2.84,48.32,10.58,1.66,36.93,10.25,20.61
E-0021249,1.4914845,261.21,5.7,109.81,21.97,1.19,40.54,23.12,16.31
E-0021250,3.052317,193.11,9.31,105.91,24.2,0.93,12.36,5.5,4.33
E-0021251,3.5505805,14.07,14.39,212.58,6.85,1.03,1.75,0.66,1.83
E-0021252,3.2372,33.97,15.23,160.52,7.68,1.38,2.85,1.09,3.68
E-0021253,2.1725814,62.33,9.59,37.75,2.64,7.58,10.14,4.16,14.38
E-0021254,2.6162624,54.26,9.17,130.57,4.56,2.65,3.43,1.66,2.96
E-0021255,2.3903127,129.81,7.01,77.36,6.55,1.42,4.98,2.07,5.29
E-0021256,2.8571017,15.15,5.71,60.42,5.94,1.68,2.37,0.63,5.36
E-0021257,2.8895884,17.56,5.56,75.95,4.51,2.63,2.33,0.32,2.96
E-0021258,3.0047457,69.73,7.35,126.98,4.3,1.53,3.57,0.8,4.39
E-0021259,0.9157341,188.04,4.47,39.23,3.51,11.24,21.74,13.12,23.47
E-0021260,2.1720495,161.02,3.87,51.28,16.36,1.06,6.01,2.74,3.88
E-0021261,2.0317314,119.19,6.29,106.53,5.32,2.67,13.42,3.23,7.91
E-0021262,2.3594227,105.33,8.29,148.67,9.2,1.08,5.74,1.93,7.59
E-0021263,0.09239913,219.13,3.34,33.17,1.79,21.53,54.64,19.14,35.06
E-0021264,1.3885187,154.51,5.11,77.89,6.39,2.62,18.19,6.14,11.35
E-0021265,1.7553346,109.36,5.14,97.92,4.59,3.72,10.25,3.4,6.73
E-0021266,2.1151586,71.79,6.02,108.87,3.95,2.79,6.14,1.85,3.29
E-0021267,1.2798637,160.12,5.28,95.95,7.06,3.19,18.05,7.3,11.88
E-0021268,1.6420865,128.56,6.99,135.66,6.46,2.56,12.63,4.39,6.21
E-0021269,2.8114092,36.89,13.25,257.08,4.56,4.15,1.6,0.75,5.03
E-0021270,2.0596702,99.9,4.08,154.26,3.28,4.65,7.36,2.1,9.23
E-0021271,2.9520457,20.31,12.58,158.92,8.56,1.49,2.18,1.42,7.87
E-0021272,3.2339149,52.6,8.29,125.35,8.43,1.22,5.91,0.6,7.64
E-0021273,2.1076555,78.87,5.69,71.92,10.57,1.45,9.17,8.31,9.28
E-0021274,1.9197086,97.79,5.86,85.51,11.61,1.76,11.36,10.86,10.77
E-0021275,2.849485,31.7,10.87,161.2,8.39,1.42,1.81,2.32,3.23
E-0021276,1.6065634,165.5,5.18,128.16,8.39,2.5,16.93,7.99,13.83
E-0021277,1.803386,124.98,3.72,68.03,7.87,1.8,10.26,3.52,12.29
E-0021278,2.1330886,75.77,12.63,169.57,3.51,2.42,4.92,1.99,3.61
E-0021279,3.9530315,8.5,31.03,197.9,2.96,1.63,1,0.32,0.56
E-0021280,3.7781696,34.01,31.93,187.12,4.45,1.8,1.93,0.72,2.16
E-0021281,3.745498,6.88,44.97,243.48,3.24,1.49,1.11,0.65,1.09
E-0021282,3.914157,16.88,25.78,207.28,3.52,1.37,1.15,0.33,1.16
E-0021283,3.7145734,17.15,24.54,195.83,4.74,1.35,1.8,0.65,1.89
E-0021284,3.2266595,95.23,15.1,159.69,9.29,1.12,3.77,1.49,7.41
E-0021285,3.2897897,44.65,35.69,176.93,7.37,1.4,2.14,1.53,3.63
E-0021286,2.1566477,214.1,16.1,91.9,4.97,4.09,17.29,9.12,7.32
E-0021287,2.195984,216.52,13.54,90.68,5.94,1.89,11.55,5.26,5.59
E-0021288,3.01467,88.51,23.98,163.03,2.33,3.64,5.31,1.79,7.75
E-0021289,2.368194,130.92,14.3,116.13,6.2,4.56,16.98,7.21,5.8
E-0021290,3.0613205,77.13,52.85,205.64,9.91,1.76,10.07,6.37,8.17
E-0021291,2.4326265,125.38,21.85,122.18,8.06,2.21,13.23,10.01,5.87
E-0021292,2.6210163,146.09,33.51,151.09,8.25,1.79,11.28,8.92,8.04
E-0021293,3.0035326,24.74,15.06,246.23,13.13,1.04,3.65,3.45,3.93
E-0021294,3.0406408,49.66,10.87,214.17,15.32,0.96,4.26,1.79,5
E-0021631,2.261694,169.66,16.09,136.32,14.28,1.24,13.61,12.56,7.49
E-0021632,2.199025,194.56,9.16,118.21,18.35,1.15,17.03,9.91,11.4
E-0021633,2.4069555,86.42,40.85,116.29,5.75,2.48,5.96,2.66,3.78
E-0021634,2.0261528,218.44,6.1,93.79,15.83,1.12,20.67,6.09,6.47
E-0021635,2.540637,136.25,32.01,117.16,5.98,2.99,13.07,8.12,9.98
E-0021636,2.545498,135,32.59,113.35,5.35,3.12,14.65,8.67,10.28
E-0021637,2.8551474,134.55,39.48,206.06,11.62,1.31,7.45,6.94,13.19
E-0021638,2.9348416,94.31,39.71,191.09,9.7,1.62,7.11,2.75,12.73
E-0021639,3.1492999,73.55,10.16,122.34,15.66,0.95,5.84,2.37,1.34
E-0021640,3.3625367,14.69,38.56,148.1,5.68,1.42,2.04,0.95,2.3
E-0021641,2.4917517,59.16,8.64,118.99,5.44,2.2,2.99,1.84,3.81
E-0021642,2.740703,33.67,8.32,118.02,4.3,2,2.23,1.33,3.31
E-0021643,1.6682254,121.06,4.64,87.38,8.57,3.41,12.61,6.66,15.67
E-0021644,1.0052459,101.73,4.96,76.59,5.14,8.27,9.32,2.76,13.27
E-0021645,1.6984557,152.88,6.92,108.65,10.82,3.4,23.14,9.12,14.18
E-0021646,2.6689615,130.18,6.7,132.37,9.92,1.15,9.12,1.76,4.09
E-0021647,1.2524421,155.32,4.09,74.26,5.43,11.23,38.12,10.53,10.81
E-0021648,3.466739,29.26,8.19,104.01,2.05,1.76,1.62,0.36,1.45
E-0021649,2.1214669,123.32,2.51,104.76,21.06,1.08,8.81,2.53,12.76
E-0021650,1.563501,202.07,3.41,44.21,5.37,3.64,22.68,4.49,15.27
E-0021651,2.465753,99.49,7.22,173.82,5.01,2.95,3.8,1.24,8.79
E-0021652,3.3010461,20.88,7.15,143.93,1.31,2.43,0.69,0.3,2.19
E-0021653,1.8243947,109.9,7.51,115.16,5.78,1.95,10.65,3.11,5.65
E-0021654,2.385603,31.68,4.05,48.26,7.91,1.58,5.37,2.83,3.13
E-0021655,2.9733143,28.65,12.21,316.3,4.25,3.46,1.56,0.56,6.16
E-0021656,2.0262682,116.27,9.02,147.58,4.07,2.97,4.43,1.81,4.29
E-0021657,3.0802321,18.96,10.95,138.48,6.84,1.38,1.57,1.85,2.8
E-0021658,2.7360547,72.72,8.89,170.88,3.41,1.78,2.18,1.05,4.35
E-0021659,2.4655356,111.27,9.18,179.76,4.52,2.08,2.95,1.55,4.86
E-0021660,1.7401707,146.61,4.55,100.87,7.78,1.8,15.72,6.14,12.96
E-0021661,2.7250237,37.07,4.07,170.97,17.22,1,3.46,0.91,1.47
E-0021662,3.2310455,12.65,6.1,176.23,12.65,0.92,1.27,0.32,1.08
E-0021663,2.9614682,21.38,4.61,151.17,8.6,1.02,1.11,0.29,2.96
E-0021664,3.140935,15.88,5.72,148.25,6.93,1.11,0.83,0.17,0.99
E-0021665,1.6132251,168.21,6.06,92.27,7.45,3.52,9.6,4.9,13.97
E-0021666,1.3954664,103.38,3.83,63.56,2.35,2.46,6.3,1.39,3.63
E-0021667,2.2501779,70.68,13.18,133.68,2.9,2.22,4.73,1.57,3.52
E-0021668,1.2971077,154.7,3.33,83.26,2.9,4.02,19.32,8.7,5.28
E-0021669,3.1308775,6.48,10.76,65.9,0.89,37.3,1.53,0.27,0.51
E-0021670,3.440047,4.97,11.66,72.55,0.92,28.23,1.1,0.25,0.42
E-0021671,3.5369866,4.72,11.68,73.93,0.96,27.37,0.93,0.24,0.35
E-0021675,2.8122637,116.04,14.78,79.38,12.43,1.26,4.34,4.38,3.22
E-0021677,2.8969958,100.2,14.26,107.12,13.25,1.16,5.85,4.27,6.55
E-0021679,3.9612517,24.97,52.5,192.42,1.96,2.35,1.13,0.39,1.92
E-0021680,2.7639685,27.42,8.16,107.06,20.24,1.02,2.93,4.09,6.24
E-0021681,2.2980862,187.92,10.13,86.6,16.99,1.31,13.83,8.03,4.61
E-0021682,2.6867232,164.7,34.63,173.23,6.16,2.58,14.11,8.37,6.98
E-0021683,2.796901,143.17,39.38,177.86,5.22,2.15,10.23,6.09,7.5
E-0021684,2.9048734,98.8,39.61,190.88,10.11,1.62,7.54,3.09,13.11
E-0021685,3.1914163,75.83,9.31,106.92,19.45,0.9,5.6,2.95,1.61
E-0021686,2.4296656,167.73,4.27,202.8,13.49,1.21,6.39,1.6,2.89
E-0021687,3.1553094,21.94,27.71,142.44,5.37,1.54,2.54,1.36,3.59
E-0021688,2.5069878,132.18,8.02,218.15,10.55,1.33,4.69,1.9,4.45
E-0021690,1.1199467,231.79,1.38,32.6,6.09,5.63,52.51,25.15,37.43
E-0021691,1.1216903,231.8,1.38,32.61,6.13,5.56,52.4,25,37.39
E-0021692,1.3677396,212.95,1.76,52.67,11.25,3.61,46.4,17,22.41
E-0021693,1.2653211,94.47,2.38,47.13,8.95,1.73,33.38,13.5,11.97
E-0021694,0.4819929,227.02,0.86,11.38,4.32,4.23,71.67,43.26,49.42
E-0021695,0.54973227,146.71,1.39,21.51,1.91,8.71,21.17,10.08,20.32
E-0021696,1.3611903,86.97,2.44,23.19,3.21,6.62,9.16,6.39,18.41
E-0021697,0.43198612,166.48,1.34,14.13,1.46,10.78,26.58,16.48,32.68
E-0021698,0.46304286,185.02,1.22,49.14,1.55,16.45,30.25,9.58,11.73
E-0021699,2.3061574,30.39,4.24,60.78,5.71,2.74,4.43,2.75,1.54
E-0021700,1.447918,196.5,3.03,57.9,6.32,2.69,14.75,6.37,8.21
E-0021701,2.5256777,19.06,4.01,56.15,5.05,2.23,3.45,1.71,1.41
E-0021702,1.5804917,124.51,5.28,103.29,5,5.12,11.01,4.78,6.56
E-0021703,1.8818773,95.13,5.72,112.77,4.3,4.16,7.75,2.9,3.38
E-0021704,2.371757,49.42,3.89,61.92,3.42,1.96,4.79,1.1,4.8
E-0021705,2.1598017,81.34,4.97,100.32,5.5,1.98,3.78,1.44,7.21
E-0021706,1.5929352,185.79,2.03,72.17,15.65,1.21,7.55,3.63,8.48
E-0021707,2.5636816,51.35,3.79,168.53,13.77,1.11,2.65,0.87,5.23
E-0021708,1.7432078,139.51,9.7,137.59,6.38,3.36,9.38,2.59,11.29
E-0021709,1.7963872,219.15,1.74,188.03,15.79,1.15,12.72,4.75,5.31
E-0021710,1.8970985,206.74,1.81,130.98,14.99,1.25,8.92,3.85,4.64
E-0021711,2.136113,120.93,3.9,168.33,10.23,1.2,5.46,1.51,2.67
E-0021712,2.4213853,79.89,3.23,175.22,14.98,1.09,3.96,2.09,1.64
E-0021713,2.1044204,99.81,2.62,211.51,15.23,2.08,10.6,4.9,4.89
E-0021714,2.2556684,156.09,2.91,243.97,17.07,1.23,6.5,2.46,6.07
E-0021715,1.9387021,222.79,2.31,246.17,20.68,1.14,10.06,5.46,7.97
E-0021716,1.3357903,225.87,1.82,98.18,11.7,2.4,23.45,5.78,9.63
E-0021717,0.08821377,242.63,0.99,28.82,1.95,10.04,27.45,6.82,5.97
E-0021718,2.6191828,30.57,8.66,123.79,3.49,1.44,4.32,1.7,3.77
E-0021719,1.8128985,112.99,3.71,63.85,10.68,1.44,7.26,7.18,5.82
E-0021720,1.1539338,239.56,1.05,32.64,6.21,5.07,11.51,10.41,10.68
E-0021721,1.1682731,239.43,1.06,33.15,6.31,4.83,10.91,9.67,10.59
E-0021722,1.8685898,151.89,5.31,91.07,8.71,1.93,19.31,7.72,16.73
E-0021723,1.8698187,152.08,5.35,90.93,8.7,1.94,19.27,7.79,16.79
E-0021724,2.158062,140.12,7.37,136.5,5.49,2.11,16.19,6.4,15.49
E-0021725,2.1215355,55.59,6.49,96.2,4.59,2.36,6.4,3.18,3.42
E-0021726,2.6837373,73.75,7.2,116.97,9.32,1.45,6.95,1.95,7.3
E-0021727,3.4858718,19.87,10.54,158.73,2.79,1.51,2.02,0.52,1.46
E-0021728,3.3342154,29.94,10.65,139.33,3.59,1.46,2.78,0.77,1.26
E-0021729,3.3889303,36.84,34.34,122.12,4.96,1.76,1.72,1.14,2.06
E-0021730,3.9623399,10.52,12.11,219.15,3.28,1.23,1.17,0.36,1
E-0021731,3.201741,110.38,28.85,160.51,3.77,1.45,5.71,2.41,3.98
E-0021732,2.2803996,122.89,23.23,92.46,4.28,2.63,8.96,4.8,5.68
E-0021733,2.6395998,170.37,33.11,160.27,6.06,2.89,15.85,9.37,7.16
E-0021734,2.762991,144.62,38.58,176.99,5.48,2.23,10.88,6.68,7.52
E-0021735,1.2769071,266.73,3.15,107.3,12.57,1.55,29.97,10.16,13.23
E-0021736,2.8733845,209.71,7.83,140.95,21.84,0.92,9.42,4.68,9.99
E-0021737,1.9440827,240.92,3.15,56.21,26.95,1.02,21.45,18.01,10.27
E-0021738,2.1728942,257.74,4.69,93.06,20.72,1.03,19.37,5.38,4.07
E-0021739,2.5754974,106.18,6.53,232.56,12.5,1.21,5.2,2.49,5.22
E-0021740,3.0743747,34.8,11.53,191.48,14.65,1.05,3.84,1.84,2.69
E-0021741,1.6833677,244.21,8.01,97.25,8.49,1.98,14.77,6.16,6.37
E-0021742,2.8351004,169.11,22.36,149.1,2.41,2.02,3.35,1.47,1.61
E-0022435,2.3462865,68.82,8.93,50.92,3.52,3.05,8.47,3.39,18.47
E-0022436,1.8540283,49.89,3.24,11.59,7.01,2.5,19.85,12.07,18.2
E-0022437,1.6677667,151.13,6.35,112.75,5.59,3.67,16.43,3.58,14.98
E-0022438,4.01681,11.66,9.5,108.63,1.3,1.33,0.34,0.11,0.72
E-0022439,1.9840705,98.95,5.11,122.86,22.52,0.87,18.68,5.36,6.45
E-0022440,3.1427,49.59,5.95,126.95,10.17,0.88,2.73,0.51,1.73
E-0022441,1.4591115,173.01,2.89,58.64,3.58,5.29,10.97,4.4,6.04
E-0022442,2.0888517,95.47,5.18,108.47,2.39,3.3,3.17,0.93,4.06
E-0022443,2.3583095,38.03,4.52,47.13,2.69,2.15,4.56,2.99,5.01
E-0022444,0.5110312,235.76,1.15,25.55,2.21,7.69,16.02,4.55,10.71
E-0022445,1.540751,157.72,2.14,24.19,4.23,2.5,6,1.54,4.65
E-0022446,2.483274,38.69,9.09,154.98,4.83,1.58,5.34,2.48,3.87
E-0022447,2.0858912,64.71,3.07,78.4,22.51,1.02,9.24,9.43,3.58
E-0022448,1.6956412,160.94,5.81,114.71,9.66,2.47,21.38,9.54,17.4
E-0022449,1.7047501,161.25,5.87,114.74,9.64,2.39,20.93,9.42,17.46
E-0022450,1.9858305,142.27,8,178.4,6.63,2.47,16.29,7.55,15.89
E-0022451,2.7086883,26.47,6.7,80.59,1.68,1.97,3.74,1.57,4.49
E-0022452,2.061946,85.54,7.29,76.82,3.9,4.19,6.84,2.89,7.01
E-0022453,1.8382158,97.44,3.29,41.07,4.34,4.29,15.75,8.62,10.61
E-0022454,2.0947814,93.6,5.51,112.01,7.57,2.23,4.66,2.67,6.87
E-0022455,2.3192282,120.02,3.57,204.23,15.1,1.15,5.36,1.58,1.67
E-0022456,1.6916646,149.78,1.8,194.46,15,1.93,13.48,3.64,3.77
E-0022457,1.2094096,141.09,3.24,71.34,4.37,3.76,17.98,4.32,10.5
E-0022458,1.5500205,76.57,5.01,72.86,3.6,2.22,9.56,2.46,3.64
E-0022460,2.3557198,132.84,23.72,131.5,6.76,2.35,7.42,4.72,3.91
E-0022461,2.870534,32.12,32.92,142.05,6.15,1.45,5.13,3.91,1.24
E-0022462,1.4549887,256.68,5.2,98.96,12.45,1.54,22.71,7.48,8.82
E-0022463,1.5762738,254.5,4.34,88.19,13.53,1.54,19.86,6.4,4.46
E-0022464,1.6543545,242.53,6.61,100.54,9.84,1.59,18.53,9.51,8.03
E-0022465,2.90284,141.11,11.65,175.91,18.37,0.96,6.98,4.38,14.6
E-0022466,2.9512131,41.41,16.72,147.78,8.99,1.43,3.14,1.69,4.11
E-0022469,1.9682187,120.26,6.64,113.8,7.86,2.39,16.02,5.38,8.44
E-0022470,3.4347613,40.99,10.84,138.98,3.85,1.17,0.61,0.21,1.96
E-0022471,1.4550185,186.8,4.4,60.02,4.18,6.07,17.77,5.05,23.63
E-0022472,0.55622476,178.05,3.03,69.18,25.17,1.27,42.75,29.38,27.61
E-0022473,2.536727,79.65,6.07,101.11,5.67,1.91,5.81,1.79,3.95
E-0022474,2.123858,91.55,4.83,68.17,9.96,1.25,7.88,3.33,10.57
E-0022475,1.1465892,105.76,4.55,15.23,18.18,1.15,55.19,43.63,55.79
E-0022476,2.2343152,103.87,2.73,116.01,19.78,1.03,5.58,2.03,8.33
E-0022477,3.252094,16.53,6.92,233.52,13.48,1.04,1.04,0.28,0.98
E-0022478,1.040979,208.31,1.6,33.24,6.22,2.45,20.92,8.6,10.25
E-0022479,1.7756981,85.38,2.21,98.4,11.09,2.53,20.45,6.71,4.04
E-0022480,1.9578531,147.28,5.49,158.67,18.13,1.12,9.44,7.62,4.49
E-0022481,1.736686,138.6,4.15,80.69,10.88,2.01,12.45,5.54,12.42
E-0022482,2.1064157,86.63,5.32,80.43,5.85,2.5,7.37,3.58,7.56
E-0022483,2.5054052,41.81,6.73,93.78,3.07,2.14,4.27,2.41,4.59
E-0022484,2.3159933,67.48,5.11,69.42,4.02,2.11,6.29,2.4,7.36
E-0022485,2.2930365,93.08,5.34,72.15,9.15,1.69,6.32,5.54,10.37
E-0022486,2.2556875,81.26,6.17,79.16,2.73,4.81,4.09,2.09,5.97
E-0022487,2.0992265,60.66,4.09,48.08,4.3,4.29,6.92,3.06,5.08
E-0022488,2.3654976,42.48,6.88,94.08,7.78,1.8,6.28,2.3,3.6
E-0022489,1.6131533,82.47,3.34,31.77,3.94,4.73,14.94,6.4,6.15
E-0022490,1.6021755,96.61,5.2,65.95,5.25,2.68,9.07,4.12,6.87
E-0022491,1.9674165,129.06,7.08,75.55,7.59,2.05,13.19,8.32,15.79
E-0022492,1.98238,128.33,7.17,76.52,7.77,1.92,12.8,8,15.66
E-0022493,0.7417779,206.71,1.96,12.48,1.42,8.1,25.58,10.65,14.97
E-0022494,1.2505703,173.67,2.08,26.68,5.48,2.16,9.94,2.25,6.79
E-0022495,2.8981626,19.1,9.71,75.26,7.13,1.37,3.43,2.2,8.97
E-0022496,1.4760405,149.53,3.88,67.31,7.89,2.84,19.9,6.21,13.27
E-0022497,1.4418492,151.32,3.84,65.37,7.71,3.08,20.58,6.53,13.34
E-0022498,2.8328981,81.28,21.18,116.9,10.78,1.23,4.39,7.39,5.96
E-0022499,2.4178421,99.62,14.4,93.6,13.26,1.44,8.75,9.3,4.57
E-0022500,2.6973748,107.15,26.23,117.6,8.61,1.67,5.42,4.26,4.12
E-0022501,2.1669424,207.77,12.35,117.06,16.76,1.22,15.43,9.3,9.27
E-0022502,2.166859,142.37,27.34,90.18,4.27,4.07,8.27,4.44,6.07
E-0022503,2.7057488,110.88,43.85,151.67,3.48,3.65,8.01,5.43,10.36
E-0022504,2.6848319,112.76,42.48,151.14,3.61,3.81,8.36,5.93,10.31
E-0022505,2.274975,254.85,5.41,118.68,20.35,0.99,16.87,4.39,10.35
E-0022506,2.2606986,238.84,7.48,118.46,16.39,1.13,15.61,5.03,4.89
E-0022507,1.8814979,210.44,5.37,56.75,8.38,3.09,20.72,9.06,6.2
E-0022508,2.4264174,162.84,4.83,216.99,14.62,1.13,6.65,1.93,4.85
E-0022509,2.2552075,210.87,3.75,271.87,15.11,1.09,8.97,1.92,5.96
E-0022510,3.5154018,5.04,25.32,254.34,5.17,1.17,1.22,0.82,1.02
E-0022511,1.9806621,95.72,6.53,110.98,10.25,2.07,8.46,5.01,9.31
E-0022512,-0.045046166,224.54,2.14,42.01,11.56,6.81,62.88,58.64,45.3
E-0022513,2.5232162,72.29,3.86,113.11,13.77,1.11,5.62,1.45,3.75
E-0022514,2.5046754,37.26,4.21,213.02,17.45,0.99,5.44,2.56,4.37
E-0022515,1.2430454,215.01,2.06,112.99,8.91,2.72,20.43,4.32,8.39
E-0022516,1.8199197,195.63,2.53,247.12,21.75,1.08,18.22,5.66,11.01
E-0022517,1.0439248,141.91,2.74,29.7,3.43,3,22.99,5.87,13.84
E-0022518,2.8146615,45.17,7.78,121.81,3.49,2.3,2.05,0.82,2.6
E-0022519,2.0803204,99.14,4.92,86.17,6.94,2.14,7.08,3.63,8.91
E-0022520,2.1690125,100.98,6.04,94.69,11.07,2.05,7.31,7.67,11.13
E-0022521,2.2352326,78.39,4.62,73.84,4.69,1.79,5.64,2.36,8.66
E-0022522,2.344284,39.09,6.59,92.76,2.54,1.87,5.23,1.49,5.75
E-0022523,2.3250928,39.44,6.36,90.46,2.66,1.9,5.39,1.62,5.8
E-0022524,2.6636374,28.36,5.91,81.51,4.61,2.02,3.82,1.63,4.35
E-0022525,2.299064,56.86,4.29,57.31,5.32,3.48,7.55,4.36,7.35
E-0022526,1.481107,137.77,3.5,51.61,10.88,1.53,21.33,11.52,28.5
E-0022527,2.5082963,72.35,7.85,177.33,12.67,1.27,7.9,2.4,5
E-0022528,1.3369856,199.12,1.7,58.33,13.44,2.89,31.48,9.19,6.97
E-0022529,3.0116186,17.84,9.53,162.19,1.52,2.2,1.7,1.12,2.75
E-0022530,1.2440256,154.71,1.05,12.23,4.86,6.55,18.18,11.58,14.3
E-0022531,2.0065887,108.13,2.95,62.82,7.49,4.22,9.94,5.87,6.73
E-0022532,2.6043723,58.4,6.2,141.82,10.24,1.25,1.9,0.57,4.99
E-0022533,3.1927783,10.19,7.88,81.8,4.59,1.23,2.02,1.17,8.44
E-0022534,3.2987115,9.31,8.31,98.98,1.95,1.61,0.73,0.47,6.39
E-0022535,2.639256,53.52,7.25,149.55,4.79,1.7,2.38,1.56,5.73
E-0022536,2.531352,58.97,8.33,172.43,6.69,1.97,2.76,2.91,5.79
E-0022537,2.6442246,42.97,7.59,58.98,8.37,1.61,4.27,1.61,9.97
E-0022538,2.173263,65.81,6.02,83.49,5.47,2.44,7.35,3.46,8.31
E-0022539,2.284177,75.92,5.52,79.88,6.76,1.56,11.05,4.84,7.4
E-0022540,1.8790551,235.36,12.2,128.08,6.64,2.33,15.04,4.32,4.59
E-0022542,2.41886,232.52,6.99,141.07,18.41,1.02,15.46,5.56,6.84
E-0022543,1.6138655,244.34,5.14,52.94,7.87,2.82,25.62,11.49,13.93
E-0022544,1.8040733,234.7,6.34,68.58,7.96,2.86,25.06,11.36,12.63
E-0022545,2.8016858,126.12,14.21,216.96,6.75,1.65,4.79,1.19,3.26
E-0022546,2.9454987,50.31,12.52,204.29,16.26,0.98,4.23,2.42,4.42
E-0022547,3.6167197,4.12,19.66,188.48,4.31,1.16,1.25,0.71,0.93
E-0022548,2.0333974,174.69,15.66,101.02,6.62,3.05,10.17,5.83,6.16
E-0022549,2.1062207,168.7,15.52,99.41,6.41,2.63,9.07,4.62,6.08
E-0022550,3.2992792,52.42,22.33,176.36,7.6,1.44,2.55,2.33,4.95
E-0022551,1.9657903,262.32,6.25,94.45,19.89,1.1,33.32,8.27,5.74
E-0022552,1.9458551,218.58,8.17,85.4,7.21,2.75,23.65,14.4,9.34
E-0022553,1.4177899,244.98,5.93,59.67,7.55,4.5,42.06,18.46,11.85
E-0022554,1.9392194,251.28,9.68,104.63,6.63,2.47,25.64,6.49,12.33
E-0022555,1.8255404,250.34,9.65,87.38,7.79,2.63,28.99,8.65,15.86
E-0022556,2.129906,225.15,13.97,127.6,9.79,1.91,19.07,2.79,22.81
E-0022557,2.9765515,221.03,26.14,152.48,2.61,1.69,5.75,1.82,3.44
E-0022558,2.0723212,77.34,5.87,100.11,9.58,1.75,6.48,3.01,9.48
E-0022559,2.3454833,71.27,6.74,113.24,7.1,1.36,3.58,1.91,8.83
E-0022560,3.11841,14.63,12.65,209.86,1.76,1.64,1.77,0.84,2.78
E-0022561,2.9354498,19.76,13.47,233.07,2.7,1.78,2.37,1.5,2.58
E-0022562,2.1589713,47.24,4.58,43.71,4.54,2.7,6.9,3.65,9.5
E-0022563,2.1628115,47.24,4.69,45.82,4.72,2.54,6.7,3.51,9.43
E-0022564,1.8926343,57.6,3.88,27.18,4.65,2.76,11.02,6.06,10.23
E-0022565,2.320816,59.01,6.73,118.71,6.8,1.19,6.79,3.24,8.38
E-0022566,2.5111997,88.16,5.1,85.11,3.22,2.64,3.86,0.92,4.41
E-0022567,3.3989432,15.09,9.03,120.56,3.27,1.66,1.21,0.47,1.75
E-0022568,2.105741,95.94,5.35,97.82,5.71,2.15,5.39,2.47,8.07
E-0022569,3.173363,12.37,8.67,138.96,0.95,2.14,1.56,0.65,2.97
E-0022570,3.223179,15.56,9.18,113.03,1.32,2.03,1.48,0.84,2.65
E-0022571,2.4843044,66.89,6.07,188.26,16.67,1.05,4.9,2.01,4.85
E-0022572,2.1619391,58.21,5.24,70.78,4.82,1.79,2.65,1.27,4.19
E-0022573,3.083798,17.08,14.87,93.92,7.78,1.21,2.35,2.54,7.66
E-0022574,3.5429926,5.57,17.26,99.88,2.04,1.37,1.3,0.65,3.56
E-0022575,3.3471792,9.26,12.88,96.36,4.88,1.09,1.48,1.44,6.75
E-0022576,3.8569446,3.27,14.81,97.4,1.28,1.34,0.89,0.47,3.55
E-0022577,3.02823,17.99,7.69,74.42,5.47,1.34,2.11,0.96,8.43
E-0022578,2.0631588,140.85,6.93,111.29,6.04,2.12,14.76,6.1,10.95
E-0022579,2.0731974,140.84,6.9,113.39,6.19,2.03,14.72,6.08,11.1
E-0022580,1.8145458,133.11,4.96,97,7.02,2.06,13.89,5.15,10.82
E-0022581,1.3886523,152.07,4.52,48.22,5.4,3.74,21.12,9.67,17.8
E-0022582,1.4101317,142.28,5.52,90.76,7.48,3.98,15.94,6.29,11.72
E-0022583,2.1070755,83.63,14.4,190.58,3.27,2.85,5.54,1.41,3.12
E-0022584,1.4667008,143.85,6.49,75.55,6.52,3.58,13.19,6.08,7.21
E-0022585,1.7805374,132.12,7.78,84.78,6.92,2.06,11.69,5.27,6.49
E-0022586,1.6069932,138.86,7.49,96.24,7.16,2.64,12.3,6.75,7.03
E-0022587,1.1824099,113.72,2.42,36.09,21.64,1.08,38.6,14.18,15.8
E-0022588,2.7380383,27.45,9.44,100.02,2.08,2.41,3.07,1.59,3.46
E-0022589,2.40144,55.39,8.04,84.59,5.47,2.65,4.96,4.64,6.47
E-0022590,1.5632145,154.03,4.19,91.84,13.53,1.65,14.77,6.05,17.97
E-0022591,1.5647475,154.19,4.18,92.45,13.6,1.63,14.75,6.03,18
E-0022592,2.0020719,135.47,5.4,87.07,12.39,1.62,9.07,6.9,14.54
E-0022593,2.027428,134.57,5.45,90.02,12.28,1.55,8.52,6.4,14.43
E-0022594,2.0266025,142.86,7.17,108.9,5.47,2.19,15.13,5.27,11.11
E-0022595,1.9745729,143.86,7.59,106.53,5.27,2.55,15.88,5.68,11.48
E-0022596,2.0744653,98.73,5.85,95,7.9,1.88,13.35,6.32,7.47
E-0022597,2.3408704,61.37,8.32,126.78,8.43,1.62,4.91,3.99,7.69
E-0022598,2.195623,70.52,8.82,141.05,9.38,1.9,6.26,5.82,7.85
E-0022603,2.4036176,61.44,5.82,77.88,3.65,1.63,5.64,2.83,9.43
E-0022604,2.18591,83.78,3.91,67.9,5.63,1.49,5.12,1.84,9.17
E-0022605,3.0123749,15.58,7.69,69.39,4.36,1.52,2.04,1.07,9.32
E-0022606,3.2693796,13.74,11.55,83.63,4.19,1.43,1.31,1.31,8.36
E-0022607,3.6311285,6.48,12.34,71.25,1.4,1.74,1.24,0.61,5.54
E-0022608,3.1229377,14.68,9.69,93.55,3.25,1.73,1.06,0.74,6.15
E-0022609,3.551199,6.8,10.04,88.77,2.24,1.36,0.92,0.88,8.15
E-0022610,3.892177,3.66,10.31,69.52,0.89,1.72,0.89,0.43,5.71
E-0022611,1.996587,142.67,4.67,62.03,10.01,2.03,7.9,6.88,11.44
E-0022612,2.3361926,50.5,5.8,86.08,2.55,1.98,5.21,2,4.82
E-0022613,1.793998,139.96,4.21,73.61,6.52,1.88,9,3.77,9.7
E-0022614,1.4477053,167.82,4.3,83.73,10.72,2.6,14.33,6.58,15.58
E-0022615,2.9217985,34.4,9.37,157.45,14.75,0.97,6.38,2.9,7.35
E-0022616,2.0695314,246.3,8.58,99.35,3.35,3.35,22.19,4.91,9.86
E-0022617,2.172841,222.53,7.83,96.04,6.64,3.27,17.68,2.87,7.18
E-0022618,1.863979,257.64,2.56,313.87,16.06,1,20.06,5,34.69
E-0022619,1.6678822,232.13,10.29,88.08,5.33,3.43,30.99,8.4,18.66
E-0022620,1.6694988,232.31,10.25,88.4,5.31,3.43,30.96,8.38,18.68
E-0022621,1.7705079,250.04,9.33,91.75,7.84,2.95,30.01,9.08,16.06
E-0022622,2.1255271,225.1,13.82,128.87,9.87,1.88,19.34,2.77,22.66
E-0022623,3.1958327,105.51,34.74,122.3,1.81,2.16,3.99,1.3,3.28
E-0022624,2.9392602,125.32,26.33,121.91,1.85,2.27,4.66,1.19,3.16
E-0022625,2.3716168,232.41,24.16,133.02,1.38,3.53,10.04,1.64,5.27
E-0022626,3.4532447,45.83,20.69,114.44,0.83,2.88,2.48,0.76,1.81
E-0022627,1.4021232,151.79,2.47,38.86,7.93,2.49,16.17,6.27,16.47
E-0022628,1.877304,104.61,3.13,47.98,16.75,1.01,3.62,1.41,13.65
E-0022629,2.0092509,87.07,4.22,67.59,8.57,1.58,6.45,3.19,8.75
E-0022630,2.470013,27.03,5.51,57.21,6.06,2.13,1.85,0.82,10.17
E-0022631,1.519411,152.99,3.6,62.19,8.35,2.22,11.96,5.09,14.68
E-0022632,1.3498818,159.1,3.56,84.62,12.28,2.43,14.74,6.34,21.8
E-0022633,1.3643187,159.31,3.62,86.59,12.34,2.32,14.35,6.09,21.66
E-0022634,1.7833295,169.5,4.72,97.02,12.16,2.17,9.98,7.91,19.07
E-0022635,1.8325588,169.4,4.7,103.49,12.7,1.78,8.85,7.2,19.37
E-0022636,2.0847101,82.24,5.97,121.49,3.58,2.06,7.02,2.26,6.94
E-0022637,2.0682023,82.6,5.87,119.96,3.71,2.09,7.1,2.42,6.95
E-0022638,1.6001881,156.98,4.49,102.74,9.68,2.07,12.13,5.96,16.33
E-0022639,1.6190426,157.06,4.57,104.49,9.64,1.96,11.63,5.57,16.24
E-0022640,2.5725193,47.69,6.84,104.43,3.01,2.02,2.77,1.43,5.56
E-0022641,1.2636307,123.37,3.33,58.71,3.98,5.42,4.79,1.42,8.28
E-0022642,2.4233727,61.22,7.27,122.68,4.19,2.28,3.36,2.27,5.78
E-0022643,1.1533982,140.69,3.84,66.43,4.11,6.81,6.6,2.29,8.87
E-0022658,1.8646142,248.99,4.06,64.5,16.18,1.36,22.71,11.52,21.02
E-0022659,3.050996,17.24,16.26,194.21,10.42,1.12,3.37,2.79,3.72
E-0022660,2.247098,224.34,3.78,98.41,11.42,1.36,8.88,2.79,15.2
E-0022661,2.1621032,163.54,3.49,101.37,16.38,1.06,12.18,2.86,8.69
E-0022662,1.8601336,206.94,14.1,96.65,2.99,4.5,22.74,5.34,18.02
E-0022663,1.8547051,207.16,13.63,93.96,3.05,4.43,23.39,5.47,17.94
E-0022664,2.32829,200.7,19.95,141.78,7.86,2.32,20.36,5.96,16.96
E-0022665,1.9205166,249.84,9.39,102.88,6.5,2.48,27.38,7.2,12.94
E-0022666,3.283396,130.75,25.14,178,1.87,1.89,3.8,1.06,2.38
E-0022667,3.5818865,45.36,29.89,103.42,0.67,3.13,2,0.7,2.06
E-0022668,3.48025,69.28,36.22,202.1,2.23,1.73,2.65,1.08,2.76
E-0022669,2.1106973,247.02,2.77,224.69,17.22,1.04,15.46,3.62,9.75
E-0022670,2.7399926,189.71,12.78,125.05,2.63,1.94,4.86,1.43,1.06
E-0022671,2.6550324,73.3,8.51,112.64,10.81,1.54,7.37,2.98,6.38
E-0022745,2.7642016,19.6,6.12,80.32,1.74,1.88,2.67,1.62,3.85
E-0022746,1.135501,160.14,3.55,38.34,6.77,4.69,30.8,11.76,27.62
E-0022747,0.038602095,171.83,2.07,17.33,1.67,16.48,26.82,7.36,29.88
E-0022748,2.3052235,50.37,7.92,67.6,2.83,3.12,13.67,5.3,10.64
E-0022749,2.9187212,9.91,8.45,86.42,4.19,2.1,1.17,0.56,6.46
E-0022750,3.113061,13.37,9.74,87.06,3.92,1.5,1.87,1.39,9.21
E-0022751,3.0410252,16.85,12.69,94.76,3.15,1.64,1.95,2.02,8.7
E-0022752,1.6480194,121.48,4.33,40.83,5.3,4.35,22.59,8.3,20.39
E-0022753,3.116955,13.37,9.71,87.02,3.92,1.49,1.86,1.38,9.22
E-0022754,3.390881,7.53,11.72,77.31,1.83,1.78,1.51,0.78,6.38
E-0022755,3.4245617,7.33,11.79,77.68,1.76,1.76,1.41,0.72,6.35
E-0022756,3.286924,9.6,9.1,87.34,3.2,1.9,1.53,0.91,5.13
E-0022757,3.309868,9.43,9.12,87.75,3.16,1.84,1.47,0.85,5.13
E-0022758,3.0892193,18.33,11.7,99.46,6.31,1.41,1.49,1.83,10.76
E-0022759,3.094138,18.15,11.77,99.24,6.15,1.44,1.47,1.8,10.6
E-0022760,2.8839953,51.75,5.96,88.83,1.78,2.79,2.28,0.62,2.99
E-0022761,1.6765751,74.26,3.6,55.12,3.06,5.34,2.68,0.49,4.33
E-0022762,2.3584278,35.45,8.57,58.58,6.2,2.48,8.39,5.73,19.41
E-0022763,2.0242279,45.34,5.8,39.78,5.93,4.16,7.72,4.02,21.15
E-0022764,2.7874198,19.87,10.94,65.45,3.5,2.31,5.54,3.56,15.13
E-0022765,3.2426627,11.34,16,77.62,1.85,2.19,3.94,2.18,10.27
E-0022766,2.5985334,52.19,6.65,62.65,7.3,1.75,3.19,1.59,11.53
E-0022767,2.963211,32.55,8.32,71.63,3.62,1.66,2.35,1.07,7.45
E-0022768,3.3283105,13.78,10.94,71.33,1.8,1.78,1.78,0.7,5.41
E-0022769,2.9331388,39.61,9.84,68.44,6.48,1.5,1.82,1.53,8.79
E-0022770,3.1042619,12.59,21.49,130.1,4.35,1.57,1.41,2.03,9.22
E-0022771,2.2739778,43.77,7.53,75.52,7.28,1.87,3.1,1.6,11.26
E-0022772,2.238771,45.36,7.56,74.77,7.39,2.07,3.45,1.78,11.42
E-0022773,2.0609045,63.62,5.24,49.5,6.65,2.82,2.24,1.02,11.9
E-0022798,2.7407422,49.85,11.48,133.78,11.05,1.22,6.09,3.49,4.25
E-0022799,2.6149607,77.87,6.08,105.9,18.78,1,10.69,4.14,9.11
E-0022800,1.6743344,198.45,2.43,76.33,15.37,1.18,17.9,4.14,9.52
E-0022801,1.5744324,253.79,2.93,62.96,13.84,1.57,25.01,7.42,7.22
E-0022802,2.064303,215.97,3.57,154.07,15.68,1.11,12.08,3.08,15.38
E-0022803,2.982232,116.17,17.83,102.53,0.74,2.99,4.05,1.21,4.69
E-0022804,3.350333,88.33,15.31,122.27,0.88,2.45,2.31,0.68,1.35
E-0022805,3.933023,26.14,36.99,109.71,0.51,3.19,1.39,0.56,2.72
E-0022806,3.001172,116.23,17.46,236.35,11.97,1.15,6.09,3.4,1.04
E-0022807,2.437013,229.64,23.94,135.26,1.32,3.43,9.07,1.37,4.9
E-0022808,3.1876855,13.09,10.52,86.62,2.5,1.77,1.99,1.39,10.7
E-0022809,3.0840766,16.32,10.12,102.52,5.81,1.61,1.39,1.29,8.58
E-0022810,3.0788093,16.45,10.09,102.48,5.81,1.61,1.4,1.29,8.57
E-0022811,2.9713213,20.83,12.05,122.88,3.77,1.42,2.18,1.78,8.42
E-0022812,2.9925518,20.37,12.06,123.12,3.7,1.4,2.09,1.71,8.37
E-0022813,1.5390381,130.64,4.94,58.59,7.1,5.2,24.71,10.19,21.39
E-0022814,-0.03836658,176.7,2.3,19.18,1.66,18.33,29.21,9.09,30.42
E-0022815,2.8561065,18.78,8.42,84.24,8.09,1.41,2.42,1.85,13.01
E-0022816,2.8482122,18.93,8.4,83.85,8.16,1.42,2.49,1.9,12.98
E-0022817,2.7948554,26.78,12.78,73.32,2.93,3.01,2.09,1.35,10.13
E-0022818,2.7912683,26.52,12.85,73.99,2.94,3.06,2.06,1.35,10.11
E-0022819,2.1144412,51.14,5.23,44.04,5.08,3.51,4.48,1.85,7.64
E-0022820,2.6236925,26.73,7.91,70.7,6.37,1.68,3.31,2.11,7.55
E-0022821,2.6913352,16.87,11.36,70.09,3.05,3.25,2.32,2.31,12.3
E-0022822,3.2807453,12.08,11.7,98.1,2.98,1.71,1.19,0.93,6.47
E-0022823,2.5825553,29.36,6.79,76.57,6.07,2.46,1.69,1.08,9.31
E-0022824,2.5819714,29.61,6.77,76.26,6.07,2.45,1.7,1.07,9.3
E-0022825,3.2735813,12.22,11.73,98.01,2.99,1.72,1.21,0.96,6.43
E-0022826,3.6377041,5.94,14.49,97.35,1.44,1.94,0.89,0.54,4.68
E-0022827,3.613155,6.09,14.44,96.51,1.48,1.96,0.92,0.57,4.68
E-0022828,2.5886538,21.64,6.79,83.2,4.74,1.57,1.59,0.93,9.34
E-0022829,2.3653347,30.62,4.7,46.05,3.48,2.68,2.66,1.05,7.06
E-0022830,2.8125308,13.4,5.23,64.33,3.98,1.84,1.23,0.5,9.7
E-0022831,2.84741,16.43,6.74,70.78,4.51,1.49,1.93,1.22,7.37
E-0022832,2.894095,16.51,9.01,115.03,5.13,1.28,1.82,1.5,11.54
E-0022833,2.6997137,26.84,10.75,115.75,7.43,1.35,2.79,2.17,11.46
E-0022834,2.719394,26.42,10.76,115.43,7.29,1.34,2.69,2.1,11.36
E-0022835,1.888229,259.06,5.51,82.45,23.24,1.19,27.49,17.77,16.83
E-0022836,1.9633282,217.4,5.94,73.62,14.2,1.76,20.7,12.04,10.82
E-0022837,3.0114353,218.88,26.62,146.51,2.56,1.67,5.79,1.8,3.32
E-0022838,3.5614545,67.01,35.66,194.36,2,1.76,2.5,1,2.76
E-0022839,3.5597003,65.17,36.31,194.15,2.03,1.73,2.53,0.97,2.76
E-0022840,2.0569475,161.04,22.9,112.7,1.05,4.29,7.46,1.14,3.29
E-0022841,3.634617,135.44,18.32,160.73,0.7,4.38,3.34,0.31,4.46
E-0022842,2.4529884,235.73,4.99,125.24,5.27,1.75,8.64,2.38,3.01
E-0022843,2.9157376,187.98,8.66,142.02,1.52,2.53,2.82,0.26,1.45
E-0022844,3.182809,210.24,16.99,109.27,0.63,4.43,7.35,0.92,4.33
E-0022845,3.2648199,8.09,6.63,73.87,2.67,1.46,1.4,0.73,9.75
E-0022846,2.4128628,32.32,5.34,56.45,7.63,2.17,2.25,1.21,12.99
E-0022847,2.4116123,32.34,5.33,56.3,7.62,2.19,2.26,1.21,13.03
E-0022848,3.2320435,12.22,11.18,95.37,4.21,1.44,1.46,1.16,10.83
E-0022849,3.2298965,12.21,11.2,95.38,4.2,1.45,1.46,1.16,10.86
E-0022850,3.172796,15.82,19.7,116.58,2.86,1.63,1.45,1.75,7.99
E-0022851,2.7829885,21.1,6.48,66.65,5.57,1.96,1.41,0.82,8.62
E-0022852,2.783565,21.12,6.47,66.36,5.59,1.96,1.41,0.81,8.61
E-0022854,2.547774,84.41,20.72,122.02,9.42,1.58,9.5,8.76,4.81
E-0022855,2.0588574,223.44,4.51,72.9,17.72,1.23,21.03,9.82,19.67
E-0022856,1.385323,262.66,1.73,63.1,14.5,1.94,26.14,12.46,10.02
E-0022857,2.1986547,250.41,3.32,87.29,18.12,1.01,14.51,3.72,11.07
E-0022858,2.91469,150.94,32.17,126.75,1.9,2.14,4.91,1.96,6.86
E-0022859,2.4882567,246.06,16.84,125.61,3.2,2.19,11.39,3.99,7.01
E-0022860,3.1743796,189.81,10.69,119.59,1.2,2.47,3.13,0.47,1.37
E-0022861,3.667631,96.97,12.65,113.56,0.79,3.03,1.94,0.22,1.19
E-0022867,3.1897955,13.02,10.51,85.9,2.5,1.77,2.01,1.41,10.64
E-0022868,3.1827686,13.21,10.5,86.6,2.56,1.75,2.03,1.44,10.8
E-0022869,3.4694777,6.74,9.21,88.37,1.49,1.7,1.48,1,11.16
E-0022870,-0.120982684,191.44,1.99,17.75,1.78,13.97,35.52,9.77,39.62
E-0022871,1.2727456,163.4,4.3,47.27,8.25,3.49,30.2,11.78,26.12
E-0022872,2.6998734,16.39,4.88,65.94,5.65,1.79,1.46,0.74,12.4
E-0022873,2.6897361,16.63,4.83,65.42,5.73,1.81,1.51,0.77,12.36
E-0022874,3.0822027,7.63,9.05,63.08,1.35,2.91,0.9,0.47,5.04
E-0022875,3.0574007,7.87,8.91,62.64,1.38,3.18,0.96,0.5,5.02
E-0022876,3.1163418,11.71,10.33,67.36,1.8,2.28,2.32,1.38,8.96
E-0022877,3.1071377,11.54,10.28,67.73,1.78,2.34,2.26,1.33,8.86
E-0022878,2.9194968,28.85,12.94,90.61,3.03,2.33,1.77,1.27,8.13
E-0022879,2.273362,36.7,8.56,66.52,9.42,2.18,8.95,7.72,24.55
E-0022880,1.8005561,60.51,4.87,34.68,6.16,5.04,11.2,6.68,29.69
E-0022881,1.7947253,60.91,4.85,34.3,6.13,5.08,11.27,6.77,29.82
E-0022882,2.292244,36.17,8.59,67.29,9.4,2.05,8.63,7.36,24.5
E-0022883,2.6377828,25.21,11.9,74.68,5.43,1.94,6.23,5.19,16.53
E-0022884,2.6350672,25.34,11.86,75.17,5.46,1.94,6.26,5.19,16.5
E-0022885,3.1797166,19.19,15.67,118.53,2.12,1.68,1.16,0.99,5.59
E-0022886,2.3136382,46.1,6.63,62.81,6.15,2.79,3.7,2.25,10.58
E-0022887,2.726529,28.35,9.01,94.52,5.93,1.61,3.11,3.05,10.24
E-0022888,2.3489318,44.41,6.53,64.42,6.11,2.48,3.35,1.98,10.42
E-0022889,2.7261713,28.35,9.04,94.48,5.93,1.61,3.12,3.04,10.27
E-0022890,3.8577468,4.5,9.04,62.7,1.04,2.38,0.71,0.33,3.32
E-0022891,2.9526682,13.33,5.85,52.51,3.07,3.13,0.83,0.29,4.44
E-0022892,3.0111701,11.05,5.78,73.66,3.72,1.7,0.99,0.53,8.37
E-0022893,2.9984164,11.25,5.76,70.79,3.67,1.78,1.06,0.58,8.29
E-0022894,2.4623046,35.76,4.97,52.94,4.49,2.08,1.21,0.58,10.43
E-0022895,2.6724079,36.9,7.02,46.89,10.23,1.81,4.03,3.68,12.98
E-0022896,1.9976431,82.23,4.36,24.3,6.28,3.21,4.66,2.78,16.14
E-0022897,3.0120838,20.88,7.12,50.48,5.84,1.87,2.1,2.91,7.88
E-0022898,2.0354478,78.97,3.93,22.04,5.5,3.97,3.79,2.85,11.94
E-0022899,0.8964233,178.59,3.24,40.43,8.45,4.38,36.64,14.62,35.91
E-0022900,3.3408682,10.27,11.36,72.15,1.29,2.45,0.97,0.65,6.46
E-0022901,2.3267484,49.51,8.9,67.69,4.13,2.52,1.68,1.01,7.4
E-0022902,2.8790977,30.19,12.21,93.75,3.38,1.82,1.64,1.27,7.33
E-0022903,2.9335227,28.04,5.72,63.32,4.54,1.48,1.69,0.91,10.53
E-0022904,2.9842842,12.24,6.91,89.61,6.29,1.33,1.98,1.42,13.78
E-0022905,3.282951,131.9,25.17,177.9,1.88,1.89,3.82,1.09,2.4
E-0022906,2.8056335,207.71,19.29,148.99,1.61,2.08,6.65,1.16,2
E-0022907,2.8165429,206.82,19.41,148.33,1.57,2.12,6.57,1.14,1.96
E-0022908,2.7163339,233.18,15.48,112.81,1.54,2.36,8.78,2.32,3.82
E-0022909,2.4663618,246.04,15.47,118.42,1.95,2.56,6.6,1.61,4.05
E-0022910,2.111028,238.56,12.03,119.83,2.67,5.32,13.37,3.99,7.19
E-0022911,3.0645251,204.34,13.18,109.14,1.96,2.07,4.02,0.84,2.12
E-0022912,3.1610317,182.51,13.67,101.92,1.3,2.42,3.87,0.7,2.12
E-0022913,3.420724,169.05,19.19,156.48,2.57,1.61,2.14,0.55,1.01
E-0022914,2.979058,220.13,13.42,146.61,5.41,1.69,4.75,1.62,2.64
E-0022923,3.4815192,6.6,9.24,88.18,1.47,1.69,1.46,0.99,11.09
E-0022924,3.4715827,6.76,9.23,88.74,1.51,1.68,1.49,1.01,11.3
E-0022925,1.2770216,163.12,4.33,47.01,8.22,3.5,30.02,11.74,26.21
E-0022926,-0.10856919,191.7,2.01,17.89,1.86,12.96,34.73,9.46,39.72
E-0022927,2.5720441,51.69,7.09,94.28,10.73,1.46,2.38,1.76,16.24
E-0022928,2.5757377,51.47,7.1,94.52,10.74,1.46,2.37,1.73,16.32
E-0022929,2.890299,38.1,8.69,98.62,5.51,1.49,1.91,1.37,11.13
E-0022930,2.8911285,38.04,8.72,98.52,5.49,1.5,1.9,1.36,11.16
E-0022931,3.215758,16.46,11.51,97.82,2.08,1.81,1.79,0.93,6.89
E-0022932,3.1939566,16.79,11.48,97.7,2.14,1.81,1.88,1,7.15
E-0022933,2.8181658,54.4,10.89,109.25,8.53,1.53,1.76,2.09,13.45
E-0022934,2.8586254,53.54,10.93,110.48,8.44,1.45,1.67,1.86,13.46
E-0022935,3.1848638,17.39,12.45,114.29,2.92,1.75,1.39,1.01,8.21
E-0022936,2.4496293,44.7,6.55,82.39,6.52,2.7,2.17,0.92,11.01
E-0022937,2.4470446,44.76,6.57,82.57,6.52,2.72,2.19,0.93,11.02
E-0022938,3.1654348,17.76,12.55,114.24,3.01,1.78,1.46,1.07,8.31
E-0022939,2.4071634,48.17,6.92,87.01,5.73,2.18,2.88,2.27,8.08
E-0022940,2.1122377,60.72,5.4,66.34,8.06,2,2.01,0.99,13.81
E-0022941,2.1108413,60.83,5.39,66.67,8.09,1.99,2.02,1.01,13.78
E-0022942,0.9079033,178.47,3.25,40.49,8.51,4.21,36.21,14.34,35.82
E-0022943,2.4791305,35.72,10.41,90.77,5.58,1.7,1.68,1.2,7.74
E-0022944,2.438954,37.16,10.53,89.33,5.58,1.82,1.82,1.37,7.95
E-0022945,2.7804596,31.92,12.72,123.28,5.87,1.37,1.69,1.82,9.33
E-0022946,2.303212,45.72,7.79,58.96,3.82,3.24,2.49,1.35,6.78
E-0022947,2.9884162,12.19,6.9,89.52,6.27,1.33,1.96,1.41,13.74
E-0022948,3.5878553,2.79,11.7,89.66,5.4,1.23,0.55,0.85,8.16
E-0022949,3.343664,5.9,12.89,89.26,8.81,1.12,0.86,2.36,12.76
E-0022950,2.9323134,22.12,10.91,126.38,3.96,1.29,1.06,1.14,9.24
E-0022951,2.4372363,52.38,7.17,90.11,6.73,1.87,3.98,2.92,10.26
E-0022952,2.70992,20.84,9.35,94.42,3.35,1.5,0.83,0.69,6.57
E-0022953,2.5004587,27.09,6.41,68.34,7.66,2,4.18,1.88,9.55
E-0022954,1.2434956,251.67,1.26,46.83,18.11,1.53,34.78,15.42,7.04
E-0022955,3.3457775,181.15,17.23,110.77,1.15,2.39,3.91,0.86,1.52
E-0022956,3.4370096,144.67,10.01,81.93,0.51,4.1,1.9,0.17,1.49
E-0022957,3.2470217,162.4,10.71,96.07,0.61,3.68,3.23,0.3,2.26
E-0022958,3.3662663,169.98,19.06,157.55,2.81,1.63,2.07,0.54,1.01
E-0022959,3.0032914,217.28,13.52,136.16,5.42,1.68,5.4,1.95,2.66
E-0022960,3.1553974,185,42.1,174.56,6.12,1.34,3.73,1.79,3.83
E-0022961,1.9509715,252.59,9.97,181.16,7.02,1.86,16.91,4.98,8.3
E-0022962,1.3476639,251.53,7.46,139.28,9.34,2.84,35.34,13.64,20.75
E-0022963,2.1956084,233.94,7.37,113.65,3.09,1.88,10.11,2.94,2.28
E-0022964,2.3830252,172.93,28.1,110.64,1,3.26,6.26,1.17,2.76
E-0022965,2.3931706,172.24,28.04,111.93,0.99,3.28,6.09,1.12,2.76
E-0022966,2.7190795,162.76,12.59,101.74,1.11,3.98,3.93,0.58,1.84
E-0022967,2.4039423,231.08,22.46,125.84,2.57,2.76,8,1.73,5.16
E-0022968,2.3901658,231.08,22.38,127.19,2.59,2.79,8.04,1.73,5.18
E-0022969,1.5149509,238.95,4.3,69.93,5.18,2.59,28.48,11.36,7.04
E-0022970,1.3113525,244.74,3.58,73.61,4.14,3.17,34.89,16.6,6.62
E-0022971,1.5280125,223.91,2.42,46.47,5.98,2.88,30.31,11.16,6.17
E-0023632,2.7866626,31.9,12.84,122.98,5.78,1.37,1.67,1.79,9.24
E-0023633,2.701142,34.87,9.61,78.72,4.92,1.9,2.39,1.86,7.18
E-0023634,1.1921973,188.22,4.16,20.8,8.03,4.04,35.12,21.92,47.4
E-0023635,2.9571066,25.86,10.28,69.18,7.53,1.03,2.1,1.27,6.94
E-0023636,1.9126467,47.28,6.07,41.59,6.28,3.87,12.18,6.21,20.8
E-0023637,3.5485907,2.9,13.3,112.02,6.64,1.11,0.5,1.14,10.47
E-0023638,3.5490623,2.89,13.29,112.39,6.67,1.11,0.5,1.14,10.41
E-0023639,2.5864718,20.94,17.86,96.42,7.3,2.07,6.5,8.62,21.32
E-0023640,2.1107821,29.03,5.81,83.67,14.12,1.13,9.96,10.71,12.12
E-0023641,2.4120257,47.9,8.08,108.98,11.33,1.4,4.12,4.14,14
E-0023642,2.1766443,34.83,4.01,39.23,6.23,2.88,2.91,1,12.14
E-0023643,0.8800354,130.41,2.6,43.74,4.5,4.66,7.44,2.08,14.29
E-0023644,1.6773477,197.87,4.44,24.63,21.66,1.15,11.51,19.71,32.63
E-0023645,0.23015133,216.86,1.76,18.03,3.21,4.9,17.11,8.91,19.87
E-0023646,1.2878848,200.03,3.04,25.56,16.66,1.52,15.71,13.63,19.65
E-0023647,0.5282414,206.25,2.46,23.34,3.04,7.6,10.31,3.02,10.74
E-0023648,-0.08643584,219.09,1.55,19.85,6.26,3.39,74.32,45.81,50.74
E-0023649,0.31757754,207.08,1.87,23.32,5.34,2.35,12.39,4.91,16.13
E-0023650,0.785707,172.99,1.84,117.81,5.41,3.36,10.69,3.2,6.35
E-0023651,0.0021021205,228.91,1.48,23.06,2.75,12.2,27.55,5.45,12.22
E-0023652,0.52771616,147.84,2.97,71.02,2.79,22.31,21.89,3.86,9.06
E-0023653,1.0717921,84.72,2.83,73.11,3.55,3.02,2.15,0.45,4.69
E-0023654,2.414065,21.2,5.45,133.59,5.22,1.67,1.43,0.28,2.9
E-0023655,1.2055753,114.07,2.03,118.14,5.6,3.95,6.18,0.91,7.47
E-0023656,2.521819,15.23,5.07,123.89,5.37,1.48,1.1,0.23,2.78
E-0023697,1.1316589,206.09,9.68,64.56,1.18,9.67,10.23,0.96,3.47
E-0023698,2.1477704,158.08,1.88,35.11,9.74,1.5,7.28,1.9,0.52
E-0023699,3.5002358,172.76,17.07,115.07,1,2.41,2.96,0.54,1.47
E-0023700,1.8979536,227.49,8.28,107.67,5.87,2.42,22.37,12.18,6.34
E-0023701,1.6975965,234.02,6.22,114.35,5.08,2.8,27.54,13.11,5.72
E-0023702,1.3241719,231.57,2.54,50.65,5.94,2.66,37.5,16.06,4.97
E-0023703,1.8643271,206.88,4.98,68.16,4.83,3.25,22.91,10.46,5.87
E-0023704,1.580701,225.48,4.29,54.68,4.62,3,30.75,13.8,5.26
E-0023705,2.8042078,32.84,12.5,99.96,5.49,2.01,1.54,1.54,7.48
E-0023706,2.8601665,32.29,12.33,99.63,5.33,1.9,1.48,1.44,7.39
E-0023707,1.4940532,167.08,4.45,24.51,10.69,2.51,28.1,18,39.99
E-0023708,0.60208476,202.18,2.54,31.46,7.95,2.3,38.34,10.6,19.32
E-0023709,0.4354831,213.12,2.38,27.87,7.58,2.48,45.17,13,18.26
E-0023710,-0.77853155,242.84,1.3,10.8,1.51,14.73,30.72,13.98,43.2
E-0023711,1.0003419,230.36,2.12,34.75,22.43,1.02,15.49,19.17,23.81
E-0023712,1.5442772,46.43,7.3,34.13,15.54,1.34,5.73,6.25,15.44
E-0023713,1.0091435,216.73,1.49,11.04,7.97,3.6,10.62,21.92,32.74
E-0023714,0.97241175,217.36,1.47,10.1,6.84,4.65,12.02,24.69,32.88
E-0023715,0.88574743,235.47,1.66,26.92,20.21,1.1,20.81,20,31.05
E-0023716,0.65402704,225.8,2.26,21.01,14.24,2.14,15.62,6.69,32.39
E-0023717,1.5999378,185.27,4.29,21.3,16.3,1.72,8.01,17,30.85
E-0023718,1.1939996,211.89,3.37,51.13,11.44,2.27,12.94,6.58,16.67
E-0023719,1.4836338,186.54,2.93,51.31,21.49,0.98,14.48,8.47,18.33
E-0023720,2.0589657,116.36,3.48,233.4,19.52,1.05,11.71,4.44,6.09
E-0023721,0.8323438,233.09,2.37,43.12,10.37,2.76,28.49,10.26,18.59
E-0023722,-0.2014751,236.86,1.6,19.81,3.32,5.66,11.71,3.92,34.1
E-0023723,2.7170446,21.9,5.14,41.96,4.97,1.65,3.79,1.51,12.04
E-0023724,0.9036885,225.17,2.06,28.19,20.46,1.09,12.1,8.4,28.5
E-0023725,2.2519526,91.06,3.52,93.43,12.23,0.99,2.77,0.71,3.87
E-0023726,1.8713937,187.12,2.98,95.95,20.15,1.3,12.5,5,6.1
E-0023795,2.7222526,187.98,20.02,126.57,1.26,2.39,8.98,1.86,2.29
E-0023796,2.4205537,229.15,12,122.95,2.84,4.41,13.59,2.21,5.26
E-0023797,3.2381017,178.32,13.77,100.98,1.18,2.33,3.79,0.65,2
E-0023798,3.639939,103.02,33.84,163.57,5.75,1.25,1.29,0.57,1.18
E-0023799,2.9123523,188.28,12.51,117.74,1.3,2.38,3.79,0.93,2.78
E-0023800,1.6214927,214.86,2.32,60.01,7.06,2.49,26.53,7.4,5.5
E-0023801,1.4885085,235.53,2.56,76.98,8.92,2.42,35.53,14.21,7.37
E-0023802,1.8307943,261.8,3.16,183.05,14.41,1.28,17.23,5.16,27.22
E-0023803,2.6808312,40.81,5.99,121.78,12.15,1.02,1.91,1.26,4.07
E-0023804,0.3880352,235.91,1.86,17.08,16.61,3.28,33.99,26.06,38.08
E-0023805,0.08246225,239.73,2.3,22.96,10.38,1.71,18.29,13.29,29.93
E-0023806,0.6295626,229.62,1.56,9.61,4.72,4.42,22.36,26.43,36.87
E-0023807,0.6427132,229.36,1.55,9.84,4.87,4.21,22.36,26.08,36.64
E-0023808,1.1329429,198.33,2.39,24.61,15.82,1.49,7.6,5.41,27.08
E-0023809,0.69208837,225.98,2.31,21.05,14.63,1.9,15.47,7.06,33.47
E-0023810,1.7199658,179.05,4.19,148.42,11.62,2.43,9.17,3.73,6.96
E-0023811,0.54130197,205.12,1.38,63.59,3.45,6.85,7.46,1.85,10.36
E-0023812,-0.28214267,217.77,1.19,28.88,2.03,18.15,25.03,9.43,21.72
E-0023813,0.8668388,187.37,2.06,51.2,19.38,2.55,27.52,15.27,17.11
E-0023814,1.8829887,135.31,3.9,109.02,20.3,1.3,11.21,5.89,7.16
E-0023815,1.6380829,158.19,2.3,80.79,16.63,1.32,9.51,3.6,6.93
E-0023816,0.009322665,217.07,1.61,19.36,2.02,7.68,14.64,4.74,21.38
E-0023817,1.0918678,190.14,2.13,27.49,18.29,1.29,13.84,6.95,17.46
E-0023818,0.13967605,227.67,3.07,21.45,15.1,1.24,14.34,11.46,29.61
E-0023819,0.63160235,229.95,2.43,24.61,21.78,1.11,25.27,20.02,32.35
E-0023820,0.070917584,245.21,2.56,22.31,11.19,1.8,27.72,21.59,30.88
E-0023821,1.4635686,234.71,3.07,30.97,19.1,1.24,14.74,11.75,18.95
E-0023822,0.15179294,229.68,1.8,22.22,10.04,2.13,37.45,23.06,22.45
E-0023823,-0.50158453,246.06,1.9,17.62,5.3,3.38,37.42,24.1,22.07
E-0023824,-0.054705683,164.45,2.26,31.3,2.23,8.77,8.75,0.98,2.34
E-0023825,1.0374577,159.28,5.93,116.49,10.58,1.67,18.36,7.59,25.83
E-0023826,1.2720194,98.69,2.63,95.78,4.48,2.14,3.84,0.72,3.95
E-0023827,2.7029788,63.72,4.79,229.37,14.25,0.93,4.46,0.97,3.44
E-0023828,1.2315545,113.43,2.59,132.99,3.48,5.79,6.7,0.7,2.06
E-0023838,1.1243086,223.44,12.1,65.45,1.57,8.76,11.87,1.36,4.22
E-0023839,1.1362281,223.77,12.37,65.1,1.58,8.37,11.87,1.37,4.28
E-0023840,1.6448808,268.16,2.12,49.93,10.63,3.36,21.27,11.41,8.05
E-0023841,1.5645413,274.82,2.03,49.94,10.19,3.75,30.35,20.06,12.31
E-0023842,2.116486,190.76,5.79,99.95,8.64,2.13,18.93,6.33,5.68
E-0023843,2.0060322,221.13,5.97,122.88,10.38,2.07,27.28,11.08,7.75
E-0023844,3.410577,118.15,27.48,143.83,1.42,2.08,2.1,0.82,2.05
E-0023845,1.8212175,246.01,5.33,134.91,5.85,2.7,20.3,5.59,11.88
E-0023846,0.16133276,161.32,4.03,57.37,4.24,3.83,19.27,5.22,15.33
E-0023847,1.8143861,83.22,6.06,90.14,9.59,1.37,7.71,2.78,8.94
E-0023848,1.6902562,195.87,5.14,20.82,22.57,1.14,9.39,12.72,25.92
E-0023849,-0.11927108,236.07,1.34,8.3,1.62,5.83,28.85,14.33,33.53
E-0023850,-0.08518234,233.57,2.04,6.77,1.33,5.69,27.01,9.27,28.69
E-0023851,0.23372132,214.7,2.97,14.4,2.72,7.68,15.68,4.41,13.34
E-0023852,1.0475874,198.68,2.22,23.71,15.32,1.75,8.56,5.82,26.22
E-0023853,1.1067858,175.06,2.57,119.85,5.1,7.21,6.91,1.71,4.12
E-0023854,0.74610674,227.44,2.43,23.91,9.73,2.57,18.43,8.66,15.8
E-0023855,0.8116108,222.24,2.47,23.95,10.12,2.37,17.3,8.71,15.77
E-0023856,1.347891,126.62,3.39,38.22,7.08,1.55,6.77,2.74,18.03
E-0023857,0.5546917,214.24,2.74,70.75,12.99,1.61,15.75,7.72,11.78
E-0023858,1.3247485,208.99,2.54,152.54,22.28,1.16,21.52,9.06,12.11
E-0023859,2.1380825,110.54,11.62,171.87,14.62,2.04,8.01,4.2,5.88
E-0023860,0.68131006,236.25,2.54,28.49,13.93,1.81,31.28,28.05,35.95
E-0023861,1.6489836,177.64,2.74,13.51,11.07,1.52,8.9,16.9,22.2
E-0023862,2.5553868,37.66,5.03,46.52,7.81,1.48,2.72,1.76,3.09
E-0023863,2.6053634,64.26,6.72,139.39,17.19,1.06,3.2,1.33,2.93
E-0023864,1.5827932,109.04,3.36,75.76,3.69,3.03,4.46,1.19,4.01
E-0023865,1.9559482,151.52,4.19,171.01,8.23,1.77,9.24,1.53,2.89
E-0023866,0.75709236,239.83,2.12,28.06,23.24,1.09,23.83,27.41,32.53
E-0023867,0.9260739,231.75,1.58,15.58,13.62,1.76,25.99,24.7,31.97
E-0023962,1.7812277,108.49,4.6,56.02,4.8,6.09,10.71,2.75,3.82
E-0023963,2.9682086,24.23,15.3,97.73,1.89,2.56,1.52,1.06,11.23
E-0023964,1.6380491,197.7,2.35,16.56,20.3,1.13,8.33,9.99,17.2
E-0023965,2.2479267,57.26,7.73,69.72,5.54,3.45,3.54,1.57,9.19
E-0023966,2.7856205,38.67,12.28,87.47,6.13,1.69,2.23,1.72,9.21
E-0023967,0.08123755,218.4,1.66,21.74,7.57,2.98,71.06,43.16,48.23
E-0023968,-0.24712932,243.42,1.67,18.84,5.13,4.33,22.31,7.97,25.01
E-0023969,0.3432963,236.32,1.26,95.09,4.85,6.33,19.32,3.68,9.22
E-0023970,0.7013141,220.97,1.9,20.98,5.78,3.36,19.27,7.24,21.37
E-0023971,0.70383805,220.04,1.9,20.99,5.79,3.39,19.6,7.29,21.14
E-0023972,2.1607347,57.31,4.29,142.21,5.51,1.74,4.93,1.49,7
E-0023973,0.8233,183.97,1.7,78.69,4.64,5.06,13.92,4.43,8.06
E-0023974,0.6428566,187.68,1.51,64.3,3.16,6.31,9.25,2.3,8.05
E-0023975,1.988701,156.77,3.62,165.48,15.85,1.26,4.52,2.54,9.61
E-0023976,2.1267116,75.85,5.05,166.65,19.05,1.35,4.99,6.1,12.76
E-0023977,1.4418522,206.83,2.65,166.56,16.89,1.65,10.16,3.23,12.18
E-0023978,1.4925243,206.63,2.71,165.59,17.04,1.52,9.94,3.3,12.85
E-0023979,0.7813887,220.84,3.39,20.93,6.83,3.07,14.74,10.07,18
E-0023980,0.8899362,228.52,1.92,12.2,14.64,1.76,25.39,15.96,27.8
E-0023981,0.117103755,243.48,1.23,5.41,2.85,9.08,26.77,24.41,21.67
E-0023982,1.3794539,234.22,2.4,27.61,15.07,1.53,15.83,14.18,18.26
E-0023983,1.110659,236.36,2.48,20.62,18.71,1.21,13.03,12.5,20.58
E-0023984,1.4679588,214.55,2.41,20.9,15.03,1.96,10.27,6.7,8.07
E-0023985,1.4965324,213.22,2.43,21.14,15.11,1.82,10.49,7.18,8.04
E-0023986,1.1959723,172.09,1.96,22.72,7.67,2.83,27.31,12.9,13.41
E-0023987,1.3444588,210.87,3.81,34.07,18.41,1.25,13.06,15.56,15.09
E-0023988,0.48585594,241.81,1.16,11.58,2.22,9.2,51.05,35.79,27.6
E-0023989,0.11446133,209.52,1.06,24.32,5.27,7.43,46.43,15.88,10.29
E-0023990,1.1327511,223.52,3.6,15.25,13.01,1.85,9.9,13.3,26.2
E-0023991,1.1302809,223.87,3.61,15.08,12.97,1.87,9.94,13.25,26.41
E-0024192,1.8339474,251.6,5.34,115.18,5.84,2.07,21.02,6.33,11.56
E-0024193,1.6015458,241.31,2.36,65.9,16.66,1.23,20.82,6.93,8.74
E-0024194,2.5321543,166.87,4.29,114.92,6.45,1.27,6,1.54,3.13
E-0024195,2.1101136,187.02,4.78,100.37,12.06,1.69,8.51,7.07,7.05
E-0024196,1.3332309,232.42,0.98,20.49,16.04,1.35,20.59,12.82,7.7
E-0024254,1.6743213,241.82,2.3,80.19,10.68,1.47,27.64,4.83,7.15
E-0024255,2.1259115,182.45,3.86,75.84,9.8,1.71,8.33,5.02,4.35
E-0024256,2.4577892,230.73,5.88,150.23,3.74,1.8,6.7,1.06,5.44
E-0024257,2.397328,230.75,7.38,166.69,3.37,1.78,6.66,1.45,5.92
E-0024258,1.3320552,234.13,1.05,29.66,16.56,1.25,18.15,12.24,7.87
E-0024259,1.7784272,194.3,3.97,55.34,17.73,0.9,9.38,2.66,19.22
E-0024260,1.239503,180.59,3.99,112.52,20.27,1.54,28.71,14.59,6.5
E-0024261,1.4429843,185.51,2.51,102.86,11.14,1.97,10.41,2.6,11.05
E-0024262,1.466961,185.19,2.56,101.2,11.18,1.92,10.36,2.65,10.98
E-0024263,1.6324356,66.84,5.41,61.26,7.61,2.15,10.57,4.33,12.68
E-0024264,0.9299767,207.16,2.68,24.67,9.43,2.63,10.45,7.12,20.09
E-0024265,1.0256497,200.52,2.77,24.99,10.17,2.41,9.72,7.01,19.92
E-0024266,2.3607662,35.12,5.11,111.09,3.71,1.48,1.93,0.52,5.11
E-0024267,2.433058,96.58,6.12,121.07,12.73,1.25,1.36,0.75,3.97
E-0024268,1.9201547,83.93,4.76,102.7,4.07,4.13,1.97,0.48,2.15
E-0024269,1.96373,167.95,6.46,140.87,14.03,1.29,2.58,1.03,4.51
E-0024270,1.9719063,167.29,6.49,141.77,14.05,1.28,2.55,1.01,4.51
E-0024271,1.518923,232.2,2.18,21.08,17.81,1.43,12.11,15.99,18.97
E-0024272,0.76059645,240.75,1.82,11.38,11.66,2.19,17.23,18.26,17.04
E-0024273,1.15406,245.49,2.28,20.65,18.38,1.38,13.23,26.35,26.45
E-0024274,1.1568106,245.4,2.25,20.4,18.31,1.37,12.93,25.37,26.07
E-0024275,1.1152678,236.41,2.5,20.78,18.72,1.2,12.96,12.47,20.66
E-0024276,1.4993783,237.93,2.82,20.47,17.34,1.22,7.46,11.94,18.18
E-0024277,1.5464485,237.92,2.89,21.88,17.49,1.15,7.01,11.13,18.19
E-0024278,0.7748882,148.78,3.14,24.79,7.93,2.35,21.5,8.24,10.43
E-0024279,2.9375384,12.22,5.1,38.3,4.13,1.95,2.47,1.22,5.8
E-0024280,0.67910147,240.17,1.21,15.82,1.72,9.49,39.33,18,21.46
E-0024281,1.351162,130.6,4.54,21.21,15.45,1.38,5.87,9.06,12.84
E-0024282,1.1718607,211.06,3.71,17.51,13.1,1.71,9.37,14.26,23.31
E-0024283,1.2707111,203.22,3.79,16.77,11.89,1.79,8.97,8.8,16.49
E-0024284,1.253406,204.44,3.71,16.58,11.8,1.89,9.21,8.96,16.4
E-0024286,2.3265278,32.16,3.27,6.29,4.17,3.58,5.2,1.1,1.8
E-0024287,2.040206,46.16,3.41,5.11,6.12,3.21,10.83,2.25,3.92
E-0024288,2.1021485,26.02,3.07,4.48,6.66,3.47,11.05,2.28,3.83
E-0024289,2.4575386,24.38,3.07,5.53,3.86,3.71,4.73,1.08,1.3
E-0024290,2.0557833,26.93,2.33,3.62,6.2,3.42,10.78,2.73,2.75
E-0024291,2.212753,29.24,2.13,3.9,2.93,7.49,9.36,1.81,2.73
E-0024292,2.1631293,33.15,2.09,4.43,4.88,4.51,11.81,2.86,5.38
E-0024293,2.906763,18.12,2.75,22.11,4.31,5.29,5.95,1.48,3.52
E-0024294,3.0164518,17.09,3.38,30.69,4.71,4.59,5.72,1.74,4.73
E-0024295,1.3317733,148.58,1.52,112.82,7.15,3.46,15.07,3.15,6.92
E-0024296,1.3446183,145.88,1.53,113.94,7.29,3.44,15.14,3.17,6.87
E-0024297,1.0350288,190.55,2.23,64.24,18.23,1.32,33.49,17.84,32.84
E-0024298,-0.5808788,233.85,1.46,9.24,5.44,2.98,78.83,68.52,69.97
E-0024299,0.83448714,200.82,2.37,19.37,6.74,3.74,13.95,6.07,23.96
E-0024300,0.8314846,200.46,2.38,19.39,6.72,3.8,14.14,6.18,23.8
E-0024301,1.1626841,139.3,3.45,111.77,10.54,2.36,22.67,9.56,21.79
E-0024302,1.9208686,158.07,3.48,161.81,15.57,1.36,4.96,2.78,9.25
E-0024303,2.4684455,98.4,6.3,127.46,13.11,1.19,1.32,0.76,4.15
E-0024304,3.7560053,8.12,11.34,114.59,8.92,0.95,0.67,0.72,1.3
E-0024305,2.2802916,117.79,6.29,138.22,8.47,1.65,3.11,1.17,3.72
E-0024306,1.6402829,236.52,2.58,28.86,19.55,1.12,8.91,14.4,27.09
E-0024307,1.6958386,236.6,2.66,28.72,19.49,1.09,8.69,14.42,26.68
E-0024308,1.3957062,223.57,2.95,15.03,18.03,1.44,10.82,21.87,30.22
E-0024309,1.46423,229.78,1.95,17.5,18.96,1.18,10.71,11.31,13.98
E-0024310,1.573066,138.71,2.33,18.93,11.4,2.18,12.45,6.75,9.65
E-0024311,1.9554858,130.86,1.57,34.61,11.78,2.5,10.15,8.88,13.4
E-0024312,2.6576495,61.54,3.58,26.85,5.92,1.56,5.37,2.45,3.92
E-0024313,1.4284321,224.8,2.92,14.18,18.51,1.23,8.5,14.97,36.25
E-0024314,1.4190359,225.06,2.91,13.72,18.52,1.24,8.78,15.81,36.44
E-0024315,1.2676215,231.9,2.79,9.28,16.46,1.68,12.21,19.37,39.61
E-0024316,1.6349987,220.71,3.39,23.43,19,1.24,7.82,16.5,27.34
E-0024317,2.7916553,3.9,3.63,3.34,1.15,18,6.64,1.25,2.31
E-0024318,3.0354562,2.84,6.59,4.48,1.72,10.94,4.16,1.11,1.83
E-0024319,3.2908282,1.47,6.78,5.13,2.04,8.08,2.83,0.98,1.78
E-0024320,0.98972267,176.64,2.08,35.08,14.8,1.14,12.6,3.5,6.8
E-0024321,1.0152848,176.18,2.12,35.64,14.79,1.13,12.24,3.32,6.77
E-0024322,0.32338282,220.01,1.3,24.7,14.37,1.69,23.57,9.27,6.39
E-0024323,1.2590289,230.32,2.01,35.23,14.9,1.25,11.71,6.41,8.93
E-0024324,1.2587943,230.4,2.01,35.14,14.85,1.26,11.83,6.48,8.95
E-0024325,1.4028417,190.34,2.19,29.66,13.17,1.2,7.45,4.4,8.34
E-0024326,1.4160714,189.91,2.16,30.73,13.21,1.17,6.79,3.57,8.28
E-0024327,0.13896705,230.89,1.49,27.17,6.86,2.31,39.85,20.61,37.93
E-0024328,1.8077402,253.49,4.69,141.8,7.47,1.88,17.34,5.16,7.13
E-0024329,2.0334778,230.36,2.81,64.39,8.73,1.57,13.71,1.6,5.87
E-0024330,2.7343273,182.49,7.44,158.33,2.83,1.57,4.17,0.79,2.74
E-0024331,2.5665236,221.5,6.4,93.83,4,1.73,5.73,0.93,3.35
E-0024332,2.4334586,231.59,11.26,144.69,2.76,1.81,10.15,2.25,4.78
E-0024333,1.3966002,200.98,1.29,45.3,12.85,1.25,11.05,7.46,5.92
E-0024347,0.6633274,218.45,1.21,2.56,3.6,6.34,41.79,11.88,14.69
E-0024348,2.8127139,44.84,11.49,118.64,3.16,2.46,1.86,1.23,2.67
E-0024349,2.564351,23.82,7.21,115.96,15.93,1.13,1.55,1.92,5.71
E-0024350,1.645833,227.01,3.36,54.14,18.45,1.1,11.45,11.24,24.47
E-0024351,1.657064,226.23,3.41,56.03,18.41,1.09,10.85,10.12,24.69
E-0024352,1.3816893,210.47,2.06,32.9,4.69,5.97,23.91,12.11,19.62
E-0024353,1.2695781,225.22,2.95,11.25,18.56,1.37,12.49,13.74,44.98
E-0024354,1.2257302,225.58,2.86,10.56,18.58,1.47,13.47,15.51,45.2
E-0024355,1.780943,88.72,2.59,27.13,16.61,1.21,6.17,4.81,7
E-0024356,0.5156658,209.17,1.54,19.22,16.85,1.3,24.24,20.75,34.13
E-0024357,2.3615017,89.03,7.83,143.96,17,1.75,5.35,4.45,5.69
E-0024358,0.7030893,231.45,1.32,12.53,3.53,7.97,37.79,39.18,37.49
E-0024359,0.026126472,222.93,2.04,13.92,1.91,12.04,33.61,11.12,21.98
E-0024360,0.082346484,206.45,0.96,8.77,1.28,18.12,36.36,23.43,47.39
E-0024361,1.9812689,102.93,4.92,76.26,9.83,1.39,2.68,1.19,5.85
E-0024362,3.0830355,20.91,9.83,83.03,2.4,1.72,1.17,0.49,2.64
E-0024363,2.0193417,136.97,4.7,95.34,14.51,1.46,8.78,3.88,4.63
E-0024364,2.9795356,23.74,12.78,124.71,4.82,1.42,1.9,0.84,1.13
E-0024365,2.4367309,58.91,8.43,146.16,16.83,1.04,4.6,4.93,3.12
E-0024366,1.4061171,191.09,1.69,29.71,15.2,1.09,8.13,3.16,5.86
E-0024367,0.8948614,204.2,4.56,86.13,9.7,1.42,6.42,1.51,5.82
E-0024368,1.6875936,203.18,3.68,170.74,17.62,1.05,8.31,1.48,5.64
E-0024369,1.1170367,216.33,2.13,18.82,10.54,2.81,25.51,39.75,30.57
E-0024370,0.48115498,229.57,1.29,7.21,2.89,7.94,34.35,44.6,33.26
E-0024371,1.4978714,236.2,3.04,53.34,3.98,4.67,29.85,14.19,1.29
E-0024372,1.4559946,240.59,3.05,90.43,6.17,3.62,18.24,4.15,3.31
E-0024373,2.6099677,169.57,17.78,169.93,2.08,2.32,8.27,1.08,2.9
E-0024374,1.3773456,222.71,8.81,212.33,7.67,2.33,31.65,15.9,19.08
E-0024375,2.3172219,214.11,3.95,172.64,9.41,1.18,8.7,1.82,5.16
E-0025768,1.7548429,248.64,2.67,72.31,6.71,1.99,22.13,4.88,9.51
E-0025769,3.063386,162,6.17,190.24,1.93,1.84,1.88,0.23,2.27
E-0025770,2.9335265,140.86,26.84,148.35,1.17,3.1,4.52,0.66,3.44
E-0025771,2.2698925,212.78,4.63,143.5,6.94,1.29,8.76,2.06,4.91
E-0025772,2.353692,167.75,14.82,231.95,7.33,1.63,21.28,5.17,4.37
E-0025773,2.2651627,174.55,15.85,156.2,4.6,2.16,18.58,5.44,4.57
E-0025774,2.7903123,46.37,11.79,117.61,3.24,2.62,2.01,1.4,2.74
E-0025775,1.6517345,207.06,3.6,32.8,15.84,1.35,8.76,8.8,14.73
E-0025776,1.4150888,134.72,1.71,28.22,15.93,1.69,15.98,13.18,19.38
E-0025777,0.7686903,206.02,1.57,5.93,17.71,1.45,19.16,27.08,39.4
E-0025778,1.5986634,124.94,6.17,5.01,3.32,6.39,35.38,11.83,17.13
E-0025779,1.9395977,54.73,5.89,1.81,1.93,9.26,20.57,8.04,5.97
E-0025780,-0.6582694,193.88,1.44,10.13,1.07,17.81,20.77,5.67,7.6
E-0025781,1.7429448,153.3,3.3,56.47,7.09,3.07,13.1,3.13,5.1
E-0025782,1.3747859,121.43,3.09,68.69,12.99,2.4,43.97,12.22,11.38
E-0025783,1.3435482,120.19,3.02,71.17,12.33,2.72,43.71,11.71,11.28
E-0025784,-0.23739956,206.07,1.25,12.8,1.37,16.72,40.36,18.27,28.08
E-0025785,0.8725303,202.88,1.73,12.49,7.09,2.72,26,28.65,22.13
E-0025786,0.47159156,181.67,1.23,5.96,1.44,8.41,20.76,10.19,6.26
E-0025787,0.9490529,205.11,1.67,10.62,4.13,4.43,21.28,29.73,18.5
E-0025788,-0.7241344,214.68,1.44,9.09,0.93,22.28,19.47,9.53,14.08
E-0025789,-0.7119722,214.28,1.44,9.26,0.93,22.23,19.48,9.38,13.93
E-0025790,-1.3143647,211.56,2.3,9.7,0.78,35.13,21.51,10.33,7.16
E-0025791,2.2475817,69.56,2.6,96.4,6.21,1.3,4.53,1.28,2.27
E-0025792,2.0293527,79.22,4.03,82.37,12.74,1.27,6.08,3.42,1.7
E-0025793,1.1777296,144.99,4.27,33.35,4.28,1.82,5.81,2.46,5.22
E-0025794,0.97853875,160.85,3.97,39.91,6.9,1.69,5.69,1.56,3.08
E-0025795,0.680408,186.74,3.04,39.14,3.24,8.83,26.12,5.12,7.85
E-0025796,2.1698077,216.21,3.65,346.4,16.66,1.22,7.12,6.21,9.5
E-0025797,2.1730685,216.37,3.64,351.5,16.65,1.21,6.96,5.94,9.47
E-0025798,1.9651003,189.3,4.28,147.91,15.46,1.34,6.12,7.9,14.11
E-0025799,1.9634292,189.65,4.31,148.59,15.37,1.35,6.14,7.87,14.08
E-0025800,1.9134122,187.61,2.92,91.81,14.76,1.94,8.86,7.44,15.08
E-0025801,2.1848028,177.39,4.83,218.21,15.65,1.4,5.83,8.13,10.17
E-0025802,1.9549254,92.86,3.22,146.22,7.51,1.4,6.26,1.39,2.47
E-0025803,2.4803262,78.35,4.16,115.78,3.99,1.47,3.19,1.23,3.01
E-0025804,2.437965,80.44,4.14,111.05,4.12,1.54,3.59,1.59,3.01
E-0025805,2.2160115,119.9,3.06,195.39,5.49,1.56,6.23,2.11,2.35
E-0026542,1.0697922,101.68,4.17,35.24,6.21,1.96,4.82,1.51,1.92
E-0026543,1.9891909,198.2,6.96,212.42,22.39,0.93,12.93,1.34,21.86
E-0026544,0.8911632,189.68,1.19,6.15,7.39,2.56,23.85,40.85,34.97
E-0026545,1.3625903,186.65,1.68,180.88,11.75,2.68,16.61,3.79,5.43
E-0026546,1.4322046,182.35,1.69,178.43,11.62,2.54,15.74,3.88,5.45
E-0026547,-0.43177384,221.74,1.95,9.79,6.86,2.24,77.58,68.1,70.94
E-0026548,0.13543198,182.84,1.82,55.51,10.97,1.63,79.95,65.47,44.75
E-0026549,-0.008389758,223.08,1.32,50.26,14.2,1.44,64.35,40.16,49.3
E-0026550,2.5097349,89.03,9.36,104.99,10.6,1.48,3.56,3.11,2.73
E-0026551,2.5573452,49.48,7.14,100.03,11.39,1.25,1.93,2.29,3.79
E-0026552,0.23201089,243.97,1.34,11.41,5.92,3.87,47.03,21.8,45.04
E-0026553,0.2542457,180.89,1.73,12.12,2.12,4.88,16.53,2.96,11
E-0026554,0.33628985,191.24,1.76,12.63,2.17,5.55,19.22,3.94,10.2
E-0026555,1.0268539,207.73,1.27,28.33,1.81,11.64,30.37,21.38,14.17
E-0026556,1.6025718,128.23,1.89,45.54,3.83,5.05,15.59,11.26,6.33
E-0026557,1.0498096,129.96,5.33,56.83,4.54,1.99,9.46,4.41,8.62
E-0026558,0.9897894,190.61,3.01,35.64,4.59,2.63,12.51,7.03,14.15
E-0026559,1.4135823,124.38,3.15,59.2,7.57,2.63,8.29,2.88,6.4
E-0026560,1.1858265,98.87,6.06,49.49,2.91,1.63,4.5,1.66,3.29
E-0026561,2.2891734,45.17,2.46,48.26,11.65,1.65,2.81,1.5,3.55
E-0026562,1.9807316,92.16,3.28,148.11,7.4,1.38,6.05,1.28,2.45
E-0026563,2.1663485,121.01,2.96,196.81,5.54,1.6,6.36,2.17,2.36
E-0026564,0.96375746,150.61,4.55,10.84,1.32,7.55,20.02,13.1,13.57
E-0026565,1.4025192,223.02,2.58,40.29,5.68,3.17,26.42,16.99,4.42
E-0026566,2.5738199,214.22,12.86,143.28,2.34,1.86,9.61,2.11,4.18
E-0026567,2.5940344,211.29,12.77,134.37,2.23,1.89,9.78,2.15,4.12
E-0026568,2.8517108,215.95,15.34,144.14,1.32,3.35,3.29,0.44,1.67
E-0026569,2.5464857,119.72,17.33,102.01,1.45,3.18,6.07,0.93,3.48
E-0026570,1.4609581,256.14,8.85,127.81,3.97,4.34,36.04,18.51,9.47
E-0026571,2.0753105,230.38,11.04,119.52,6,2.03,8.21,4.07,4.12
E-0026572,0.6677519,269.04,1.07,23.33,12.03,3.4,62.8,30.28,12.62
E-0026573,1.684707,230.91,5.1,199.35,10.01,1.45,20.51,2.12,10.87
E-0026574,2.9120908,203.26,20.76,162.4,2.5,1.86,6.62,1.33,3.79
E-0026575,2.5399663,121.66,17.14,100.52,1.43,3.21,6.03,0.9,3.39
E-0026576,2.56845,119.71,17.04,99.18,1.42,3.15,6.16,0.9,3.28
E-0026577,2.6994448,215.58,15.08,203.03,3.81,1.67,9.55,1.21,2.21
E-0026578,0.95655787,251.24,9.38,135.27,3.67,7.37,31.54,7.15,7.93
E-0026579,1.1723522,249.45,7.65,132.05,3.96,4.79,31.41,6.34,6.45
E-0026580,1.1036665,232.49,7.79,139.52,2.31,6.37,21.53,3.82,4.06
E-0026581,1.8656149,245.3,8.15,139.09,7.64,1.69,13.65,4.83,5.23
E-0026582,2.296574,241.23,12.06,166.11,3.18,1.87,14.1,2.88,3.62
E-0026583,3.340882,16.93,16.82,141.89,3.05,1.75,1.91,1.04,0.9
E-0026584,1.1727877,174.29,1.22,10.07,7.14,3.52,22.05,19.77,29.95
E-0026585,0.2503789,261.92,1.14,3.95,4.38,4.23,61.83,57.94,60.55
E-0026586,0.48116058,255.28,1.18,4.06,4.05,4.55,51.25,49.2,53.3
E-0026587,0.6203673,243.57,1.13,5.01,7.64,2.45,54.21,55.88,59.3
E-0026588,2.8101814,35.39,8.28,150.95,4.46,1.63,2.31,0.74,3.79
E-0026589,1.7264285,125.13,3.55,71.35,6.03,2.49,15.44,2.96,4.26
E-0026590,0.8153793,225.8,1.25,22.63,9.92,2.29,16.05,3.79,17.83
E-0026591,0.8962639,225.17,1.32,23.88,10.81,1.98,14.8,3.35,17.69
E-0026592,1.8104724,160.45,1.44,117.55,13.5,1.49,10.28,1.29,5.07
E-0026593,1.5456669,104.01,3.08,31.92,4.44,4.84,26.97,15.87,13.46
E-0026594,1.6835405,94.23,4.17,155.63,13.95,1.43,11.79,3.4,2.74
E-0026595,1.0082633,185.97,2.57,47.89,7.64,2.19,11.89,4.49,8.37
E-0026596,2.6461272,34.45,6.93,96.55,9.17,1.52,3.39,1.74,0.42
E-0026597,2.1653075,174.03,4.8,181.78,13.42,1.53,7.97,4.3,7.25
E-0026598,1.8293054,181.73,3.5,86.88,15.57,1.65,9.42,7.83,17.81
E-0026599,1.8301619,182.4,3.45,88.06,15.52,1.63,9.56,7.92,17.52
E-0026600,1.0743461,147.25,5.09,13.76,2.16,4.89,17.82,12.43,13.75
E-0026601,1.7840979,112.77,3.74,81.08,9.11,2.13,20.53,4.3,3.69
E-0026602,2.591522,89.06,7.1,58.27,0.76,16.42,3.43,0.47,0.92
E-0026603,4.05537,18.87,8.56,93.61,0.49,7.8,0.15,0.05,0.33
E-0026604,1.3497567,141.62,4.22,58.63,3.12,10.26,8.36,2.3,7.53
E-0026605,2.1363175,132.63,15.06,217.93,4.82,4.42,11.36,2.9,3.34
E-0026606,1.981373,133.2,13.8,174.38,2.64,6.77,17.4,3.39,2.55
E-0026607,3.0667799,34.29,6.51,43.95,0.7,26.65,0.54,0.11,0.2
E-0026608,3.6558979,34.36,7.2,69.9,0.54,23.18,0.21,0.08,0.44
E-0026609,2.3122144,98.56,6.76,44.17,0.63,29.96,3.17,0.74,1.07
E-0026610,2.3195899,48.51,3.68,97.86,7.22,1.12,2.02,0.32,3.14
E-0026611,2.7895095,10.24,5.62,55.01,15.05,1.16,2.48,1.71,3.85
E-0026612,2.9868762,43.51,15.12,159.41,2.5,2.43,1.59,1.15,2.38
E-0026613,1.9619461,204.47,5.84,60.34,3.28,5.26,22.37,8.01,1.17
E-0026614,2.902463,201.2,20.47,159.27,2.29,1.91,6.53,1.23,3.59
E-0026615,1.4309293,217.58,11.8,249.59,7.8,1.87,27.06,11.55,20.28
E-0026616,1.3877352,219.22,11.76,263.03,8.53,1.87,26.01,10.74,20.41
E-0026617,2.7739625,223.56,21.5,194.96,1.96,1.85,7.9,1.52,1.75
E-0026618,2.7965095,222.1,21.06,193.39,1.93,1.82,7.79,1.44,1.7
E-0026619,1.8977079,244.3,9.34,152.36,5.16,1.76,11.59,1.54,2.41
E-0026620,1.9126315,244.18,9.31,156.36,5.26,1.74,11.3,1.44,2.37
E-0026621,1.9462873,243.02,8.84,144.08,5.26,1.71,11.58,1.52,2.3
E-0026622,1.9437096,240.4,11.79,135.17,3.24,1.96,9.39,1.29,1.92
E-0026623,1.7192334,208.83,9.98,109.87,3.76,4.75,16.4,3.92,2.78
E-0026624,0.91275465,244.73,6.36,138.23,3.28,5.54,31.58,5.73,6.08
E-0026625,1.1925682,253.85,8.47,127.69,4.41,5.78,27.94,9.58,9.94
E-0026626,1.9885058,240.74,6.02,102.22,8.72,1.82,10.6,3.36,2.57
E-0026627,2.4679093,236.93,18.46,161.91,1.85,2.02,11.07,2.77,2.72
E-0026628,2.482247,235.51,18.45,154.12,1.81,2.04,11.02,2.74,2.66
E-0026629,3.3573697,5.84,6.76,78.47,1.88,1.93,0.99,0.21,1.3
E-0026630,0.21827738,231.4,1.6,15.71,17.35,1.39,33.98,20.64,56.08
E-0026631,-0.40183395,205.83,0.99,6.73,2.87,3.97,68.47,48.07,56.99
E-0026633,3.3072305,12.15,4.68,71.17,1.07,4.35,0.78,0.23,1.79
E-0026634,2.137679,205.72,5.4,246.13,14.16,1.26,8.25,4.39,10.36
E-0026635,2.1273594,205.71,5.36,243.89,14.19,1.27,8.5,4.74,10.43
E-0026636,0.95350486,151.31,4.54,11.03,1.27,7.89,19.94,13.02,13.65
E-0026637,0.94228834,152.43,4.53,10.75,1.12,8.98,21.07,14.26,13.84
E-0026638,1.5259776,173.38,3.4,58.07,13.48,2.04,23.02,6.7,6.03
E-0026639,1.7229211,98.19,5.33,119.79,13.14,1.93,35.53,10.65,8.71
E-0026640,1.5006088,127.72,2.5,45.63,9.32,3.62,39.32,12.2,8.83
E-0026641,1.1240964,126.65,2.83,32.87,5.47,4.96,44.81,8.75,9.33
E-0026642,3.2002115,26.57,8.42,64.97,0.74,17.02,0.46,0.09,0.17
E-0026643,2.4339378,87.66,8.18,89.15,0.84,14.97,3.48,0.53,0.88
E-0026644,1.9654864,42.32,4.59,18.18,0.98,18.59,10.69,0.95,1.66
E-0026645,2.9876828,43.61,15.15,160.23,2.5,2.42,1.59,1.15,2.39
E-0026646,3.5669854,25.47,17.45,174.81,1.67,2.49,1.32,0.83,1.92
E-0026647,2.6689074,99.51,15.45,266.82,9.65,1.9,2.59,2.34,3.56
E-0026648,2.6966877,96.71,15.43,275.81,9.85,1.76,2.36,2.09,3.49
E-0026649,2.510561,108.42,22.81,149.51,3.25,5.24,3.28,2.27,3.16
E-0026650,3.3806393,26.54,11.4,167.52,2.18,2.28,1,0.59,1.1
E-0026651,1.989046,99.15,5.65,116.36,7.56,2.68,5.53,1.76,3.39
E-0026652,1.9897041,99.18,5.66,117.08,7.55,2.66,5.48,1.75,3.4
E-0026678,1.8685874,160.74,3.95,70.16,12.05,2.28,15.68,3.61,4.34
E-0026679,0.7274254,169.37,2.22,8.3,3.01,5.18,33.39,31.25,32.98
E-0026680,0.44583738,231.61,1.25,15.2,9.26,1.76,35.14,17.06,34.59
E-0026681,2.2260346,83.36,7.98,114,8.68,1.65,7.28,3.52,2.49
E-0026682,2.3408146,95.24,5.38,96.35,5.61,2.37,3.07,0.96,6.38
E-0026683,4.0433316,18.92,9.41,94.79,0.56,8.88,0.16,0.06,0.28
E-0026684,3.2156527,3.52,9.65,87.43,13.79,1.03,1,1.06,2.45
E-0026685,2.5419054,106.26,23.33,171.96,3.23,5.25,2.8,1.97,3.11
E-0026686,3.3943763,28.06,11.81,162.39,2.18,2.22,1.07,0.66,1.11
E-0026687,2.714007,39.63,8.21,119.22,3.35,2.99,1.98,0.77,2.8
E-0026688,2.7401972,42.17,10.43,224.24,3.52,1.97,2.13,1.2,1.77
E-0026689,2.7450802,42.09,10.26,222.75,3.48,1.92,2.1,1.19,1.77
E-0026690,3.4230926,19.61,14.31,213.16,2.11,2.13,1.4,0.69,1.4
E-0026691,3.425525,20.22,14.53,207.12,2.14,2.08,1.5,0.77,1.4
E-0026692,2.490489,90.35,11.48,304.88,11.91,1.44,3.41,2.19,2.92
E-0026693,2.4558916,93.65,11.58,288.07,11.3,1.65,3.96,2.65,2.96
E-0026694,2.4281275,92.95,19.2,193.63,4.57,4.35,3.64,1.49,2.83
E-0026695,2.3972416,94.57,18.98,170.4,4.28,4.89,4.14,1.61,2.85
E-0026696,3.1586392,31.94,9.22,176.64,3.64,1.87,1.41,0.57,0.72
E-0026697,3.1730213,33,9.58,172.37,3.63,1.83,1.51,0.64,0.72
E-0026698,1.7551879,128.36,3.64,88.85,8.62,2.82,7.4,2.35,2.86
E-0026699,3.3294578,7.66,8.06,90.35,3.18,2.01,0.91,0.26,1.14
E-0026700,1.8254547,248.09,7.98,148.51,6.95,1.86,17.18,6.52,4.68
E-0026701,1.3985202,227.76,5.37,139.5,9.65,1.74,33.19,14.74,9.99
E-0026702,1.9912976,243.74,14.86,159.43,7.1,1.66,14.16,4.63,7.44
E-0026703,1.9732544,216.46,14.99,178.21,4.23,2.72,21.76,5.4,7.83
E-0026704,2.3326173,243.11,8.9,107.21,3.35,2.39,8.35,1.8,5.01
E-0026706,2.2840755,86.64,7.8,121.99,5.45,2.53,4.88,2.56,3.08
E-0026707,2.3586428,69.51,12.02,146.8,14.72,1.47,8.68,6.43,3.13
E-0026708,-0.83722174,258.55,0.85,1.53,0.62,35.29,67.95,79.06,63.42
E-0026709,2.2892547,123.82,8.36,180.2,10.9,1.86,7.85,4.91,6.81
E-0026710,2.2404132,122.55,8.41,185.82,10.66,2.23,7.55,4.59,6.78
E-0026711,3.5604794,25.52,17.29,177.44,1.7,2.51,1.29,0.82,1.92
E-0026712,1.9428291,146.89,3.65,123.37,14.4,1.67,11.51,4.12,4.38
E-0026713,2.002761,112.45,7.16,128.64,11.1,1.66,7.49,2.42,4.5
E-0026714,1.99854,112.98,7.18,128.8,11.12,1.67,7.52,2.46,4.54
E-0026715,2.4724724,77.19,8.43,120.04,7.1,1.75,3.79,1.88,3.75
E-0026716,2.4708903,77.44,8.37,120.86,7.09,1.73,3.77,1.88,3.76
E-0026717,2.10027,102.38,4.75,89.28,5.92,2.61,5.04,1.35,3.07
E-0026718,2.268535,151.66,8.88,161.79,16.32,1.4,7.74,4.34,8.14
E-0026719,2.168506,153.47,9.12,147.74,14.57,2.11,9.1,4.92,8.2
E-0026720,2.7236412,43.44,6.98,61.04,1.37,13.71,2.29,0.57,0.7
E-0026721,2.794559,43.91,7.12,69.11,1.63,9.37,1.99,0.5,0.72
E-0026722,3.3961647,36.76,15.04,305.58,10.75,1.65,2.07,1.24,2.57
E-0026723,2.6232495,109.14,16.07,195.12,4.08,2.13,12.92,3.02,2.39
E-0026724,1.9714212,225.49,10.5,105.78,3.64,3.8,13.29,4.9,3.79
E-0026725,2.3185854,226.23,22.56,181.88,2.37,3.47,8.34,5.38,5.02
E-0026726,2.2881238,233.24,22.32,173.88,2.57,3.54,9.04,7.04,5.24
E-0026727,2.279971,169.14,7.98,116.97,6.78,1.91,14.83,21.63,3
E-0026728,1.5680604,233.06,4.24,55.04,3.2,4.29,27.11,16,1.26
E-0026729,2.4507592,223.81,22.71,137.3,2.4,2.08,11.34,2.1,5.1
E-0026730,3.197831,167.97,30.77,123.82,1.49,1.94,4.18,1.5,2.7
E-0026731,1.6348425,234.53,5.1,113.7,5.56,1.86,18.83,7.15,4.52
E-0026732,2.2894657,174.79,5.16,164.34,4.67,1.3,6.47,1.32,11.98
E-0026733,2.1889422,170.61,15.42,137.61,4.46,2.43,20.58,5.82,2.21
E-0026734,2.4152656,161.98,19.54,188.93,5.39,1.99,17.41,5.46,2.74
E-0026735,2.3844368,159.15,19.86,226.68,5.87,1.86,16.13,4.54,2.77
E-0026736,1.9629738,226.71,10.46,116.93,3.49,3.35,11.17,3.44,3.95
E-0026737,1.7079697,255.76,5.74,81.52,6.26,5.05,26.94,37.87,4.28
E-0026738,2.0917127,189.22,8.2,73.38,4.49,3.64,15.65,29.13,2.99
E-0026739,2.782112,85.45,11.41,92.11,1.24,3.61,6.85,16.45,2.69
E-0026740,3.0975535,54.76,14.41,142.51,1.49,2.43,2.86,8.74,1.73
E-0026741,2.2002778,246.03,10.01,102.2,2.28,2.5,7.62,2.13,2.63
E-0026742,2.1427321,249.46,17.41,160.83,4.52,2.34,15.43,5.13,7.08
E-0026743,1.1505035,244.64,3.2,55.17,5,6.33,42.47,21.03,2.74
E-0026744,1.701214,225.68,5.76,69.47,2.48,4.11,24.28,19.95,1.18
E-0026745,2.251649,142.92,6.79,73.6,2.68,3.76,16.71,7.06,0.86
E-0026746,3.6033425,51.8,34.14,151.8,1.08,2.36,2.45,0.97,2.3
E-0026747,3.7983813,14.51,24.93,171.79,1.01,2.82,1.14,0.37,2.04
E-0026748,3.0783856,104.31,37.93,120.79,1.4,2.22,4.24,1.84,6.09
E-0026749,4.4766583,5.75,43.29,153.8,0.64,3.16,0.49,0.16,4.06
E-0026750,3.6037433,127.73,37.16,156.88,1.39,2.15,2.66,0.95,3.21
E-0026751,3.568146,128.53,37.69,155.28,1.41,2.13,2.79,1.01,3.24
E-0026752,3.115496,173.46,38.91,113.89,1.19,3.1,4.15,1.83,5.91
E-0026753,3.2393022,92.22,37.75,120.05,1.4,2.34,3.74,2.12,4.98
E-0026754,2.572151,179.83,26.47,132.46,3.06,2.4,8.93,2.83,2.36
E-0026755,3.1234891,148.72,18.66,184.04,2.41,1.85,4.99,1.6,2.28
E-0026756,2.549632,200.54,24.19,138.57,1.44,4.85,6.43,1.82,3.3
E-0026757,1.5400549,168.47,4.5,59.54,8.68,4.41,24.58,9.99,13.21
E-0026758,1.9288957,134.98,6.28,93.88,9.66,2.3,8.92,4.72,4.89
E-0026759,2.7855375,67.98,5.84,34.55,0.52,34.58,0.73,0.25,1.07
E-0026761,1.2682701,191.76,3.6,81.72,16.38,2.16,22.77,10.52,16.33
E-0026762,2.7193632,33.71,6.29,43.09,1.39,12.48,2.58,0.47,0.57
E-0026763,2.9235404,26.8,6.51,53.72,1.7,6.7,2.57,0.82,0.98
E-0026764,3.0402284,17.77,5.84,43.62,1.67,6.13,2.67,0.62,0.57
E-0026765,2.7075362,33.6,6.29,44.14,1.35,13.37,2.59,0.47,0.57
E-0026766,2.9435225,26.63,6.55,56.4,1.76,6.07,2.39,0.77,0.98
E-0026767,3.1159244,17.23,6.07,46.91,1.78,4.75,2.47,0.58,0.55
E-0026768,3.3917708,41.93,13.24,96.17,1.17,8.47,0.76,0.23,0.45
E-0026769,4.1947474,2.92,16.13,203.56,2.2,2.51,0.2,0.15,0.76
E-0026770,3.8125732,16.65,8.47,69.17,0.67,12.09,0.29,0.08,0.22
E-0026771,3.420787,68.23,11.91,135.91,0.85,5.01,0.81,0.19,1.41
E-0026772,3.2188807,33.79,6.21,41.75,0.65,31.18,0.44,0.13,0.31
E-0026773,3.64632,13.4,7.77,84.98,0.52,11.35,0.32,0.12,0.44
E-0026774,1.0839605,170.92,4.08,41.43,11.67,1.27,5.09,1.41,30.88
E-0026775,1.545441,257.38,21,200.57,2.88,6.64,20.93,15.19,11.93
E-0026776,1.5561343,258.39,21.51,192.56,2.86,6.42,22.02,17.34,12.19
E-0026777,2.5462492,210.2,7.87,109.27,1.77,2.39,5.72,1.75,2.25
E-0026778,2.2283964,227.63,11.44,155.84,4.51,2.29,9.62,3.41,6.61
E-0026779,1.9216281,184.61,8.2,126.6,7.01,2.85,27.45,20.69,2.55
E-0026780,1.7508885,255.49,10.31,127.81,4.71,2.56,14.13,4.96,4.58
E-0026781,2.331501,242.09,10.17,98.57,1.9,2.45,8.94,2.61,2.63
E-0026782,2.0396693,200,32.58,90.58,1.03,5.03,6.25,1.13,3.18
E-0026783,3.7004697,25.04,40.91,159.33,0.56,3.28,1.01,0.39,4.48
E-0026784,4.1589723,10.59,42.34,172.62,0.69,2.93,1.06,0.38,3.16
E-0026785,3.6851325,17.85,33.29,164.75,0.48,3.8,0.91,0.33,3.37
E-0026786,1.6469655,179.12,9.35,57.94,2.31,8.02,6.04,2.16,5.97
E-0026787,3.7934768,25.65,36.25,225.96,0.67,2.97,0.81,0.25,2.48
E-0026788,2.0257595,214.26,20.84,93.41,1.24,4.31,8.34,1.64,4.41
E-0026789,2.0028348,212.43,20.82,93.44,1.23,4.18,8.55,1.63,4.32
E-0026790,2.0685363,198.82,20.36,98.53,1.39,4.55,7.78,1.6,3.4
E-0026791,3.0171423,112.75,33.74,124.68,2.06,1.94,5.2,1.61,2.67
E-0026792,2.1149578,220.44,15.17,159.38,3.45,2.36,15.81,5.21,3.68
E-0026793,2.1094415,219.4,15.26,163.03,3.47,2.38,15.75,5.05,3.62
E-0026794,2.6839762,111.3,27.06,245.3,3.49,1.71,14.09,3.41,1.61
E-0026795,2.6483119,116.8,26.53,245.08,3.59,1.71,13.77,3.48,1.66
E-0026796,1.9607755,249.81,12.82,141.47,4.52,2.35,15.56,5.9,4.68
E-0026797,1.7301798,225.47,4.17,69.63,5.68,3.71,22.79,9.81,0.99
E-0026798,2.7423716,130.19,35.28,196.55,1.41,3.98,4.28,1.14,5.07
E-0026799,2.9157903,180.27,42.73,121.08,0.9,5.22,4.67,1.67,2.51
E-0026800,3.474488,80.18,66.41,199.69,0.88,3.92,2.17,0.95,4.16
E-0026801,1.8948278,202.35,15.02,99.46,1.66,4.91,10.09,1.53,1.76
E-0026802,2.5935013,100.33,20.73,148.52,2.27,2.75,5.99,2.71,4.65
E-0026803,3.1385684,80.65,33.31,150.15,0.63,3.94,2.82,0.29,5.14
E-0026804,1.9471706,244.58,10.01,165.48,5.22,2.24,17.09,4.11,3.1
E-0026805,1.9425267,244.46,10.15,164.02,4.89,2.33,16.97,3.96,2.97
E-0026806,3.1154358,79.78,11.19,128.27,0.87,6.87,0.71,0.15,1.46
E-0026807,3.0972745,84.55,11.46,95.95,1.31,7.55,2.04,0.42,1.1
E-0026808,2.7614524,104.42,8.22,45.3,1,14.78,3.72,0.64,1.24
E-0026809,4.361,11.69,9.46,90.07,0.59,9.45,0.13,0.06,0.22
E-0026810,4.2675934,21.4,9.97,111.47,0.64,7.88,0.15,0.07,0.32
E-0026811,4.2535353,4.19,11.02,106.5,0.72,3.4,0.21,0.09,0.32
E-0026812,3.128723,19.69,5.91,93.04,2.55,2.61,0.86,0.22,2.34
E-0026813,3.414954,35.69,7.57,47.22,0.81,12.57,0.48,0.12,0.33
E-0026829,3.8362436,28.16,9.08,61.59,0.64,15.03,0.27,0.1,0.58
E-0026830,3.4559095,23.25,7.05,32.96,0.75,15.82,0.46,0.11,0.25
E-0026831,2.072741,89.09,6.17,32.92,1.18,16.34,7.88,1.13,3.61
E-0026832,0.87262106,207.4,2.72,54.16,19.36,1.07,7.43,1.55,20.44
E-0026833,0.87389445,207.32,2.72,54.22,19.32,1.07,7.48,1.56,20.43
E-0026834,0.88141984,194.91,2.54,73.86,16.92,1.17,7.13,1.22,17.64
E-0026835,0.90444183,195.83,2.52,70.76,16.96,1.17,7.31,1.29,17.71
E-0026836,1.1877497,194.07,3.55,48.38,14.53,1.25,5.4,1.27,22.77
E-0026837,1.1993704,195.46,3.6,48,14.46,1.25,5.48,1.3,22.74
E-0026838,3.37113,91.18,29.5,157.66,0.88,2.62,2.08,0.82,1.4
E-0026839,3.353748,89.82,29.44,161.75,0.9,2.64,2.04,0.79,1.39
E-0026840,1.8051921,202.37,24.02,107.37,1.38,4.7,7.03,1.67,4.26
E-0026841,2.5686,173.51,35.17,90.09,1.06,3.6,5.13,1.11,3.83
E-0026842,2.5339975,176.97,34.27,88.3,1.1,3.5,5.57,1.27,3.82
E-0026843,2.728205,188.07,19.94,131.27,1.27,2.38,8.77,1.8,2.35
E-0026939,2.8244336,86.68,17.67,97.78,0.75,3.27,3.89,0.72,1.86
E-0026940,3.191501,52.77,30.04,108.71,0.55,4.13,2.46,0.46,2.47
E-0026941,3.0817645,54.46,29.96,105.88,0.55,4.64,2.54,0.48,2.39
E-0026942,2.9847066,113.66,15.11,112.53,0.88,3.56,3.26,0.46,2.39
E-0026943,1.29984,246.39,6.04,119.45,4.77,4.32,32.69,14.1,2.62
E-0026944,3.2658608,161.53,40.7,378.63,22.19,1.08,21.22,36.01,20.98
E-0026945,2.829559,85.28,17.76,100.68,0.74,3.34,3.74,0.67,1.86
E-0026967,1.8951977,150.48,3.27,74.67,10.34,2.46,17.22,7.68,7.06
E-0026969,2.7459083,230.32,32.86,167.38,2.6,2.84,9.27,3.63,5.95
E-0026976,2.1383436,163.15,5.48,63.59,16.04,1.39,10.37,7.6,19.26
E-0026979,1.6787027,253.85,7.27,99.25,6.62,2.19,20.22,8.15,6.06
E-0026980,1.9325336,170.13,6.37,67.59,15.84,1.44,18.19,10.19,16.74
E-0026981,1.554272,126.1,4.97,125.18,24.35,0.94,18.02,9.08,13.37
E-0026982,1.2939596,175.01,2.87,64.83,21.23,1.25,32.74,12.84,9
E-0026983,2.8352087,25.94,8.47,38.17,1,120,0.67,0.4,0.32
E-0026984,3.2515142,18.53,10.32,35.72,0.94,74.78,0.66,0.29,0.1
E-0026985,2.4750295,62.87,9.02,76.34,1.35,8.09,4.29,5.09,0.81
E-0026986,2.3231957,64.47,7.01,53.83,0.77,23.38,2.84,2.72,1.48
E-0026987,3.6546988,15.83,16.56,148.56,0.88,6.96,0.24,0.16,0.28
E-0026988,3.1422763,12.2,13.3,215.04,21.61,0.82,1.01,1.39,4.63
E-0026989,3.0716748,49.01,4.77,100.2,16.51,0.91,1.57,3.46,5.66
E-0026990,2.4479437,27.72,7.91,31.08,0.93,56.1,1.55,0.49,0.16
E-0026992,0.29626098,147.74,1.74,48.71,5.07,3.82,24.24,7.42,12.48
E-0026993,2.2828078,30.03,7.97,31.33,0.89,70.66,1.93,0.62,0.2
E-0026994,3.3285275,10.4,15.64,319.38,19.58,0.94,1.06,1.21,2.81
E-0026995,2.2790763,58.39,7.74,35.35,1,43.58,2.25,0.69,0.39
E-0026996,3.7146864,16.4,15.62,66.05,1.29,12.91,0.46,0.71,0.22
E-0026997,1.8899275,42.24,6.98,38.05,1.18,120,1.66,0.9,1.34
E-0026998,1.9705708,31.64,7.89,34.63,0.94,120,1.25,0.53,0.93
E-0026999,3.358415,16.65,10.15,67.56,1.17,21.88,0.28,0.35,0.39
E-0027000,2.7910569,29.88,9.66,68.51,1.37,26.95,0.52,0.44,0.85
E-0027001,2.8510263,28.63,9.82,71.79,1.5,24.81,0.58,0.57,0.83
E-0027002,2.6271534,32.9,9.04,68.92,1.67,31.84,0.8,0.76,0.98
E-0027003,2.8284237,31.03,10.23,62.38,1.23,27.71,0.49,0.36,0.85
E-0027004,1.4421778,168.3,3.38,65.04,10.86,2.1,10.99,3.43,12.85
E-0027005,2.2568793,86.61,6.9,74.01,1.15,10.93,4.53,6.21,1.71
E-0027006,1.6801693,146.07,3.05,53.69,15.31,1.09,4.95,4.56,8.19
E-0027007,2.4439936,66.36,12.99,238.33,24.03,0.86,4.24,3.91,18.16
E-0027008,2.9263575,7.41,11.21,118.38,18.56,0.91,1.45,1.48,4.92
E-0027009,3.3320782,12.98,16.36,337.8,15.5,0.98,1.76,1.17,3.5
E-0027010,2.3427238,58,7.86,68.93,1,65.68,1.49,0.48,0.42
E-0027011,2.8801353,13.2,9.44,192.3,17.21,1.14,3.21,3.37,3.1
E-0027012,2.994293,26.71,11.53,58.35,1.22,14.32,1.21,0.82,0.36
E-0027013,2.5063725,34.76,10.06,55.8,0.89,32.13,1.62,0.68,0.41
E-0027014,2.793138,27.52,10.2,51.25,0.93,28.76,1.43,0.7,0.29
E-0027015,2.7878578,52.46,11.03,94.72,1.52,10.46,1.39,0.98,0.76
E-0027016,2.7229571,33.74,11.72,90.59,1.19,16.79,0.89,0.56,0.36
E-0027017,2.171405,35.95,8.2,62.62,0.83,47.91,1.38,0.52,0.43
E-0027018,2.802752,44.25,10.8,77.67,1.31,14.54,1.2,0.68,0.5
E-0027019,2.0132515,98.63,6.6,99.18,5.09,3.7,4.52,6.15,12.41
E-0027020,2.0252237,96.51,6.56,68.11,4.34,3.64,5.96,7.86,12.17
E-0027021,3.2145963,19.01,10.15,67.18,1.2,22.84,0.3,0.32,0.47
E-0027022,2.2399464,104.16,5.32,115.93,5.99,2.71,2.85,3.49,7.19
E-0027023,2.7091947,39.52,8.64,47.7,1.18,42.06,0.73,0.65,0.83
E-0027024,4.1945305,4.24,24.67,229.48,2.77,1,0.27,0.73,1.74
E-0027025,3.4034667,36.4,36.59,309.72,13.42,1.01,1.19,3.01,8.12
E-0027026,0.592089,181.11,2.66,63.72,15.44,1.28,15.24,9.09,24.55
E-0027028,2.9277594,53.52,11.47,107.82,1.25,15.05,1,0.68,0.74
E-0027029,2.484911,56.95,8.55,109.09,0.95,40.72,1.04,0.28,0.53
E-0027030,3.0281086,36.6,11.08,92.14,1.32,13.68,1.07,0.77,0.52
E-0027031,2.5411007,44.51,9.02,81.6,1.02,38.13,1.41,0.41,0.47
E-0027032,3.2341552,22.17,11.66,71.82,1.15,16.13,0.86,0.74,0.24
E-0027033,3.195018,43.31,11.18,98.11,1.16,13.45,0.81,0.69,0.49
E-0027034,2.6518416,47.45,8.4,100.88,1.03,44.32,1.05,0.33,0.41
E-0027035,3.0165296,35.55,10.13,67.74,1.29,16,1.23,0.91,0.41
E-0027036,2.6704352,36.2,11.25,72.38,1.34,16.49,1.28,0.89,0.48
E-0027037,3.6253498,10.44,19.79,137.54,1.16,9.29,0.35,0.29,0.21
E-0027038,2.656388,67.07,10.56,140,1.33,18.46,1.1,0.72,0.98
E-0027039,3.4140842,22.42,14.51,66,1.64,14.7,0.81,1.13,0.36
E-0027040,2.866359,61.48,12.12,135.7,1.2,15.57,0.82,0.5,0.73
E-0027041,2.6068237,33.37,12.24,71.79,1.21,15.78,1.22,0.66,0.41
E-0027042,3.868446,4.93,23.87,155.98,1.16,6.67,0.24,0.17,0.14
E-0027043,2.372956,84.43,6.25,132.15,2.55,3.94,1.72,2.48,4.26
E-0027044,1.957016,112.51,5.44,107.84,6.15,3.45,4.89,5.34,13.58
E-0027045,2.1216063,120.19,4.82,92.36,11.99,1.69,4.7,4.8,13.45
E-0027046,2.6978729,83.95,14.34,91.31,1.11,9.43,4.13,3.37,1.18
E-0027047,2.6272793,40.36,8.65,57.37,1.13,34.35,1.69,0.52,0.39
E-0027048,2.6949399,42,10.75,63.78,1.48,14.49,1.72,1.26,0.54
E-0027049,2.2977607,46.52,9.27,60.81,1.1,28.67,2.44,1.38,0.78
E-0027050,2.6286979,70.04,9.92,113.66,1.44,15.97,1.55,1.16,1.06
E-0027051,2.707297,54.84,9.7,72.76,1.62,11.59,1.86,1.32,0.85
E-0027052,1.8048432,69.69,7.22,51.28,1.28,60.16,4.16,1.17,1.28
E-0027053,2.0113554,67.88,7.68,87.15,0.84,60.55,1.44,0.33,0.73
E-0027054,2.5354805,74.94,11.32,142.43,1.29,17.24,1.1,0.55,1.05
E-0027055,2.1013992,61.71,7.86,33.31,1.4,63.19,1.4,0.93,1.7
E-0027056,2.3351498,52.01,7.95,36.54,1.3,60.87,0.89,0.69,1.04
E-0027057,2.9090726,32.78,10.02,59.74,1.25,36.8,0.4,0.38,0.61
E-0027058,2.9905329,59.13,13.88,143.76,1.48,6.36,0.61,0.72,1.26
E-0027059,3.757949,13.97,17.18,143.51,0.85,5.45,0.23,0.19,0.27
E-0027060,2.9046159,49.77,12.87,123.31,1.5,7.81,0.97,0.65,0.71
E-0027061,2.5479507,42.06,8.23,40.8,1.26,58.75,0.66,0.63,0.76
E-0027062,2.5667465,46.34,9.91,52.17,1.41,37.99,0.78,0.64,1.28
E-0027063,2.3773062,48.09,8.86,53.02,1.53,48.64,0.95,0.77,1.35
E-0027064,2.2532995,48.97,8.95,55.29,1.65,30.9,2,1.57,2.54
E-0027065,1.7891884,49.54,7.3,35.02,1.32,91.15,3.38,2.13,3.44
E-0027066,1.6399013,67.85,7.74,41.5,1.84,47.23,6.1,4.09,7.27
E-0027067,1.8346366,68.33,7.72,49.14,1.46,47.5,3.32,2.41,2.92
E-0027068,1.9645442,62.57,7.3,38.28,1.6,74.44,1.72,1.27,1.8
E-0027069,2.6775773,45.38,9.57,70.61,1.69,23.32,0.8,0.85,1.37
E-0027070,3.643312,10.93,12.55,110.39,0.85,8.61,0.28,0.24,0.24
E-0027071,3.1521332,26.37,11.58,97.22,1.14,7.73,0.52,0.58,0.66
E-0027072,2.8833098,27.72,9.03,100.38,0.88,12.1,0.72,0.65,0.73
E-0027073,1.7975512,49.64,7.43,37.48,1.33,92.63,3.18,2.12,3.34
E-0027074,1.861904,47.34,7.28,41.25,1.38,72.44,3.32,2.08,3.67
E-0027075,2.1894343,48.45,8.57,58.27,1.66,33.85,1.93,1.45,2.63
E-0027076,1.8179753,47.78,7.09,37.39,1.37,74.82,3.65,2.19,3.88
E-0027077,1.6938579,61.59,8.22,46.6,1.7,49.48,4.82,3.14,6.29
E-0027078,2.0773275,45.66,11.19,55.65,0.93,72.21,1.49,0.91,2.96
E-0027079,1.9367827,62.62,7.28,35.99,1.51,82.25,1.58,1.09,1.82
E-0027080,4.020822,4.45,14.99,87.37,0.78,14.28,0.15,0.11,0.1
E-0027081,3.9905474,7.64,13.51,63.31,1,27.49,0.11,0.09,0.14
E-0027082,1.8801019,57.93,9.23,51.87,1.46,42.13,2.64,2.08,3.7
E-0027083,1.9794639,57.63,9.28,50.4,1.53,30.78,2.74,2.16,3.88
E-0027084,1.4362755,80.24,7.58,39.19,1.63,65.8,6.18,3.48,7.03
E-0027085,1.4641483,79.88,7.75,41.23,1.64,63.83,6.03,3.48,7.02
E-0027086,1.4072651,85.05,7.66,29.99,1.49,61.75,6.54,3.44,6.98
E-0027087,1.4156196,84.97,7.66,32.57,1.49,59.46,6.15,3.25,6.96
E-0027088,1.8049152,58.78,8.67,47.62,1.47,45.67,3.5,2.32,4.32
E-0027089,2.008386,51.16,9.66,57.88,1.45,39.21,2.35,1.83,3.25
E-0027090,2.0282013,51.34,9.69,55.73,1.44,37.84,2.41,1.88,3.26
E-0027091,1.4089473,64.1,7.77,34.48,0.93,104.2,5.19,2.47,6.3
E-0027092,2.173272,52.83,10.54,61.91,1.03,52.64,1.6,1.2,2.72
E-0027093,1.6460481,68.34,9.3,43.14,1.32,49.26,3.57,1.85,4.64
E-0027094,2.2539957,40.81,13.72,55.53,1.27,47.54,2.88,1.71,4.22
E-0027095,1.4654214,193.65,8.65,116.63,1.95,5.12,19.26,8.67,4.14
E-0027096,1.3856308,200.27,8.19,97.36,1.35,7.06,19.81,9.51,3.18
E-0027097,0.18645994,200.86,2.97,29.37,10.22,2.77,52.68,26.74,53.6
E-0027098,1.4197339,89.11,8.43,28.53,1.41,53,5.46,3.05,5.9
E-0027099,1.3361406,92.71,7.21,28.32,1.36,61.82,5.2,3.04,4.62
E-0027100,1.8476727,173.16,13.03,211.19,2.61,2.49,13.42,4.82,4.13
E-0027101,2.1917388,186.58,18.12,353.54,6.55,1.71,18.9,10.23,7.78
E-0027102,0.56344295,194.83,4.76,115.28,2.31,6.82,44.35,11.7,12.49
E-0027103,0.67494756,210.33,5.79,147.67,4.08,5.72,55.91,19.55,23.85
E-0027104,1.8983867,146.91,9.07,206.05,14.14,1.07,21.27,15.02,11.79
E-0027105,2.0453568,59.56,7.6,33.01,1.32,80.05,1.14,0.73,1.61
E-0027106,0.41965795,182.74,3.39,25.74,5.79,5,46.05,15.94,36.9
E-0027107,1.1515998,107.22,9.09,32.15,1.23,49.83,6.94,2.98,5.61
E-0027108,2.6126451,45.66,13.97,81.66,1.26,23.23,0.88,0.65,2.26
E-0027109,2.0256095,158.95,8.68,133.08,1.74,2.1,5.2,2.83,2.13
E-0027110,2.2890425,132.92,5.66,163.51,5.87,1.11,4.49,0.73,5.34
E-0027112,2.1289763,121.02,5.77,209.09,11.95,0.91,10.97,2.24,8.68
E-0027113,1.8362079,133.53,5.27,176.88,4.03,1.65,18.44,2.81,9.54
E-0027114,1.5663791,69.27,8.21,45.33,1.11,79.53,4.68,2.75,5.83
E-0027115,2.4173095,27.96,14.35,37.93,1.12,44.46,2.22,1.06,2.99
E-0027116,2.471597,23.91,14.72,36.95,1.16,46.91,2.23,1.05,2.99
E-0027117,1.3597901,107.64,7.46,37.23,1.34,42.16,5.92,2.87,5.83
E-0027118,0.7371038,207.32,2.99,4.8,1.16,18.22,27.74,12.25,36.68
E-0027119,1.0929809,153.32,4,32.69,3.14,7.99,36.4,6.26,4.9
E-0027120,1.574463,162,4.11,125.38,3.23,1.94,8.51,1,3.92
E-0027121,2.5726728,72.54,7.82,172.68,1.54,2.96,4.94,0.54,0.86
E-0027122,2.8890796,52.09,10.19,202.46,1.68,2.19,4.32,0.57,0.71
E-0027123,2.5092955,50.26,10.45,288.5,2.85,1.88,8.84,1.14,1.55
E-0027124,1.820585,135.23,5.34,179.8,3.97,1.66,18.21,2.86,9.8
E-0027125,1.9526122,161.69,9.4,202.32,1.46,4.15,6.39,0.56,2.53
E-0027126,2.3579173,45.02,11.3,59.87,1.46,26.32,2.04,1.7,3.13
E-0027127,1.6195487,64.96,9.46,15.64,1.17,43.87,6.23,2.16,7.43
E-0027128,1.6534358,64.26,9.72,16.58,1.17,42.24,6.1,2.17,7.45
E-0027129,1.2290411,68.04,8.64,27.06,1.04,61.47,4.82,2.42,8.76
E-0027130,1.652251,71.69,3.22,49.6,22.15,1.02,15.9,6.4,6.37
E-0027131,2.4264657,64.37,4.12,168.95,7.39,1.2,4.72,0.79,1.93
E-0027132,1.6712103,129.45,7.43,257.63,2.54,2.42,12.88,1.12,2.82
E-0027133,0.48855218,195.15,6.55,94.64,0.92,18.51,40.02,5.36,4
E-0027134,0.72450274,179.72,7.62,134.71,1.07,16.11,35.47,4.09,4.28
E-0027135,0.8348173,192.26,9.91,221.66,2.85,5.26,40.24,5.49,5.1
E-0027136,1.1773236,172.82,13.3,331.9,4.22,4.97,35.59,5,6.14
E-0027137,0.93056595,163.34,3.57,101.54,3.54,2.16,26.93,4.23,5.86
E-0027138,1.6579213,141.49,10.59,272.61,1.91,5.45,14.38,1.22,3.61
E-0027139,2.7541318,38.08,6.95,222.2,4.1,1.29,4.01,1.1,2.79
E-0027140,1.0790281,216.94,8.25,156.27,7.82,2.83,45.87,18.64,20.17
E-0027141,1.2448394,194.78,9.4,131.17,1.86,8.25,33.72,14.34,5.56
E-0027143,1.5478415,65.05,8.93,28.35,1.26,53.59,5.32,2.68,8.23
E-0027144,1.5881306,65.75,9.11,25.39,1.25,48.45,5.71,2.88,8.3
E-0027145,1.1348794,74.71,7.83,13.03,0.97,51.58,6.81,2.27,9.36
E-0027146,0.6924406,204.35,5.8,70.62,1.57,7.64,41.99,16.33,9.78
E-0027147,0.3845294,216.49,4.77,49.58,0.91,21.04,52.72,24.95,8.06
E-0027148,1.0303633,123.68,6.9,26.96,1.28,61.97,9.49,3.79,6.63
E-0027152,0.7872812,220.16,6.93,108.2,2.42,7.86,40.53,18.06,8.19
E-0027153,1.0863038,218.29,8.13,157.55,6.26,3.88,45.32,26.43,10.32
E-0027157,1.1796048,195.54,8.46,161.2,1.18,16,23.65,2.71,3.37
E-0027159,0.641452,217.04,5.28,112.37,2.64,10.38,55.79,22.82,9.42
E-0027160,0.3074782,207.05,3.94,52.68,0.76,15.82,48.74,15.19,8.33
E-0027161,0.1722944,208.41,3.78,48.84,0.73,25.87,57.44,19.51,9.39
E-0027168,0.13085264,212.02,4.35,49.98,0.73,29.27,60.49,22.44,9.3
E-0027170,0.23580134,212.63,3.92,50.32,0.79,23.93,58.36,20.57,9.81
E-0027171,-0.25966206,206.88,3.34,34.65,0.52,38.87,60.16,21.5,10.6
E-0027172,1.5226812,188.44,9.22,117.31,2.24,4.09,22.37,9.47,5.14
E-0027173,0.37614563,223.79,4.2,69.31,1.15,16.41,52.41,16.5,6.94
E-0027175,0.07320476,205.5,3.22,43.74,0.63,21.92,56.99,17.93,9.63
E-0027182,2.2891703,44.46,10.96,64.11,1.47,29.99,1.92,1.57,3.09
E-0027183,0.3419229,209.43,4.95,66.24,1.2,20.21,59.77,32.45,11.57
E-0027184,-0.12482652,216.54,2.91,27.87,0.56,35.73,63.95,28.77,10.53
E-0027185,0.33146918,194.66,4.44,62.52,0.88,15.92,49.05,14.55,7.83
E-0027186,0.4039887,205.47,3.37,58.51,0.83,16.75,49.47,11.81,7.3
E-0027187,0.5684718,190.97,4.24,78.38,1.11,10.89,47.4,11.16,6.91
E-0027188,0.20534128,204.13,3.8,50.26,0.59,22.85,51.85,18.5,8.48
E-0027189,0.33770055,200.55,4.14,53.47,0.72,14.17,47.59,15.54,8.67
E-0027190,-0.1693139,197.36,3.98,62.23,0.86,20.99,67.3,25.68,14.47
E-0027191,1.167405,187.21,7.39,172.5,1.14,13.52,17.42,1.69,2.76
E-0027192,0.99465597,198.61,6.47,124.27,0.93,20.5,27.65,2.93,3.2
E-0027193,1.3057773,185,8.63,182.02,1.44,14.91,22.35,2.67,3.47
E-0027194,1.4243013,176.94,8.65,179.02,1.41,7.41,15.18,1.64,3.61
E-0027195,1.3161321,191.5,8.01,130.72,1.12,17.64,18.67,2.09,3.18
E-0027196,1.0083107,202.57,8.52,149.81,1.05,13.34,19.48,2.1,2.64
E-0027197,1.3572605,174.98,6.43,174.55,1.36,9.38,17.46,1.43,2.32
E-0027198,1.1614468,202.58,7.78,160.79,1.12,10.72,20.69,1.87,2.4
E-0027199,1.1896049,197.37,8.25,147.83,0.89,13.58,18.3,2.22,2.99
E-0027200,1.1334673,201.24,8.31,146.44,0.86,14.91,19.94,2.53,3.14
E-0027201,1.5182382,186.84,11.75,170.22,1,10.67,15.24,2.29,2.46
E-0027202,0.7855751,193.36,6.64,125.57,1.17,19.77,36.06,5.95,5.58
E-0027203,1.0164828,176.14,5.98,41.82,0.68,20.1,34.32,6.55,3.91
E-0027210,0.8819046,220.33,6.31,68.88,1.53,7.67,39.17,16.89,6.96
E-0027213,0.991748,184.31,8.14,166.82,1.58,11.37,30.96,4.03,7.01
E-0027214,0.899234,192.33,7.97,160.17,1.81,14.17,33.42,5.26,6.72
E-0027215,0.9824552,182.45,7.1,142.93,1.91,12.56,27.76,5.87,8.03
E-0027218,0.56719387,217.95,4.6,99.48,0.94,18.41,28.06,2.46,6.51
E-0027231,0.6236383,212.51,4.78,39.83,0.93,15.6,42.42,24.55,12.43
E-0027235,0.53930736,195.38,5.12,40.58,0.75,19.68,56.1,33.69,14.29
E-0027239,0.19737215,209.13,3.39,26.74,0.47,34.57,59.72,26.65,12.77