Molecule Name,LogD,KSOL,HLM CLint,MLM CLint,Caco-2 Permeability Papp A>B,Caco-2 Permeability Efflux,MPPB,MBPB,MGMB
E-0020101,1.8389832,52.45,5.29,9.53,6.11,3.67,41.39,5.15,7.46
E-0020102,1.371868,52.46,9.78,9.1,5.29,5.41,32.02,4.12,2.76
E-0020103,0.64453083,212.2,1.79,3.11,8.5,2.59,53.38,13.11,23.82
E-0020104,1.547543,80.62,15.09,16.13,12.71,1.58,23.48,5.81,5.49
E-0020105,0.5830705,268.45,3.37,6.21,8.67,3.55,51.17,16.26,26.22
E-0020106,1.4242467,230.6,15.74,29.45,10.88,1.99,32.99,11.29,16.61
E-0020107,2.2710636,68.03,78.59,106.45,7.72,1.93,14.09,4.96,5.15
E-0020108,2.2686493,9.67,15.41,26.72,4.24,6.44,10.15,0.53,1.52
E-0020109,2.9779472,9.79,44.01,43.02,1.8,4.25,1.86,0.18,0.4
E-0020126,3.8558905,21.31,64.83,566.17,4.03,1.42,1.16,0.71,3.77
E-0020131,1.0601094,140.62,4.61,7.09,4.66,6.25,50.35,3.35,7.08
E-0020132,0.04706947,249.73,3.7,8.65,1.93,9.84,48.02,11.23,31.67
E-0020133,0.7286833,266.64,5.1,8.83,7.88,3.4,49.02,18.97,44.07
E-0020134,0.40635884,223.41,8.53,23.32,0.76,24.65,63.45,4.91,7.22
E-0020135,0.75349516,213,12.08,31.47,0.96,18.53,57.41,2.63,4.47
E-0020136,2.437919,3.31,21.69,46.73,1.74,19.3,7.29,0.31,0.36
E-0020137,1.3571563,84.22,6.49,9.28,4.52,8.95,22.11,3.2,8.22
E-0020138,1.660374,167.28,25.83,32.27,7.88,1.15,15.3,3.47,10.99
E-0020139,0.90016586,232.82,9.62,7.79,11.09,2.39,28.76,10.08,11.31
E-0020140,0.69305855,248.27,5.51,6.25,6.3,5.06,33.94,14.14,12.64
E-0020141,3.8014824,1.48,44.75,34.84,0.65,9.63,1.57,0.07,0.2
E-0020142,1.9153218,6.03,4.68,8.83,0.92,28.64,11.33,0.49,1.6
E-0020143,2.4491441,6.78,20.6,14.5,1.13,24.57,6.12,0.31,1.11
E-0020144,2.5641515,2.91,13.5,20.24,1.02,22.99,2.57,0.22,0.66
E-0020145,2.4240687,2.46,9.02,21.51,2.24,10.63,7.32,0.55,1.1
E-0020146,2.626928,2.29,11.91,22.37,2.19,8.36,5.33,0.36,0.76
E-0020147,3.3436334,4.12,87.06,46.14,1.48,4.25,3.08,0.14,0.45
E-0020148,2.6231723,40.88,33.25,15,1.63,14.85,9.67,0.3,0.75
E-0020149,2.473092,56.01,35.46,16.3,1.28,11.95,8.62,0.28,0.79
E-0020150,1.9214665,10.07,8.93,14.12,2.73,7.45,14.8,0.43,0.59
E-0020151,1.725973,28.62,7.3,12.33,2.45,12.19,16.74,0.42,0.52
E-0020152,2.6586897,8.06,18.75,30.01,3.89,5.25,9.15,0.25,0.37
E-0020153,2.3925712,17.42,14.99,26.54,3.34,9.03,11.02,0.24,0.32
E-0020154,1.2543201,272.67,2.17,8.08,5.42,5.74,43.62,8.09,13.48
E-0020155,1.3274201,269.83,2.54,12.14,7.04,4.43,40.15,7.1,13.26
E-0020156,1.2339154,273.24,2.53,9.88,6.41,4.06,39.5,6.86,10.11
E-0020157,1.162861,274.48,2.13,7.05,4.93,5.37,42.59,7.38,10.22
E-0020158,0.90598845,275.77,2.56,12.35,3.97,8.19,44.52,8.98,12.31
E-0020159,1.556557,132.89,51.26,49.97,8.01,2.62,21.35,6.23,6.5
E-0020160,1.6105202,81.77,36.89,42.72,4.83,5.97,25.99,4.24,3.09
E-0020161,2.3068573,33.78,55.7,62.83,4.46,4.36,18.72,3.32,2.25
E-0020162,2.2425787,30.97,13.63,52.66,11.19,1.79,14.36,3.21,6.82
E-0020163,3.2517996,5.65,25.46,32.75,4.68,2.4,10.14,1.6,2.95
E-0020164,2.0848064,53.2,12.05,122.71,8.83,6.79,10.15,2.68,7.25
E-0020165,2.315676,34.24,42.45,29.06,8.33,3.42,10.79,0.69,1.54
E-0020166,3.0238664,6.6,35.6,31.9,6.09,3.29,4.7,0.52,2.33
E-0020167,2.2819326,11.5,17.73,9.73,8.25,2.96,8.5,0.61,1.66
E-0020168,1.980065,49.15,18.13,10.19,6.43,4.03,16.27,3.5,5.23
E-0020169,3.4783933,3.97,46.85,155.16,3.8,5.01,3.05,0.47,1.4
E-0020170,3.6952496,4.42,101.41,218.43,3.17,3.63,2.11,0.31,0.98
E-0020171,2.5043573,6.31,8.19,21.02,2.84,10.56,7.99,0.81,1.59
E-0020172,2.7093027,9.83,34.8,31.61,2.97,7.86,6.35,0.45,1.18
E-0020173,2.0970364,8.65,17.47,12.32,2.58,12.87,11.5,1.04,2.35
E-0020174,1.5061709,136.06,11.9,19.21,6.8,5.31,32.89,1.9,3.47
E-0020177,3.6725762,15.04,133.56,440.62,2.09,1.72,1.19,0.46,0.93
E-0020178,2.8512287,42.9,49.93,368.29,10.66,1.18,3.05,6.15,6.46
E-0020184,2.7598724,130.97,75.8,383.6,8.47,1.72,9.37,10.39,5.1
E-0020194,3.7737572,27.86,60.52,539.93,4.69,1.45,1.26,0.99,4.79
E-0020195,3.8732586,49.53,36.53,480.31,6.33,1.34,1.65,0.94,4.11
E-0020199,1.2327219,12.61,5.22,18.53,2.26,15.35,24.48,2.01,3.56
E-0020200,3.3157442,1.97,36.81,39.82,0.67,10.26,1.73,0.12,0.32
E-0020201,-0.43690848,206.02,6.61,2.57,1.45,31.89,67.12,15.44,17.9
E-0020202,1.6253873,12.47,16.45,22.3,2.24,17.94,18.15,1.23,2.07
E-0020203,2.9516592,2.45,24.17,33.82,1.01,15.51,5.72,0.14,0.22
E-0020204,2.3337576,4.41,9.25,16.25,1.68,18.06,8.8,0.46,1.4
E-0020205,2.8053102,2.35,23.9,26.49,1.34,14.88,2.15,0.21,0.61
E-0020206,2.6937494,2.57,13.91,28.98,1.33,13.5,3.58,0.23,0.6
E-0020207,2.4653087,3.44,16.09,17.28,2.46,10.83,8.81,0.82,1.31
E-0020208,3.1184986,4.53,26.14,40.27,1.19,9.14,1.89,0.1,0.22
E-0020209,2.0929806,43.33,32.77,17.18,1.81,13.75,8.9,0.28,1.38
E-0020210,2.1559713,30.91,39.29,4.98,1.78,8.54,25.05,1.8,2.12
E-0020211,0.6045019,249.4,3.12,5.91,2.98,9.88,56.04,11.37,11.37
E-0020212,1.5982791,150.83,10.99,23.17,5.1,5.84,38.3,6.77,7.25
E-0020213,2.6972177,11.04,15.47,44.14,4.78,5.78,11.18,2.14,3.36
E-0020214,2.5847585,15.65,43.28,22.21,3.19,6.35,7.4,0.34,0.99
E-0020215,2.6343238,6.44,23.23,44.31,2.78,5.56,2.69,0.27,0.65
E-0020216,2.847804,9.55,16.49,73.39,6.34,2.92,7.46,2.38,4.57
E-0020217,0.77915365,176.93,4.42,4.48,2.46,16.25,45.02,4.24,7.69
E-0020218,1.2155974,140.94,8.58,10.47,3.84,11.64,35.18,2.21,4.49
E-0020219,2.5183103,9.8,21.95,16.64,6.89,4.44,7.17,1.06,3.39
E-0020220,2.7685316,9.35,33.26,36.93,6.85,2.35,5.41,0.3,0.9
E-0020221,2.3308015,19.93,27.36,21.68,9.36,2.98,11.7,0.67,3.17
E-0020222,1.8567787,30.09,13.96,6.94,9.13,4.19,16.82,1.45,4.72
E-0020223,3.1118937,7.95,35.27,58.89,5.69,1.73,5.84,2.68,4.24
E-0020224,1.8916429,15.98,14.45,17.06,2.15,17.14,21.21,0.84,1.12
E-0020225,2.4160228,11.46,26.24,35.89,2.92,11.68,13.56,0.31,0.59
E-0020226,2.5686395,2.45,17.38,22.53,1.05,18.1,6.2,0.22,0.27
E-0020227,3.5763862,4.1,34.87,33.72,2.44,3.8,5.88,0.62,0.99
E-0020228,1.6204723,70.75,16.55,12.46,3.08,10.87,23.11,0.75,1.92
E-0020229,1.4351465,65.19,12.94,6.13,5.59,4.48,15.37,1.41,2.98
E-0020230,2.0805385,54.46,20.76,24.76,5.62,3.39,11.04,0.74,1.72
E-0020231,2.9853852,14.9,65.04,24.37,1.96,8.41,4.87,0.31,0.84
E-0020232,2.4172843,17.27,42.99,14.25,2.07,13.66,7.83,0.62,1.76
E-0020233,2.7742977,7.82,26.51,28.07,2.11,8.17,5.64,0.26,0.37
E-0020234,1.4661604,51.85,11.99,11.16,3.23,12.87,24.29,1.1,2.38
E-0020235,2.7269132,4.99,55.95,41.64,0.7,14.46,4.5,0.18,0.48
E-0020236,3.3429203,2.49,75.8,74.2,1.33,5.41,2.72,0.25,0.63
E-0020242,-0.27455854,254.72,1.99,3.89,1.46,23.16,66.57,73.87,68.97
E-0020243,0.16378896,231.51,3.01,3.54,2.2,17.61,43.54,18.46,27.74
E-0020244,1.360576,20.02,7.14,6.72,5.79,6.02,33.44,3.95,4.5
E-0020245,3.4275398,0.7,23.2,46.43,0.73,10.95,0.86,0.07,0.23
E-0020246,2.8625278,1.15,55.07,173.42,0.26,20.62,1.11,0.03,0.19
E-0020247,1.2732308,36.16,6.31,9.17,0.68,33.72,14.96,0.62,1.98
E-0020248,1.2818938,36.24,6.35,9.31,0.69,33.27,14.9,0.63,1.99
E-0020249,2.7034569,2.47,16.46,14.08,2.18,8.5,6.44,0.51,1.37
E-0020250,2.3182976,34.53,64.91,29.33,4.84,4.51,8.52,0.64,1.12
E-0020251,2.0585072,11.06,10.63,9.73,3.1,11.82,17.14,0.95,1.52
E-0020252,2.132498,6.31,15.94,22.75,1.35,20.11,11.02,0.24,0.4
E-0020253,2.365594,11.84,13.22,25.14,5.03,6.3,15.59,0.45,1.09
E-0020254,0.93009466,138.93,7.28,5.39,1.25,17.75,30.97,1.26,4.47
E-0020255,2.1791523,42.97,26.9,11.66,1.06,17.42,11.11,0.25,0.78
E-0020256,1.5676986,76.18,17.46,8.75,1.05,17.61,16.25,0.42,1.5
E-0020257,2.2512157,82.58,24.95,151.14,4.13,6.23,16.56,3.52,9.64
E-0020258,2.1529045,84.49,29.67,35.13,5.76,5.86,16.7,0.94,1.54
E-0020259,2.4830327,7.41,18.04,12.9,2.14,9.05,7.02,0.45,0.62
E-0020260,1.5714003,112.08,21.09,14.49,4.86,7.72,27.91,2.02,4.14
E-0020261,1.1483183,143.91,9.08,4.87,3.75,9.47,37.59,3.57,6.84
E-0020262,1.1961802,203.5,9.34,10.48,4.08,10.59,42.45,1.47,3.61
E-0020263,2.0911431,41.72,21.9,22.98,3.45,10.35,19.27,0.55,1.07
E-0020264,2.9314096,7.49,64.91,45.34,1.72,5.73,7.63,0.36,0.49
E-0020265,4.1896253,0.61,119.36,190.25,1.36,1.69,1.16,0.15,0.26
E-0020266,2.5455582,12.16,54.12,26.27,0.94,11.49,8.82,0.23,0.37
E-0020267,4.101746,0.69,95.48,172.36,0.98,2.35,1.15,0.09,0.17
E-0020268,2.5911129,14.45,66.12,73.35,6.95,4.06,6.78,0.92,2.18
E-0020269,1.0987073,158.22,12.02,5.35,7.2,9.56,41.77,4.08,6.95
E-0020270,0.22824466,239.87,9.68,4.2,0.46,32.67,68.58,6.27,9.03
E-0020271,0.18610905,240.2,8.61,4,0.38,38.71,69.56,6.49,9.27
E-0020272,3.1972666,23.01,168.16,226.52,4.11,2.45,5.69,1.77,3.36
E-0020273,2.4294436,12.15,36.45,17.93,2.3,10.57,9.56,0.74,1.98
E-0020274,3.1396687,8.16,29.86,33.7,4.05,3.23,9.03,2.15,3.88
E-0020275,2.6292937,6.91,48.32,36.15,1.84,9.21,8.43,0.43,0.86
E-0020276,2.4167092,5.88,25.69,25.02,0.98,21.16,8.09,0.2,0.35
E-0020282,3.3745239,84.01,30.64,268.77,3.65,1.5,2.7,0.9,2.19
E-0020285,2.0315897,124.38,35.65,312.82,14.96,1.54,13.95,16.67,9.78
E-0020286,2.4313357,163.14,56.76,369.95,13.52,1.46,10.84,10.66,6.54
E-0020288,2.9805222,39.71,43.85,412.64,10.42,1.2,4.26,4.19,4.88
E-0020292,3.7650926,31.59,72.04,381.4,2.73,1.69,1.7,0.51,0.52
E-0020293,3.526551,78.75,68.87,529.24,7.71,1.32,2.6,2.44,6.39
E-0020295,3.133498,151.63,26.27,322.67,4.72,1.99,4.15,1.49,15.92
E-0020297,3.46902,101.89,29.27,364.42,5.69,2.02,3.21,1.26,6.18
E-0020298,3.950218,46.29,37.09,481.87,4.85,1.4,1.53,0.54,2.28
E-0020300,3.1139517,129.01,26.01,275.15,6.52,1.6,4.85,2.47,5.59
E-0020304,0.24272358,268.22,5.52,20.95,5.12,17.73,47.39,17.51,8.83
E-0020305,0.84333056,21.66,4.08,3.95,0.62,41.34,24.15,1.11,2.91
E-0020306,0.01381629,227.77,2.87,3.31,0.72,34.47,43.15,4.74,19.79
E-0020307,2.205348,3.67,11.76,12.44,2.97,10.37,9.55,0.71,2.29
E-0020308,3.501647,3.44,29.59,44.89,3.26,3.08,7.53,0.83,0.86
E-0020309,2.606417,7.33,20.71,24.57,1.27,17.01,9.58,0.16,0.3
E-0020310,0.9559298,110.67,5.97,4.49,1.57,17.92,34.06,1.43,3.89
E-0020311,1.5770941,120.32,14.87,9.26,5.3,9.17,26.99,1.97,2.95
E-0020312,4.094076,0.6,89.15,156.49,1.97,1.68,0.76,0.18,0.34
E-0020313,2.2406611,8.94,25.14,28.57,4.1,8.77,7.8,0.5,1.48
E-0020314,2.1641245,17.76,28.25,19.32,5.67,5.23,11.09,0.48,1.58
E-0020315,1.6107202,26.42,13.72,7.77,5.29,6.56,15.73,1.05,2.8
E-0020316,3.400098,8.06,109.52,152.55,6.43,1.97,3.54,2.01,4.36
E-0020317,2.7690847,46.49,53.13,98.58,2.58,6.72,8.89,2.05,3.98
E-0020318,2.7579925,47.13,51.96,91.48,2.48,7.07,9.1,2.08,3.99
E-0020319,2.8864563,41.9,62.2,129.18,3.56,3.86,10.43,2.62,4.84
E-0020320,2.8514354,32.1,47.14,107.46,4.49,4.15,10.59,3.17,5.55
E-0020321,3.2575483,19.57,112.32,154.88,3.2,3.61,6.38,2.35,3.35
E-0020322,2.9550803,24.85,44.46,78.14,2.59,6.26,9.24,2.33,3.95
E-0020323,1.4635202,128.53,18.04,7.62,1.49,15.05,21.99,0.66,2.28
E-0020324,2.066239,47.99,25.15,15.63,0.54,19.53,8.8,0.29,1.34
E-0020325,0.98016983,87.52,10.38,5.77,1.4,21.19,30.34,1.58,4.13
E-0020326,0.052383352,255.91,6.56,8.62,1.56,10.79,72.82,9.24,14.72
E-0020327,0.67464036,178.96,13.4,16.57,1.47,9.38,53.87,7.62,14.84
E-0020328,1.0769064,119.34,8.68,20.95,1.72,9.76,57.02,15.09,18.58
E-0020329,0.4603692,211.94,5.96,6.65,0.8,29.56,49.39,4.16,9.13
E-0020330,1.0533758,105.8,9.31,5.26,0.71,28.25,27.45,0.64,2.3
E-0020331,0.3688854,230.26,9.98,8.46,1.62,12.22,66.95,7.56,13.19
E-0020332,2.6402223,3.02,36.94,33.39,1.4,9.05,7.07,0.28,0.73
E-0020333,1.5867356,100.35,21.98,22.16,3.36,3.72,39.99,3.85,5.5
E-0020334,1.6375233,64.04,7.62,6.18,2.07,15.67,28.8,2.47,4.28
E-0020335,2.4373028,17.02,16.38,28.11,2.8,7.11,15.23,1.31,1.54
E-0020336,3.3855445,3.77,38.72,89.92,4.25,2.46,5.26,1.26,1.45
E-0020337,1.3154492,73.14,11.47,6.58,1.48,19.29,26.28,0.98,2.96
E-0020338,1.9699669,20.34,21.1,18.84,1.88,11.05,16.79,0.56,1.57
E-0020339,2.144277,9.95,11.06,13.95,3.31,10.11,13.21,1.29,2.68
E-0020340,2.9174955,1.61,15.96,48.18,4.4,3.62,5.8,0.64,1.54
E-0020341,2.1626728,30.07,14.99,11.48,3.39,8.3,21.54,2.96,4.23
E-0020342,2.8698025,11,25.67,49.91,3.84,3.83,12.53,2.1,1.71
E-0020343,3.690253,2.99,50.56,113.65,3.39,1.62,3.62,1.72,1.7
E-0020344,1.5278087,45.7,18.53,13,1.06,17.01,26.35,0.75,1.68
E-0020345,2.2580879,8.99,15.2,27.74,2.43,9.13,10.17,0.68,1.24
E-0020346,0.94877696,159.55,9.92,4.19,2.6,14.93,40.84,1.85,4.09
E-0020347,1.2821022,54.67,19.12,8.85,1.09,24.34,22.27,0.97,2.81
E-0020348,1.9952354,8.39,25.03,22.4,1.33,11.72,13.66,0.67,1.56
E-0020349,1.2368387,102.32,11.43,7.35,0.83,22.23,23.74,0.85,3.26
E-0020350,3.057306,1.48,36.53,53.42,1.03,10.84,4.88,0.13,0.18
E-0020351,1.1946834,128.4,14.58,5.62,0.78,22.96,25.78,0.77,3.38
E-0020352,2.0466874,22.54,38.4,28,1.25,8.67,13.04,0.4,1.61
E-0020353,1.4179198,77.86,26.52,8.34,6.68,11.03,28.43,2.6,4.59
E-0020354,2.7722495,5.19,55.39,53.23,3.64,3.95,8.2,0.6,0.83
E-0020355,1.4113113,117.19,11.64,8.48,5.01,7.37,32.01,2.39,4.02
E-0020356,2.3281696,12.34,20.27,29.9,6.13,3.12,17.37,1.5,2.48
E-0020357,2.9342575,5.11,29.62,23.95,1.13,9.32,4.43,0.3,0.4
E-0020358,2.6045027,24.1,33.7,28.86,0.49,19,4.7,0.19,1.13
E-0020359,2.968829,11.61,40.13,45.72,0.52,13.52,3.7,0.18,0.75
E-0020362,2.8812845,42.32,62.88,130.97,3.54,3.93,10.59,2.67,4.87
E-0020371,0.8537491,136.28,8.56,4.28,5.07,9.07,39.16,10.55,10.81
E-0020372,0.6727116,119.4,10.03,7.86,1.78,19.94,32.29,3.54,6.02
E-0020373,3.305886,2.29,23.8,37.62,0.88,13.7,3.67,0.09,0.17
E-0020374,3.4956036,1.76,35.34,56.87,0.84,12.73,2.53,0.07,0.19
E-0020375,1.9432225,105.53,18.57,17.12,1.26,15.89,10.06,0.25,0.6
E-0020376,1.8644117,195.08,17.61,13.86,0.79,20.56,13.93,0.38,0.87
E-0020377,2.2492242,16.04,26.69,26.11,4.21,9.57,9.58,0.96,1.54
E-0020378,3.468486,2.3,76.91,67.54,2.04,2.51,3.41,0.26,0.5
E-0020379,3.175866,3.09,66.39,60.35,1.25,4.43,3.73,0.15,0.37
E-0020380,2.6567543,33.36,54.74,31.23,5.49,3.25,6.67,0.41,0.76
E-0020381,3.0168808,45.76,71.42,107.1,4.25,4.02,8.21,2.31,5.93
E-0020382,3.2419026,20.05,108.46,142.63,3.11,3.77,6.62,2.39,3.29
E-0020383,3.2611148,18,92.02,175.67,3.84,2.43,5.73,1.93,2.72
E-0020384,3.1141644,21.12,102.39,199.7,3.09,3.88,7.35,2.1,3.06
E-0020385,1.5992125,112.82,22.48,9.92,1.93,13.13,19.27,0.62,2.28
E-0020386,1.5427316,124.32,28.24,10.64,1.48,16.65,18.75,0.48,2.3
E-0020387,2.2945077,34.4,35.74,10.76,0.59,19.71,10.14,0.34,2.41
E-0020388,1.3263234,76.87,19.99,10.37,2.01,14.2,28.53,1.74,4.95
E-0020389,1.8161516,26.24,18.47,19.71,1.1,15.22,15.62,0.33,1.01
E-0020390,2.5901625,20.1,26.15,14.16,0.57,22.98,6.82,0.17,0.7
E-0020391,3.039672,7.24,40.55,35.68,0.62,15.29,4.88,0.15,0.36
E-0020392,1.3592027,55.31,14.69,12.98,0.7,23.03,24.75,0.44,1.23
E-0020393,3.14455,1.73,54.46,65.15,3.19,3.7,4.68,0.4,1.05
E-0020394,2.5558474,6.71,8.03,8.86,5.41,3.57,12.34,3,5.04
E-0020395,3.1938715,2.84,15.28,32.71,6.94,1.75,5.59,2.58,2.68
E-0020396,1.9551474,16.16,23.97,11.48,3.13,11.73,11.92,0.66,1.98
E-0020397,2.1692483,10.45,20,23.16,4.15,4.67,20.57,1.01,2.1
E-0020398,2.3115075,19.97,33.01,23.39,0.88,19.47,4.36,0.29,0.77
E-0020399,3.102121,0.93,51.95,80.47,0.89,7.47,1.63,0.15,0.35
E-0020400,1.5605202,201.88,14.86,11.37,0.47,32.62,15.86,0.43,1.49
E-0020401,1.1926858,129.24,14.71,5.61,0.78,22.98,25.79,0.77,3.4
E-0020402,1.8331188,28.69,30.53,16.09,0.89,12.28,15.7,0.42,1.62
E-0020403,2.260315,8.23,33.83,15.53,4.59,6.7,8.59,0.56,1.68
E-0020404,2.9568615,1.46,45.11,50.79,5.12,2.93,4.45,0.31,0.75
E-0020405,2.2744472,41.11,34.04,25.02,2.93,8.58,15.32,1.05,1.57
E-0020406,3.6124697,1.07,49.92,54.82,1.08,4.72,2.41,0.19,0.2
E-0020407,2.0318105,30.26,26.02,17.47,2.21,12.25,15.84,0.62,1.3
E-0020408,2.7329178,4.66,42.31,45.9,2.86,4.84,8.95,0.41,0.62
E-0020409,2.8539906,16.03,46.68,18.82,0.52,19.25,4.89,0.21,1.79
E-0020410,3.2741253,7.58,56.64,41.1,0.58,10.64,2.99,0.19,1.24
E-0020411,1.1944212,137.12,20.9,6.67,0.7,27.62,23.48,0.65,3.35
E-0020412,1.9577557,31.48,44.71,28.86,1.08,12.72,11.63,0.31,1.55
E-0020413,2.3402479,5.3,40.03,37.16,7.72,3.95,13.13,1.43,2.47
E-0020414,1.1045183,158.85,37.25,10.37,1.41,14.48,41.2,2.82,7.38
E-0020415,1.7928443,37.25,59.33,39.76,1.57,5.99,24.5,2.13,4.32
E-0020416,1.8622733,65.35,22.27,15.32,1.25,17.22,10.55,0.4,1.23
E-0020417,2.8571942,2.09,60.16,43.47,6.18,2.42,5.61,0.47,0.97
E-0020418,2.0023935,14.53,20.09,27.37,1.16,9.67,11.35,0.42,1.64
E-0020419,2.145532,15.13,43.16,17.67,1.31,13.28,8.82,0.4,1.26
E-0020420,2.966173,1.99,54.1,65.22,2.05,4.32,4.03,0.25,0.67
E-0020421,1.9725484,9.52,13.82,7.58,4.18,6.72,9.07,1.07,2.29
E-0020422,2.2930086,12.27,15.81,18,3.82,7.89,14.68,1.39,3.01
E-0020424,1.6757747,76.64,4.21,8.22,3.18,9.71,26.94,3.64,7.23
E-0020425,2.2159746,82.82,25.57,32.98,1.81,9.54,15.6,2.62,7.29
E-0020426,2.1808064,22.5,9.91,11.14,3.7,8.55,16.89,1.75,3.56
E-0020427,2.650099,45.18,22.07,67.53,2.58,5.91,14.03,2.26,2.15
E-0020428,2.9191294,33.46,30.13,126.51,3.3,3.69,10.56,2.06,2.1
E-0020429,1.7053317,145.37,13.88,11.31,1.39,24.28,27.9,1.9,4.95
E-0020430,1.9695789,102.39,19.79,21.59,1.37,17,21.99,1.79,2.94
E-0020431,1.6256814,50.48,32.19,12.81,0.94,22.86,10.26,0.31,1.55
E-0020432,2.0885005,6.94,28.29,43.71,8.17,1.85,13.23,4.21,4.97
E-0020433,2.7757924,4.95,45.28,101.9,6.05,2.38,6.12,2.62,4.19
E-0020434,3.04875,2.45,52.59,131.36,6.75,1.23,4.79,2.79,4
E-0020435,3.343487,4.07,15.85,37.97,3.21,5.19,4.32,1.25,1.65
E-0020436,3.0511153,5.39,7.14,15.96,3.6,4.42,9.72,1.83,3.59
E-0020437,3.6713645,4.69,60.17,130.86,2.54,3.46,2.78,0.85,1.21
E-0020438,3.098663,3.82,35.83,62.15,4.03,3.14,7.58,1.06,1.05
E-0020439,2.434822,23.57,11.46,35.83,3.84,4.43,15.37,3.32,3.14
E-0020440,3.8252518,2.91,54.09,113.72,2.5,1.94,3.02,1.08,1.1
E-0020441,2.6232214,8.02,9.38,13.91,3.16,8.94,10.21,1.01,1.57
E-0020442,3.3224,2.73,21.74,47.87,3.36,3.17,3.96,0.67,0.6
E-0020443,3.1334064,7.46,34.61,27.95,2.35,6.27,7.19,0.63,1.14
E-0020444,3.5078013,3.58,42.61,78.83,2.34,3.26,3.56,0.49,0.49
E-0020445,2.970333,6.18,25.31,35.13,2.1,9.5,7.54,2.01,1.88
E-0020446,1.0949119,89.01,4.09,3.16,1.46,24.22,38.49,4.41,6.74
E-0020447,1.9736232,24.98,13.02,14.1,1.59,14.74,21,2.56,2.11
E-0020448,1.6388545,59.28,9.62,6.14,1.29,23.18,28.22,2.91,4.17
E-0020449,1.9730812,34.79,10,7.56,1.19,21.48,21.02,1.5,2.99
E-0020450,2.903959,10.74,21.22,37.15,1.19,13.16,9.14,0.8,0.85
E-0020451,2.5185838,21.71,17.7,19.66,1.28,18.37,14.43,1.12,2.15
E-0020454,1.6334662,156.13,24.2,25.37,3.9,6.56,38.59,9.28,13.47
E-0020455,2.7855475,8.77,30.47,24.66,3.89,3.9,8.79,1.21,2.94
E-0020456,2.6040807,7.51,21.17,7.85,5.67,3.41,8.82,2.32,3.93
E-0020457,0.5629564,199.96,2.45,18.82,1.93,12.83,42.14,11.34,15.61
E-0020458,-0.84286886,236.71,2.08,13.78,0.88,19.79,47.07,15.06,15.39
E-0020463,2.1697795,200.94,7.72,69.89,20.55,1.03,17.74,11.46,29.71
E-0020466,1.8965877,246.55,14.1,468.41,18.01,1.28,18.39,7.67,12.59
E-0020467,3.4229689,77.84,10.18,618.71,2.85,1.51,2.08,0.35,1.38
E-0020468,1.9561019,12.79,11.03,24.6,3.95,8.33,18.62,2.28,3.53
E-0020469,2.7612972,4.52,24.47,83.07,4.71,3.68,9.01,1.65,1.7
E-0020470,0.7396734,111.16,1.82,2.49,2.55,11.59,52.37,13.88,36.72
E-0020471,1.9535555,122.69,9.56,15.25,2.65,10.59,25.54,3.1,5.04
E-0020472,1.9602156,128.18,9.43,14.22,2.39,11.31,26.39,3.25,5.04
E-0020473,2.803113,22.68,80.23,28.12,2.07,4.97,4.14,0.36,0.83
E-0020474,3.5057037,2.29,109.9,71.08,2.06,1.94,2.01,0.21,0.39
E-0020475,1.3338262,74.66,4.58,3.1,3.92,8.01,45.78,10.12,19.39
E-0020476,3.404516,7.07,27.72,40.52,2.63,4.02,7,1.28,2.66
E-0020477,2.0607297,40.48,13.23,8.02,4.05,9.56,22.14,2.69,4.5
E-0020478,2.4907606,22.88,21.58,13.39,3.38,8.36,16.02,2.11,4.15
E-0020479,2.9552896,8.04,37.3,47.77,2.48,7.49,9.73,1.85,2.05
E-0020480,2.9672496,11.8,35.06,41.49,2.77,3.69,4.56,1.57,2.18
E-0020481,1.6223518,28.07,14.95,7.05,4.55,7.36,20.86,4.31,7.7
E-0020482,2.155997,85.65,27.16,13.31,2.56,15.99,13.29,2.12,5.91
E-0020483,2.8728266,22.59,53.43,97.1,3.61,5.61,5.65,1.44,2.26
E-0020484,1.0262185,79.58,1.48,2.37,1.68,21.25,34.73,5.58,8.3
E-0020485,2.1104496,9.44,6.24,10.4,2.67,10.61,11.85,3.25,3.08
E-0020486,1.560007,26.31,2.67,4.52,1.87,19.8,21.55,4.02,5.3
E-0020487,2.0434377,7.03,2.16,3.7,1.48,22.11,13.97,1.39,2.71
E-0020488,3.2649782,2.02,8.86,16.68,1.76,11.4,5.1,0.94,0.97
E-0020489,3.04904,3.55,5.44,10.72,1.83,13.89,7.5,1.23,2.22
E-0020490,2.4437878,6.85,4.89,6.96,2,15.88,10.83,2.04,3.66
E-0020491,1.6583048,41.58,4.64,5.06,2.1,19.56,22.4,3.56,5.35
E-0020492,2.329038,18.58,11.14,11.27,1.81,17.63,14.66,2.76,3.91
E-0020493,2.6256936,7.89,9.43,7.97,1.75,16.62,10.4,1.02,2.1
E-0020494,3.7295225,2.05,30.38,81.83,1.48,6.3,2.97,0.68,0.68
E-0020495,3.3842897,4.81,21.59,29.18,1.66,12.33,6.14,1.02,1.96
E-0020496,2.5614,10.85,14.56,7.94,1.17,20.03,10.83,1.78,3.17
E-0020497,3.2294676,2.99,35.38,44.94,2.94,4.62,4.44,1.48,1.43
E-0020504,1.5448414,72.8,2.24,7.34,3.02,8.67,20.11,3.28,4.84
E-0020506,2.0819294,65.74,33.63,60.77,5.03,2.5,24.31,7.42,5.73
E-0020507,3.044613,10.11,28.61,51.01,1.23,15.42,7.25,1.51,1.78
E-0020508,3.297684,5.62,9.84,34.72,0.76,19.58,5.25,0.87,0.81
E-0020509,3.2494488,14.09,25.46,69.92,1.44,9.7,6.26,1.19,1.08
E-0020510,3.621399,9.65,34.82,120.45,1.36,6.05,3.22,0.59,0.59
E-0020511,2.8855164,23.74,18.81,63.26,1.02,19.68,9.54,0.79,1.09
E-0020512,2.5035985,4.57,42.84,46.22,4.56,2.7,7.97,2.33,3.02
E-0020513,2.1833227,25.99,24.17,23.14,4.8,8.51,17.56,2.27,3.42
E-0020514,1.4973664,93.93,3.59,111.95,10.73,3,11.89,7.91,11.93
E-0020515,1.2098552,95.69,4.61,102.31,10.42,3.73,21.34,12.35,16.26
E-0020516,2.0498612,187.48,4.8,41.18,11.41,2.51,28.7,15.03,11.86
E-0020518,2.882803,207.3,25.02,450.49,2.84,1.9,5.44,0.6,1.41
E-0020522,4.1664524,1.08,44.14,139.31,0.84,3.39,1.45,0.26,0.2
E-0020523,1.1861342,64.3,2.7,2.76,7.48,7.3,51.04,9.4,17.21
E-0020524,2.7053986,7.43,19.17,17.48,2.72,8.75,11.57,0.92,1.25
E-0020525,3.331816,2.8,33.83,48.57,2.96,3.26,6.14,0.66,0.57
E-0020526,2.7447064,8.28,22.35,18.51,2.94,11.16,9.19,2.27,3.95
E-0020528,2.6488874,10.25,29.95,58.19,4.38,5.18,9.82,2.92,3.77
E-0020529,2.7274888,13.45,33.14,44.17,2.66,8.3,9.85,1.84,2.21
E-0020530,3.6183827,7.02,22.07,75.65,0.75,16.09,4.05,0.76,0.73
E-0020531,3.1986408,6.63,15.49,53.97,1.9,6.74,5.05,1.17,0.98
E-0020532,3.196226,9.72,15.43,36.88,1.42,9.42,5.51,0.89,0.65
E-0020533,3.8914235,3.61,20.19,75.39,0.72,13.85,1.73,0.5,0.47
E-0020534,3.446905,3.65,23.71,67.59,1.31,7.71,2.72,0.8,0.78
E-0020535,3.1700013,9.5,26.88,81.42,1.03,18.43,6.7,1.17,1.21
E-0020536,2.3453593,10.91,23.07,32.98,1.43,18.3,10.06,1.55,1.52
E-0020537,3.0053167,4.26,32.14,51.4,2.52,8.95,6.4,1.34,1.1
E-0020538,3.5947285,2.44,45.12,105.05,2.05,3.77,3.44,1.2,0.94
E-0020539,2.623376,11.66,18.37,18.99,2.36,14.64,11.32,1.93,2.97
E-0020540,2.058246,24.75,8.14,6.41,2.76,15.02,19.18,2.75,3.8
E-0020541,2.7635252,16.98,29.22,77.57,1.96,11.87,10.16,1.58,1.68
E-0020542,3.327243,3.87,54.38,131.05,3.18,2.19,5.38,1.18,0.83
E-0020543,2.217999,15.53,17.09,10.14,2.11,12.85,16.52,1.68,2.01
E-0020544,1.198551,126.64,6.93,10.59,2.31,16.95,29.51,11.99,12.45
E-0020545,0.08325434,217.44,4,26.86,8.52,1.67,49.04,42.42,69.56
E-0020546,-0.8271273,238.26,1.99,7.48,2.26,11.15,62.27,40.56,87.38
E-0020547,2.430589,99.22,8.53,65.51,15.43,2.03,19.98,16.77,7.85
E-0020548,1.1920726,97.13,9.44,128.63,1.33,24.88,16.51,11.19,16.84
E-0020549,1.5450779,149.93,12.82,91.82,2.23,12.1,11.87,9.05,17.92
E-0020550,1.9485766,92.78,12.1,91.25,1.93,14.88,8.1,4.84,10.48
E-0020551,2.006895,95.4,15.68,88.1,1.97,13.76,9.68,6.41,11.57
E-0020552,1.521443,119.46,7.28,48.32,1.51,18.23,15.37,8.23,14.22
E-0020553,1.8470913,56.78,19.44,77.69,3.56,7.28,11.28,10.32,22.77
E-0020554,2.2737124,25.56,21.6,47.49,3.81,5.81,7.11,5.44,20.22
E-0020555,1.7939094,79.94,10.28,178.48,1.85,16.74,10.25,4.54,8.94
E-0020556,1.7847813,87.13,12.09,136.42,2.54,7.63,10.92,5.27,12.05
E-0020557,1.8632656,127.23,13.18,116.81,1.98,11.75,7.28,5.5,14.29
E-0020558,1.7942079,147.44,15.77,150.73,1.7,14.35,7.97,5.24,13.97
E-0020559,1.396098,146.61,11.06,69.38,1.94,15.61,14.24,9.91,20.26
E-0020560,1.2956797,119.56,8.51,66.83,2.08,11.84,14.69,12.86,25.24
E-0020561,2.315149,34.67,11.58,121.88,4.72,3.03,5.3,2.96,8.76
E-0020562,2.0555165,47.1,16.26,271.56,5.73,3.55,7.97,4.73,8.11
E-0020563,1.9000201,241.48,13.53,356.34,8.13,1.42,21.67,6.01,9.04
E-0020564,1.7513086,174.87,5.27,124.69,16.59,1.06,18.58,7.75,6.73
E-0020565,2.7607057,8.9,30.12,37.39,4.47,1.15,4.69,0.77,3.54
E-0020566,3.4129276,3.8,33.13,58.89,1.97,6.64,4.98,1.21,2.1
E-0020567,1.8007594,12.42,3.18,6.27,3.41,12.19,20.65,1.94,3.21
E-0020568,2.714757,3.05,9.61,18.77,4.29,4.23,10,1.41,1.2
E-0020569,2.6885939,36.54,18.14,56.35,1.38,14.99,10.92,0.89,0.98
E-0020570,1.9822251,104.93,4.8,27.45,4.97,5.11,45.87,16.85,12.36
E-0020571,2.0133896,16.82,29.45,35.88,2.8,11.51,13.02,1.55,1.6
E-0020572,2.6929681,11.23,28.03,20.72,1.33,16.88,7.87,0.34,0.9
E-0020573,1.1751213,230.88,5.32,133.07,4.4,7.4,16.23,5.65,6.21
E-0020574,1.7121973,203.12,9.53,280.01,6.65,2.9,9.36,6.11,7.9
E-0020575,0.98388773,145.62,6.12,64.78,5.57,5,14.87,5.27,6.33
E-0020576,2.5625012,41.55,16.06,185.52,10.04,2.78,3.46,4.62,12.49
E-0020577,2.560081,41.61,15.88,184.27,10.06,2.79,3.45,4.64,12.47
E-0020578,0.39707756,218.97,4.45,42.93,7.23,5.09,20.32,9.96,9.76
E-0020579,0.3359387,221.04,4.15,25.04,8.62,3.63,21.04,10.68,10.1
E-0020580,1.1606029,222.22,2.96,104.62,4.31,11.37,18.08,8.81,9.76
E-0020581,2.1097963,213.98,6.43,807.99,17.04,1.7,9.74,6.29,9.8
E-0020582,1.2207323,222.65,2.76,87.34,4.98,7.1,12.55,16.45,9.37
E-0020583,1.6588706,120.47,6.02,210.42,7.67,3.76,19.8,10.24,15.29
E-0020584,1.6540209,122.11,6.02,210.74,7.47,4.1,19.96,10.36,15.2
E-0020585,1.0834277,185.22,7.19,94.75,2.67,10.9,32.7,11.93,18.12
E-0020586,1.143727,189.32,9.84,174.79,10.88,4.42,33.06,15.66,22.61
E-0020587,1.1348263,188.97,9.77,171.85,10.47,4.8,33.29,15.69,22.56
E-0020588,-1.0377839,236.77,2.19,8.25,0.87,36.96,65.93,33.67,56.57
E-0020589,2.8535357,15.13,16.98,153.68,2.33,4.32,2.68,0.94,6.07
E-0020590,1.2355012,206.11,9.62,90.38,2.03,16.62,17.47,9.83,17.98
E-0020591,2.688733,197.79,49.09,263.52,2.15,3.2,7.68,2.5,10.01
E-0020592,0.66290075,150.23,4.13,34.39,0.99,58.55,21.34,8.3,13.98
E-0020593,2.5418887,211.34,24.79,286.32,2.1,3.68,10.62,1.22,3.16
E-0020618,2.775037,7.27,42.63,72.23,4.89,3.34,8.84,1.55,1.25
E-0020619,-0.08683916,221.09,2.66,19.13,9.01,2.12,57.26,57.21,96.27
E-0020620,1.1076635,231.51,4.83,128.29,4.03,10.13,17.32,6.72,6.25
E-0020621,1.732081,203.8,9.65,268.8,6.6,2.87,9.78,6.8,7.96
E-0020622,1.9521443,178.1,10.32,315.97,9.74,2.83,11.26,6.64,6.09
E-0020623,1.2194692,214.89,3.68,113.93,3.32,7.21,15.17,5.12,4.13
E-0020624,0.6995134,225.35,2.82,52.29,2.27,10.99,21.8,5.66,6.55
E-0020625,1.3641028,187.41,4.35,74.05,4.02,4.65,18.12,5.48,5.49
E-0020626,0.30801973,156.23,5.09,40.07,15.11,1.56,79.19,51.91,59.51
E-0020627,0.8284664,233.09,1.87,42.97,2.01,14.22,16.3,15.23,11.14
E-0020628,1.9347472,189.29,8.01,334.18,16.12,1.87,8.27,10.38,12.67
E-0020629,2.0609298,182.41,11.82,442.95,12.09,1.63,9.34,5.22,7.41
E-0020630,0.7314355,201.07,5.62,51.2,1.08,30.11,27.56,19.09,27.77
E-0020631,1.5764928,165.55,13.47,210.04,5.81,9.55,11.33,12.38,18.79
E-0020632,1.4240198,157.09,12.05,124.39,3.36,13.26,14.77,13.9,28.89
E-0020633,2.349542,37.5,40.15,371.14,20.67,1.4,12.62,11.79,17.5
E-0020634,1.7656099,63.58,19.7,192.11,6.73,9.51,24.12,22.82,22.06
E-0020635,2.4508991,102.37,14.77,438.76,17.17,0.99,10.58,2.66,2.63
E-0020636,1.9318806,224.66,12.17,542.49,17.83,1.11,11.97,2.19,4.2
E-0020637,1.9360148,224.22,12.01,540.62,17.77,1.11,11.96,2.14,4.19
E-0020638,-0.2887576,229.16,2.3,9.87,1.34,29.75,68.59,31.49,58.44
E-0020639,0.62661237,227.98,2.43,16.69,3.47,14.31,60.09,30.8,54.3
E-0020640,-0.09381661,233.21,3.09,15.25,2.03,17.63,60.85,38.4,52.46
E-0020641,1.6072532,136.98,6.5,15.03,1.65,16.41,14.9,11.61,21.04
E-0020642,2.599135,27.87,19.34,201.95,3.58,3.22,2.83,1.25,4
E-0020643,2.925978,23.91,22.62,144.04,2.02,3.34,1.85,0.69,3.98
E-0020644,1.6756535,122.8,11.68,92.71,1.72,16.56,8.89,6.25,17.91
E-0020645,2.9191608,17.93,17.88,131.17,1.46,5.02,2.19,1.13,7.4
E-0020646,1.693375,165.06,12.16,105.23,1.67,15.64,10.09,6.1,14.38
E-0020647,2.322093,106.63,11.69,42.48,2.74,6.6,10.48,6.96,8.75
E-0020648,0.5545378,139.72,6.39,37.12,0.76,52.34,18.55,4.05,6.22
E-0020649,2.059569,17.32,19.43,113.91,1.29,36.67,5.48,0.94,5.27
E-0020650,0.9800152,96.4,5.57,57.8,1.34,38.8,17.09,5.12,5.53
E-0020651,2.5373847,94.86,38.4,329.19,10.33,1.67,8.14,4.95,6.99
E-0020652,2.2847295,24.26,23.58,25,5.42,4.2,21.05,4.66,6.18
E-0020653,-0.06027658,233.18,2.94,20.14,7.24,2.66,55.68,46.98,66.74
E-0020654,-0.61095405,212.24,2.28,17.38,2.1,8.98,47,21.08,32.47
E-0020655,1.6579247,180.82,4.03,167.03,6.79,5.8,12.73,4.35,3.59
E-0020656,2.3080835,140.29,7.99,271.64,9.69,2.29,7.48,4.78,4.83
E-0020657,1.5231727,176.18,10.57,229.88,3.55,9.88,16,14.56,25.36
E-0020658,1.5127519,166.38,13.26,102.7,2.93,12.59,13.94,11.98,29.59
E-0020659,1.6048697,136.72,10.84,127.53,6.78,7.62,16.91,15.06,27.55
E-0020660,0.93914324,205.69,4.84,64.53,1.54,26.46,23.9,13.47,24.36
E-0020661,1.8280163,122.94,12.84,176.35,8.24,4.83,9.74,11.85,13.17
E-0020662,1.2982755,167.74,11.9,161.4,6.32,6.45,37.76,17.16,22.29
E-0020663,1.0331779,187.31,7.42,70.66,4.04,16.88,27.12,10.01,20.69
E-0020664,0.6724925,193.82,6.62,65.37,2.6,10.03,27.16,10.4,17.56
E-0020665,-0.10085184,193.92,4.96,74.44,1.69,20.59,33.71,8.13,25.76
E-0020666,1.2398466,172.93,9.29,174.96,6.49,7.72,26.36,10.66,21.26
E-0020667,1.4730824,180.59,9.11,179.21,7.53,5.14,20.79,7.73,15.95
E-0020668,2.0097408,79.94,14.87,340.8,7.5,4.29,13.38,7.51,10.83
E-0020669,1.3749005,181.93,7.92,221.78,10.45,4.09,24.14,12.59,20.45
E-0020670,1.6702229,155.71,17.11,393.13,8.64,3.15,20.51,9.49,14.86
E-0020671,1.127258,119.14,5.66,53.74,1.22,20.4,19.66,12.67,21.05
E-0020672,1.5724125,182.65,10.04,147.56,8.55,4.83,18.29,12.33,18.72
E-0020673,2.4274843,62.37,20.28,85.51,1.76,12.76,7.93,4.67,8.69
E-0020674,1.5772972,144.58,13.11,271.75,7.67,5.97,20.32,6.1,14.91
E-0020675,1.3497425,180.88,12.15,389.66,13.38,3.74,31.36,12.03,28.1
E-0020676,1.4389611,154.03,8.87,340.54,9.37,6.2,23.38,6.16,21.76
E-0020677,1.9112154,155.48,6.03,224.41,13.98,1.86,4.65,3.23,6.27
E-0020678,1.8663608,150.56,6.83,138.8,12.07,3.6,9.48,5.71,5.43
E-0020679,2.2956018,154.59,14.73,415.65,11.84,1.92,5.09,3.79,4.94
E-0020680,2.457322,43.33,13.46,227.6,4.27,3.01,3.59,1.69,9.17
E-0020681,2.7381296,29.22,13.44,263.8,2.89,3.35,2.13,0.98,5.7
E-0020682,3.0087004,14.59,17.96,193.15,1.7,4.03,1.67,0.74,4.24
E-0020683,2.773567,40.62,17.14,284.36,3.09,3.03,2.65,1.06,5.67
E-0020684,3.0356057,16.63,18.7,229.64,2.34,3.99,1.85,0.58,4.07
E-0020685,1.7181715,82.63,8.96,57.59,1.71,14.36,10.45,4.99,11.5
E-0020686,1.2698828,91.72,9.89,89.8,1.07,41.15,11.04,1.84,4.39
E-0020687,1.2548875,91.86,9.96,91.34,1.09,41,11.03,1.87,4.35
E-0020688,0.8617215,197.04,6.19,71.98,1.06,40.46,18.13,4.36,5.56
E-0020689,0.8875857,194.5,6.06,69.07,1.01,40.49,18.11,4.22,5.48
E-0020690,0.85352963,147.54,5.31,32.8,0.99,40.51,15.45,3.83,4.25
E-0020691,1.2206057,151.1,6.55,89.45,1.24,37.61,13.73,5.32,3.97
E-0020692,3.4051335,148.93,45.2,410.21,3.16,1.73,2.07,0.72,0.97
E-0020693,3.2438135,163.8,43.65,384.77,0.95,2.71,4.7,0.34,0.97
E-0020763,0.44775864,169.33,3.86,51.81,6.62,2.41,43.73,28.03,37.84
E-0020764,1.9363602,157.31,3.82,265.27,15.93,1.49,8.69,4.22,5.93
E-0020765,1.1982565,221.78,6.22,93.58,2.91,11.46,22.69,14.37,19.69
E-0020766,1.4883995,166.96,12.7,140.18,6.62,5.16,31.19,12.78,15.95
E-0020767,1.6405596,141.43,13.59,133.89,6.52,5.39,23.08,15.95,18.18
E-0020768,1.6441399,88.09,8.6,106.84,3.32,10.42,26.63,15.61,17.45
E-0020769,1.4860295,160.16,8.76,105.53,3.05,8.83,25.86,8.89,11.12
E-0020770,2.0290334,86.72,16.54,216.76,2.88,7.76,13.37,3.23,6.32
E-0020771,1.6162702,156.38,10.05,194.68,6.8,5.8,17.59,9.68,19.1
E-0020772,1.420485,178.92,11.82,193.88,9.66,4.16,25.57,12.21,19.7
E-0020773,1.0567042,224.65,4.46,15.26,4.09,13.97,47.51,34.98,39.95
E-0020774,1.0304493,235.72,3.68,16.95,1.46,24.11,55.37,37.38,43.64
E-0020775,0.7617288,232.3,3.47,16.35,2.42,21.18,46.18,31.22,37.03
E-0020776,1.5246878,188.67,7.59,24.92,1.4,19.64,18.93,14.38,25.59
E-0020777,1.3171965,190.2,9.82,229.04,9.79,4.8,23.23,15.12,19.88
E-0020778,1.3216105,190.35,9.8,229.22,9.83,4.71,23.18,15.16,19.93
E-0020779,1.3656555,208.26,10.68,278.78,10.17,4.6,24.57,13.75,16.72
E-0020780,1.3589593,208.71,10.66,275.96,10.07,4.65,24.76,13.9,16.86
E-0020781,1.5998416,140.95,10.55,107.02,3.28,9.69,20,9.08,14.43
E-0020782,1.825056,135.1,13.91,186.92,4.92,7.37,18.21,11.43,11.9
E-0020783,1.1540822,182.46,8.8,85.14,2.17,14.55,22.16,17.87,37.72
E-0020784,1.9973569,28.65,9.81,75.71,2.5,8.96,6.39,3.52,12.86
E-0020785,1.6150985,44.73,8.09,70.11,2.44,9.56,12.95,5.81,14.09
E-0020786,1.909073,191.13,7.32,315.34,16.27,1.69,7.43,12.64,15.09
E-0020787,1.8990914,192.32,7.2,298.62,16.08,1.76,8.25,15.12,15.14
E-0020788,1.5238839,151.67,14.33,91.44,2.72,15.01,15.39,7.84,10.9
E-0020789,1.4847051,113.23,7.23,81.68,2.17,17.39,14.92,11.5,17.39
E-0020790,0.6242282,199.1,6.11,32.58,1.39,24.48,47.57,36.08,38.92
E-0020791,3.0295837,6.77,22.83,189.13,0.79,8.99,1.46,0.48,3.05
E-0020792,1.6316088,103.28,8.98,50.29,1.49,16.88,11.24,7.4,14.89
E-0020793,1.6761204,103.61,9.5,61.07,1.75,15,10.95,7.65,15.14
E-0020794,1.8811752,70.2,15.95,89.43,2.86,10.63,9.83,7.78,20.24
E-0020795,1.3950168,124.18,9.33,103.13,1.95,11.11,14.3,10.18,23.1
E-0020796,2.87447,157.07,13.97,788.37,9.22,1.22,5.79,1.43,4.01
E-0020797,1.3859506,76.7,23.37,135.88,1.45,34.23,9.53,5.92,4.79
E-0020798,3.8111181,15.82,42.55,496.81,5.55,1.35,1.36,1.08,4.81
E-0020799,3.2904625,103.44,28.97,326.19,3.91,1.76,3.41,1.09,9.68
E-0020800,3.2748594,142.88,34.49,339.73,4.52,1.87,4.52,2.09,10.52
E-0020801,2.1011467,164.38,26.23,426.07,17.02,1.23,11.18,13.3,13.3
E-0020802,4.208916,2.69,40.09,598.66,4.09,1.16,0.6,0.22,1.91
E-0020803,1.9942783,208.2,31.51,239.4,6,3.41,19.2,11.46,8.33
E-0020804,0.62759584,212.57,2.48,153.51,6.19,6.03,22.43,4.24,11.14
E-0020805,2.2982366,141.62,7.92,269.39,9.68,2.29,7.46,4.8,4.86
E-0020806,1.4135689,162.21,9,154.18,4.21,10.55,16.32,11.33,11.08
E-0020807,1.044859,174.11,7.78,161.29,3.98,8.01,26.93,10.74,15.18
E-0020808,1.6141735,95.2,13.71,97.87,3.48,10.71,13.77,11.35,24.05
E-0020809,1.7529154,167.58,12.07,106.77,5.58,4.84,14.12,10.12,19.14
E-0020810,1.311914,201.12,8.62,101.91,2.59,19.26,16.04,10.9,18.52
E-0020811,0.17034702,178.55,5.08,75.74,1.47,22.2,42.68,14.93,32.88
E-0020812,1.9265785,156.7,19.91,174.63,8.37,4.29,21.57,13.49,14.72
E-0020813,-0.01886057,192.44,4.14,58.6,0.83,30.47,37.92,10.66,25.33
E-0020814,1.5867772,119.17,11.59,166.55,10.6,2.38,31.9,16.69,26.52
E-0020815,0.65275,239.98,2.98,14.23,0.99,27.63,59.19,38.36,52.4
E-0020816,1.6456424,156.62,13.35,208.79,7.42,6.19,16.64,9.54,17.1
E-0020817,1.5984908,139.66,10.39,108.01,3.19,9.83,19.81,9.17,14.45
E-0020818,1.0069314,169.67,7.79,103.52,3.81,14.71,35.72,14.71,20.18
E-0020819,0.5923721,183.97,5.34,48.16,2.92,20.16,44.37,15.12,23.83
E-0020820,1.0418643,170.15,8.73,155.99,5,7.83,26.29,8.89,9.47
E-0020821,1.3267868,163.17,8.41,127.93,5.22,8.14,19.19,6.02,20.46
E-0020822,2.195535,43.53,14.66,76.83,2.6,4.56,5.92,2.83,8.12
E-0020823,2.3240058,39.66,13.59,72.77,2.1,4.22,4.62,2.53,6.39
E-0020824,2.1179059,83.46,17.45,198.86,5.4,6.06,8.76,6.71,14.16
E-0020825,2.8620155,24.01,38.03,390.64,2.22,4.44,2.98,2.82,13.07
E-0020826,2.4854987,27.74,31.61,355.37,6.67,4,5.08,3.53,11.91
E-0020827,1.4099175,108.89,11.03,134.54,5.77,11.57,16.25,6.41,13.91
E-0020828,1.9260173,147.99,20.33,245.6,2.89,9.63,9.76,6.45,10.45
E-0020829,1.665906,148.5,12.43,105.09,4.02,11.46,15.74,9.22,20.06
E-0020830,2.1218393,207.22,7.41,58.33,12.16,3.35,14.32,7.58,8.63
E-0020831,2.4452703,63.64,17.19,52.83,7.59,5.27,6.11,2.15,3.71
E-0020832,1.6155691,142.35,10.59,104.57,3.04,9.86,20.54,9.88,14.28
E-0020833,2.0489986,100.87,15.63,107.81,1.71,12.96,9.65,4.17,10.23
E-0020834,2.2326448,35.7,18.7,57.77,3.49,10.3,7.34,4.48,22.37
E-0020835,1.3698559,182.7,12.62,75.63,2.22,13.66,16.42,11.87,20.82
E-0020836,2.6210587,22.88,11.11,93.88,5.76,3.08,3.21,1.27,3.42
E-0020837,2.5591898,18.06,12.06,70.17,4.28,3.39,3.54,1.01,3.57
E-0020838,1.2797233,148.79,13.83,197.89,13.53,1.87,23.28,10.03,22.55
E-0020840,2.6599624,80.56,71.91,544.14,16.73,1.19,8.13,7.62,8.89
E-0020841,3.1778557,79.33,55.12,638.94,14.01,1.15,2.57,3.17,5.84
E-0020842,1.663262,126.66,27.07,185.72,9.05,3.62,19.67,22.12,14.5
E-0020843,2.3055205,138.4,43.14,246.84,4.2,3.6,14.92,8.71,5.69
E-0020844,2.814031,105.17,32.5,344.31,10.45,2.68,4.69,8.72,10.26
E-0020854,1.2032012,191.92,6,20.91,1.69,21.83,28.34,21.21,32.05
E-0020855,1.25785,71.26,5.1,27.12,2.05,11.76,15.64,9.05,18.76
E-0020856,1.9958868,73.54,13.13,190.44,4.66,7.4,19.41,8.41,7.85
E-0020857,1.5479631,191.36,9.53,137.39,4.83,8.84,20.95,14.91,26.2
E-0020858,1.157725,176.36,5.36,46.46,1.68,21.29,23.7,11.07,23.73
E-0020859,1.1529915,193.42,9.48,126.53,5.29,12.01,18.77,8.82,18.07
E-0020860,1.6732441,170.44,13.52,248.51,8.44,4.36,16.38,12.26,15.15
E-0020861,1.1435354,210.35,7.51,121.22,4.39,8.79,26.37,12.24,13.05
E-0020862,1.1509945,164.33,12.77,225.95,6.17,8.14,31.15,13.88,13.1
E-0020863,1.2988957,158.84,11.91,131.41,5.22,8.56,30.17,12.24,13.37
E-0020864,1.3133702,157.8,11.9,133.19,5.32,8.38,29.88,11.92,13.28
E-0020865,1.15995,148.27,9.99,91.72,2.18,11.57,21.97,4.76,7.5
E-0020866,0.59280413,184.31,5.36,48.23,2.95,19.89,44.31,15.14,23.83
E-0020867,1.2168497,174.57,7.03,111.85,2.8,10.08,21.06,7.77,17.09
E-0020868,1.1491225,172.37,8.54,87.69,3.87,10.04,25.16,8.84,17.49
E-0020869,1.2440691,160.02,6.65,66.9,3.19,11.3,25.9,8.2,16.59
E-0020870,0.8181284,188.2,6.05,76.98,2.2,13.44,28.63,13.94,16.02
E-0020871,0.8040779,188.95,6.04,81.52,2.17,13.47,28.4,13.57,16.35
E-0020872,1.66534,140.97,13.81,224.54,5.7,8.3,10.24,13.81,25.05
E-0020873,1.6506184,141.76,13.46,213.99,5.14,9.19,10.75,14.51,25.12
E-0020874,1.5112509,234.84,9.44,62.68,3.37,14.59,22.42,21.08,26.45
E-0020875,2.0457742,199.19,2.74,65.68,12.71,2.44,16.45,10.32,13.4
E-0020876,2.1421998,180.45,6.62,142.9,11.6,3,13.6,9.22,13.82
E-0020877,1.4816008,181.41,8.65,103.8,8.02,5.9,23.16,11.57,16.61
E-0020878,1.7377802,142.68,15.32,197.67,11.67,2.74,14.97,6.95,14.19
E-0020879,1.6179246,143.42,11.07,106.41,3.18,9.27,20.68,9.99,14.83
E-0020880,1.1257429,196.39,6.8,56.78,5.88,6.71,44.36,21.13,26.56
E-0020881,1.645219,144.67,14.33,181.98,3.94,9.65,21.78,14.28,14.53
E-0020882,2.0714447,17.14,12.39,43.99,1.29,19.59,4.42,1.87,3.01
E-0020883,1.9527363,28.88,5.39,109.12,8.28,2.88,7.72,2.98,4.54
E-0020884,1.6075673,180.29,10.89,184.22,8,5.57,16.6,11.83,16.58
E-0020885,1.9659142,230.27,2.98,50.84,14.16,1.47,12.58,8.19,25.11
E-0020886,1.9007692,48.8,16.03,186.72,11.92,3.28,21,13.97,19.28
E-0020887,2.0761087,238.8,12.77,259.9,9.88,1.65,11.04,5.4,6.45
E-0020888,2.0489933,247.51,12.56,288.58,10.55,1.59,14.45,6.38,7.05
E-0020889,2.8177433,159.86,47.28,421.86,14.31,1.31,4.93,6.05,9.85
E-0020890,3.9890912,19.55,82.38,534.82,3.41,1.56,1.09,0.95,4.74
E-0020891,3.8022518,56.89,86.76,534.06,4.35,1.57,1.53,1.37,5.47
E-0020892,2.259579,152.74,18.07,53.62,1.46,7.17,13.89,4.9,19.67
E-0020893,2.982797,84.29,45.14,392.3,10.04,1.41,2.89,6.22,5.58
E-0020894,2.183531,68.43,15.68,282.29,13.45,2.4,10.36,10.67,13.79
E-0020895,2.5301034,75.01,19.31,244.2,13.59,1.36,8.31,3.14,6.88
E-0020896,1.0686427,71.01,4.34,19.55,1.81,16.86,22.77,13.12,19.17
E-0020897,2.2576609,27.45,21.4,277.62,9.39,3.1,8.32,6.15,8.7
E-0020898,1.552895,140,10.56,118.92,3.38,9.24,21.69,10.56,14.73
E-0020899,1.1969116,163.9,10.25,130.49,7.25,8.13,32.5,11.36,11.82
E-0020900,1.7189332,61.92,11.47,104.68,4.94,6.53,8.74,6.29,9.54
E-0020902,1.9747804,79.13,11.23,114.68,2.13,8.6,5.5,3.97,11.84
E-0020903,1.1787394,181.15,7.19,74.49,6.48,5.76,15.05,12.87,34.26
E-0020904,1.8492388,131.54,18.08,156.05,2.9,11.13,11.93,8.78,21.54
E-0020905,1.8284087,132.57,17.8,149.79,2.63,12.19,12.21,8.93,21.7
E-0020906,1.5400878,223.7,12.07,89.17,2.52,19.26,21.16,17.33,26.59
E-0020907,1.846649,163.18,6.61,23.65,2.17,15.16,12.96,8.84,20.33
E-0020908,1.1402555,160.1,11.46,142.42,6.94,7.99,17.18,6.33,15.6
E-0020909,1.478396,145.77,13.15,94.48,1.99,14.22,12.56,6.78,18.75
E-0020910,1.4979967,151.01,6.26,96.35,8.01,5.26,31.78,15.42,16.27
E-0020911,-0.0049126092,228.3,2.3,13.61,2.03,15.31,58.06,30.04,48.19
E-0020912,0.6289329,221.24,1.78,13.52,3.84,12.32,59,24.08,52.48
E-0020913,1.5316359,132.66,6.76,92.76,3.34,6.31,20.93,7.23,10.2
E-0020914,2.3267984,105.73,6,121.45,9.2,3.31,17.82,5.17,10.41
E-0020915,2.3203268,90.38,13,178.3,4.58,3.85,10.11,4.17,6.43
E-0020916,2.7323463,65.43,10.29,173.89,8,2.71,9.85,3.39,6.72
E-0020917,2.1902897,66.75,9.49,107.99,3.71,6.44,16.02,3.95,5.07
E-0020918,2.5865595,50.09,7.86,93.29,7.66,4.71,14.96,4.2,7.62
E-0020919,0.7485447,226.57,8.31,133.56,4.03,13.37,44.03,18.29,17.93
E-0020920,1.7058892,199.39,12.52,193.43,2.86,15.26,14.73,9.16,9
E-0020921,1.0705016,224.82,8.45,138.79,3.65,14.03,34.35,12.91,16.22
E-0020922,1.6341497,180.67,10.94,185.84,8.51,4.94,16.82,12.02,16.49
E-0020923,1.2488601,136.07,7.75,74.65,4.15,15.61,28.78,13.03,21.56
E-0020924,1.2617954,136.19,7.9,75.67,4.37,14.72,28.53,12.96,21.48
E-0020925,3.3571613,14.98,32.36,64.25,2.04,3.36,3.52,2.66,6.96
E-0020926,2.3745778,64.56,36.18,160.43,10.35,2.46,10.68,4.65,13.05
E-0020927,1.3694525,154.97,10.17,281.08,2.79,11.47,19.19,6.04,19.11
E-0020928,1.9637527,156.82,16.4,233.74,5.23,5.67,17.15,5.87,6.73
E-0020929,3.7509134,49.6,163.24,583.31,2.09,2.45,2.08,1.09,5.16
E-0020930,1.9252502,186.39,28.53,112.92,4.01,4.16,23,11.11,11.43
E-0020931,2.8585186,72.95,63.3,365.32,4.29,2.2,8.29,6.07,3.25
E-0020932,3.6908271,23.09,54.9,639.99,6.24,1.32,1.72,0.9,5.58
E-0020933,4.000712,17.95,93.1,643.95,2.9,1.61,1.2,0.66,5.06
E-0020934,3.5060768,55.71,49.15,966.51,10.66,1.08,2.54,1.17,10.06
E-0020935,3.1817825,64.14,35.86,710.61,14.36,0.92,2.63,1.69,13.17
E-0020936,2.0946827,93.08,20.53,308.15,17.29,1.38,7.86,12.94,12.66
E-0020937,2.7557704,90.31,84.51,512.53,16.24,1.15,5.54,7.75,7.56
E-0020938,3.6710298,29.81,90.47,616.21,5.62,1.39,1.36,1.11,4.47
E-0020939,0.7464075,133.43,2.32,10.86,1.99,18.98,47.32,29.85,49.28
E-0020940,0.6840953,219.85,3.9,17.55,2.91,16.02,56.85,28.8,38.83
E-0020941,1.6566296,134.77,10.32,173.7,3.17,12.36,15.41,4.57,12.08
E-0020942,1.5930809,168.19,14.66,209.12,8.69,5.8,23.19,16.39,30.68
E-0020943,1.3424549,203.82,10.21,247.94,9.46,4.7,24.18,17.12,29.96
E-0020944,1.5773576,164.65,14.94,218.92,8.7,5.76,21.89,14.81,30.3
E-0020945,1.3235856,203.33,10.19,249.35,9.27,4.98,23.38,16.32,29.85
E-0020946,1.6271223,156.73,13.2,194.97,7.21,6.63,17.55,10.37,17.81
E-0020947,1.6075187,157.35,12.73,167.33,5.66,7.98,19.35,11.29,17.63
E-0020948,1.6596392,157.68,13.49,196.91,7.28,6.07,17.7,10.62,17.6
E-0020949,1.1971842,163.73,10.26,133.42,7.24,8.12,32.25,11.21,12.05
E-0020950,1.345627,180.21,12,179.74,3.49,10.85,26.44,12.8,20.08
E-0020951,2.6135457,27.57,10.38,138.79,11.45,1.36,2.27,1.22,4.05
E-0020952,3.173679,21.69,36.36,193.13,4.09,1.81,2.96,0.96,5.7
E-0020953,2.571642,69.08,12.2,189.3,7.4,1.92,4.09,1.58,4.76
E-0020954,1.7761703,176.61,10.57,232.55,6.67,7.35,17.54,6.01,8.99
E-0020955,1.7296923,103.42,5.56,65.32,1.83,16.15,14.54,6.22,11.27
E-0020956,2.4007425,166.04,7.58,98.15,8.69,3.24,10.13,6.05,8.62
E-0020957,2.3956726,65.28,36.08,161.23,10.31,2.27,10.5,4.59,13.02
E-0020958,2.7676895,60.32,14.18,153.44,9.71,1.52,3.53,0.68,4.74
E-0020959,2.089389,77.21,10.85,211.68,9.87,1.81,19.43,3.35,3.67
E-0020960,2.6989405,34.76,14.94,168.9,6.7,1.94,5.24,1.78,5.24
E-0020961,1.5305132,134.42,14.88,239.58,16.47,3.26,25.27,21.51,28.55
E-0020962,0.9217561,196.97,10.37,140.25,6.31,8.03,42.74,25.38,31.95
E-0020963,1.4443213,145.53,10.23,164.03,6.86,4.79,36.46,14.95,19.66
E-0020964,1.4763823,157.09,10.76,183.93,5.78,5.26,33.52,13.72,16.21
E-0020965,1.4390044,134.04,10.76,192.49,7.65,3.83,31.01,10.38,15.09
E-0020966,1.6318126,161.77,12.72,204.98,7.38,5.64,17.52,8.42,19.09
E-0020967,1.7595587,218.57,7.14,457.89,19.1,1.41,35.68,13.88,12.79
E-0020968,2.0517771,205.56,29.59,211.03,7.84,2.69,21.86,8.67,13.43
E-0020969,2.368666,181.76,50.82,370.5,9.33,2.43,9.22,15.72,9.51
E-0020970,2.1546874,205.03,35.73,340.48,10.51,2.54,11.14,18.9,14.04
E-0020971,2.4978511,145.95,24.46,179.25,4.31,2.64,7.67,4.64,11.62
E-0020972,2.3918102,168.29,19.59,201.99,6.09,2.88,10.57,6.39,12.7
E-0020973,1.5600337,238.7,20.23,195.62,7.16,5.61,25.89,17.99,8.87
E-0020974,3.2444973,13.49,39.91,559.57,11.43,1.08,2.6,1.75,3
E-0020975,2.9235957,90.01,70.91,373.34,6.44,2.52,7.28,7.94,4.82
E-0020976,2.9574518,108.63,82.2,418.19,5.58,2.35,9.39,10.81,4.36
E-0020977,2.189794,189.6,14.54,347.5,18.53,1.26,10.65,4.07,5.44
E-0020978,3.2873385,96.86,142.69,441.39,4.05,1.7,2.75,2.11,3.53
E-0020979,1.8775692,64.5,11.41,122.87,7.03,3.88,21.75,10.69,8.65
E-0020980,1.4758015,144.55,7.89,85.32,2.61,9.46,17.52,11.16,20.4
E-0020981,1.468465,145.47,7.96,86.35,2.65,9.39,17.46,11.11,20.43
E-0020982,2.5551908,31.27,7.51,67.55,10.3,1.51,2.15,1.24,2.54
E-0020983,1.669197,93.04,14.03,141.15,3.66,11.39,23.3,17.01,22.26
E-0020984,1.3052373,171.71,20.76,265.27,11.09,3.05,30.29,16.33,12.97
E-0020985,1.0472685,155.13,4.8,63.43,3.39,5.5,38.61,13.01,12.38
E-0020986,1.7855706,135.58,3.63,67.75,7.21,4.04,39.07,12.84,17.15
E-0020987,0.5600396,244.52,4.33,16.49,1.21,23.43,52.72,32.35,52.19
E-0020988,0.5002503,244.31,3.91,13.93,1.31,22.52,53.34,46.83,64.13
E-0020989,3.4395487,14.56,26.31,189.64,1.85,2.23,1.71,0.77,5.61
E-0020990,1.1711596,227.29,8.49,103.39,2.28,18.91,25.41,16.85,13.24
E-0020991,1.8638792,147.91,9.44,159.22,5.5,7.55,15.78,7.94,10.85
E-0020992,1.3978348,190.65,7.38,138.22,5.72,8.13,27.34,9.02,13.09
E-0020993,3.386792,7.06,26.05,202.16,2.53,1.58,1.47,0.36,3.76
E-0020994,1.8552775,149.17,9.36,152.5,5.33,7.81,16.1,8.2,11.02
E-0020995,2.1702805,103.68,20.93,308.87,8.12,3.46,8.23,7.03,10.1
E-0020996,1.8708764,150.89,9.31,252.57,10.83,1.62,15.63,1.8,5.24
E-0020997,1.8729206,151.85,9.32,252.38,10.97,1.59,15.54,1.83,5.23
E-0020998,2.7686164,60.04,14.04,154.36,9.56,1.54,3.61,0.68,4.75
E-0020999,2.368088,18.12,12.69,228.02,14.18,1.41,5.06,2.22,4.8
E-0021000,2.9643638,13.07,16.92,128.84,9.2,1.56,1.47,0.97,4.37
E-0021001,1.2886058,124.96,9.26,83.47,4.35,8.71,16.15,5.89,9.28
E-0021002,1.6749301,87.91,14.57,105.97,4.52,6.85,19.16,9.9,16.89
E-0021003,1.6685553,163.71,12.91,206.59,7.6,5.13,18.17,9.05,19.2
E-0021004,2.1055593,116.52,15.43,206.42,4.18,4.75,9.8,2.48,3.8
E-0021005,1.8236483,206,6.53,264.7,20.96,1.13,30.32,11.87,12.72
E-0021006,2.8204794,46.24,22.97,348.19,6.96,1.38,5.58,1.07,3.59
E-0021007,1.4380249,112.98,8.07,71.1,2.06,18.66,23.14,6.42,11.98
E-0021008,1.5382224,171.89,9.74,126.15,8.61,2.73,20.36,5.86,9.89
E-0021009,1.5838934,116.52,11.7,217.49,7.31,3.44,30.69,9.77,9.57
E-0021010,1.4477776,127.98,8.77,72.34,1.4,21.28,20.2,5.95,8.78
E-0021011,1.2121192,158.45,6.92,70.26,3.03,9.53,24.81,20.23,36.86
E-0021012,1.2237297,139.95,9.62,71.81,1.53,18.26,17.4,12.84,28.98
E-0021013,2.248336,81.96,21.3,250.88,4.83,2.55,12.69,5.64,10.01
E-0021014,0.11042967,197.29,3.06,21.49,1.05,29.3,39.06,18.34,41.13
E-0021015,1.9186333,74.71,18.36,167.51,3.55,6.98,9.82,5.85,22.29
E-0021016,2.1301405,156.03,8.57,137.09,9.14,3.46,13.59,9.56,5.8
E-0021017,2.215604,92.31,12.42,168.58,5.41,2.52,7.73,3.87,5.79
E-0021018,2.079133,119.08,12.27,234.35,11.58,1.55,9.54,1.77,5.25
E-0021019,1.2149342,225.3,8.96,115.46,2.59,16.06,24.14,15.73,13.05
E-0021020,2.2910757,117.12,6.73,80.91,5.64,4.79,10.14,3.69,6.35
E-0021021,2.6469734,119.93,16.83,185.97,8.97,3.12,9.05,5.19,8.66
E-0021022,3.0880306,18.75,13.29,56.78,5.94,2.13,3.69,0.96,2.52
E-0021023,2.0245998,58.01,8.62,225.84,10.35,1.72,9.26,1.08,3.76
E-0021024,1.6670562,151.38,17.8,289.12,10.57,4.5,15.94,11.11,13.21
E-0021025,1.6677123,151.46,17.42,286.46,10.37,4.81,15.88,11.17,13.25
E-0021026,1.6936814,153.32,18.39,309.37,12.27,3.75,14.72,10.2,13.18
E-0021027,1.7076308,153.37,18.73,312.98,12.68,3.44,14.55,10.08,13.1
E-0021028,1.4891262,165.19,7.89,351.09,3.89,11.77,20.43,5.67,23.55
E-0021029,1.6160355,129.88,9.1,268.6,3.49,6.39,16.45,8.65,18.6
E-0021030,0.43457937,166.89,4.66,93.23,1.56,19.01,14.73,6.46,21.12
E-0021031,1.4894992,116.97,9.45,261.55,1.78,14.2,12.59,5.36,18.92
E-0021032,2.1714127,145.51,10.45,158.62,5.06,6.1,17.87,5.27,13.39
E-0021033,0.9042662,238.13,7.99,137.86,9.16,3,42.72,18.41,22.32
E-0021034,1.968688,95.03,11.18,155.71,8.66,3.93,14.57,11.05,12.52
E-0021035,3.4640286,6.39,17.45,162.66,2.28,2.23,3.39,0.53,0.64
E-0021036,2.2448056,28.28,25.63,243.17,8.06,3.52,9.92,7.16,12.91
E-0021037,1.4977703,177.48,14.69,208.81,7,6.52,35.52,16.05,21.5
E-0021038,1.483531,178.77,15,212.27,6.66,6.77,35.46,16.09,21.95
E-0021039,1.6324512,139.25,10.21,131.15,6.51,3.72,30.51,11.81,15.18
E-0021040,2.8807561,79.19,38.69,445.7,15.01,1.28,4.84,5.24,9.35
E-0021041,3.015171,132.88,60.72,188.85,0.77,6.12,7.35,2.28,7.24
E-0021042,3.6134083,61.83,108.49,425.93,1.11,3.4,2.57,1.31,3.16
E-0021043,2.2500398,93.46,39.43,355.14,17.09,1.13,7.79,18.06,12.62
E-0021044,2.7435865,110.11,60.96,358.68,6.22,2.37,9.43,10.57,4.92
E-0021045,3.638386,68.68,65.13,492.24,9.07,1.51,1.82,1.64,7.7
E-0021046,2.949439,99.26,23.69,334.95,16.54,1.05,4.01,2.93,9.67
E-0021047,2.766362,50.6,27.57,485.17,20.81,0.94,3.44,3.08,8.32
E-0021048,2.8123105,73.2,46.8,550.24,14.36,1.04,4.56,11.89,9.59
E-0021049,2.5690074,100.29,32.61,476.06,18.12,1.14,6.58,6.24,10.59
E-0021050,1.351822,208.58,18.66,77.26,3.44,5.88,21.93,16.67,21.91
E-0021051,2.88772,73.3,45.16,519.81,14.46,1.23,5.91,4.82,9.53
E-0021052,2.029057,220.35,10.12,136.93,18.46,1.96,20.18,22.67,20.26
E-0021053,2.0297854,216,12.55,208.76,18.58,1.29,19.56,20.81,21.13
E-0021054,2.7712724,147.59,24.99,378.61,15.48,1.24,7.27,5.36,12.53
E-0021055,2.1611116,185,24.32,204.13,14.06,1.64,16.14,9.4,16.46
E-0021059,3.868199,13.56,45.15,469.67,4.33,1.24,1.15,0.7,4.32
E-0021060,2.6997254,161.03,26.33,464.82,15.66,1.13,7.65,5.78,14.61
E-0021061,3.5197332,77.79,70.01,533.66,9.9,1.22,2.23,2.51,6.03
E-0021062,2.9678192,80.19,61.46,615.96,15.64,1.12,4.96,4.82,6.94
E-0021063,2.0015728,178.45,9.38,137.8,10.89,5.59,16.36,9.86,15.97
E-0021064,3.4738343,42.87,47.12,505.53,8.47,1.15,2.42,1.86,6.5
E-0021065,1.7992991,114.58,11.68,115.26,7.15,3.33,24.87,6.94,9.18
E-0021066,1.4660581,190.47,9.75,189.04,11.09,4.04,27.37,13.2,19.37
E-0021067,1.824144,134.61,13.89,189.04,4.92,7.45,18.24,11.39,11.83
E-0021068,1.0907689,171.28,15.04,182.01,13.25,2.18,30.01,13.29,12.43
E-0021069,1.3006774,186.92,13.62,161.65,6.86,9.23,27.02,14.06,19.58
E-0021070,2.6710482,34.27,11.91,144.01,5.89,2.42,2.45,0.53,5.05
E-0021071,1.607562,174.54,7.89,123.73,3.12,8.62,18.88,2.65,6.26
E-0021072,2.5430782,108.4,18.62,228.05,7.92,1.99,11.38,3.01,3.87
E-0021073,2.9612563,68.94,21.21,143.7,6.12,2.51,4.98,1.61,3.64
E-0021074,1.7187448,149.79,19.24,256.86,5.49,6.65,21.97,11.94,21.56
E-0021075,1.7384235,151.44,19.66,253.12,5.22,6.79,22.71,12.71,21.5
E-0021076,1.9585676,123.14,19.13,398.02,7.93,3.03,25.63,6.94,20.18
E-0021077,1.389553,171.43,10.66,168.63,10.53,3.66,21.5,12.35,20.05
E-0021078,2.6196108,16.74,23.02,177.88,11.86,3.34,6.2,3.61,11.37
E-0021079,2.1243155,78.67,32.01,318.12,9.63,4.46,12.27,8.11,17.89
E-0021080,1.3013066,197.29,12.49,247.75,4.14,8.26,31.27,15.86,18.11
E-0021081,2.497883,49.62,18.82,265.16,4.36,2.09,10.9,4.29,9.28
E-0021082,0.7476943,180.82,4.67,40.6,1.82,13.6,39.57,12.94,20.49
E-0021083,1.668458,221.97,5.93,33.83,12.56,3.28,12.54,11.99,25.01
E-0021084,1.8587703,116.14,10.79,111.56,4.11,5.84,17.08,8.49,13.43
E-0021085,1.8330851,112.89,10.51,101.02,3.99,6.66,17.16,8.09,13.28
E-0021086,1.8464794,115.38,10.5,105.21,4.19,6.44,17.14,8.18,13.19
E-0021087,1.0942403,140.09,6.26,137.98,3.89,6.2,23.53,7.56,13.47
E-0021088,1.0923413,209.57,5.37,75.5,3.64,7.81,26.69,11.2,12.92
E-0021089,1.4824061,185.92,5.93,95.97,3.09,10.28,20.06,9.33,11.58
E-0021090,1.4694556,189.54,9.85,192.29,11.31,3.79,26.08,12.06,19.1
E-0021091,2.3192961,75.61,19.08,520.35,20.65,0.83,10.32,3.45,2.39
E-0021092,1.8032532,159.44,3.45,78.41,7.98,4.96,35.77,13.2,19.4
E-0021093,1.8776747,160.86,3.68,40.23,7.85,3.94,28.06,10.97,16.33
E-0021094,2.1695464,119.71,5.26,79.45,7.66,4.41,9.13,4.72,8.14
E-0021095,2.8515644,35.8,9.44,57.83,9,2.13,3.54,1.4,3.29
E-0021096,1.6013314,213.44,8.43,333.27,12.23,1.98,17.48,2.63,7.53
E-0021097,1.6236843,213.6,8.54,336.22,12.56,1.82,17.11,2.59,7.49
E-0021098,1.7762184,141.76,7.42,249.12,12.23,2.02,11.09,1.76,5.17
E-0021099,2.2311704,114.09,10.37,80.99,5.01,7.09,7.08,1.21,5.8
E-0021100,1.6192089,106.99,10.68,280.25,2.5,10.61,14.13,4.82,11.94
E-0021101,1.5573168,109.63,12.68,173.46,5.75,6.22,22.81,11.83,20.51
E-0021102,1.1608373,183.81,9.88,179.3,12.12,4.35,27.18,15.62,24.96
E-0021103,1.5168561,173.96,11.49,140.4,9.93,6.87,18.78,14.66,15.96
E-0021104,1.1623918,183.79,9.9,180.4,12.03,4.49,27.24,15.75,24.99
E-0021105,1.520461,173.82,11.48,138.03,9.86,6.6,18.52,14.35,15.86
E-0021106,1.6031842,146.73,17.88,227.55,4.88,7.49,21.58,11.21,21.75
E-0021107,1.6937447,100.64,9.24,155.15,10.97,1.8,28.79,13.83,24.96
E-0021108,1.6644802,84.09,9.51,162.51,6.3,4.1,20.27,8.91,20
E-0021109,2.7074153,98.42,21.87,302.47,5.27,5.06,7.74,3.43,5.92
E-0021110,1.1873947,170.95,8.96,75.8,4.84,7.8,18.68,6.22,11.98
E-0021111,1.2740062,126.93,4.75,63.59,4.39,8.32,25.09,9.62,11.37
E-0021112,1.8406663,111.67,10.23,100.52,3.84,6.82,16.84,7.82,12.69
E-0021113,1.4867253,133.59,6.58,119.46,4.05,10.05,14.92,9.02,9.79
E-0021114,1.3636667,149.06,12.25,280.94,7.65,4.29,39.6,20.97,28.14
E-0021115,2.314391,97.17,14.19,467.6,18.25,0.96,13.79,5.04,5.23
E-0021116,1.1770602,172.9,12.64,256.98,6.14,6.41,43.72,24.47,30.67
E-0021117,2.921402,77.71,23.04,268.49,5.16,1.9,6.46,1.83,5.27
E-0021118,2.5061307,100.1,20.8,263.15,8.89,2.07,8.83,3.35,6.38
E-0021119,1.7678267,131.96,12.97,357.54,3.41,7.66,16.05,4.82,12.68
E-0021120,3.0380888,38.04,21.34,207.38,2.97,3.54,4.62,2.14,9.9
E-0021121,1.614247,183.74,8.24,330.06,5.62,5.91,24.05,8.13,24.37
E-0021122,1.4909868,139.19,10.59,482.59,3.52,10.68,24.13,7.48,20.56
E-0021123,2.800853,121.09,74.12,376.77,7.61,1.94,10.92,15.47,9.08
E-0021124,2.729045,177.57,29.92,337.56,18.77,1.02,15.08,9.69,7.87
E-0021125,2.8430157,218.87,21.57,269.51,24.92,0.93,15.2,6.37,4.56
E-0021126,2.7926629,200.32,23.67,301.61,24.22,0.91,17.36,8.65,13.62
E-0021127,1.8795562,106.61,9.79,144.12,3.5,10.12,19.32,7.34,8.55
E-0021128,2.2086446,91,25.82,297.9,4.72,3.78,7.8,1.83,6.27
E-0021129,1.168034,216.23,6.6,46.81,2.02,18.07,36.75,24.27,34.56
E-0021130,1.4855709,192.74,13.43,261.7,10.88,4.83,22.26,13.94,21.61
E-0021131,1.4846759,193.01,13.52,262.05,10.74,4.87,22.56,14.21,21.81
E-0021132,1.4971576,192.86,13.65,268.81,11.2,4.58,21.9,13.68,21.67
E-0021133,0.6528922,203.75,6.31,113.61,3.6,11.81,31.38,12.33,33.99
E-0021134,0.28264242,147.99,4.88,83.67,0.86,29.51,11.42,3.77,20.17
E-0021135,2.7230437,79.04,14.12,264.6,12.76,1.05,8.88,1.35,3.34
E-0021136,1.4477701,134.88,11.76,114.45,6.15,7.05,27.62,12.75,14.99
E-0021137,2.7298772,24.35,15.19,406.31,13.18,1.06,5.92,1.01,1.43
E-0021138,0.23002905,184.68,6.4,104.33,2.8,18.12,23.5,9.97,30.3
E-0021139,1.5180532,121.5,10.09,101.89,5.93,6.12,24.52,10.6,14.7
E-0021140,1.9179639,85.34,9.42,142.83,10.07,1.59,24.81,10.2,18.22
E-0021141,-0.1997857,202.67,4.26,42.19,1.42,22.88,36.35,8.2,18.71
E-0021142,2.171368,184.47,15.67,203.54,9.55,1.27,11.78,4.25,9.1
E-0021143,1.4751667,205.27,12.49,121.7,9.09,2.21,33.19,14.92,24.09
E-0021144,2.2005517,99.43,18.43,282.3,10.56,2.65,18.29,6.4,9.66
E-0021145,3.131632,66.59,25.7,328.28,4.61,1.59,3.76,0.91,3.46
E-0021146,1.8043451,136.58,12.02,356.96,4.2,6.88,13.75,4.58,19.77
E-0021147,1.498157,117.04,9.43,289.56,2.02,11.97,14.66,5.88,18.35
E-0021148,1.7685843,143.38,11.97,400.37,1.98,14.18,11.36,4.04,17.03
E-0021149,2.3849876,77.7,15.28,168,5.3,8.98,10.88,4.95,19.58
E-0021150,1.8125156,197.11,7.95,235.41,2.35,10.47,22.53,8.43,25.66
E-0021151,1.2882496,159.71,10.91,221.01,6,6.17,30.75,11.66,11.77
E-0021152,1.6311045,132.35,11.79,204.4,5.44,5.11,25.9,7.85,7.1
E-0021153,1.6619364,132.26,7.46,60.97,4.46,5.73,34.78,14.33,12.93
E-0021154,2.035016,45.45,9.01,101.65,6.66,3.5,21.72,9.71,7.4
E-0021155,2.0244572,64.8,13.59,179.99,6.96,4.46,18.45,10.25,8.85
E-0021156,2.0881383,75.39,12.45,116.55,6.99,3.18,17.11,5.37,5.33
E-0021157,1.2723197,105.44,5.3,49.23,1.97,11.64,30.32,12.23,13.09
E-0021158,3.0062788,10.9,54.04,319.02,5.31,4.44,3.33,1.36,3.59
E-0021159,0.39435697,192.01,4.13,160.68,0.98,31.13,41.97,15.37,25
E-0021160,0.83807546,179.86,7.21,100.36,0.93,21.63,37.26,9.96,13.38
E-0021161,0.29827443,163,4,69.45,1.53,19.25,38.87,12.08,27.96
E-0021162,2.436163,67.47,38.95,410.75,10.73,2.02,7.14,11.04,8.17
E-0021163,2.08999,164.84,27.73,308.06,12.09,2.93,16.2,22.75,12.68
E-0021164,2.3784044,150.46,41.33,321.57,8.89,2.76,8.71,11.96,8.23
E-0021165,2.4734175,148.62,50.07,342.1,6.13,3.03,8.08,12.6,5.57
E-0021166,1.7723484,152.39,15.08,64.44,2.52,10.92,19.67,14.51,19.29
E-0021167,1.508349,173.59,9.56,70.04,2.33,11.38,25.37,19.89,28.17
E-0021168,2.571314,28.01,28.03,350.79,12.93,2.13,7.85,8.62,7.92
E-0021169,2.9383574,145.01,32.63,444.71,12.33,1.17,5.91,4.28,7.13
E-0021170,2.0435503,223.59,13.72,181.75,16.14,1.82,15.81,16.68,13.42
E-0021171,2.9996126,70.92,90.84,552.51,9.34,1.33,6.24,5.41,6.67
E-0021172,2.2251327,140.37,59.52,308.52,5.13,3.45,15.01,17.62,13.21
E-0021173,3.946186,4.46,126.52,407.98,0.9,2.4,0.91,0.39,0.8
E-0021174,2.0427372,251.89,20.53,306.58,12.06,1.45,22.5,8.02,8.47
E-0021175,2.743282,196.72,27.04,350.08,20.44,0.95,15.73,9,10.1
E-0021176,1.9595575,226.24,17.86,513.56,23.88,0.92,34.82,11.13,8.06
E-0021177,2.64382,141.42,25.02,369.68,14.86,1.13,6.51,5.57,14.04
E-0021178,2.4076688,110.49,19.49,192.72,15.34,1.1,8.91,9.85,4.63
E-0021179,3.024429,100.65,38.44,371.07,10.95,1.28,3.48,8.32,6.38
E-0021180,2.8029175,158.43,44.45,533.24,12.76,1.24,4.61,13.64,8.69
E-0021181,2.6076245,32.93,11.87,90.02,2.67,4.73,6.46,2.69,8.55
E-0021182,2.2702239,50.17,27.97,310.26,9.46,3.42,8.49,6.78,12.08
E-0021183,2.31572,50.22,29.89,335.25,10.2,2.68,8.1,6.57,11.97
E-0021184,2.0163891,85.17,16.04,236.52,4.54,6.23,10.91,4.64,6.69
E-0021185,2.526665,34.59,23.54,292.47,3.94,4.32,5.26,2.1,3.6
E-0021186,1.6430091,125.21,13.11,81.65,2.92,10.16,19.59,12.06,15.04
E-0021187,1.5855465,152.45,14.96,228.35,5.51,8.57,18.44,15.08,13.68
E-0021188,0.32185832,209.12,7.99,107.33,2.76,18.21,40.54,15.71,30.72
E-0021189,0.14017263,214.08,5.2,82.85,1.56,23.91,40.75,12.49,21.24
E-0021190,1.4633654,161.16,10.98,171.76,4.13,16.28,42.18,15.07,19.63
E-0021191,1.6435714,148.77,16.53,255.87,8.28,3.95,22.5,11.34,27.75
E-0021192,1.4538602,168.92,11.79,141.14,6.31,4.96,29.35,14.13,20.52
E-0021193,1.7121143,125.58,14.59,192.55,4.76,6.1,19.6,8.85,19.3
E-0021194,1.6816463,174.86,16.35,253.83,6.16,9.23,27.77,13.19,20.73
E-0021195,3.2593324,37.44,17.87,263.27,5.78,1.23,4.9,1.12,3.4
E-0021196,1.6916178,178.82,9.28,296.86,16.32,4.35,34.55,11.74,6.73
E-0021197,1.9876133,169.44,12.37,254.23,13.15,4.09,20.82,6.85,4.86
E-0021198,3.111146,14.49,20.39,218.79,3.69,4.75,4.87,0.37,1.69
E-0021199,1.756372,137.57,17.59,324.4,12.49,2.68,31.45,13.51,13.86
E-0021200,2.7673724,101.54,16.33,414.82,13.17,1.01,11.13,1.4,3.76
E-0021201,3.749776,26.77,20.97,346.55,3.62,1.08,1.66,0.13,1.15
E-0021202,2.780831,93.97,27.29,405.14,7.19,1.77,6.24,2.68,6.41
E-0021203,1.4027363,126.78,6.87,210.12,2.96,9.09,17.66,5.43,20.94
E-0021204,2.1749907,88.95,25.08,370.1,5.12,6.86,10.77,3.91,13.44
E-0021205,2.2778535,61.87,15.79,133.42,2.75,8.01,5.6,2.11,9.59
E-0021206,0.14278914,167.75,4.62,174.19,1.05,30.33,24.62,4.9,22.26
E-0021207,1.8018454,120.89,10.24,211.19,13.6,1.68,15.49,5.6,4.33
E-0021208,2.4437368,15.14,28.09,231.88,8.87,2.45,8.3,6.23,12.16
E-0021209,1.8842922,123.97,14.27,498.96,3.92,8.34,11.47,3.91,20.96
E-0021210,2.0474603,139.06,12.26,421.91,4.05,8.75,12.79,5.96,17.76
E-0021211,0.6192512,139.17,6.42,140.51,4.01,10.95,17.29,6.94,22.17
E-0021212,1.5400443,171.8,11.21,144.08,6.89,5.44,18.72,6.17,11.28
E-0021213,0.82146597,202.97,5.55,68.16,2.6,14.13,51.18,27.06,32.19
E-0021214,1.776765,148.28,16.67,170.97,7.23,5.05,18.83,7.52,12.06
E-0021215,2.017123,78.19,27.16,287.33,9.13,2.3,22.68,12.88,10.92
E-0021216,1.9433831,127.38,16.9,300.57,10.47,3.12,23.24,9.28,16.63
E-0021217,2.8166578,106.7,11.91,252.05,11.18,1.04,7.81,0.92,3.6
E-0021218,1.5949465,148.69,15.26,195.16,5.55,5.42,23.45,11.71,19.54
E-0021219,2.659336,81.17,17.01,325.41,14.6,1.02,5.27,2.11,2.41
E-0021220,1.5361549,184.26,16.37,187.07,4.39,10.64,27.86,17.16,26.04
E-0021221,1.8157635,125.32,15.58,256.5,8.63,2.59,20.26,10.4,27.38
E-0021222,1.7256974,128.23,12.83,181.79,6.3,4.03,20.88,10.2,19.81
E-0021223,2.4209306,168.98,12.75,193.97,6.35,1.97,12.34,3.14,5.68
E-0021224,4.074952,5.47,25.46,233,1.21,2.24,1.48,0.13,2.2
E-0021225,2.7006025,68.48,27.72,330.22,9.47,1.79,7.45,2.33,4.42
E-0021226,1.2470969,125.78,12.88,194.83,5.12,10.45,43.13,14.9,12.64
E-0021227,1.8486491,136.27,9.58,154.01,12.74,1.58,27.41,4.47,2.88
E-0021228,2.6099346,113.39,30.09,435.39,7.18,3.29,6.14,2.36,8.96
E-0021229,3.1967752,50.04,29.66,336.89,4,1.79,3.57,0.92,3.72
E-0021230,2.3767273,108.13,22.33,353.22,10.35,1.7,11.21,5.17,7.46
E-0021231,3.4642422,44.2,15.98,360.35,6.17,1.03,2.88,0.31,2.55
E-0021232,1.5828999,138.09,11.95,267.74,8.96,4.23,46.7,16.5,20.74
E-0021233,2.1553657,131.38,9.82,116.75,15.81,1.06,24.91,6.26,4.28
E-0021234,2.1285946,138.42,29.13,165.85,14.24,1.54,6.5,5.64,9.85
E-0021235,1.72376,149.29,9.78,241.62,2.81,9.96,16.54,5.15,12.6
E-0021236,1.8058532,151.37,10.53,251.28,2.9,7.72,16.5,5.18,12.55
E-0021237,0.15055227,179.16,5.33,106.19,0.99,26.98,19.79,4.19,20.28
E-0021238,2.0330334,126.52,11.98,377.62,3.77,12.19,9.8,2.71,13.48
E-0021239,2.6899297,22.86,25.83,253.26,10.3,2.36,4.64,3.83,10.89
E-0021240,2.9221284,11.67,24.27,242.36,10.05,1.93,3.62,2.78,10.19
E-0021241,1.9319453,158.52,9.25,390.23,5.89,3.54,21.75,6.12,17.42
E-0021242,0.28119695,193.79,3.5,92.46,1.74,16.83,23.3,5.94,28.33
E-0021243,2.9025373,41.49,30.15,714.97,8.22,2.68,7.02,2.66,13.57
E-0021244,2.1587539,112.42,18.98,296.47,2.83,3.54,8.66,3.9,5.33
E-0021245,1.6260424,139.5,10.62,137.07,6.54,3.55,26.56,12.02,19.35
E-0021246,2.999306,95.12,82.42,329.9,3.15,2.94,6.48,8.15,5.15
E-0021247,3.0305538,70.37,86.03,336.18,2.81,2.66,4.96,6.43,3.77
E-0021248,1.0275327,265.53,6.03,110.16,11.25,2.34,42.34,10.98,18.33
E-0021249,1.5172138,268.1,12.96,227.52,21.6,1.4,46.94,31.13,16.07
E-0021250,2.9591436,213.33,24.9,330.01,21.24,0.96,14.34,7.06,3.47
E-0021251,3.5335953,22.08,37.75,597.26,6.95,1.02,2.11,0.95,2.64
E-0021252,3.3037052,38.94,37.91,374.51,9.03,1.34,2.79,1.16,3.34
E-0021253,2.0958545,43.51,12.58,72.5,2.47,13.43,16.63,5.14,13.18
E-0021254,2.1980405,87.01,20.03,196.92,3.31,6.96,15.71,6.33,7.58
E-0021255,2.199321,133.23,24.4,216.33,9.2,2.29,13.71,6.32,6.78
E-0021256,2.5372524,27.02,15.68,134.97,7.18,2.14,8.47,3.16,6.8
E-0021257,2.758457,20.14,17.65,203.09,5.3,4.9,9.02,1.11,3.82
E-0021258,2.768757,79.37,22.7,285.61,6.53,1.95,8.14,2.61,6.67
E-0021259,1.1687835,192.62,13.91,79.81,3.83,14.92,42.09,24.59,32.82
E-0021260,2.07243,182.74,10.15,108.88,13.62,1.27,11.61,5.86,5.77
E-0021261,1.7397457,139.34,14.34,171.54,4.44,7.58,25.63,7.77,11.12
E-0021262,2.5263517,82.42,29.38,470.23,8.94,1.24,9.26,3.32,6.82
E-0021263,0.0045580636,220.7,5.77,28.72,1.27,24.76,62.86,32.24,42.82
E-0021264,1.6299306,129.36,11.97,203.68,8.54,2.34,22.12,9.35,13.19
E-0021265,1.7342825,101.78,12.25,227.28,5.66,4.87,15.5,6.14,9.01
E-0021266,2.0493462,77.61,13.15,234.28,5.41,4.42,12.51,3.3,5.2
E-0021267,1.538096,133.51,15.01,214.52,8.64,2.82,22.67,10.72,14.3
E-0021268,1.8939098,105.72,16.73,245.08,7.58,2.73,18.47,6.24,8.28
E-0021269,2.7519057,35.49,33.99,682.47,4.19,5.04,4.62,2.17,10.39
E-0021270,1.7302116,144.35,7.79,414.04,4.24,8.11,19.96,4.79,17.07
E-0021271,2.800452,11.4,26.69,284.79,11.68,1.43,8.12,5.83,13.79
E-0021272,3.3698318,29.74,25.55,488.62,6.66,1.25,9.12,1.04,5
E-0021273,1.9848477,92.53,11.71,150.79,10.69,1.76,21.12,14.08,21.78
E-0021274,1.8626381,107.93,13.62,174.86,10.8,2.35,23.99,16.82,24.66
E-0021275,2.6348162,51.24,30.5,320.96,6.22,2.22,7.24,6.06,8.68
E-0021276,1.5336903,163.15,13.46,262.11,6.86,3.22,26.7,15.4,21.87
E-0021277,1.9066106,90.79,10.06,220.26,9.9,1.86,14.43,7.96,17.49
E-0021278,2.6117368,57.01,34.1,247.04,4.53,3.19,8.83,3.98,4.93
E-0021279,3.9234526,12.56,80.67,497.25,3.51,1.59,1.22,0.34,0.67
E-0021280,3.694005,38.21,89.35,461.28,5.48,1.72,2.27,0.92,2.52
E-0021281,3.746622,9.24,111.42,547.7,3.03,1.5,1.2,0.63,1.79
E-0021282,3.8622591,15.28,74.66,579.18,3.75,1.35,1.38,0.35,1.36
E-0021283,3.6757915,11.72,67.34,593.37,4.99,1.31,2.33,0.65,2.25
E-0021284,3.2393074,75.83,44.21,447.01,9.72,1.16,4.4,1.94,6.84
E-0021285,3.3001516,42.47,92.41,482.4,8.33,1.4,2.37,2.21,4.88
E-0021286,2.1672714,200.25,42.23,226.21,4.35,5.23,18.3,13.73,8.24
E-0021287,2.381583,216.95,41.09,273.61,7.83,1.72,10.88,6.6,5.15
E-0021288,2.779315,110.33,58.6,361.56,3.68,3.55,6.71,4.19,10.82
E-0021289,2.2952118,162.78,32.06,262.95,6.13,4.8,17.73,13.9,7.65
E-0021290,2.8618147,71.05,117.12,518.97,9.67,1.73,11.93,15.51,10
E-0021291,2.1000614,136.1,35.39,193.87,6.16,3.05,17.02,16.02,7.92
E-0021292,2.6650782,151.95,88.25,360.04,8.62,1.84,11.2,14.16,10.23
E-0021293,2.9571178,32.39,34.89,539.4,14.8,1.1,4.68,5.07,4.88
E-0021294,3.0626185,26.04,28.83,581.18,15.68,0.96,5.11,1.98,3.2
E-0021631,2.3257458,168.63,44,395.32,15.28,1.37,13.36,13.81,8.05
E-0021632,2.2171185,197.27,26.32,337.99,19.28,1.23,18.47,10.02,10.61
E-0021633,2.725342,70.33,149.9,385.64,4.95,2.42,6.22,3.35,3.7
E-0021634,2.1279023,225.7,14.48,257.51,16.47,1.16,23.86,9.81,6.98
E-0021635,2.113754,163.42,57.41,171.67,5.17,4.71,18.49,17.27,12.78
E-0021636,2.1015587,162.34,58.69,158.28,4.69,4.96,19.53,18.08,13.3
E-0021637,2.753257,117.91,101.46,417.69,11.69,1.22,9,12.27,14.79
E-0021638,2.7311888,92.87,90.83,481.06,7.83,1.6,9.65,7.81,16.1
E-0021639,3.3048465,70.23,29.07,388.54,14.21,0.9,5.7,2.46,1.3
E-0021640,3.287751,14.77,123.01,445.64,6.38,1.34,2.42,1.3,2.03
E-0021641,2.2046406,59.21,21.78,260.75,3.69,3.74,12.58,5.37,10
E-0021642,2.3973129,40.74,18.92,263.51,3.42,3.1,10.65,4.29,9.01
E-0021643,1.7951226,126.18,17.66,213.08,8.7,4.26,16,10.03,18.01
E-0021644,0.96304554,121.39,13.73,150.33,4.48,12.61,15.77,6.3,20.68
E-0021645,1.4751076,157.8,16.69,245.54,7.31,7.79,35.3,15.05,20.77
E-0021646,2.5264356,138.86,18,285.9,8.26,1.4,13.76,2.38,4.96
E-0021647,1.0703862,167.48,10.6,159.12,3.14,18.85,50.43,18.3,18.5
E-0021648,3.4411669,19.05,33.44,301.85,2.11,2.4,1.54,0.44,3.71
E-0021649,2.1845605,95.92,7.62,361.93,22.23,0.98,8.27,2.54,12.65
E-0021650,1.6231445,145.96,10.58,100.2,7.16,4.58,24.68,7.7,13.63
E-0021651,2.2723165,134.96,13.47,395.33,4.4,6.34,13.73,2.93,12.01
E-0021652,2.9721768,65.44,14.01,297.05,2.02,5.93,4.48,0.7,5.31
E-0021653,2.0070837,95.9,13.54,225.71,7.41,2.11,16.72,4.91,7.8
E-0021654,2.2866302,34.45,8.86,131.36,9.4,1.74,16.51,7.32,7.02
E-0021655,2.8213923,34.52,27.07,757.11,6.67,4.65,5.83,1.87,12.54
E-0021656,1.9769698,126.95,22.88,317.01,3.15,4.25,9.8,5,5.8
E-0021657,2.819629,34.9,26.82,283.23,5.06,2.04,6.08,4.7,7.41
E-0021658,2.285134,130.34,18.3,321.43,2.64,3.05,10.12,4.49,9.08
E-0021659,2.0419066,158.18,20.82,295.85,3.26,4.11,11.73,5.97,10.11
E-0021660,1.6093278,146.91,10.55,233.68,7.31,2.28,24.74,12.87,19.73
E-0021661,2.786456,27.68,10.93,419.63,16.49,0.96,4.76,1.55,2.05
E-0021662,3.2330625,13.21,15.98,401.79,11.84,0.89,2.47,0.41,1.24
E-0021663,3.4696133,11.21,15.78,502.12,8.62,0.91,1.21,0.47,3.92
E-0021664,3.4653213,11.85,16.38,321.88,8.12,1.03,2.02,0.37,1.2
E-0021665,1.6096277,169.04,15.23,217.56,6.61,5.26,21.74,9.9,20.01
E-0021666,1.5482297,108.41,8.34,86.71,1.85,4.57,8.91,2.68,5.39
E-0021667,2.7486448,56.61,29.09,221.26,3.34,2.88,8.84,3.2,5.05
E-0021668,1.2762783,168.98,6.33,112.29,2.6,6.5,27.53,10.13,9.34
E-0021669,3.008299,7.26,24.31,135.28,0.87,36.36,2.3,0.38,0.65
E-0021670,3.1658735,6.72,25.59,137.99,0.89,31.44,1.88,0.33,0.74
E-0021671,3.2334402,6.63,22.59,129.13,0.92,30.11,1.55,0.32,0.7
E-0021675,2.830673,106.48,39.76,270.73,12.63,1.34,4.04,5.73,3.38
E-0021677,2.9073994,77.85,37.1,321.61,11.21,1.26,5.49,4.7,6.07
E-0021679,3.972627,13.61,172.02,415.09,1.49,2.46,0.9,0.54,3.49
E-0021680,2.6772223,65.53,26.96,297.57,20.38,1.03,4.87,10.32,9.94
E-0021681,2.5007074,170.09,31.68,325.54,18.25,1.33,13.31,8.23,3.93
E-0021682,2.8434317,128.64,90.51,437.51,6.18,2.47,12.62,14.36,8.28
E-0021683,2.8853312,150.59,92.91,367.88,5.78,2.18,11.02,12.84,9.25
E-0021684,2.7048671,96.5,90.16,481.73,8.2,1.6,9.94,8.39,16.57
E-0021685,3.2133234,105.26,25.51,312.35,15.63,0.92,5.82,3.8,1.42
E-0021686,2.4438486,139.66,12.13,581.28,15.18,1.18,7.55,2.06,2.44
E-0021687,3.1253574,35.07,83.53,426.35,5.01,1.61,4.05,2.59,6.57
E-0021688,2.5589106,112.8,25.12,622.69,11.25,1.3,5.57,2.91,4.97
E-0021690,1.1098313,226.44,3.33,79.14,10.41,5.59,47.19,24.97,41.88
E-0021691,1.113239,226.43,3.35,79.12,10.46,5.5,47.03,24.83,41.86
E-0021692,1.5578514,176.57,5.54,141.14,16.3,2.91,35.08,15.1,18.3
E-0021693,0.9358713,112.56,5.68,104.06,9.93,2.01,32.13,20.37,17.18
E-0021694,0.7496388,220.55,1.39,38.96,6.39,4.95,64.83,51.51,67.29
E-0021695,0.4449173,177.67,2.33,55.2,2.11,15.99,32.44,16.63,22.87
E-0021696,1.285213,124.92,4.64,54.61,2.95,13.27,17.76,14.42,19.7
E-0021697,0.39470777,193.6,2.32,33.83,1.75,16.23,37.1,26.37,29.2
E-0021698,0.9403389,180.33,4.65,163.97,3.85,11.53,26.93,10.88,10.25
E-0021699,2.197426,26.97,12.72,175.25,5.28,3.75,12.45,6.92,4.92
E-0021700,1.0995201,211.62,5.24,73.45,6.25,4.51,27.37,13,15.32
E-0021701,2.2876823,21.21,10.63,160.83,5.59,2.97,11.18,5.7,4.93
E-0021702,1.5779048,114.39,16.09,221.54,5.36,7.1,16.09,7.82,9.6
E-0021703,1.9117786,92.73,16.92,235.5,5.09,6.89,13.18,4.29,5.49
E-0021704,2.0460534,75.01,12.23,171.01,4.93,2.94,9.43,3.04,6.94
E-0021705,2.5212798,51.21,15.79,335.31,7.04,1.86,4.23,3.92,12.15
E-0021706,1.6743445,178.4,5.05,240.52,17.47,1.22,7.34,4.46,9.28
E-0021707,2.7864525,36.71,12.04,558.12,14.91,1,2.4,1.89,8.33
E-0021708,1.8938117,120.77,26.12,263.67,6.04,4.74,13.9,6.06,14.11
E-0021709,1.6279535,232.65,4.22,365.49,17.13,1.27,13.63,5.44,6.75
E-0021710,1.7066364,218.15,3.98,251.11,16.13,1.55,12.34,4.9,7.37
E-0021711,1.9106933,172.59,6.5,382.14,14.65,1.31,9.18,2.39,3.38
E-0021712,2.1088634,159.71,6.13,294.57,14.74,1.54,9.13,5.53,5.42
E-0021713,1.9411098,142.54,5.8,424.15,14.08,2.53,13.37,7.37,9.31
E-0021714,2.0139644,194.45,8.14,499.47,17.6,1.45,8.92,3.69,8.74
E-0021715,1.8009003,226.31,5.02,644.8,19.3,1.22,11.52,6.85,9.42
E-0021716,1.2262214,223.19,2.98,216.76,9.21,3.17,28.59,8.34,11.93
E-0021717,0.07053923,245.07,1.65,49.59,2.32,13.49,30.61,7.9,8.4
E-0021718,2.399191,46.58,13.5,162,7.35,1.55,15.02,4.39,7.57
E-0021719,1.7112675,122.34,6.86,86.26,7.33,2.03,9.43,9.11,11.46
E-0021720,1.1636821,240.82,1.95,74.76,6.35,6.58,14.38,12.03,13.81
E-0021721,1.1773893,240.69,1.99,75.22,6.43,6.18,13.83,11.41,13.67
E-0021722,1.893323,155.21,10.45,165.95,10.1,2.01,28.82,14.19,22.54
E-0021723,1.8919345,155.3,10.49,165.03,10.12,2.03,28.74,14.33,22.67
E-0021724,2.1757429,146.99,11.46,212.47,7.3,2.16,25.86,11.81,20.12
E-0021725,1.8468308,106.52,15.25,135.54,7.19,4.58,18.35,6.67,6.6
E-0021726,2.3497727,82.39,16.23,280.52,8.27,3.07,16.37,4.67,9.81
E-0021727,3.0924683,34.34,23.81,224.17,5.05,2.9,5.41,1.29,2.25
E-0021728,2.956991,42.49,27.77,236.12,5.2,2.35,6.26,1.82,2.2
E-0021729,3.5389216,14.42,127.76,304.56,2.66,1.85,1.25,1.6,2.6
E-0021730,3.9929345,9.71,28.85,557.19,3.56,1.22,1.2,0.34,1.3
E-0021731,3.1285403,160.42,80.19,388.3,4.17,1.45,6.42,2.42,4.66
E-0021732,2.5790415,120.44,86.8,351.25,3.5,3.16,10.86,6.22,9.1
E-0021733,2.7925837,135.5,86.65,413.59,5.98,2.81,13.69,15.34,8.58
E-0021734,2.862188,151.39,91.26,365.98,6.19,2.27,11.33,13.48,9.26
E-0021735,1.3849016,263.01,11.58,362.02,16.02,1.59,30.09,10.38,10.75
E-0021736,2.7878244,219.81,16.81,289.31,22.02,0.95,8.72,5.59,10.1
E-0021737,1.8469296,261.82,4.27,79.13,25.74,1.16,25.81,28.13,14.4
E-0021738,2.2570262,260.08,12.82,302.6,20.41,1.01,18.19,6.1,3.96
E-0021739,2.5592897,113.89,16.74,510.46,12.13,1.31,6.53,3.51,5.88
E-0021740,3.1553018,23.84,29.47,531.33,16.11,1.04,4.26,2.33,1.89
E-0021741,1.9386948,233.79,26.33,330.56,9.65,1.82,13.72,7.88,5.89
E-0021742,2.8765547,196.03,60.25,413.07,2.92,2.02,4.11,1.76,2.92
E-0022435,2.287506,45.58,13.68,111.9,3.65,5.02,15.98,5.46,15.99
E-0022436,1.7842206,45.54,5.46,27.37,4.93,4.11,25.53,13.12,15.64
E-0022437,1.5967349,137.09,16.17,213.61,4.54,6.96,30.75,8.86,17.95
E-0022438,3.7954733,25.86,29.59,252.6,1.8,1.8,1.39,0.2,1.95
E-0022439,2.4072502,67.73,16.58,353.44,17.01,0.87,14.99,5.05,3.17
E-0022440,3.1180642,39.3,19.8,387.46,11.09,0.91,3.83,0.78,1.21
E-0022441,1.0574378,200.74,6.15,69.82,2.41,12.01,21.55,7.91,13.51
E-0022442,2.1459212,112.42,8.34,124.66,1.92,5.03,6.58,1.64,6.06
E-0022443,2.3239613,78.09,11.24,95.83,3.56,2.93,7.49,4.39,6.7
E-0022444,0.5177325,238.82,2.06,60.21,2.8,9.41,18.2,5.39,13.08
E-0022445,1.2796243,184.02,4.01,41.09,5.82,2.16,8.92,1.95,4.26
E-0022446,2.2813518,52.16,16.94,187.04,7.94,1.96,16.26,5.59,7.92
E-0022447,2.0514922,81.44,9.98,254.22,22.47,1.06,9.96,9.09,4.36
E-0022448,1.7776256,153.61,14.23,188.9,9.8,2.75,30.07,15.97,23.61
E-0022449,1.7819195,154.36,14.38,188.01,9.8,2.62,29.88,16.05,23.75
E-0022450,2.0069702,144.34,15.48,236.53,7.94,2.76,26.37,13.35,20.51
E-0022451,2.747741,48.21,16.28,163.06,3.49,2.31,7.35,3.32,7.42
E-0022452,2.190202,55.94,10.95,142.45,3.61,5.4,16.7,4.83,13.97
E-0022453,1.9114467,64.07,6.35,105,7.43,3.86,21.75,15.08,18.04
E-0022454,2.4848106,54.85,21.46,378.38,7.27,2.21,4.99,5.96,12.63
E-0022455,2.13679,147.24,6.63,430.3,14.54,1.33,8.34,3.47,2.96
E-0022456,1.5677751,188.42,3.79,593.76,12.08,2.35,21.03,6.58,5.24
E-0022457,1.5901572,120.04,10.58,185.66,8.13,2.87,18.12,5.59,11.77
E-0022458,2.336547,46.32,21.03,158.62,3.37,2.78,12.51,3.93,4.83
E-0022460,2.551429,152.53,57.02,399.97,5.91,2.65,9.1,6.26,4.16
E-0022461,3.141897,37.6,95.76,385.28,5.44,1.52,5.19,4.99,2.02
E-0022462,1.5943689,258.5,16.85,329.07,14.48,1.69,22.74,8.99,8.74
E-0022463,1.8032112,244.8,14.39,333.12,16.28,1.52,19.94,7.04,3.87
E-0022464,1.8386173,239.96,19.44,329.92,11.28,1.66,17.16,10.75,7.58
E-0022465,2.8212445,146.28,26.1,398.28,17.6,1.07,7.44,5.11,15.84
E-0022466,2.9801702,64.34,49.62,407.69,8.93,1.69,4.01,3.35,4.78
E-0022469,1.7036304,148.75,18.77,309.84,7.24,5.04,34.36,11.51,13.48
E-0022470,3.2852533,35.28,39.04,449.09,3.67,1.53,2.31,0.59,3.79
E-0022471,1.3236307,166,11.37,96.81,3.88,9.03,27.53,12.75,24.58
E-0022472,0.40460157,192.94,7.92,218.98,28.08,1.21,30.17,30.37,26.74
E-0022473,2.3331187,79.73,15.99,281.98,6.7,2.21,12.99,4.79,9.62
E-0022474,2.107145,58.31,11.72,137.34,9.57,1.44,17.95,6.52,13.44
E-0022475,1.3066181,87.81,7.83,33.15,18.83,1.27,54.86,29.73,86.15
E-0022476,2.3016858,64.99,7.03,319.77,21.09,1,6.98,3.12,10.75
E-0022477,3.2831075,13.14,21.88,895.87,14.01,1.04,1.98,0.37,1.32
E-0022478,0.86522,208.74,2.98,50.38,6.89,2.86,27.79,11.61,17.68
E-0022479,1.6095704,138.39,5.27,251.47,12.27,3.37,24.83,9.91,5.33
E-0022480,1.8605598,177.91,12.71,346.51,17.47,1.42,12.45,9.64,4.12
E-0022481,1.8294395,115.49,13.18,213.94,10.25,2.45,16.8,10.6,18.16
E-0022482,2.2207732,89.33,12.17,147.75,4.84,3.92,13.27,7.25,14.64
E-0022483,2.579986,65.97,20.53,164.23,4.63,2.72,8.57,4.74,7.66
E-0022484,2.4437225,65.15,8.87,143.59,3.93,2.96,12.03,5.9,14.06
E-0022485,2.2136667,95.64,13.85,202.84,9.77,1.93,11.86,9.63,18.23
E-0022486,2.4599073,58.71,13.49,167.31,2.69,5.56,9.52,4.08,12.48
E-0022487,2.0707595,56.51,7.97,138.19,4.7,4.08,10.33,6.79,11.63
E-0022488,2.3476717,34.51,11.9,190.94,9.46,1.76,13.65,6.46,7.77
E-0022489,1.5926644,96.44,5.16,86.04,4.73,4.77,27.07,13.19,15.78
E-0022490,1.9860168,90.56,17.83,156.46,6.73,2.91,13.94,7.33,10.65
E-0022491,2.0353005,143.01,13.01,173.27,9.39,2.18,22.94,14.74,27.14
E-0022492,2.0441732,142.68,13.27,175.48,9.62,2.01,22.71,14.47,26.96
E-0022493,0.5855401,212.05,2.83,15.39,1.36,9.82,38.92,17.56,30.58
E-0022494,1.264378,168.48,4.57,50.74,8.59,1.85,16.93,4.22,8.16
E-0022495,2.8265254,20.91,32.96,151.23,8.4,1.48,11.61,5.13,13.41
E-0022496,1.7257417,134.5,11.31,188.37,11.03,2.55,21.96,7.93,14.75
E-0022497,1.6987456,137.09,11.14,181.95,10.83,2.75,22.73,8.23,14.86
E-0022498,2.7907712,78.39,53.41,327.47,10.9,1.37,4.38,9.1,7.67
E-0022499,2.3964572,101.29,44.73,271.82,13.83,1.49,8.69,11.73,6.8
E-0022500,2.930732,93.92,75.87,351.76,8.02,1.55,5.75,5.79,4.7
E-0022501,2.270157,201.39,38.92,356.13,17,1.32,15.76,10.28,8.4
E-0022502,2.3797152,155.98,96.17,295.78,3.98,4.62,11.1,8.83,8.06
E-0022503,2.2391331,159.1,58.83,186.7,2.8,6.75,14.06,14.55,14.03
E-0022504,2.2358384,161.73,56.86,186.99,2.84,7.17,14.37,15.09,14.01
E-0022505,2.39945,242.5,14.3,372.79,20.41,1.02,15.66,5.18,9.11
E-0022506,2.441394,231.54,21.76,406.71,15.01,1.09,13.91,6.21,4.86
E-0022507,2.0133252,218.65,15.34,178.91,9.34,4.19,21.89,9.88,6.35
E-0022508,2.3523555,181.45,13.7,533.56,14.56,1.18,8.6,3.06,5.1
E-0022509,2.1849186,193.25,10.63,758.37,16.18,1.06,10.96,2.66,4.33
E-0022510,3.6367657,4.31,70.41,571.33,4.47,1.11,1.61,0.83,1.53
E-0022511,1.9927797,77.67,17.09,243.58,8.11,2.48,12.84,10.08,20.2
E-0022512,-0.260471,224.17,3.69,83.59,12.01,7.06,62.13,75.82,76.08
E-0022513,2.2678754,72.21,8.97,233.74,13.87,1.1,8.6,2.54,6.28
E-0022514,2.3403323,51.97,10.58,430.26,18.31,0.97,7.6,4.69,9.08
E-0022515,1.1158785,228.75,3.96,203.46,7.78,3.67,22.66,6.19,10.72
E-0022516,1.720307,207.58,5.54,459.76,21.44,1.14,23.4,7.67,16.86
E-0022517,1.0860096,165.59,5.99,62.19,4.21,4.12,25.28,8.15,20.15
E-0022518,2.6931803,60.96,23.55,334.42,3.7,2.39,4.03,2.61,6.81
E-0022519,2.1891818,99.33,12.71,191.15,7.06,2.62,11.86,6.54,12.99
E-0022520,2.1256092,113.92,16.97,228.91,9.56,2.65,13.81,12.17,18.51
E-0022521,2.3456275,74.99,9.57,187.45,6.77,1.98,10.13,5.14,13.17
E-0022522,2.6510246,61.49,12.87,131.34,3.02,2.16,8.66,2.22,7.56
E-0022523,2.6385953,61.17,12.56,128.87,3.08,2.23,8.79,2.33,7.65
E-0022524,2.7911282,26.5,12.51,175.98,4.41,2.39,5.88,5.78,7.61
E-0022525,2.1826527,61.97,8.29,167.58,6.93,3.61,10.93,8.77,17.8
E-0022526,1.4808928,123.18,9.05,123.61,11.43,1.64,36.93,22.02,44.08
E-0022527,2.6216948,68.94,18.53,454.21,15.47,1.38,12.9,4,5.68
E-0022528,1.5150121,192.5,5.48,197.07,15.81,3.9,29.09,8.18,6.89
E-0022529,3.0435407,28.29,32.24,308.13,2.3,2.58,2.66,2.21,6.73
E-0022530,1.3794403,163.69,1.9,40.52,6.02,9.73,14.42,8.14,11.95
E-0022531,1.8742696,163.82,4.97,122.08,7.2,10.5,13.07,7.43,7.17
E-0022532,3.069604,31.71,19.91,456.65,12.59,1.12,3.17,1.05,6.13
E-0022533,3.225336,7.39,28.93,195.47,7.08,1.19,7.78,2.71,10.33
E-0022534,3.461335,9.09,35.64,274.93,2.47,1.69,1.49,1.21,10.66
E-0022535,2.7060678,59.16,22.84,385.54,5.2,1.96,3.94,4.54,11.39
E-0022536,2.678963,59.73,29.29,448.83,4.87,2.45,4.47,6.69,12.35
E-0022537,2.7493942,29.28,36.67,115.05,6.1,2.02,10.33,3.57,11.25
E-0022538,2.0932858,75.32,16.86,162.54,4.16,3.23,17.37,8.27,23.76
E-0022539,2.0990136,73.22,9.09,112.91,8.18,1.86,25.81,10.4,14.19
E-0022540,2.107907,227.57,43.98,417.25,7.53,2.05,14.11,5.37,4.82
E-0022542,2.5173004,227.49,19.2,442.93,16.98,1.03,14.65,5.69,7.05
E-0022543,1.4505812,251.76,14.9,108.05,7.6,4.36,26.01,12.92,17.78
E-0022544,1.8301444,239.42,20.06,185.28,7.59,3.69,25.56,13.24,14.12
E-0022545,2.7575207,125.19,49.81,707.36,7.27,1.57,5.38,1.91,4.31
E-0022546,2.9953701,29.87,33.02,535.73,13.25,1.06,4.86,3.24,3.85
E-0022547,3.5445967,4.5,49.31,409.73,6.98,1.13,1.58,0.83,1.39
E-0022548,2.3328364,194.29,57.46,307.31,6.42,3.77,11.57,8.95,7.22
E-0022549,2.3715246,191.01,55.24,302.65,6.32,3.21,10.71,7.41,7.07
E-0022550,3.02117,122.05,51.93,376.97,12.77,1.37,3.8,4.39,8.35
E-0022551,2.0421538,264.11,14.84,242.1,19.75,1.12,27.2,7.83,4.36
E-0022552,1.7875892,230.76,22.2,228.06,7.13,4.28,26.83,17.92,12.08
E-0022553,0.96698374,243.26,8.9,70,6.68,6.28,41.92,27.07,9.53
E-0022554,1.7815839,250.13,23.86,283.23,7.61,2.62,32.73,11.84,12.93
E-0022555,1.8235292,250.84,26.34,229.45,9.99,2.66,31.98,15.19,14.36
E-0022556,1.8297533,229.49,32.29,344.81,9.77,2.42,24.87,6.24,21.9
E-0022557,2.845393,240.41,67.3,372.72,2.75,1.86,6.21,1.63,4.97
E-0022558,2.039715,72.51,12.94,210.44,8.61,1.99,10.83,7.43,19.26
E-0022559,2.3513896,50.02,17.67,238.22,6.2,1.59,7,4.31,12.08
E-0022560,2.8915327,27.89,24.47,252.01,4.29,1.67,4.19,1.79,6.33
E-0022561,2.7984817,27.8,30.27,297.37,4.92,2.02,4.83,2.89,6.55
E-0022562,2.1323104,49.3,8.94,118.54,4.94,3.16,10.82,7.65,19.07
E-0022563,2.137399,50.33,9.25,123.74,5.24,2.93,10.54,7.45,18.91
E-0022564,1.9998239,49.62,7.01,79,5.86,2.57,21.84,10.5,16.75
E-0022565,2.0425704,75.04,11.48,150.01,9.57,1.32,21.66,8.8,16.18
E-0022566,2.640613,81.47,18.56,281.07,3.52,2.75,5.21,2.23,8.09
E-0022567,3.3931065,23.65,30.06,397.86,8.08,2.08,2.95,1.11,3.13
E-0022568,2.5619752,60.81,17.86,338.8,6.98,2.43,6.49,5.07,11.93
E-0022569,3.14761,24.04,24.37,283.88,1.53,2.47,2.44,1.3,6.57
E-0022570,3.377593,23.78,25.83,250.87,1.66,2.57,2.1,1.12,4.57
E-0022571,2.7378953,39.39,15.96,432.76,16.88,0.98,9.59,2.66,5.88
E-0022572,2.3617194,133.33,15.42,246.18,12.2,2.93,5.74,2.38,5.27
E-0022573,3.115648,19.38,50.63,228.07,6.97,1.52,9,5.56,14.74
E-0022574,3.5762205,6.28,53.72,195.23,2.61,1.56,3.51,0.99,6.13
E-0022575,3.455466,8.72,45.08,258.77,4.95,1.24,5.59,3.12,11.42
E-0022576,3.8133438,3.24,42.56,194.65,1.5,1.58,2.46,0.64,5.75
E-0022577,3.1463149,10.35,31.97,142.9,5.67,1.45,7.11,2.22,9.54
E-0022578,2.078683,142.37,10.02,154.9,7.76,2.28,23.16,11.33,14.19
E-0022579,2.0844991,142.59,10.05,157.01,7.89,2.2,23.1,11.34,14.46
E-0022580,1.8953525,120.03,9.83,188.1,7.75,2.23,20.57,9.75,16.96
E-0022581,1.7518095,139.07,12.82,201.06,6.08,3.68,18.1,14.36,20.99
E-0022582,1.4507217,147.18,8.71,143.58,7.58,5.13,21.48,10.92,18.02
E-0022583,2.3644712,99.05,24.62,297.82,5.93,3.77,11.52,2.8,5.43
E-0022584,1.7491155,119.07,12.62,177.27,8.86,3.72,17.1,9.34,10.28
E-0022585,1.9944187,105.54,17.57,242.17,8.21,2.1,15.83,6.97,8.69
E-0022586,1.8960648,114.56,19.64,240.29,8.72,2.66,16.98,8.56,9.16
E-0022587,0.97177315,142.32,5.82,77.07,16.26,1.27,46.8,16.39,15.86
E-0022588,2.615612,46.51,25.32,167.58,2.34,3.75,9.03,4.36,11.62
E-0022589,2.251301,84.57,21.39,187.99,3.4,4.56,13.65,10.1,25
E-0022590,1.6410928,162.35,8.37,159.99,13.35,1.89,22.71,11.18,21.59
E-0022591,1.6416186,162.28,8.35,160.54,13.46,1.86,22.75,11.17,21.45
E-0022592,1.9447144,156.29,9.85,168.24,12.85,1.88,15.69,11.84,22.36
E-0022593,1.9668981,155.82,10.13,174.29,12.83,1.78,15.11,11.26,22.23
E-0022594,2.1826112,125.4,12.65,163.5,7.34,2.01,22.64,8.86,14.4
E-0022595,2.1321907,129.69,12.82,157.24,7.26,2.24,23.21,9.24,15.25
E-0022596,1.919757,91.25,11.88,136.51,8.15,2.41,27.9,12.29,14.96
E-0022597,2.2390268,80.8,16.61,205.69,7.19,2.21,10.01,8.4,17.31
E-0022598,2.1663272,82.68,20.62,259.13,7.77,2.51,11.46,10.32,18.66
E-0022603,2.4442356,76.76,16.71,171.72,4.85,1.79,12.09,7.09,13.34
E-0022604,2.365263,45.54,12.69,195.02,5.82,1.73,8.81,4.03,9.68
E-0022605,3.146469,13.21,39.83,165.56,5.7,1.67,4.76,3.03,12.11
E-0022606,3.3419201,18.37,59.46,205.48,4.54,1.77,3.35,3.42,13.57
E-0022607,3.632434,7.71,51.19,160.17,1.42,2.34,1.95,1.03,8.12
E-0022608,3.3435762,14.85,51.31,255.25,3.78,1.87,2,1.9,11.34
E-0022609,3.5200565,10.08,44.03,216.66,2.62,1.63,2.46,2.43,12.94
E-0022610,3.7467248,4.41,37.67,164.46,1.13,2.1,1.63,0.75,8.04
E-0022611,1.9979187,139,18.73,203.56,11.46,2.37,11.19,10.71,17.84
E-0022612,2.4493005,83.15,20.3,153.75,3.54,2.64,7.15,3.35,6.98
E-0022613,1.9501328,137.06,14.02,234.76,7.55,2.55,12.53,6.62,13.93
E-0022614,1.7003746,152.33,17.35,298.92,11.87,3.11,16.34,10.21,19.6
E-0022615,2.8229408,23.8,30.89,378.79,15.13,1.01,6.99,2.7,6.42
E-0022616,1.8726784,226.13,24.47,314.71,4.23,3.98,24.58,7.6,7.07
E-0022617,1.7512412,222.37,17.31,245.77,8.16,4.07,21.42,5.87,7.63
E-0022618,1.9479656,249.92,6.27,924.83,16.34,0.99,17.32,6.01,25.66
E-0022619,1.3088816,236.77,19.57,112.36,6.4,4.68,43.47,17.28,17.7
E-0022620,1.3131452,236.58,19.63,112.6,6.37,4.66,43.36,17.29,17.7
E-0022621,1.7697879,249.93,25.41,242.6,10.39,2.93,32.64,15.83,14.67
E-0022622,1.8309616,229.87,32.63,353.14,9.81,2.36,25.04,6.27,21.8
E-0022623,3.0868704,142.75,100.93,342.76,1.75,2.44,5.87,1.33,6.26
E-0022624,2.6801603,177.65,69.73,282.3,1.65,2.74,5.61,1.74,6.07
E-0022625,2.162288,228.3,58.39,304.97,1.6,4.28,12.07,1.62,6.73
E-0022626,3.3601007,72.69,53.01,340.89,0.94,3.36,3.21,0.93,2.53
E-0022627,1.4480338,141.44,8.76,171.64,10.61,2.61,20.34,10.38,18.4
E-0022628,2.3348668,62.95,9.79,172.72,17.02,0.92,3.47,2.97,18.8
E-0022629,2.4815109,28.74,13.62,232.4,8.81,1.5,7.7,5.73,10.01
E-0022630,2.4418173,25.4,26.78,133.6,5.03,3.3,5.61,2.88,14.98
E-0022631,1.7436045,125.88,15.27,287.66,11.21,2.46,14.06,9.14,18.74
E-0022632,1.4789077,178.39,10.44,219.62,11.91,3.41,19.55,12.79,27.64
E-0022633,1.4945368,178.49,10.59,223.07,12.08,3.21,19.24,12.44,27.5
E-0022634,1.7796044,184.67,12.67,276.37,12.42,2.88,14.6,14.05,26.36
E-0022635,1.8257421,185.2,13.27,286.03,12.94,2.25,13.75,13.57,26.72
E-0022636,2.5033135,91.82,17.52,190.56,2.74,2.66,8.47,3.07,8.46
E-0022637,2.493427,90.98,17.29,187.42,2.81,2.73,8.49,3.25,8.47
E-0022638,1.7197863,183.16,12.79,270.76,10.22,3.01,18.57,10.44,18.52
E-0022639,1.7366022,183.43,12.98,271.94,10.31,2.79,18.15,10.08,18.39
E-0022640,2.8275223,54.7,16.48,288.9,4.36,2.82,4.14,3.16,10.2
E-0022641,1.6198534,103.78,8.98,232.33,4.93,6.78,6.44,4.33,14.52
E-0022642,2.7171881,59.46,20.56,319.23,4.98,3.35,4.82,4.48,9.8
E-0022643,1.2218806,134.78,9.31,205.64,3.3,11.03,9.57,6.72,18.78
E-0022658,1.7865952,250.17,6.33,104.76,14.25,1.67,30.34,14.47,18.75
E-0022659,2.9288585,19.51,56.36,488.37,12.83,1.1,4.58,3.37,4.69
E-0022660,2.1543,232.91,9.36,280.58,13.31,1.71,11.22,4.54,20.69
E-0022661,2.1177473,148.97,12.39,325.5,16.05,1.12,12.6,3.16,7.25
E-0022662,1.462952,217.33,21.74,114.11,3.73,6.3,36.51,11.87,14.95
E-0022663,1.4541243,218.03,21.09,107.85,3.69,6.25,37.06,12.45,14.88
E-0022664,2.0587244,206.17,48.42,463.49,9.03,2.53,27.77,13.9,16.91
E-0022665,1.7654394,249.73,23.11,282.81,7.48,2.61,34.05,13.02,13.78
E-0022666,3.253576,194.65,72.26,490.28,2.11,2.02,4.62,1.08,3.55
E-0022667,3.5317647,72.84,89.6,339.79,0.77,3.4,2.76,1.04,3.28
E-0022668,3.4363213,120.35,110.59,447.54,2.22,1.86,3.41,1.63,4.46
E-0022669,2.1922038,241.16,6.99,518.95,18.87,1.01,13.73,4.22,9.25
E-0022670,2.6957767,229.05,33.58,337.25,3.49,1.86,6.38,1.78,1.85
E-0022671,2.5455923,92.69,23.43,259.76,11.95,1.46,9.93,5.01,7.63
E-0022745,2.9971411,18.99,18.03,172,2.69,2.11,4.26,2.44,6.19
E-0022746,1.259241,119.74,8.22,134.86,6.22,4.89,33.1,17.01,35.56
E-0022747,0.17854841,139.51,4.15,62.4,1.55,19.3,34.26,13.7,46.99
E-0022748,2.3258421,55.34,19.39,175.05,3.15,3.85,18.09,8.44,14.76
E-0022749,3.0248642,8.43,41.69,188.2,3.7,3.53,2.92,1.31,8.28
E-0022750,3.2413046,19.83,37.76,175.91,4.87,1.81,4.48,2.41,10.88
E-0022751,3.036988,29.48,40.5,162.29,3.44,2.7,5.7,5.83,17.85
E-0022752,1.5408252,113.76,8.33,124.9,4.49,5.06,27.35,11.93,30.33
E-0022753,3.2447565,19.93,37.57,176.77,4.84,1.8,4.45,2.37,10.92
E-0022754,3.5965598,7.46,40.5,155.4,1.44,2.52,2.02,0.83,9.14
E-0022755,3.618469,7.34,40.48,155.29,1.39,2.45,1.96,0.77,9.1
E-0022756,3.3734322,12.69,34.04,183.07,2.56,2.32,2.8,2.13,8.32
E-0022757,3.390564,12.75,33.67,183.38,2.57,2.23,2.73,2,8.28
E-0022758,3.2227733,25.6,50.68,228.5,6.48,1.8,3.82,4.16,16.55
E-0022759,3.229407,25.37,51.24,229.01,6.3,1.86,3.77,4.07,16.27
E-0022760,3.0782459,56.14,18.39,235.98,1.86,3.03,3.16,1.22,5.25
E-0022761,1.7351018,76.43,9.42,186.51,2.52,7.62,4.4,1.47,9.17
E-0022762,2.6337388,26.72,38.91,137.5,5.07,3.54,12.67,8.61,19.82
E-0022763,1.6912917,54.18,19.29,79.24,4.06,8.58,16.11,10.37,30.55
E-0022764,2.9717636,19.53,41.86,156.53,3.29,3.15,7.96,5.56,18.16
E-0022765,3.1988046,13.74,59.49,170.62,2.11,3.06,6.26,4.61,14.7
E-0022766,3.037219,20.79,52.98,202.72,6.16,1.89,3.78,2.74,12.06
E-0022767,3.2094927,19.93,48.24,181.64,3.6,1.85,3.26,1.85,9.78
E-0022768,3.4632235,12.24,55.7,155.71,1.68,2.42,1.77,0.92,7.8
E-0022769,3.268604,21.27,68.14,199.48,4.64,1.73,2.53,2.64,11.63
E-0022770,2.8114526,32.07,61.85,245.63,5.42,2.81,5.11,7.22,24.07
E-0022771,1.9077121,84.77,19.05,107.77,6.23,3.83,11.95,6.16,21.67
E-0022772,1.8589177,86.49,18.6,105.24,6.28,4.62,12.55,6.55,21.93
E-0022773,2.4036448,39.9,37.31,139.35,6.05,3.79,3.92,2.56,13.51
E-0022798,2.497314,75.92,35.24,328.67,12.2,1.29,8.18,4.25,5.87
E-0022799,2.4149976,96.78,18.03,260.84,17.1,1.07,11.92,3.74,8.88
E-0022800,1.6491894,200.96,8.6,266.52,15.9,1.25,18.95,3.99,7.82
E-0022801,1.6012012,251.35,9.96,223.3,14.44,1.86,27.37,9.22,7.74
E-0022802,2.0542614,212.91,11.34,393.53,16.17,1.21,13.9,3.64,12.84
E-0022803,2.8520012,160.01,41.59,225.79,1.12,3.4,5.51,1.38,8.38
E-0022804,3.4631138,95.11,48.15,323.83,0.84,2.81,2.55,0.6,2.53
E-0022805,3.7922885,74.19,118.08,329.42,0.47,3.43,1.87,1,5.07
E-0022806,3.2398221,102.03,63.95,697.59,10.01,1.15,5.22,3.42,1.42
E-0022807,2.2130873,225.31,56.89,307.86,1.57,4.05,11.32,1.4,6.09
E-0022808,3.3351448,18.08,47.65,165.67,3.09,2.06,3.75,2.76,14.99
E-0022809,3.091544,29.96,41.05,219.1,5.54,2.09,3.46,2.85,13.18
E-0022810,3.0865526,30.27,40.91,218.11,5.54,2.09,3.49,2.86,13.17
E-0022811,2.9054585,45.05,39.57,203.59,5.26,1.82,7.28,3.78,12.79
E-0022812,2.9242837,44.69,39.51,203.25,5.13,1.76,7.17,3.72,12.73
E-0022813,1.5858688,128.1,11.62,145.87,4.97,6.19,28,13.54,29.36
E-0022814,-0.07206218,172.54,4.77,54.82,1.3,23.65,40.78,18.57,56.94
E-0022815,2.9434912,28.14,32.6,165.52,8.5,1.71,7.39,3.89,14.84
E-0022816,2.9338799,28.32,32.63,165.38,8.52,1.75,7.49,3.97,14.81
E-0022817,2.9254208,27.95,43.09,129.26,2.38,5.3,5.1,3.36,18.06
E-0022818,2.9204197,27.64,42.92,129.02,2.41,5.38,5.04,3.3,17.93
E-0022819,1.9692975,56.84,17.25,68.28,4.78,5.88,10.99,4.17,10.74
E-0022820,2.5213623,33.18,23.56,133.62,5.84,2.48,9.03,3.75,10.48
E-0022821,3.0978594,11.3,66.36,183.38,2.65,3.79,3.68,2.9,14.93
E-0022822,3.3127842,22.35,47.19,225.8,3.44,2.06,2.46,1.82,10.8
E-0022823,2.617774,37.97,29.69,187.9,4.88,4.15,4.19,2.76,14.57
E-0022824,2.6168413,37.95,29.57,186.81,4.87,4.12,4.2,2.72,14.51
E-0022825,3.3058403,22.47,47.3,224.97,3.45,2.1,2.48,1.85,10.76
E-0022826,3.6428702,8.56,53.29,208.14,1.06,2.84,1.24,0.67,9.12
E-0022827,3.6255715,8.69,53.67,207.5,1.08,2.92,1.26,0.71,9.12
E-0022828,2.3326333,42.18,17.85,124.84,6.08,2.41,8.25,3.66,14.72
E-0022829,2.2840402,30.31,14.89,72.16,4.31,3.84,8.56,2.58,8.7
E-0022830,2.8855274,9.41,23.54,157.52,3.56,2.4,3.36,1.68,11.33
E-0022831,2.7574234,16.99,18.98,144.23,5.24,1.81,6.17,2.33,9.02
E-0022832,2.7772076,33.83,27.09,203.27,6.99,1.48,9.27,4.42,15.92
E-0022833,2.5348256,61.4,33.16,184.27,9.06,1.81,11.42,6.11,18.95
E-0022834,2.5554965,60.98,33.15,181.53,8.87,1.77,11.36,6.09,18.83
E-0022835,1.8793777,264.44,12.37,208.19,22.98,1.2,31.03,21.09,14.85
E-0022836,1.9790689,227.43,16.18,193.99,14.66,1.6,20.87,13.2,8.73
E-0022837,2.875636,238.08,68.36,362.82,2.42,1.8,6.23,1.65,4.82
E-0022838,3.4872646,126.14,107.01,438.93,2.02,1.83,3.39,1.56,4.43
E-0022839,3.4920256,115.91,110.64,442.8,1.94,1.8,3.32,1.51,4.45
E-0022840,1.9914533,170.44,70,252.36,1.05,5.29,9.36,1.37,4.97
E-0022841,3.6079981,113.34,50.59,412.63,0.73,4.05,4.46,0.5,5.4
E-0022842,2.5095143,231.98,15.47,378.8,5.8,1.76,10.29,2.25,3.46
E-0022843,3.0267036,175.55,28.67,446.38,2.14,2.31,4.43,0.43,1.89
E-0022844,2.916888,192.75,42.15,268.15,0.71,5.67,9.76,1.71,5.45
E-0022845,3.3486328,6.11,29.45,186.99,3.65,1.59,3.46,1.99,10.88
E-0022846,2.2350013,43.27,19.53,119.32,6.5,3.92,8.67,4.17,20.15
E-0022847,2.2325294,43.2,19.52,118.15,6.46,3.95,8.67,4.17,20.08
E-0022848,3.297465,21.29,51.46,227.53,6.59,1.59,4.9,2.7,12.78
E-0022849,3.2960405,21.17,51.6,226.8,6.55,1.59,4.95,2.73,12.76
E-0022850,3.1065543,34.19,69.72,219.36,3.05,2.88,3.89,5.88,19.48
E-0022851,2.7100916,30.02,31.7,148.9,5.8,2.99,5.38,2.57,12.87
E-0022852,2.7122278,30.02,31.73,149,5.82,2.99,5.36,2.55,12.9
E-0022854,2.7294915,73.18,63.27,338.69,9.84,1.67,11.47,10.57,6.17
E-0022855,2.180217,209.52,11.36,188.09,17.98,1.19,19.05,9.26,12.58
E-0022856,1.4107771,259.87,4.93,211.51,15.02,2.13,33.98,18.51,9.78
E-0022857,2.1739311,246.05,8.19,272.65,20.3,0.99,15.6,4.31,8.35
E-0022858,2.6721232,188.18,67.58,267.5,2.09,3.46,6.18,2.65,13.46
E-0022859,2.2601986,246.44,41.44,305.12,3.73,2.25,14.91,6.53,8.18
E-0022860,3.303979,185.09,32.23,367.86,1.38,2.44,4.93,0.59,1.57
E-0022861,3.484088,107.85,32.17,310.19,0.83,3.22,3.37,0.34,2.13
E-0022867,3.3365333,17.99,47.89,164.66,3.07,2.07,3.86,2.82,14.89
E-0022868,3.3291168,18.23,47.55,165.18,3.17,2.05,3.8,2.82,15.17
E-0022869,3.5069258,9.34,35.81,186.5,2.12,1.89,3.04,1.99,14.15
E-0022870,-0.018586768,176.7,3.69,45.84,1.85,16.52,42.64,18.99,54.53
E-0022871,1.3614453,155.12,7.53,82.61,6.16,4.08,34.47,13.92,26.11
E-0022872,2.6513488,17.46,18.08,151.48,5.92,2.41,5.49,2.45,15.04
E-0022873,2.6375773,17.6,17.84,152.06,5.96,2.47,5.58,2.53,15.04
E-0022874,3.038746,12.91,44.78,155.23,2.31,3.75,2.51,1.26,7.43
E-0022875,3.0094128,12.95,44.54,155.21,2.44,4.25,2.58,1.32,7.41
E-0022876,3.3026235,14.14,48.77,205.9,2.63,2.41,3.66,2.68,12.83
E-0022877,3.3000648,13.74,49.12,210.48,2.61,2.42,3.55,2.53,12.61
E-0022878,3.0113084,29.35,61.2,242.4,2.23,3.14,2.9,2.67,12.12
E-0022879,2.346339,44.4,27.18,115.06,8.3,3.46,16.54,9.77,24.58
E-0022880,1.4630923,82.17,12.87,64.6,4.33,10.31,19.68,13.87,39.5
E-0022881,1.4570227,82.08,12.76,63.23,4.26,10.44,19.83,13.95,39.52
E-0022882,2.3698525,43.89,27.65,117.36,8.3,3.16,16.21,9.43,24.44
E-0022883,2.8566577,26.53,37.43,144.16,4.39,2.88,9.69,5.54,15.59
E-0022884,2.855957,26.6,37.52,144.79,4.41,2.87,9.68,5.53,15.52
E-0022885,3.1117647,23.89,62.15,226.69,2.38,2.17,2.94,2.27,12.47
E-0022886,1.8673769,76.78,19.59,95.95,5.78,5.71,12.65,7.49,19.58
E-0022887,2.7524092,43.21,31.23,169.99,5.96,2.24,8.14,5.96,14.47
E-0022888,1.9156556,74.91,19.56,99.93,5.88,4.77,11.88,6.82,19.16
E-0022889,2.7504072,43.39,31.36,170.23,5.95,2.25,8.14,5.95,14.51
E-0022890,3.8179653,5.53,24.93,153.96,1.4,2.61,1.14,0.35,5.53
E-0022891,2.903539,15.58,15.56,134.03,3.95,4.19,2.31,0.9,7.96
E-0022892,2.9271014,13.67,25.16,174.82,4.56,2.32,3.92,1.76,10.66
E-0022893,2.9047859,14,25.41,165.67,4.33,2.49,4.34,2.05,10.54
E-0022894,2.928564,12.54,32.42,152.22,3.66,2.6,2.06,1.21,9.64
E-0022895,2.266915,45.25,19.02,75.36,12.1,2.41,14.84,10.09,13.7
E-0022896,1.7426578,77.66,13.76,44.7,5.91,5.42,12.31,5.85,17.13
E-0022897,2.9281538,18.49,23.08,133.99,8.95,1.8,7.18,5.08,6.72
E-0022898,2.1310315,57.43,12.91,62.81,6.76,4.59,8.55,4.06,9.43
E-0022899,1.0466822,160.41,6.56,90.68,7.85,4.62,41.69,19.5,40.21
E-0022900,3.2970686,11.23,41.27,143.52,1.52,3.6,2.87,2.32,12.96
E-0022901,2.2419295,51.5,33.9,120.1,3.02,5.25,5.5,3.47,16.89
E-0022902,2.8748472,27.08,48.86,176.34,3.15,2.65,3.79,3.04,14.71
E-0022903,3.3273468,9.36,36.57,194.37,4.09,1.65,2.7,1.69,10.3
E-0022904,3.1211545,13.87,26.42,203.15,7.52,1.46,5.86,2.94,12.96
E-0022905,3.25393,196.52,72.47,489.58,2.14,2.03,4.65,1.11,3.57
E-0022906,2.7860377,228.29,48.19,415.45,1.96,2.01,8.33,1.54,2.55
E-0022907,2.793207,227.64,48.63,414.06,1.88,2.07,8.26,1.51,2.51
E-0022908,2.6401036,238.62,39.01,321.01,1.95,2.57,10.37,3.05,4.86
E-0022909,2.5071363,241.27,43.63,365.08,2.41,2.39,8.62,1.83,4.71
E-0022910,1.6363732,230.32,21.31,205.34,1.75,10.91,19.17,7.62,10.73
E-0022911,2.8765104,215.55,37.48,301.98,2.25,2.13,6.88,1.75,3.13
E-0022912,3.1053684,205.07,38.64,291.59,1.33,2.66,5.75,1.75,2.7
E-0022913,3.3962219,199.3,58.12,413.66,2.72,1.73,2.94,0.49,1.46
E-0022914,3.0192354,229.37,38.01,394.4,5.41,1.73,5.91,1.21,3.61
E-0022923,3.51744,9.18,36.1,186.02,2.11,1.89,3.1,2.01,14.09
E-0022924,3.507468,9.38,35.82,186.99,2.16,1.87,3.05,2,14.36
E-0022925,1.3641067,154.72,7.54,82.1,6.15,4.07,34.44,13.86,26.3
E-0022926,0.0039978256,176.4,3.75,45.23,1.89,15.45,42.31,18.65,54.53
E-0022927,2.7788517,52.92,36.04,222.16,9.76,1.74,6.03,4.51,18.96
E-0022928,2.779993,52.8,36.02,222.23,9.76,1.73,6,4.47,19.02
E-0022929,3.2426336,28.87,45.7,245.61,4.56,1.78,3.58,2.61,11.45
E-0022930,3.2427206,28.84,45.92,245.81,4.53,1.79,3.57,2.6,11.5
E-0022931,3.4794664,13.38,46.37,184.92,1.45,2.52,1.99,1.24,9.98
E-0022932,3.4644477,13.54,46.41,184.5,1.48,2.52,2.02,1.29,10.41
E-0022933,3.056928,50.99,60.97,290.53,7.14,1.93,3.76,5.13,17.43
E-0022934,3.0939467,50.34,60.57,295.9,7.08,1.79,3.6,4.66,17.28
E-0022935,3.3825235,17.31,48.35,246.93,3.18,1.99,2.47,1.41,10.76
E-0022936,2.5676968,39.18,29.96,199.61,5.81,3.72,4.53,2.26,13.94
E-0022937,2.5626664,39.61,30.03,200.74,5.85,3.74,4.53,2.29,13.98
E-0022938,3.3657503,17.54,49.07,248.3,3.28,2.06,2.51,1.46,10.94
E-0022939,2.4517415,49.96,21.63,135.97,6.21,4.39,8.71,4.2,12.85
E-0022940,2.2984593,58.85,25.7,161.36,6.71,2.92,5.45,3.03,17.15
E-0022941,2.3007264,59.25,25.43,161.95,6.77,2.89,5.5,3.09,17.1
E-0022942,1.0579182,160.52,6.6,91.13,7.96,4.4,41.43,19.24,40.19
E-0022943,2.02789,77.21,26.84,124.47,4.65,4.15,7.55,5.27,19.29
E-0022944,1.9783286,79.74,26.52,120.54,4.61,4.77,8,5.84,19.89
E-0022945,2.668771,58.13,40.92,206.01,5.99,1.91,6.54,4.98,18.02
E-0022946,2.113349,52.17,26.07,84.87,4.09,6.2,6.41,3.36,11.28
E-0022947,3.1251736,13.89,26.33,203.32,7.47,1.45,5.82,2.93,12.96
E-0022948,3.6634352,3.41,47.89,188.8,6.25,1.55,1.58,1.9,10.38
E-0022949,3.548906,5.5,42.18,197.23,10,1.22,3.21,3.26,12.32
E-0022950,2.8828459,36.14,34.84,226.43,4.78,1.56,4.62,3.66,15.41
E-0022951,2.4291637,56.86,25.38,148.13,5.78,3.13,11.9,6.65,18.84
E-0022952,2.4634545,44.97,25.62,139.36,4.85,2.58,4.52,3.15,13.8
E-0022953,2.1314504,30.9,17.5,108.97,5.66,3.55,11.86,5.3,17.18
E-0022954,1.3127942,263.47,3.52,129.19,18.31,1.65,40.66,24.14,8.13
E-0022955,3.1804817,199.6,47.4,297.93,1.43,2.37,7.5,1.58,2.09
E-0022956,3.433462,143.93,31.36,226.67,0.51,4.39,3.54,0.23,1.62
E-0022957,3.3281896,122.91,33.96,269.16,0.58,4.08,5.92,0.36,2.96
E-0022958,3.3438826,200.88,57.65,411.3,3.01,1.78,2.82,0.47,1.43
E-0022959,3.042278,228.19,38.75,377.73,5.4,1.71,6.38,1.42,3.65
E-0022960,3.031943,217.24,109.35,388.4,5.07,1.51,5.08,2.68,6.61
E-0022961,1.9807897,255.02,30.38,563.67,6.21,2.06,17.02,4.4,7.48
E-0022962,1.4049268,244.3,23.12,575.15,9.47,3.59,34.99,10.74,18.32
E-0022963,2.2353854,238.57,22.23,307.72,2.81,2.18,9.93,2.84,1.99
E-0022964,2.2747474,168.57,85.06,252.84,1.22,3.77,7.89,1.07,4.33
E-0022965,2.2803488,168.27,85.03,255.85,1.23,3.76,7.78,1.03,4.32
E-0022966,2.4006155,208.23,26.02,218.91,1.44,6.09,8.6,1.31,2.56
E-0022967,2.309632,248.59,53.7,284.41,2.23,3.63,10.3,1.82,7.2
E-0022968,2.2999256,248.48,53.61,287.29,2.24,3.66,10.3,1.79,7.26
E-0022969,1.7841262,216.06,19.56,328.27,7.56,2.52,30.38,8.77,8.71
E-0022970,1.7436255,189.13,26.37,458.64,7.71,3.05,32.69,11.96,8.49
E-0022971,1.7394012,202.43,9.94,191.27,8.5,3.44,32.45,8.92,7.95
E-0023632,2.673605,57.74,41.73,205.3,5.84,1.92,6.56,5.01,17.79
E-0023633,2.496598,42.47,29.95,132.09,4.39,3.09,6.19,4.44,13.17
E-0023634,0.97859985,168.83,15.33,42.98,11,3.95,33.76,26.52,52.06
E-0023635,3.2599928,15.3,29.39,110.96,5.69,1.04,4.45,2.25,8.8
E-0023636,1.4287487,54.65,13.5,64.19,3.08,9.8,22.78,12.63,34.06
E-0023637,3.6475418,3.59,45.31,215.37,6.54,1.36,1.67,1.8,12.15
E-0023638,3.6483977,3.58,45.41,217.54,6.58,1.36,1.67,1.8,12.12
E-0023639,2.26786,33.11,38.56,147.46,5.59,5.75,16.51,17.64,38.5
E-0023640,2.1045637,36.19,11.93,174.25,11.67,1.38,19.34,13.09,16.04
E-0023641,2.6188285,49.72,32.22,215.6,9.67,1.95,9.84,7.61,17.15
E-0023642,2.0892599,37.18,23.82,77.94,6.22,4.51,5.86,2.81,13.38
E-0023643,0.9616627,117.57,5.42,135.94,3.94,5.84,13.27,6.84,24.69
E-0023644,1.6700764,190.63,9.96,76.53,23.83,1.04,14.53,20.03,34.28
E-0023645,0.17598496,219.06,4.33,57.08,3.91,7.18,23.62,10.02,31.24
E-0023646,1.3963504,198.97,8.94,85.19,17.75,1.49,20.52,14.72,24.84
E-0023647,0.83361626,180.61,6.85,98.34,4.26,6.52,8.5,3.05,7.17
E-0023648,-0.1285565,202.37,4.91,60.01,9.58,4.23,55.53,29.86,45.81
E-0023649,0.44935194,209.05,4.03,71.49,4.25,3.63,18.82,7.68,20.14
E-0023650,0.72919875,188.96,3.73,244.9,3.43,5.95,17.32,4.56,9.59
E-0023651,0.1656473,222.84,3.96,68.21,2.59,10.43,24.64,7.3,11.47
E-0023652,0.7560014,143.57,9.41,134.89,2.74,19.66,27.04,7.02,10.87
E-0023653,0.95765334,97.38,6.83,202.38,3.58,4.01,3.5,0.71,6.27
E-0023654,2.0969079,24.84,16.08,340.76,6.46,2.65,2.34,0.42,3.89
E-0023655,1.1278046,111.99,7.17,298.4,7.95,5.2,6.82,1.65,8.78
E-0023656,2.890797,7.98,13.29,312.45,6.88,1.58,2.01,0.31,3.61
E-0023697,0.83750844,218.9,31.98,153.14,1.23,14.3,15.11,1.86,6.98
E-0023698,1.8564523,195.99,5.8,90.7,8.36,2.53,11.14,2.38,0.87
E-0023699,3.3220947,192.31,46.09,309.57,1.34,2.34,6.21,1.08,1.97
E-0023700,2.1064508,202.96,38.14,377.47,6.99,2.72,24.84,8.66,9.26
E-0023701,2.0511377,181.56,50.5,458.66,7.14,3.11,25.35,9.27,8.91
E-0023702,1.5605221,196.05,14.11,228.14,8.54,3.57,38.68,12.81,8
E-0023703,2.0734837,194.25,20.32,259.82,5.84,4.05,25.89,7.92,10.38
E-0023704,1.7778649,202.37,24.19,210.07,5.16,4.31,32.12,10.88,12.03
E-0023705,2.8957808,37.21,57.01,264.78,5.23,2.4,3.04,2.97,9.37
E-0023706,2.9290018,35.48,57.14,278.58,4.7,2.27,2.85,2.79,9.4
E-0023707,1.179552,151.99,14.85,46.94,10.17,3.35,30.29,26.09,51.07
E-0023708,0.615407,180.15,9.24,105.26,9.58,2.54,30.26,13.97,17.21
E-0023709,0.40455917,186.04,7.69,72.49,8.22,3.03,38.1,17.67,18.26
E-0023710,-0.83417517,244.21,3.34,35.2,2.48,15.42,37.75,20.89,61.16
E-0023711,1.0064211,230.71,4.66,100.3,24.63,0.93,20.11,19.44,17.03
E-0023712,1.6107897,59.25,17.91,122.96,16.88,1.25,5.57,7.29,14.52
E-0023713,1.0223044,218.34,3.53,38.41,10.16,3.47,11.6,22.44,36.7
E-0023714,0.99326897,218.34,3.43,36.22,8.71,4.45,12.42,24.03,36.99
E-0023715,0.88326067,232.58,3.89,77.47,22.09,1.03,22.85,23.78,28.4
E-0023716,0.69823354,230.29,5.33,67.83,12.14,3.41,17.59,5.49,29.7
E-0023717,1.5512838,197.55,11.1,83.45,15.97,2.24,7.99,13.24,35.86
E-0023718,1.4033035,192.41,9.63,156.92,12.51,2.32,11.25,5.88,12.61
E-0023719,1.6146954,178,7.28,193.13,19.14,0.98,17.01,10.8,17.12
E-0023720,2.0378864,130.54,8.45,549.16,18.39,1.09,13.67,5.87,6.43
E-0023721,0.87132746,231.21,5.92,109.74,9.35,3.55,28.47,11.78,18.98
E-0023722,-0.095704734,230.9,3.93,55.88,3.32,6.66,12.56,6.32,34.07
E-0023723,2.7872765,17.93,33.58,102.11,5.77,1.99,5.22,3.12,11.88
E-0023724,1.0501746,223.03,5.9,84.06,18.66,1.15,11.82,10.96,23.38
E-0023725,2.4404814,83.88,11.51,296.81,11.83,1,3.2,0.88,3.2
E-0023726,1.9473457,160.29,7.35,226.59,18.96,1.38,15.34,5.99,7.26
E-0023795,2.6191742,237.83,53.83,318.22,1.48,2.49,11.34,2.02,3.11
E-0023796,2.0088675,238.53,22.75,250,3.54,5.39,20.51,5.46,6.86
E-0023797,3.173673,202.47,38.63,291.31,1.23,2.59,5.7,1.63,2.46
E-0023798,3.492256,171.31,97.38,379.86,3.75,1.46,2.43,0.86,2.46
E-0023799,2.6917837,217.79,28.99,317.5,2.03,2.26,6.84,1.55,4.96
E-0023800,1.7805501,223.77,7.24,228.79,9.59,2.87,31.39,8.95,8.52
E-0023801,1.7225777,225.06,9.86,346.85,13.48,2.37,35.14,12.72,8.05
E-0023802,1.8396171,257.24,9.02,483.47,14.83,1.64,19.43,6.62,28.48
E-0023803,2.7909954,57.35,18.79,251.67,11.87,1.09,2.26,2.77,7.91
E-0023804,0.3045709,237.63,4.7,50.36,13.38,5.06,41.08,35.53,51.06
E-0023805,0.12502415,240.32,4.51,64.95,11.26,2.03,23.85,15.52,28.62
E-0023806,0.67270213,235.29,3.31,31.55,7.12,4.45,27.16,27.97,42.36
E-0023807,0.6821206,235.2,3.27,31.97,7.46,4.27,27.24,27.75,42.17
E-0023808,1.1211969,204.41,6.3,88.07,14.81,1.69,8.26,4.61,22.27
E-0023809,0.7174906,230.84,5.51,66.5,12.34,2.93,18.19,6.11,31.63
E-0023810,1.9481049,122.98,13.29,408.42,12.06,2.21,5.69,3.13,5.2
E-0023811,0.5388816,203.43,3.28,199.02,4.39,7.46,8.68,2.43,12.58
E-0023812,-0.20775323,214.32,2.71,107.08,3.43,16.16,24.94,11.5,25.79
E-0023813,0.968273,190.26,4.46,126.07,17.33,4.14,29.74,18.87,23.82
E-0023814,2.0215716,124.14,12.63,316.48,18.77,1.39,9.88,5.79,8.42
E-0023815,1.7284247,136.72,7.05,218.48,16.7,1.5,7.05,4.15,8.49
E-0023816,-0.07704375,208.19,4.04,66.77,2.78,9.18,16.51,5.87,31.96
E-0023817,1.1216244,185.07,6.55,82.2,18.24,1.45,13.61,9.18,20.42
E-0023818,0.32947564,221.2,6.47,56.66,14.94,1.44,20.06,14.54,43.66
E-0023819,0.8993089,225.3,5.94,79.41,22.82,1.07,25.77,20.59,39.71
E-0023820,-0.08376952,246.1,5.73,52.89,9.14,3.08,36.13,25.51,38.27
E-0023821,1.5563917,228.65,7.67,87.33,18.41,1.25,21.33,15.6,18.98
E-0023822,0.34484258,225.03,3.57,70.04,11.04,2.03,33.5,23.06,18.56
E-0023823,-0.39863345,245.05,3.48,48.89,4.78,5.2,36.04,22.7,19.85
E-0023824,-0.085773654,188.65,5.93,81.18,2.39,7.98,14.13,1.55,3.96
E-0023825,0.9489853,177.35,12.68,249.77,11.52,1.76,13.89,11.63,27.05
E-0023826,1.4103571,93.12,5.38,213.83,4.11,2.56,7.28,1.14,4.65
E-0023827,2.7690315,47.2,13.07,539.65,11.46,0.91,6.2,1.32,2.63
E-0023828,1.6290679,77.46,8.47,363.97,4.3,4.55,7.21,0.92,1.75
E-0023838,0.7864284,223.81,32.48,156.03,1.34,14.53,16.42,1.75,9.04
E-0023839,0.7984143,223.64,32.91,155.71,1.35,14.05,16.41,1.76,9.11
E-0023840,1.6641427,264.31,5.48,176.38,11.52,3.4,26.08,12.87,7.46
E-0023841,1.5769264,273.78,4.57,173.51,12.31,4.29,33.52,21.57,10.74
E-0023842,2.2423995,214.52,21,302.28,9.33,2.81,24.44,6.7,9.86
E-0023843,2.2134511,217.31,26.52,390.2,12.97,2.39,27.83,8.67,10.18
E-0023844,3.0710013,212.75,68.43,326.95,2.15,2.09,3.75,0.99,4.5
E-0023845,1.9140576,241.63,21.42,429.56,9.26,2.22,24.14,8.9,9.23
E-0023846,-0.20396204,183.64,7.95,105.64,3.88,5.66,23.2,7.44,22.55
E-0023847,1.1305261,103.61,10.88,178.33,7.39,2.18,11.59,4.46,12.88
E-0023848,1.8088812,164.66,12.98,73.58,23.9,1.1,8.12,12.54,32.42
E-0023849,-0.051412746,236.63,2.62,25.04,2.9,5.4,31.28,15.8,37.46
E-0023850,0.10032136,228.16,5.08,21.77,1.93,6.1,24.04,10.2,39.71
E-0023851,0.1971214,219.38,7.28,42.66,3.38,7.24,17.71,5.69,13.88
E-0023852,1.0539408,203.65,5.85,88.61,14.46,2.1,8.52,4.49,21.27
E-0023853,1.4979278,100.15,9.36,349.98,5.86,5.59,4.17,1.4,2.73
E-0023854,0.7988913,223.09,6.29,76.39,14.53,2.13,17.11,8.14,11.72
E-0023855,0.8368129,218.21,6.67,80.54,14.65,1.97,16.54,8.51,12.09
E-0023856,1.3724279,148.04,6.82,76.06,6.1,2.13,9.29,6.12,27.52
E-0023857,0.68892485,217.15,6.37,171.97,14.09,2.03,21.23,9.94,18.58
E-0023858,1.4904748,205.63,6.57,442.09,22.97,1.09,20.4,10.21,16.82
E-0023859,2.3035498,129.21,20.41,415.64,13.13,4.64,11.93,5.41,7.57
E-0023860,0.7822695,232.79,6.2,94.35,15.03,1.7,30.26,28.07,31.35
E-0023861,1.619886,176.55,6.78,39.5,12.92,1.51,11.14,21.12,18.41
E-0023862,2.643483,33.57,14.61,151.67,12.55,1.35,4.08,2.64,2.19
E-0023863,2.6102047,48.28,19.46,358.6,15.75,1.07,4.33,1.71,3.36
E-0023864,1.364224,109.2,8.05,188.94,4.1,4.73,6.55,1.47,6.82
E-0023865,2.1193712,132.57,11.6,411.87,9.82,1.65,9.66,1.82,2.35
E-0023866,0.8317623,239.9,5.01,84.06,24.99,1.01,28.64,28.8,27.93
E-0023867,0.9615111,231.05,3.79,53.88,17.37,1.53,26.09,25.78,33.57
E-0023962,1.9599662,84.8,14.85,205.05,4.08,8.25,11.93,5.01,6.71
E-0023963,2.8513784,43.36,44.16,163.7,1.63,5.61,5.13,5.1,23.63
E-0023964,1.752244,176.9,7.21,56.84,21.6,1.12,6.74,12.01,19.14
E-0023965,1.8528067,57.18,20.96,138.9,3.64,9.56,8.57,3.76,17.39
E-0023966,2.686844,35.59,46.15,194.56,5.75,3.05,6.66,3.49,14.85
E-0023967,0.0879324,210.34,4.95,74.7,11.66,3.39,47.67,27.9,46.84
E-0023968,-0.47119892,243.59,3.81,35.79,4.05,5.28,28.6,14.82,32.4
E-0023969,0.24024753,236.59,2.75,167.26,4.43,6.4,24.12,5.41,10.88
E-0023970,0.74361676,219.2,4.48,62.94,8.38,2.78,17.64,11.04,18.32
E-0023971,0.74866873,217.7,4.49,63.61,8.31,2.78,17.85,10.99,18.25
E-0023972,2.1936195,85.7,9.55,287.81,5.87,2.56,7.06,3.9,9.79
E-0023973,0.8522892,190.06,4.05,211.18,4.85,7.66,16.09,4.35,11.96
E-0023974,0.60971844,165.84,3.79,208.62,4.73,7.82,8.49,2.37,12.73
E-0023975,1.8139315,173.24,7.36,410.44,14.03,1.6,5.21,2.38,8.86
E-0023976,2.1559942,79.08,16.24,759.98,18.99,1.56,3.73,4.65,12.02
E-0023977,1.4378916,201.68,6.12,425.33,14.82,2.57,9.44,2.49,10.34
E-0023978,1.4586645,202.87,6.3,413.03,14.97,2.18,9.68,2.76,11.19
E-0023979,0.77091104,211.72,8.32,52.71,7.91,3.22,20.11,10.79,21.32
E-0023980,1.0051117,225.49,5.57,45.57,16.02,1.59,21.26,17.17,36.1
E-0023981,0.29540908,236.95,3.03,15.73,2.48,11.93,24.16,22.56,27.22
E-0023982,1.5788263,216.37,8.99,120.87,13.7,1.42,11.19,10.21,16
E-0023983,1.1774954,231.4,5.76,64.3,15.59,1.45,15.57,13.58,20.53
E-0023984,1.4909168,221.82,5.14,65.47,12.7,2.76,14.99,8.49,14.79
E-0023985,1.5230598,221.62,5.25,65.5,12.71,2.58,15.5,9.24,14.76
E-0023986,1.281767,192.55,5.03,77.06,10.8,3.34,29.98,18.97,13.16
E-0023987,1.3950968,216.07,9.6,122.9,17.85,1.37,17.24,19.15,10.54
E-0023988,0.7235474,239.55,3.39,36.17,3.29,9.41,47.62,41.17,33.61
E-0023989,0.75462145,185.38,2.68,81.39,8.26,6.6,32.55,16.81,7.46
E-0023990,1.4316483,223.46,9.33,59.62,15.2,1.78,9.85,17.83,19.56
E-0023991,1.4291372,223.62,9.31,58.99,15.19,1.79,9.95,17.72,19.83
E-0024192,1.7295016,254.1,14.44,324.78,6.01,2.1,20.46,5.83,12.03
E-0024193,1.5587527,253.24,8.28,257.19,19.06,1.19,25.08,7.59,6.63
E-0024194,2.4629974,210.92,8.81,346.44,8.53,1.24,10.18,2.74,3.4
E-0024195,2.0074403,212.33,13.76,300.55,11.9,2.23,12.79,9.26,7.18
E-0024196,1.2985605,240.52,2.98,125.29,18.92,1.27,18.52,12.38,7.58
E-0024254,1.6446851,231.9,7.58,306.61,12.92,1.44,27.57,4.5,7.25
E-0024255,2.1189225,182.13,9.98,229.37,13.04,1.82,12.98,6.87,5.13
E-0024256,2.482404,227.04,18.15,462.33,4.32,1.59,9.66,1.37,4.74
E-0024257,2.3779192,224.59,17.65,461.25,4.42,1.66,10.01,1.72,5.88
E-0024258,1.1965145,240.54,2.83,135.81,18.67,1.32,18.51,12.78,9.6
E-0024259,1.7957746,187.27,12.15,238.58,17.07,0.99,9.67,3.03,9.35
E-0024260,1.1833873,191.58,9.77,304.95,14.53,3.54,19.65,16.55,8.95
E-0024261,1.4000345,190.99,5.01,225.66,11.18,2.35,12.46,3.47,13.41
E-0024262,1.4190621,190.5,5.11,221.47,11.12,2.27,12.57,3.59,13.36
E-0024263,1.9601573,82.42,9.83,149.6,4.88,3.34,18.81,6.42,15.17
E-0024264,1.2132603,209.31,8.06,116.69,17.29,2.2,8.34,5.7,11.85
E-0024265,1.2676271,203.16,9.17,129.36,17.43,2.08,7.79,5.59,11.92
E-0024266,2.7727578,47.73,12.69,228.26,3.2,1.89,3.39,1.25,7
E-0024267,2.3576405,98.28,14.62,364.61,10.05,1.45,1.6,0.54,3.3
E-0024268,2.8122451,26.4,17.07,320.61,4.62,3.1,1.74,0.39,1.04
E-0024269,1.7024261,184.82,13.33,304.72,10.98,1.92,3.64,0.91,4.87
E-0024270,1.7081736,184.56,13.39,304.11,11.06,1.88,3.62,0.9,4.89
E-0024271,1.5669199,230.3,5.93,129.13,18.97,1.66,11.03,14.03,22.87
E-0024272,0.8349228,240.92,4.15,34.98,10.53,2.59,19.9,24.28,23.29
E-0024273,1.038855,243.51,5.41,62.79,18.07,1.62,13.19,24.96,24.47
E-0024274,1.035901,243.09,5.29,61.94,17.94,1.6,12.96,24.24,24.31
E-0024275,1.1851672,231.3,5.81,64.88,15.68,1.43,15.53,13.54,20.57
E-0024276,1.3776608,231.78,6.43,58.74,15.64,1.41,7.98,14.11,20.93
E-0024277,1.4196469,232.11,6.66,61.8,15.94,1.27,7.77,13.57,20.81
E-0024278,1.2619476,141.95,11.6,115.8,11.56,2.4,20.18,13.3,11.68
E-0024279,2.885332,16.74,24.45,87.93,4.14,2.45,4.7,3.42,9.23
E-0024280,0.8585086,237.39,3.85,48.86,3.34,9.15,40.52,23.15,23.74
E-0024281,1.4475688,170.44,7.79,59.5,13.8,1.52,6.5,11.75,13.15
E-0024282,1.4804845,171.59,9.09,82.97,11.38,1.88,9.64,15.35,24.64
E-0024283,1.3797215,203.49,10.22,61.33,12.96,1.74,9.54,14.02,20.14
E-0024284,1.3614955,203.84,9.99,60.73,12.87,1.85,9.65,13.96,20.03
E-0024286,2.50443,35.29,9.33,25.92,3.1,2.73,6.82,1.23,2.44
E-0024287,1.9114698,49.01,5.65,15.83,5.7,4.03,16.4,2.95,5.38
E-0024288,1.9304017,38.11,7.59,19.31,7.63,3.34,15.07,2.46,4.63
E-0024289,2.7580929,17.74,7.25,24.33,2.61,3.16,5.63,1.28,1.74
E-0024290,1.8565303,33.97,4.33,15.14,5.62,3.65,14.68,3.82,3.82
E-0024291,2.2509735,29.37,4.18,12.96,2.66,8.84,13.33,2.48,3.84
E-0024292,2.1964848,25.65,3.99,22.48,4.35,4.93,15.41,3.78,6.17
E-0024293,3.1609318,18.16,7.44,98.05,3.77,4.53,7.29,1.92,5.14
E-0024294,3.2384727,16.1,10.98,136.27,4.37,4.43,6.83,2.42,6.57
E-0024295,1.3080225,157.28,3.86,322.03,10.71,2.69,12.64,4.22,6.51
E-0024296,1.3211359,153.58,3.9,330.99,10.8,2.65,12.63,4.18,6.5
E-0024297,1.6144252,161.23,9.2,214.98,19.56,1.1,17.31,8.76,22.98
E-0024298,-0.61029625,230.86,4.72,28.21,8.67,3.57,65.14,52.63,84.92
E-0024299,0.9615181,205.37,6.72,87.84,11.04,3.58,12.83,7.38,17.37
E-0024300,0.9648275,204.41,6.78,88.9,10.8,3.61,13.11,7.42,17.32
E-0024301,1.232956,149.51,7.16,254.42,5.72,4.34,28.89,11.85,31.01
E-0024302,1.7675514,172.19,7.04,408.2,13.74,1.92,5.32,2.32,8.51
E-0024303,2.3781612,105.54,14.9,367.44,10.13,1.35,1.59,0.57,3.48
E-0024304,3.9504745,6.82,38.58,344.84,6.51,0.94,1.06,0.54,1.26
E-0024305,2.6978223,55.23,19.79,372.98,8.93,1.45,2.54,1.15,2.16
E-0024306,1.5083876,239.6,5.92,73.68,20.6,1.17,11.52,15.82,29.66
E-0024307,1.5671784,239.95,6.1,74.1,20.36,1.13,11.63,16.29,29.37
E-0024308,1.4016346,223.56,6.7,54.47,18.67,1.66,10.06,17.36,29.75
E-0024309,1.4690895,223.06,5.19,63.42,20.87,1.09,9.89,12.51,17.35
E-0024310,1.8287748,94.52,6.12,92.48,16.93,1.7,11.6,6.3,11.86
E-0024311,1.7435274,134.29,3.35,70.95,10.76,3.47,12.09,11.03,14.41
E-0024312,2.5658705,64.69,7.94,52.96,6.12,1.69,8.48,3.64,4.89
E-0024313,1.522018,203.85,7.09,47.51,19.99,1.29,8.84,13.45,34.95
E-0024314,1.5114475,204.86,7.02,45.89,19.95,1.3,9.05,14.16,35.35
E-0024315,1.3065747,226.49,6.97,33.13,14.39,2.27,12.31,18.39,30.52
E-0024316,1.6670494,204.84,9.3,97.02,16.56,1.71,8.09,15.09,29.03
E-0024317,2.599964,6.76,5.18,7.23,1.28,18.81,9.71,1.89,3.41
E-0024318,2.9656055,4.28,11.14,12.16,1.97,13.37,6.78,1.39,2.86
E-0024319,3.2181854,2.32,15.88,24.67,2.93,8.65,4.16,1.07,2.47
E-0024320,0.94717306,192.5,4,72.33,11.86,1.87,15.45,5.36,8.52
E-0024321,0.97545075,191.24,4.1,73.18,11.91,1.78,15.18,5.18,8.47
E-0024322,0.44517466,218.18,2.66,59.51,10.4,2.81,20.74,11.05,8.54
E-0024323,1.1130196,230.3,4.6,95.5,14.47,1.51,13.22,8.45,9.32
E-0024324,1.1049074,230.42,4.58,95.01,14.4,1.53,13.34,8.5,9.43
E-0024325,1.4792725,181.1,6.18,74.01,12.35,1.49,7.56,5.25,8.69
E-0024326,1.5000654,178.39,6.14,76.41,12.66,1.41,6.98,4.37,8.45
E-0024327,0.57721967,216.31,4.75,109.82,10.14,2.16,25.26,12.67,26.1
E-0024328,1.8783479,252.23,15.62,448.8,8.1,1.65,20.23,5.87,6.48
E-0024329,1.9701481,225.66,7.6,171.74,12.08,1.53,15.26,1.96,5.71
E-0024330,2.6620433,183.38,16.47,440.21,4.05,1.43,7,1.29,2.82
E-0024331,2.6511314,177.04,17.57,330.97,4.2,1.49,7.85,1.25,2.41
E-0024332,2.3995297,231.4,24.83,405.6,3.29,1.88,12.48,2.54,5.5
E-0024333,1.2805479,204.3,3.04,99.32,12.67,1.59,15.86,7.26,8.7
E-0024347,0.77829343,184.02,1.9,10.03,2.73,6.39,43.58,16.63,20.13
E-0024348,2.721815,129.12,13.45,256.91,10.81,4.68,6.16,1.65,3.95
E-0024349,2.6217053,30.98,21.27,501.82,15.09,1.26,1.52,1.7,5.62
E-0024350,1.5394144,225.65,9.06,114.71,17.89,1.2,11.73,11.08,21.94
E-0024351,1.5468968,224.47,9.21,116.43,17.93,1.18,11.28,10.26,22.06
E-0024352,1.5532517,197.62,5.67,118.71,9.12,5.71,26.82,17.27,15.21
E-0024353,1.3838573,203.31,7.57,32.35,19.29,1.39,12.18,14.49,35.3
E-0024354,1.3529109,204.24,7.23,30.91,19.35,1.54,12.75,15.78,35.94
E-0024355,1.8034353,102.16,6.26,84.82,17.34,1.12,6.59,6.06,4
E-0024356,0.935157,193.48,6.78,83.8,17.29,1.62,22.02,17.08,28.02
E-0024357,2.2995965,130.45,13.25,330,17.51,3.51,7.73,5.08,6.21
E-0024358,0.74153227,228.43,3.48,35.39,4.51,8.85,44.12,47.74,46.13
E-0024359,0.11087304,215.62,4.09,49.67,2.57,17.88,29.56,16.22,20
E-0024360,0.25617036,210.52,2.12,32.42,3.68,14.96,36.04,26.71,37.73
E-0024361,2.3666298,96.91,14.87,248.73,12.43,1.45,3.88,1.8,6.13
E-0024362,3.6620522,15.76,26.52,204.75,2.24,2.26,1.2,0.32,2.88
E-0024363,2.191571,131.83,13.42,271.7,14.69,1.47,12.97,4.51,4.79
E-0024364,3.4052699,19.55,28.28,261.43,6.21,1.49,3.14,0.9,1.43
E-0024365,2.6939564,50.14,23.91,380.93,16.86,1.21,8.49,5.34,3.77
E-0024366,1.530119,182.93,4.38,98.55,16.84,1.12,9.2,4.47,6.41
E-0024367,0.50322604,212.03,10.31,204.63,8.45,2.51,8.66,1.71,5.25
E-0024368,1.6826816,186.93,10.75,444.71,17.87,1.07,7.76,1.73,3.73
E-0024369,1.2129894,225.66,6.18,46.06,14.81,3.4,32.54,44.02,36.07
E-0024370,0.66726375,225.62,3.06,20.38,3.95,8.56,43.14,50.6,36.97
E-0024371,1.624765,243.44,11.71,158.01,5.27,7.3,32.95,9.9,4.68
E-0024372,1.571958,219.91,9.83,335.51,7.28,2.62,22.31,6.09,4.69
E-0024373,2.5703316,202.42,56.86,476.99,2.04,2.48,9.16,1.43,3.38
E-0024374,1.3144635,221.9,24.85,696.78,6.42,3.52,36.26,16.29,18.34
E-0024375,2.30875,194.81,9.88,571.22,10.93,1.02,12.53,3.12,4.26
E-0025768,1.6721826,243.97,9.12,285.29,7.96,2.01,24.49,4.6,8.89
E-0025769,2.9834182,185.29,12.16,554.2,2.21,1.46,4.65,0.44,2.86
E-0025770,2.59986,212.25,62.43,344.25,1.26,3.51,7.08,0.92,3.77
E-0025771,2.2744753,175.01,12.94,533.73,8.69,1.05,13.21,2.68,3.49
E-0025772,2.1517923,201.84,35.64,589.51,5.11,2.04,22.13,4.36,4.89
E-0025773,2.3218248,115.69,54.09,468.62,5.81,2.85,18.33,5.96,4.02
E-0025774,2.6935565,130.81,13.42,257.82,10.79,5.25,6.54,1.84,4.03
E-0025775,1.5710453,193.72,10.4,74.1,13.17,1.67,9.7,10.54,17.2
E-0025776,1.4352645,180.61,3.75,89.96,18.28,1.47,14.55,14.42,11.31
E-0025777,0.79971266,226.11,3.35,19.52,20.91,1.31,17.68,32.26,23.65
E-0025778,1.7149338,122.08,14.04,17.91,4.29,6.63,39.54,13.09,18.12
E-0025779,2.057864,53.09,9.67,7.63,2.39,10.07,31.86,9.93,5.99
E-0025780,-0.64223397,194.24,3.56,32.51,1.63,21.83,26.74,10.82,14.79
E-0025781,1.929444,134.67,11.18,149.74,8.69,3.77,16.81,3.33,4.15
E-0025782,1.4702765,153.69,8.07,245.79,10.76,5.13,44.28,12.71,9.24
E-0025783,1.4433635,153.17,7.79,252.41,10.25,5.75,44.05,12.04,9.15
E-0025784,0.24016924,210.19,3.67,45.26,3.46,11.39,34.86,21.52,20.44
E-0025785,0.9554341,174.4,7.72,45.21,11.58,2.4,27.84,21.88,22.46
E-0025786,0.49890295,165.14,2.51,24.28,1.94,7.31,19.89,15.01,11.69
E-0025787,0.8528476,183.03,3.53,27.99,5.25,5,28.08,32.46,18.45
E-0025788,-0.5232892,212.32,4.11,32.74,1.53,20.54,24.99,12.86,16.96
E-0025789,-0.51036745,212.16,4.05,33.27,1.55,20.59,25.09,12.67,16.7
E-0025790,-1.260734,210.71,4.2,27.61,0.86,37.2,35.46,18.95,14.13
E-0025791,2.319823,90.43,6.35,340.45,13.17,1.21,6.11,1.99,2.88
E-0025792,2.0055537,75.25,10.66,305.51,13.08,1.56,8.36,5.45,3.08
E-0025793,1.2690426,169.46,9.95,60.86,5.04,2.73,13.31,6.05,5.75
E-0025794,1.1495825,164.6,9.64,60.88,8.16,2.18,11.77,2.93,2.33
E-0025795,0.34279254,206.49,4.6,92.69,1.83,19.55,30.72,10.59,9.89
E-0025796,1.9971981,233.68,6.26,679.4,17.36,1.39,9.82,8.08,12.76
E-0025797,1.996789,233.72,6.28,685.43,17.39,1.38,9.66,7.76,12.73
E-0025798,1.9307905,176.51,8.39,320.72,15.86,1.63,8.54,8.12,17.2
E-0025799,1.9243387,176.75,8.43,320.84,15.79,1.64,8.52,8.04,17.24
E-0025800,1.8305783,189.23,7.49,198.31,12.48,2.8,10.36,8.12,12.76
E-0025801,2.1558363,154.64,12.41,670.77,14.32,1.94,7.21,9.57,11.84
E-0025802,1.7629027,130.01,5.5,308.05,10.38,1.88,10.17,2.02,3.83
E-0025803,2.2254853,121.34,9.49,261.14,9.03,1.73,4.56,1.52,4.63
E-0025804,2.1743345,125.34,9.15,251.77,8.9,1.95,5.04,1.86,4.71
E-0025805,1.9053283,190.71,6.26,574.4,12.75,1.54,8.98,3.65,3.19
E-0026542,1.2709669,88,8.67,64.76,6.57,2.77,8.11,1.82,1.68
E-0026543,1.7766528,176.36,12.07,365.04,19.86,1.08,10.31,3.14,12.74
E-0026544,0.97877306,196.34,3.06,18.16,9.26,4.04,24.26,36.01,28.7
E-0026545,1.3000798,188.12,4.95,443.99,15.85,2.17,14.44,3.33,4.64
E-0026546,1.3579968,183.09,5.05,476.4,15.57,2.04,13.73,3.45,4.83
E-0026547,-0.5584757,218.72,8.86,33.5,11.75,2.45,67.63,54.36,97.84
E-0026548,0.049735755,217.61,3.62,119.74,13.09,1.73,74.64,58.49,55.37
E-0026549,-0.24014068,240.62,3.23,96.43,13.17,1.92,60.02,38.9,68.44
E-0026550,2.4294486,166.18,15.04,202.16,14.03,3.35,7.26,4.23,5.36
E-0026551,2.829874,54,24.1,272.64,14.4,1.39,2.61,2.37,4.52
E-0026552,0.21098699,240.45,3.32,34.93,7.21,5.04,52.31,29.95,76.11
E-0026553,0.4858656,174.3,3.38,41.48,3.15,6.77,15.07,8.83,13.1
E-0026554,0.39470473,187.07,3.13,39.08,2.45,8.94,19.79,10.2,16.55
E-0026555,1.0964874,204.97,3.31,79.45,2.8,11.76,38.73,25.15,17.82
E-0026556,1.3629881,115.13,4.32,120.92,4.24,6.09,20.52,13.58,9.03
E-0026557,0.9131379,167.34,8.03,78.58,4.65,3.73,18.42,8.77,11.3
E-0026558,0.99270445,205.89,6.98,64.19,5,4.64,22.16,13.95,17.88
E-0026559,1.3760029,168.67,5.38,70.14,6.81,4.67,16.49,6.06,8.52
E-0026560,1.2150278,130.7,11.55,72.48,4.5,2.51,11.5,3.58,3.75
E-0026561,2.2009897,38.02,7.47,101.6,11.2,1.82,3.59,2.18,3.21
E-0026562,1.7929431,128.74,5.69,311.41,10.33,1.79,9.96,1.92,3.79
E-0026563,1.856802,191.58,6.03,573.96,12.82,1.62,9.02,3.63,3.22
E-0026564,1.2787384,75.02,13.37,42.36,1.17,9.9,20.39,13.12,18.76
E-0026565,1.446681,246.12,5.52,146.41,6.46,4.2,26.14,13.34,7.3
E-0026566,2.5392866,232.01,36.26,370.1,2.67,1.93,12.67,2.24,4.12
E-0026567,2.5388627,229.22,36.12,355.04,2.32,1.95,12.73,2.24,4.08
E-0026568,2.9660113,206.89,44.29,481.11,1.35,3.52,5.85,0.58,2.09
E-0026569,2.5104928,137.78,37.82,293.24,1.55,3.1,7.99,1.39,3.67
E-0026570,1.3188199,254.88,21.95,285.55,4.16,5.34,35.05,18.09,10.38
E-0026571,2.1780393,230.87,39.52,443.26,8.13,1.81,8.88,4.64,5.42
E-0026572,0.73104924,270.11,2.27,81.05,14.91,4.31,62.67,30.44,11.32
E-0026573,1.7121094,236.45,15.43,538.72,9.4,1.71,20.43,3.89,8.2
E-0026574,2.843854,226.73,54.07,382.35,2.71,1.89,8.86,1.63,3.58
E-0026575,2.4750006,140.81,36.51,279.39,1.55,3.13,7.96,1.32,3.57
E-0026576,2.5092685,136.09,36.42,275.72,1.47,3.07,7.95,1.31,3.46
E-0026577,2.7144654,222.93,46.75,530.53,3.21,1.65,11.54,1.45,1.74
E-0026578,0.8999204,250.49,17.28,275.7,3.02,10.97,31.14,7.1,8.63
E-0026579,1.3979925,252.72,23.95,450.84,3.34,4.51,27.2,6.72,5.14
E-0026580,1.3026731,233.98,23.65,406.13,1.92,7.31,19.05,3.9,4.53
E-0026581,1.9686884,249.03,26.59,477.05,9.24,1.62,14.64,5.03,7.11
E-0026582,2.211343,244.08,34.66,389.34,2.64,2.07,17.29,3.27,3.77
E-0026583,3.2633903,30.47,30.35,253.71,6.49,2.56,4.4,1.18,1.35
E-0026584,1.0227944,191.38,2.09,22.39,8.26,4.37,30.81,27.78,31.85
E-0026585,0.26624632,266.83,2.02,10.53,5.99,5.41,53.73,48.64,72.99
E-0026586,0.6207915,260.45,2.26,11.29,6.84,4.51,48.59,40.09,54.27
E-0026587,0.60111374,253.15,2.01,16.15,11.89,2.2,48.07,44,57.45
E-0026588,2.979594,54.73,23.84,491.22,12.25,1.81,4.84,1.85,6.22
E-0026589,1.9544387,137.2,17.45,243.87,9.49,4.43,20.77,3.56,4.29
E-0026590,0.8475492,220.28,2.81,51.9,12.95,2.29,23.11,6.89,20.34
E-0026591,0.9241,218.89,2.99,54.89,13.59,1.95,22.08,6.31,20.21
E-0026592,1.7255669,154.75,3.55,231.51,15.56,1.57,15.41,2.8,6.75
E-0026593,1.4465586,79.55,10.7,94.64,3.76,9.24,32.31,18.43,13.19
E-0026594,1.8852922,96.64,15.31,365.76,12.34,1.94,14.75,6.22,5.69
E-0026595,0.882144,208.33,5.46,62.57,7.08,4.27,23.11,9.82,8.54
E-0026596,2.7389688,47.32,17.55,231.36,11.49,3.29,10.57,4,1.21
E-0026597,2.0780566,165.64,12.38,377.22,12.03,1.94,9.66,5.45,8.49
E-0026598,1.7207818,190.83,7.7,139.72,15.53,2.07,12.24,9.84,19.11
E-0026599,1.7158645,191.36,7.51,138.21,15.36,2.06,12.46,10,18.81
E-0026600,1.3908572,74.27,15.56,52.64,1.72,6.86,18.79,12.57,18.83
E-0026601,1.8363417,123.05,11.19,191.11,13.98,3.21,20.88,5.99,3.38
E-0026602,2.490052,84.99,25.19,127.43,0.71,24.16,4.98,1.14,2.74
E-0026603,4.0952425,9.84,28.55,270.35,0.4,17.07,0.4,0.13,0.77
E-0026604,1.301293,149.46,10.16,103.93,3.03,15.21,21.45,4.13,8.77
E-0026605,1.9983262,157.86,41.11,492.93,3.72,9.42,15.76,6.03,6.85
E-0026606,1.6997496,157.49,25.7,303.32,1.63,14.29,23.82,7.62,5.45
E-0026607,3.0556357,12.75,15.58,109.09,0.51,34,1.98,0.26,0.67
E-0026608,3.7441313,15.75,17.59,163.29,0.44,33.54,0.65,0.14,0.98
E-0026609,2.2627916,87.51,15.59,76.68,0.62,32.69,5.52,1.39,4.17
E-0026610,2.82048,39.45,12.57,284.25,9.14,1.09,2.55,0.54,2.68
E-0026611,2.5653965,14.76,12.93,136.3,14.86,1.57,4.85,3.98,6.23
E-0026612,2.712571,134.18,17.9,270.37,8.67,5.69,5.4,1.75,3.85
E-0026613,2.0548334,215.81,24.68,164.95,3.43,8.79,25.19,5.9,4.55
E-0026614,2.8284194,225.89,52.65,375.94,2.43,1.91,8.73,1.53,3.41
E-0026615,1.3122147,196.02,24.97,654.39,5.55,3.63,29.68,9.03,21.01
E-0026616,1.3194072,196.86,25.25,704.08,6.26,3.58,28.84,8.22,21.5
E-0026617,2.882993,229.41,58.73,496.28,1.89,1.86,9.86,1.53,1.61
E-0026618,2.9003022,228.47,57.85,492.56,1.77,1.82,9.78,1.48,1.56
E-0026619,1.8780931,245.44,28.62,411.5,3.82,2.07,14.48,1.69,1.97
E-0026620,1.8950976,245.1,28.09,418.31,3.97,1.97,14.25,1.61,1.95
E-0026621,1.9051682,244.37,26.85,397.96,3.7,1.93,14.43,1.68,1.88
E-0026622,1.9278097,245.32,34.33,354.26,2.62,2.26,12.24,1.73,1.6
E-0026623,1.4856268,239.08,18.97,226.77,3.49,8.08,21.06,4.49,3.45
E-0026624,0.92504144,235.64,14.51,300.03,2.44,8.36,32.95,5.44,5.62
E-0026625,1.526701,254.3,23.68,345.62,5.17,7.48,25.58,8.53,7.6
E-0026626,2.1522286,243.6,19.69,342.29,10.36,1.6,12.05,4.16,2.9
E-0026627,2.4270527,245.43,53.27,422.45,1.94,2.06,13.85,3.18,3.31
E-0026628,2.4337637,244.35,53.98,411.25,1.8,2.06,13.68,3.12,3.25
E-0026629,3.1193867,16.69,22.96,215.59,4.13,2.06,4.45,0.66,2.08
E-0026630,0.33805063,221.87,4.25,50.76,18.53,1.55,38.87,33.83,57.11
E-0026631,-0.014883238,189.16,2.3,24.63,4.48,3.88,59.17,54.87,93.63
E-0026633,2.9934843,18.32,10.84,129.25,2.03,10.01,1.63,0.36,3.81
E-0026634,1.9795243,212.14,10.55,454.5,14.73,1.4,9.78,4.92,10.16
E-0026635,1.9762231,212.2,10.47,457.89,14.66,1.41,10.01,5.28,10.22
E-0026636,1.2656916,75.77,13.17,42.46,1.13,10.28,20.2,12.85,18.77
E-0026637,1.2389616,78.11,12.52,41.47,1.01,11.4,21.07,13.95,19.08
E-0026638,1.6914245,168.33,11.17,191.62,15.23,2.56,23.22,5.97,4.38
E-0026639,1.9695853,120.88,14.12,229.1,17.35,2.06,31.94,13.96,7.87
E-0026640,1.5830992,155.9,6.62,157.95,12.79,6.21,33.99,13.28,6.71
E-0026641,1.1071552,163.55,6.79,102.04,4.75,10.64,50.39,12.87,11.14
E-0026642,3.3171551,8.64,26.21,187.59,0.59,26.2,1.78,0.23,0.61
E-0026643,2.406398,87.06,26.35,200.23,0.83,23.19,6.35,1.39,3.18
E-0026644,1.9036274,53.79,11.48,41.89,0.95,29.24,16.97,1.98,3.06
E-0026645,2.716874,133.43,17.98,272.3,8.63,5.65,5.4,1.74,3.85
E-0026646,3.3945735,44.12,28.54,274.69,2.33,4.35,2.24,0.59,2.64
E-0026647,2.620491,139.57,23.16,446.6,9.72,5.31,6.76,2.92,6.43
E-0026648,2.643878,137.35,23.63,455.48,10.03,4.95,6.4,2.68,6.33
E-0026649,2.3899543,142.01,21.35,230.28,3.69,11.94,10.28,2.47,5.08
E-0026650,3.0175037,104.97,23.5,383.77,7.38,5.47,5.18,1.92,3.47
E-0026651,1.7934729,173.66,6.95,215.88,11.02,7.9,15.98,2.63,5.54
E-0026652,1.7924479,173.68,7,217.69,11.04,7.8,15.93,2.62,5.55
E-0026678,2.0198362,164.78,10.76,180.92,13.73,3.18,15.77,4.52,4.68
E-0026679,1.0367137,122.91,8.22,34.36,4,7.32,36.82,32.46,23.58
E-0026680,0.68968385,226.56,3.3,48.06,14.39,1.5,34.62,22.02,50.52
E-0026681,2.5097544,101.04,20.85,252.73,12.51,2.53,12.58,3.92,2.59
E-0026682,2.4215872,90.74,18.83,257.94,4.19,4.22,4.45,1.68,8.1
E-0026683,3.95742,11.19,28.12,272.51,0.46,21.52,0.51,0.14,0.86
E-0026684,3.1763427,3.52,19.93,171.25,13.97,1.45,1.92,2.5,3.54
E-0026685,2.410291,138.07,21.28,256.26,3.88,11.87,9.23,2.13,4.96
E-0026686,3.045371,107.05,24.5,371.21,7.06,5.09,5.46,2.15,3.47
E-0026687,2.2758563,161.84,10.43,295.69,10.17,10.63,8.91,1.78,5.11
E-0026688,2.4691203,138.51,12.61,347.94,10.03,5.39,8.35,1.75,3.06
E-0026689,2.4786804,138.82,12.66,345.94,9.98,5.1,8.27,1.74,3.07
E-0026690,2.9431698,62.58,17.81,313.71,4.45,4.69,5,0.9,2.52
E-0026691,2.9574873,64.36,18.51,305.42,4.35,4.41,5.22,1,2.55
E-0026692,2.3655255,137.21,14.96,506.85,11.01,4.62,11.13,3.22,4.85
E-0026693,2.3324125,140.21,14.6,479.08,9.87,5.35,12.3,3.86,4.95
E-0026694,2.1250196,141.8,11.47,277.83,4.78,12.85,14.13,2.28,5.21
E-0026695,2.097767,145.17,11.41,243.99,4.19,13.93,15.3,2.48,5.29
E-0026696,2.6531897,132.9,14.33,372.06,8.82,6.74,7.54,2.01,2.68
E-0026697,2.6842778,134.77,14.95,357.09,8.51,6.15,7.96,2.29,2.67
E-0026698,1.6559081,174.91,5.21,201,9.18,7.38,16.09,3.55,4.48
E-0026699,3.352258,8.32,27.52,208.48,3.47,3.19,2.61,0.36,1.31
E-0026700,1.8645841,256.99,23.48,434.78,6.25,2.14,15.82,5.38,3.94
E-0026701,1.3301824,246.68,11.31,386.19,6.21,2.77,29.83,12.77,9.57
E-0026702,2.1447756,238.16,38.47,471.66,6.5,1.87,14.36,4.18,8.42
E-0026703,2.0596755,220.1,52.62,765.65,3.64,2.35,21.74,6.88,5.82
E-0026704,2.2635138,238.6,24.61,316.2,3.5,2.22,10.94,1.81,5.87
E-0026706,2.6271517,111.29,20.73,277.4,9.48,4.03,8.07,3.8,3.86
E-0026707,2.4344862,90.42,24.78,340.92,17.17,3.17,14.02,8.3,4.3
E-0026708,-0.6235004,247.11,1.21,3.34,0.6,32.9,71.98,87.16,148.12
E-0026709,2.21057,175.35,16.49,330.41,9.93,4.81,16.17,4.56,10.39
E-0026710,2.1721983,175.02,15.72,333.89,9.98,6.1,15.53,4.14,10.31
E-0026711,3.3902915,43.42,28.14,276.57,2.36,4.42,2.21,0.57,2.64
E-0026712,1.9847721,187.59,5.75,348.85,14.68,3.59,14.73,4.74,7.02
E-0026713,1.8163481,179.31,9.81,279.46,13.08,4.7,20.31,4.89,6.99
E-0026714,1.8122042,179.84,9.82,281.25,13.15,4.72,20.36,5.01,6.98
E-0026715,2.15865,173.01,9.31,289.69,13.94,4.13,13.89,4.02,5.93
E-0026716,2.155947,173.9,9.31,294.78,13.95,4.05,13.92,4.06,5.93
E-0026717,2.0122304,164.49,9.46,310.52,11.2,6.68,14.07,3.08,5.06
E-0026718,2.3029063,198.73,11.02,410.64,19.18,2.51,12.07,5.67,9.4
E-0026719,2.2207835,198.84,9.83,380.08,17.66,4.14,12.99,6.06,9.51
E-0026720,2.2536292,78.14,17.48,93.64,1.21,26.66,8.45,1.93,3.03
E-0026721,2.3364687,77.41,18.51,107.54,1.51,22.06,7.76,1.68,3.05
E-0026722,3.313799,47.83,15.52,437.68,9.22,2.43,3.41,1.81,3.31
E-0026723,2.4853423,123.85,50.18,539.67,5.28,3.7,14.18,3.09,3.31
E-0026724,2.068058,241.99,24.68,242.67,4.5,5.72,18.12,6.37,2.71
E-0026725,2.322408,232.37,50.86,417.7,2.43,4.8,13,5.95,4.92
E-0026726,2.287618,239.66,51.38,393.56,2.57,5.03,13.88,7.44,5.23
E-0026727,2.1537921,212.03,25.73,396.61,9.67,1.96,16.56,22.88,5
E-0026728,1.7841159,225.1,22.66,165.26,3.65,7.43,27.12,8.76,3.57
E-0026729,2.3127275,236.04,53.51,343.77,2.43,2.08,12.51,2.38,6.27
E-0026730,3.2009125,207.07,79.81,260.14,1.83,1.86,4.62,1.57,4.14
E-0026731,1.6969147,244.53,14.43,342.55,4.65,1.99,16,5.96,3.83
E-0026732,2.290825,157.59,16.52,738.85,4.4,1.59,8,1.99,10.26
E-0026733,2.1826992,177.56,42.7,314.12,5.14,5.02,23.54,7.32,3.72
E-0026734,2.3138316,172.67,67.04,562.9,5.72,3.17,15.96,4.87,3.57
E-0026735,2.2977378,165.29,68.02,660.45,6.57,2.82,14.45,3.76,3.57
E-0026736,2.0481558,239.8,24.95,268.22,3.95,4.38,16.59,4.8,2.83
E-0026737,1.7371231,246.99,18.5,193.69,6.88,6.84,26.2,41.95,5.93
E-0026738,2.2617118,229.52,16.39,175.12,4.46,5,19.62,34.69,4.14
E-0026739,2.8947344,123.5,25.04,179.64,1.64,4.88,10.17,15.75,2.92
E-0026740,2.9512522,113.19,41.51,371.05,1.82,2.87,3.74,9.5,3.36
E-0026741,2.2237813,244.43,31.66,290.46,2.47,2.74,8.5,2.11,2.61
E-0026742,2.0208771,255.03,40.52,475.04,4.32,2.79,17.28,5.4,7.21
E-0026743,1.2721864,248.43,11.72,211.36,5.1,11.21,43,17.87,7.4
E-0026744,2.0348346,199.43,28.86,220.16,2.59,7.4,24.25,8.89,2.93
E-0026745,2.204802,140.86,33.85,178.18,2.05,8.2,14.67,5.14,2.64
E-0026746,3.6275532,98.84,98.45,387.8,1.19,2.18,3.03,1.09,3.41
E-0026747,3.9329436,11.82,71.31,383.66,0.82,3.34,0.97,0.33,2.98
E-0026748,2.7749054,132.04,70.29,230.23,1.71,3.1,6.69,3.07,11.74
E-0026749,4.4212976,7.38,108.79,326.81,0.79,3.2,0.88,0.2,5.31
E-0026750,3.626736,164.96,116.23,426.99,1.64,2.05,3.11,1.18,4.23
E-0026751,3.5968313,164.4,118.72,422.79,1.6,2.02,3.16,1.22,4.3
E-0026752,2.9408176,191.81,101.57,262.63,1.5,3.82,5.37,2.34,11.77
E-0026753,3.1928866,112.44,86.87,304.21,1.75,2.55,4.62,3.22,8.59
E-0026754,2.3482792,176.04,55.33,275.1,2.85,3.63,13.32,4.73,5.77
E-0026755,3.1341333,173.32,57,412.14,1.68,2.28,4.51,2.23,2.61
E-0026756,2.5422354,173.52,70.28,374.42,1.46,6.39,6.89,2.58,6.83
E-0026757,1.5720533,178.6,13.13,121.69,8.34,8.15,37.36,13.6,16.76
E-0026758,2.0992641,151.19,16.88,231.57,11.72,4.21,13.17,5.4,4.75
E-0026759,2.7705936,50.66,10.26,65.38,0.42,42.54,2.65,0.86,3.17
E-0026761,0.98553866,214.69,8.33,161.2,14.87,5.19,31.03,13.67,24.64
E-0026762,2.2367198,70.82,13.98,72.57,1.26,25.31,9.31,1.48,2.42
E-0026763,2.453612,80.09,18.24,59.4,1.39,20.63,10.87,3.88,5.48
E-0026764,2.5129285,39.17,14.46,64.28,1.69,18.25,10.29,2.2,2.48
E-0026765,2.2284782,70.78,13.74,73.78,1.22,26.24,9.28,1.48,2.41
E-0026766,2.4692419,80,18.55,62.57,1.47,19.74,10.37,3.65,5.39
E-0026767,2.578133,38.97,15.13,69.76,1.95,15.63,9.94,2.19,2.38
E-0026768,3.4476664,24.01,43.74,305.94,1,14.31,1.91,0.56,1.33
E-0026769,4.341003,2.4,52.58,556.62,1.94,3.19,0.54,0.28,1.74
E-0026770,3.8181164,7.86,35.11,225.17,0.6,19.56,0.75,0.21,0.71
E-0026771,3.4747627,52.16,30.97,243.38,0.75,10.11,1.37,0.21,2.29
E-0026772,3.3681448,13.65,18.69,106.69,0.51,32.74,1.34,0.32,1
E-0026773,3.6399238,3.84,24.21,261.41,0.43,15.78,0.78,0.14,0.95
E-0026774,1.0210483,197.52,12.22,101.29,12.76,2.03,11.69,3.53,27.68
E-0026775,1.6190599,255.08,43.73,522.32,3.14,8.65,24.24,13.91,11.92
E-0026776,1.617623,257.13,44.73,498.12,3.07,8.6,25.28,15.65,12.29
E-0026777,2.5152318,216.46,23.23,264.94,1.81,2.62,7.41,2.37,2.78
E-0026778,2.108124,242.4,29.63,430.7,5.01,2.68,12.16,3.82,8.71
E-0026779,1.9568734,207.22,28.96,445.67,9.74,4.67,30.84,18.68,5.72
E-0026780,1.9341015,255.81,35.59,413.39,4.64,2.55,12.94,3.97,3.27
E-0026781,2.2974863,243.13,29.98,250.77,2.03,2.86,9.65,3.14,2.49
E-0026782,1.7988178,184,86.12,222.37,1.37,6.41,10.18,1.18,4.71
E-0026783,4.072471,19.88,137.65,385.05,0.63,2.9,1.27,0.35,5.29
E-0026784,4.1018014,14.19,120.79,440.72,0.65,3.15,1.38,0.48,4.42
E-0026785,4.0789375,11.46,126.15,466.65,0.72,2.96,1.42,0.33,5.1
E-0026786,1.562075,189.67,21.66,89.14,2.12,14.05,13.77,3.9,9.37
E-0026787,3.8960607,48.46,87.9,486.94,0.76,3.38,2.15,0.4,4.26
E-0026788,1.9533343,209.17,61.74,270.96,1.42,5.6,11.25,1.59,5.37
E-0026789,1.9534283,205.55,60.95,268.63,1.38,5.4,11.16,1.54,5.2
E-0026790,2.0442345,182.03,54.98,257.44,1.02,5.78,10.99,1.63,4.96
E-0026791,2.683788,201.4,83.75,299.03,1.88,2.71,5.64,1.61,5.35
E-0026792,2.2127447,247.27,46.65,473.85,4.29,2.6,14.89,4.56,3.94
E-0026793,2.2007372,246.2,47.56,479.32,4.24,2.66,14.62,4.3,3.84
E-0026794,2.8237522,111.01,77.13,588.86,5.64,2.04,10.6,2.78,2.38
E-0026795,2.7789307,116.5,75.99,583.94,5.88,1.99,10.56,2.8,2.46
E-0026796,1.975747,256.48,36.78,350.22,4.16,2.89,14.81,5.68,3.39
E-0026797,1.866912,233.88,11.14,174.08,5.2,6.91,25.35,9.33,3.18
E-0026798,2.6177251,122.14,97.02,535.6,1.65,6.38,5.25,2.1,10.8
E-0026799,2.9808543,152.3,117.14,281.16,0.8,8.51,5.21,2.01,4.15
E-0026800,3.3836534,53.46,191.8,486.32,0.65,6.91,3.58,1.39,6.28
E-0026801,1.7408069,216.19,29,200.61,1.5,7.37,13.01,1.98,4.01
E-0026802,2.8253515,113.51,66.17,473.71,2.19,2.98,5.91,2.52,4.86
E-0026803,3.054475,145.88,82.13,330.41,0.81,3.51,4.38,0.41,5.09
E-0026804,2.0595267,253.27,26.64,493.79,4.82,2.4,16.71,3.54,2.8
E-0026805,2.062628,253.19,26.89,488.6,4.41,2.48,16.66,3.49,2.68
E-0026806,3.398743,57.39,28.46,238.52,0.72,12.91,1.35,0.16,1.89
E-0026807,2.9382522,70.97,35.82,196.96,1.48,14.22,4.76,0.64,2.41
E-0026808,2.40272,98.15,26.06,89.87,1.04,25.46,6.85,0.99,3.4
E-0026809,4.020111,10.4,24.7,222.15,0.53,22.32,0.5,0.13,0.75
E-0026810,4.0517383,11,26.86,297.91,0.66,18.36,0.61,0.15,0.97
E-0026811,3.9289186,3.59,28.15,327.55,0.72,6.78,0.68,0.11,0.57
E-0026812,3.1663873,15.68,22.64,329.81,4.44,3.85,3.59,0.71,3.47
E-0026813,3.2531073,15.04,23.23,170.37,0.76,23.1,2.39,0.44,1.55
E-0026829,3.663964,21.25,23.17,161.42,0.57,27.91,1.27,0.26,1.29
E-0026830,3.319691,12.65,21.56,112,0.65,25.95,1.99,0.29,1.03
E-0026831,1.850473,115.62,17.9,81.11,1.42,30.22,12.2,2.15,7.5
E-0026832,0.75259453,219.57,6.95,159.05,17.02,1.7,13,3.19,16.58
E-0026833,0.7525614,219.59,6.93,158.62,17.01,1.71,13.05,3.21,16.57
E-0026834,0.9439182,210.69,6.61,196.27,15.37,1.75,11,1.9,13.07
E-0026835,0.9529176,212.9,6.61,187.97,15.28,1.74,11.33,2.05,13.1
E-0026836,1.0901937,223.6,10.07,128.54,13.24,2.13,12.49,2.92,21.42
E-0026837,1.0941616,224.34,10.12,126.68,13.03,2.17,12.63,3.03,21.44
E-0026838,3.5705786,135.4,101.98,453.6,0.99,2.31,2.48,0.9,2.78
E-0026839,3.5621843,132.48,102.67,461.58,1.02,2.31,2.42,0.86,2.82
E-0026840,1.7097397,191.92,56.51,275.01,1.29,6.86,9.76,1.68,6.52
E-0026841,2.653998,161.99,106.47,255.73,1.12,4.11,8.13,1.29,5.33
E-0026842,2.6473923,161.41,109.35,253.18,1.15,4.26,8.41,1.41,5.26
E-0026843,2.6289375,237.59,53.41,328.66,1.59,2.5,11.19,1.97,3.17
E-0026939,2.9491646,139.01,49.69,268.49,0.97,3.12,4.7,0.8,2.03
E-0026940,3.2501888,75.34,74.73,296.9,0.61,4.4,3.59,0.5,2.9
E-0026941,3.186425,83.46,75.9,290.7,0.62,4.9,3.7,0.52,2.76
E-0026942,2.86137,153.13,38.5,266.32,0.74,3.18,5.16,0.59,2.49
E-0026943,1.4945887,237.13,27.96,410.95,5.51,6.37,39.67,15.42,5.53
E-0026944,2.628628,102.96,51.6,634.4,25.69,0.97,18.2,28.21,20.59
E-0026945,2.950875,141.34,49.67,274.86,0.99,3.18,4.6,0.75,2.04
E-0026967,1.9380304,149.61,8.61,334.1,11.68,2.59,14.55,8.1,8.2
E-0026969,2.7380571,241.24,81.33,421.82,2.82,2.85,12.22,3.85,6.01
E-0026976,1.9528271,187.8,13.76,147.45,12.51,2.29,17.17,9.35,25.51
E-0026979,1.6713027,254.59,17.69,355.87,5.77,2.91,21.69,9.3,7.02
E-0026980,1.6638007,185.21,13.27,194.84,12.51,2.72,34.07,16.39,19.2
E-0026981,1.5903567,119.28,10.63,268.58,21.25,0.99,23.28,11.53,16.02
E-0026982,1.4206091,166.94,8.13,219.49,17.75,1.41,40.26,14.9,10.32
E-0026983,2.7915943,40.22,13.87,105.61,0.78,44.47,2.41,1.17,1.84
E-0026984,3.059871,33.72,18.03,85.56,0.81,39.16,2.38,1.43,1.05
E-0026985,2.6701095,60.75,16.03,247.96,1.27,12.93,4.69,4.21,2.17
E-0026986,2.4467793,92.63,12.87,156.11,0.75,20.96,4.57,4.32,3.74
E-0026987,3.5799897,15.37,30.02,286.93,0.63,13.92,0.77,0.3,1.34
E-0026988,3.380813,6.91,47.21,599.13,17.3,0.8,1.29,1.38,4.76
E-0026989,3.0260134,35.16,11.64,201.54,10.67,0.98,1.69,1.59,3.77
E-0026990,2.205416,48.95,14.4,79.27,0.72,49.97,3.98,1.25,0.88
E-0026992,0.47266462,162.56,3.87,143.34,6.56,5.9,24.26,6.42,14.97
E-0026993,2.3086917,48.92,17,108.23,0.71,49.16,5.51,2.22,1.2
E-0026994,3.6010056,6.22,40.28,831.39,15.71,0.9,1.18,0.91,2.73
E-0026995,2.1348133,98.22,15.41,115.59,0.81,38.77,6.95,3.13,2.06
E-0026996,3.6081696,21.98,26,168.08,1.28,16.49,1.29,0.89,1.04
E-0026997,2.1888146,59.48,11.55,113.37,0.75,43.31,4.46,2.62,5.8
E-0026998,2.3623226,33.71,14.8,107.76,0.6,45.57,4.18,1.92,3.87
E-0026999,2.9147606,45.58,13.55,132.83,0.95,20.08,1.54,0.65,2.65
E-0027000,2.8602064,50.52,15.43,197.15,1.03,19.89,2.06,0.97,3.22
E-0027001,2.8382437,59.92,15.01,199.55,1.1,19.62,2.32,1.2,3.58
E-0027002,2.71113,66.73,14.18,206.21,1.2,20.22,2.59,1.47,3.88
E-0027003,2.9044487,44.46,16.68,173.86,0.93,20.09,2.25,0.97,2.9
E-0027004,1.1020116,203.99,6.62,126.62,10.38,3.45,18.17,6.68,16.62
E-0027005,2.6068704,73.99,17.15,257.33,1.2,13.23,5.21,4.31,3.07
E-0027006,1.352693,139.83,7.03,103.84,10.93,1.33,6.47,4.38,8.61
E-0027007,2.3780081,64.47,35.38,624.33,24.23,0.84,6.74,5.87,22.29
E-0027008,3.0346699,3.97,39.71,332.85,17.85,0.9,1.59,1.59,5.29
E-0027009,3.4215548,14.5,39.42,785.82,15.48,0.9,1.96,0.94,3.91
E-0027010,2.1112196,88.26,14.48,220.61,0.72,47.87,6.06,2.09,2.28
E-0027011,2.8390217,13.25,25.23,455.46,18.32,1.01,3.63,2.7,4.15
E-0027012,2.7188275,42.54,20.81,173.77,1.19,18.91,2.7,1.15,1.26
E-0027013,2.5268488,44.45,17.08,157.85,0.79,32.79,2.91,1.07,1.29
E-0027014,2.551044,43.29,14.66,125.23,0.79,33.33,2.5,0.92,1.24
E-0027015,2.5869968,79.86,24.89,329.35,1.76,14.16,3.94,2.42,2.44
E-0027016,2.6996367,41.23,24.3,331.91,1.35,18.06,2.42,0.9,1.13
E-0027017,1.994716,54.48,14.09,193.99,0.79,39.38,4.51,1.54,1.76
E-0027018,2.6486475,58.52,25.55,335.52,1.45,16.2,2.75,1.14,1.67
E-0027019,1.8172861,166.21,6.98,161.06,3.6,7.26,7.75,7.2,17
E-0027020,1.7723616,165.3,7.01,125.3,2.99,7.68,11.13,9.9,17.11
E-0027021,2.9938447,41.01,14.02,148.83,1.02,18.9,1.57,0.63,2.55
E-0027022,1.9153417,168.84,7.02,172.35,5.86,5.21,6.47,4.63,12.24
E-0027023,2.5542212,65.13,12.36,95.8,0.95,24.77,2.43,0.91,3.27
E-0027024,4.255919,5.34,42.98,412.88,1.8,1.26,0.53,0.45,2.59
E-0027025,3.5869694,24.96,50.18,597.1,9.45,1.08,1.77,2.84,7.63
E-0027026,0.55333424,200.8,5.72,136.41,14.75,1.39,18.51,7.63,24.25
E-0027028,2.8919394,61.24,27.2,354,1.12,18.75,1.85,0.76,2.06
E-0027029,2.1950753,70.36,16.26,283.72,0.7,45.07,2.52,0.61,1.91
E-0027030,2.711687,57.15,21.09,304.04,1.32,16.3,2.46,1.08,1.85
E-0027031,2.3141189,63.17,14.67,213.65,0.81,37.92,2.85,0.73,1.82
E-0027032,2.7874975,38.99,18.73,184.38,1.22,19.85,2.17,1.11,1.24
E-0027033,2.9575212,61.05,22.75,282.17,1.1,18.29,1.85,0.84,1.91
E-0027034,2.351928,64.44,14.61,249.18,0.73,46.18,2.04,0.47,1.53
E-0027035,2.6965206,58.72,18,198.7,1.33,17.78,2.78,1.31,1.77
E-0027036,2.5426505,54.96,25.79,294.16,1.57,18.51,3.83,2.2,1.69
E-0027037,3.4914296,18.74,36.91,413.01,1.09,14.29,1.11,0.49,0.87
E-0027038,2.5039642,83.84,23.54,493.62,1.48,19.97,3.62,1.89,3.04
E-0027039,3.5913389,28.76,29.44,267.62,1.55,15.58,1.42,1.15,1.29
E-0027040,2.828684,62.85,30.01,442.93,1.27,17.58,2,0.77,2.07
E-0027041,2.6403577,42.25,29.86,283.5,1.39,17.59,3.75,1.57,1.1
E-0027042,3.7147582,8.9,41.14,392.25,1.04,12.45,0.92,0.3,0.52
E-0027043,2.211907,131.69,9.69,207.37,2.1,7.21,3.04,2.34,6.66
E-0027044,1.6540939,178.47,5.7,148.9,4.37,7.18,7.85,6.91,20.71
E-0027045,1.6634,192.24,6.37,115.45,9.5,3.64,9.67,7.82,21.43
E-0027046,3.1306102,81.28,30.06,308.07,0.98,12.31,3.49,2.53,3.01
E-0027047,2.2459621,64.82,12.64,145.52,0.88,38.39,3.11,0.77,1.68
E-0027048,2.569663,65.03,23.8,279.41,1.7,17.79,4.1,2.78,2.07
E-0027049,2.127198,76.84,16.99,215.44,1.05,30.97,5.65,4.29,3.17
E-0027050,2.4676826,99.86,20.98,381.93,1.63,18.87,4.46,3.16,3.47
E-0027051,2.355505,89.69,19.84,276.65,2.08,14.79,5.57,3.55,3.09
E-0027052,1.6073724,109.15,11.63,163.52,1.08,44.19,7.7,3.8,4.41
E-0027053,1.7260765,85.53,14.74,239.22,0.61,50.28,4.02,0.98,2.78
E-0027054,2.5605698,72.78,27.12,504.07,1.39,18.28,3.66,1.46,2.63
E-0027055,2.49032,81.46,12.57,92.17,0.95,26.02,2.78,1.54,4.42
E-0027056,2.528517,69.29,11.64,90.19,0.95,27.38,2.26,1.1,3.64
E-0027057,2.957104,45.05,14.84,138.98,0.96,22.8,1.25,0.51,2.4
E-0027058,3.036024,49.43,33.63,376.4,1.2,10.12,1.3,0.95,3.53
E-0027059,3.5781243,17.69,28.36,265.64,0.6,12.72,0.73,0.31,1.26
E-0027060,2.7755392,64.64,30.63,435.61,1.65,11.16,3.24,1.6,2.02
E-0027061,2.5947447,60.19,11.68,86.51,0.99,26.53,1.87,0.87,3.48
E-0027062,2.8562005,62.53,15.72,142.22,0.96,22.86,1.88,0.92,3.14
E-0027063,2.7243729,67.09,14.69,158.48,1.05,23.16,2.1,1.06,3.59
E-0027064,2.0681367,82.53,11.86,148.98,1.28,22.69,7.23,4.26,8.22
E-0027065,1.6447476,87.64,8.94,85.36,0.88,36.46,11.04,6.19,11.58
E-0027066,1.6027061,91.29,10.09,121.54,1.43,23.08,13.93,7.68,12.42
E-0027067,1.8347095,84.82,9.59,141.46,1.15,23.79,10.27,5.37,8.41
E-0027068,2.4357238,86.18,12.27,124.68,1.16,24.57,3.14,2.06,5.1
E-0027069,2.860507,69.41,15.5,205.44,1.16,18.65,2.01,1.23,3.97
E-0027070,3.7757425,5.73,26.57,271.81,0.64,14.43,0.67,0.3,1
E-0027071,3.5216112,9.25,29.21,328.6,0.98,10.22,0.99,0.52,1.03
E-0027072,2.411547,23.84,14.35,215.74,0.81,20.83,4.01,2,3.18
E-0027073,1.7017959,86.05,9.32,95.13,0.88,36.81,10.18,5.92,11.39
E-0027074,1.9222937,66.94,10.62,117.29,0.95,33.4,8.42,4.72,9.18
E-0027075,1.9762896,79.32,11.73,157.3,1.35,23.24,7.12,3.8,8.38
E-0027076,1.8267807,70.39,10.2,104.33,0.96,33.36,9.31,5.11,9.71
E-0027077,1.6238993,77.67,11.08,143.46,1.35,23.96,13.02,6.24,11.07
E-0027078,2.4074676,41.89,20.72,174.25,0.75,35.35,5.36,2.31,5.41
E-0027079,2.341132,85.68,11.94,111.4,1.09,26.4,3.09,1.77,5.18
E-0027080,4.034556,4.02,26.3,188.09,0.55,21.69,0.61,0.27,0.64
E-0027081,3.496747,10.97,21.99,156.94,0.81,29.51,0.78,0.31,1.26
E-0027082,1.7557753,78.88,9.53,111.81,1.21,23.71,13.08,6.52,8.54
E-0027083,1.8082199,78.76,9.52,107.03,1.27,20.56,13.74,6.99,8.81
E-0027084,1.2582012,114.2,8.24,104.33,1.13,29.88,19.98,9.37,12.06
E-0027085,1.2724872,113.8,8.34,107.65,1.13,30.16,19.78,9.39,12.04
E-0027086,1.2652986,109.43,8.48,85.84,1.07,29,21.8,10.32,10.53
E-0027087,1.268041,106.66,8.66,94.37,1.08,29.32,20.96,9.56,10.45
E-0027088,1.8823638,64.76,13.29,157,1.23,22.08,11.21,5,8.15
E-0027089,1.8909687,63.2,11.07,138.98,1.24,24.04,11.65,5.09,7.45
E-0027090,1.8962845,64.66,10.94,131.13,1.23,23.65,12.03,5.35,7.48
E-0027091,1.4980205,68.53,11.71,103.41,0.79,41.17,15.49,7.35,11.02
E-0027092,2.4454677,62.5,17.67,203.9,0.77,31.41,4.78,2.36,5.55
E-0027093,1.7471145,83.14,15.61,157.26,1.15,26.35,12.11,5.32,8.33
E-0027094,2.629964,26.38,25.88,181.6,1.18,25.34,6.13,2.47,6.53
E-0027095,1.7837106,174.91,24.79,492.91,1.97,8.42,16.17,11.16,3.02
E-0027096,1.5692147,179.68,24.37,372.17,1.59,10.51,15.17,11.38,2.46
E-0027097,0.3801836,229.49,5.92,92.5,9.99,3.07,56.85,29.24,64.33
E-0027098,1.5164195,101.98,9.69,94.72,1.14,26.58,19.44,9.05,7.54
E-0027099,1.3209629,116.89,6.82,60.91,1.07,30.26,20.91,11.12,7.97
E-0027100,2.282304,129.31,36.19,593.88,2.05,3.7,9.7,4.02,2.77
E-0027101,2.4340074,166.42,53.21,"1,057.79",6.46,2.06,15.8,8.16,6.53
E-0027102,0.86798763,185.64,14.81,343.56,2.57,8.93,39.73,11.55,7.62
E-0027103,0.9323527,199.29,15.61,409.29,4.34,5.82,52.38,19.01,18.98
E-0027104,2.293276,137.51,22.82,650.39,15.07,0.99,12.72,9.65,7.32
E-0027105,2.4596722,71.32,13.11,90.99,0.9,28.16,2.28,1.22,3.89
E-0027106,0.5781717,207.5,4.7,76.61,4.28,5.94,45,14.06,30.44
E-0027107,1.1787833,135.79,14.88,120.44,1.09,27.89,20.81,8.69,11.24
E-0027108,2.9717214,37.15,25.78,279,1.03,16.84,3.2,1.17,3.59
E-0027109,2.6347525,111.33,24.93,461.49,1.47,3.53,4.93,3.07,2.01
E-0027110,2.3371632,123.59,14.98,657.52,4.79,1.13,9.35,1.28,4.74
E-0027112,1.9549781,119.04,10.97,630.1,10.5,0.96,20.42,4.01,6.93
E-0027113,1.7550336,126.29,9.13,421.19,5.35,1.75,25.31,4.79,6.52
E-0027114,1.6766826,82.13,11.54,143.04,0.84,38.58,11.77,5.99,11.05
E-0027115,2.8562984,14.03,26.31,132.85,1.08,22.95,6.74,2.08,3.99
E-0027116,2.8903368,11.44,29.91,142.58,1.05,23.18,6.49,1.97,3.92
E-0027117,1.1439272,150.05,8.73,106.87,1.04,26.36,18.54,6.69,12.51
E-0027118,0.68898016,221.69,2.53,9.15,1.09,19.62,43.35,21.22,37.87
E-0027119,1.2309464,153.79,13.35,97.37,4.44,12.64,38.57,8.11,5.61
E-0027120,1.9451165,141.1,13.03,489.99,3.1,1.95,11.29,1.28,2.64
E-0027121,2.968459,43.32,34.32,787.75,1.47,3.13,4.94,1.33,1.22
E-0027122,2.987089,42.94,38.73,643.67,1.37,3.48,5.99,1.71,1.19
E-0027123,2.7227488,31.06,42.67,"1,171.15",2.39,2.55,10.41,2.96,1.85
E-0027124,1.7520286,127.38,9.3,438.08,5.38,1.71,25.05,4.88,6.66
E-0027125,2.6807163,101.95,33.79,761.87,1.3,4.95,6.92,1.25,1.67
E-0027126,2.2381673,59.65,14.72,165.02,1.21,18.59,10.29,4.45,5.99
E-0027127,1.576014,86.66,10.08,27.06,0.93,32.03,19.47,10.03,9.1
E-0027128,1.607916,86.69,10.26,27.96,0.93,31.93,19.26,10.02,9.1
E-0027129,1.2472862,83.2,8.77,41.02,0.85,36.62,17.78,10.97,12.6
E-0027130,1.7400388,72.36,9.26,153.59,22.16,1.11,15.01,7.47,6.4
E-0027131,2.8085334,47.69,12.32,590.03,8.29,1.12,4.93,0.71,1.63
E-0027132,2.038851,77.47,25.02,860.71,2.64,3.07,16.84,2.74,2.1
E-0027133,0.7271185,172.79,19.13,345.76,1.18,17.82,35.56,7.54,4.24
E-0027134,0.910424,148.82,20.47,406.33,1.22,16.28,31.31,6.13,4.34
E-0027135,0.92777497,163.09,26.01,540.54,3.32,6.22,31.27,5.92,4.4
E-0027136,1.3492895,109.44,32.76,714.94,4.41,6.3,24.22,4.35,4.93
E-0027137,1.1402234,130.58,9.59,418.68,4.38,2.2,25.81,4.7,4.41
E-0027138,2.0661294,89.97,33.3,812.92,1.8,7.27,14.61,2.45,2.93
E-0027139,2.9766223,23.18,15.34,604.11,3.77,1.41,4.92,0.81,1.72
E-0027140,1.2525476,222.35,20.59,564.5,9.36,2.78,35.66,16.04,15.85
E-0027141,1.4181923,169.53,20.18,457.17,1.94,13.73,28.43,16.24,4.3
E-0027143,1.5107013,97.01,9.42,47.89,0.94,34,18.26,11.38,11.88
E-0027144,1.5349234,100.05,9.36,41.91,0.94,32.7,19.25,12.63,11.97
E-0027145,1.2488407,72.97,8.06,22.03,0.83,35.82,21.16,10.44,11.43
E-0027146,0.79098123,211.98,12.48,281.37,1.91,10.27,41.12,20.59,6.58
E-0027147,0.48748025,220.14,9.5,178.78,1.23,22.13,44.24,24.08,5.85
E-0027148,0.97446626,152.2,9.87,95.7,1,29.96,23.27,9.13,11.72
E-0027152,0.9900255,223.22,20.4,385.78,2.86,10.05,34.85,16.62,6.18
E-0027153,1.0819405,226.85,25.62,399.8,4.38,5.78,39.61,26.08,10.28
E-0027157,1.6023935,181.88,29.35,614.13,1.4,16.76,24.94,5.42,2.95
E-0027159,0.5218449,229.92,12.03,203.26,1.5,16.67,55.09,23.62,10.69
E-0027160,0.2816228,214.57,6.94,149.69,0.79,21.85,52.12,24.16,7.05
E-0027161,0.19347139,218.61,5.81,140.4,0.74,29.41,54.59,23.04,7.54
E-0027168,0.3888557,213.44,9.01,169.97,0.82,28.2,50.93,23.14,7.26
E-0027170,0.21223338,227.37,6.92,154.78,0.86,29.69,53.84,26.31,7.61
E-0027171,-0.020808196,216.03,5.02,98.59,0.58,43.07,54.63,22.88,8.23
E-0027172,1.7343248,169.09,26.77,444.03,2.28,7.12,19.21,13.57,3.43
E-0027173,0.47397828,228.1,10.71,239.1,1.2,19.86,47.14,14.73,5.59
E-0027175,0.075450264,217.74,5.18,134.97,0.74,24.71,55.29,23.6,7.8
E-0027182,2.1922798,56.6,14.84,183.25,1.22,19.55,9.63,3.94,5.95
E-0027183,0.5766006,207.93,9.14,249.92,1.3,23.88,49.27,27.88,7.8
E-0027184,-0.12158496,229.52,3.6,60.1,0.55,38.99,62.17,32.25,8.68
E-0027185,0.4360026,206.2,9.09,196.94,0.95,21.47,45.96,21,6.76
E-0027186,0.33755794,217.81,5.51,160.73,0.91,20.85,51.83,17.15,6.64
E-0027187,0.54592353,205.25,8.66,259.57,1.2,16.75,46.14,17.05,6.55
E-0027188,0.15490545,214.87,6.12,138.86,0.66,28.39,51.17,23.56,7.25
E-0027189,0.23834153,211.49,6.99,162.88,0.79,20.06,49.84,22.84,7.35
E-0027190,-0.015111554,191.94,6.31,149.01,0.74,22.11,57.56,22.81,13.61
E-0027191,1.6638864,162.23,27.86,619.36,1.29,14.78,21.63,3.6,2.03
E-0027192,1.4269341,179.63,23.27,508.6,1.24,18.38,27.73,6.08,2.67
E-0027193,1.6912193,161.51,30.72,562.27,1.56,16.96,21.57,4.8,3.11
E-0027194,1.8154211,161.14,29.85,680.17,1.55,9.88,18.39,4.86,2.97
E-0027195,1.6788481,176.05,26.11,518.94,1.31,18.93,21.03,4.53,2.81
E-0027196,1.3671387,190.27,28.77,483.62,1.16,17.29,22.66,4.56,2.33
E-0027197,1.8294061,160.22,25.19,620.29,1.48,9.25,20.75,2.59,1.89
E-0027198,1.4174,195.71,25.36,541.6,1.28,12.73,24.54,4.04,2.38
E-0027199,1.2455493,194.73,20.84,486.87,1.1,18.09,26.23,5.52,2.8
E-0027200,1.209896,198.5,21.4,487.47,1.06,18.64,26.94,5.7,2.89
E-0027201,1.5908775,178.55,37.01,558.53,1.1,10.51,19.99,3.77,2.91
E-0027202,1.1725963,191.03,21.73,501.75,1.53,21.08,35.06,12.5,4.44
E-0027203,1.0253097,165.96,18.21,185.67,0.74,30.72,32.85,12.61,5.63
E-0027210,0.8247722,220.73,14.12,191.04,1.56,11.18,38.82,21.02,5.71
E-0027213,1.5091082,167.41,30.93,599.57,1.97,12.63,27.12,8.59,4.63
E-0027214,1.4401125,158.88,29.21,553.5,2.13,13.53,27.13,7.4,3.96
E-0027215,1.1123263,191.54,22.08,426.74,1.64,21.36,29.19,11.29,7.24
E-0027218,0.9149334,211.56,15.28,411.69,1.63,17.28,31.02,5.59,6.39
E-0027231,0.8303766,210.03,13.24,231.27,1.68,16.13,40.53,25.97,6.89
E-0027235,0.56994,197.97,9.41,102.37,1.03,22.75,52.65,31.3,9.24
E-0027239,-0.032296322,218.86,4.29,51.6,0.48,40.82,60.51,33.95,11.07