Molecule Name,LogD,KSOL,HLM CLint,MLM CLint,Caco-2 Permeability Papp A>B,Caco-2 Permeability Efflux,MPPB,MBPB,MGMB
E-0020101,1.5927016,61.03,3.4,6.62,5.69,5.36,36.97,4.02,7.86
E-0020102,1.350642,47.91,9.08,5.62,5.62,6.13,26.49,2.81,3.5
E-0020103,0.75453734,165.54,1.57,3.4,8.33,2.74,46.02,9.6,21.53
E-0020104,1.6337436,67.8,15.44,8.71,11.72,1.75,19.98,4.18,5.79
E-0020105,0.6522642,240.69,2.04,3.72,9.72,2.96,45.14,13.37,24.69
E-0020106,1.8158606,163.53,8.97,11.06,12.93,2.06,30.26,9.71,15.07
E-0020107,2.4993024,50.21,63.47,32.3,8.97,1.86,12.51,3.83,5.51
E-0020108,2.3298233,7.92,19.75,22.12,4.24,5.26,10.75,0.65,1.57
E-0020109,3.1414955,9.18,54.82,41.78,1.65,3.09,1.52,0.18,0.42
E-0020126,3.857808,18.75,71.1,555.09,3.89,1.37,1.27,0.91,2.36
E-0020131,1.3760312,81.65,12.16,7.97,5.42,6.28,45.41,3.27,8.7
E-0020132,-0.21153697,255.39,3.73,6.44,1.48,16.29,52.05,10.77,35.4
E-0020133,0.992738,230.28,6.83,6.85,7.43,4.21,40.42,14.02,39.23
E-0020134,0.4101727,223.24,8.01,23.25,0.76,29.39,72.45,7.55,10.15
E-0020135,0.73284775,207.18,11.62,36.62,0.76,23.15,66.03,4.13,6.45
E-0020136,2.3376691,5.02,26.76,47.49,1.54,18.89,10.45,0.23,0.37
E-0020137,1.2884793,55.99,9.58,7.65,7.15,7.79,27.86,2.41,5.39
E-0020138,1.8484823,142.83,50.98,30.23,8.79,1.09,13.92,4.98,12.53
E-0020139,0.75090903,235.23,10.77,4.36,9.57,2.61,26.3,12.07,13.33
E-0020140,0.6412142,249.4,7.87,4.19,6.02,4.64,33.77,16.09,16.63
E-0020141,3.6942291,1.37,41.82,32.24,0.61,8.94,1.42,0.06,0.14
E-0020142,2.0254176,5.7,7.94,12.12,0.95,24.77,10.33,0.45,1.23
E-0020143,2.433189,5.75,22.73,12.33,1.22,19.14,6.02,0.28,0.88
E-0020144,2.6257107,2.17,16.95,27.07,1.12,19.61,2.09,0.17,0.55
E-0020145,2.290369,3.96,12.41,22.47,2.21,11.3,10.07,0.63,0.94
E-0020146,2.8292038,1.47,19.75,35.88,2.27,7.23,4.95,0.33,0.63
E-0020147,3.3854373,4.15,92.61,48.26,1.38,3.29,2.53,0.15,0.39
E-0020148,2.4298449,61.96,35.15,10.39,1.56,14.28,11.2,0.33,0.82
E-0020149,2.5616543,42.43,45.39,15.48,1.14,14.32,8.84,0.24,0.82
E-0020150,1.985484,6.58,8.48,23.76,3.3,7.52,15.03,0.34,0.65
E-0020151,2.0170949,8.94,11.31,35.85,3.57,7.56,16.45,0.4,0.61
E-0020152,2.9286747,3.14,22.46,58.58,4.15,5.31,8.63,0.19,0.38
E-0020153,2.867305,3.65,24.99,76.18,4.05,5.25,9.89,0.22,0.36
E-0020154,1.1492076,266.14,1.94,6.69,5.63,5.83,44.69,7.04,12.54
E-0020155,1.2256702,262.02,2.14,8.52,7.04,4.71,40.47,5.97,12.14
E-0020156,1.2041175,265.12,2,7.12,7.8,4.35,42.46,6.94,11.77
E-0020157,1.1344627,266.9,1.85,6.07,5.92,5.66,45.88,7.47,11.96
E-0020158,0.9605994,267.81,2.31,7.15,5.63,6.12,42.7,9.25,14.58
E-0020159,1.61915,86.42,48.8,13.45,9.12,2.37,18.84,4.86,6.87
E-0020160,1.5760453,73.95,33.27,11.15,6.47,5.51,22.79,3.67,4.3
E-0020161,2.2293336,41.95,43.64,16.07,6.29,4.54,16.28,2.6,3.14
E-0020162,2.3365083,26.39,14.47,24.62,10.16,2.03,12.24,2.68,6.2
E-0020163,2.9975479,8.34,13.5,20.51,4.75,3.22,11.32,1.52,3.1
E-0020164,2.140961,81,20.96,117.65,10.66,6.87,11.26,2.11,6.61
E-0020165,2.3414102,14.24,28.12,21.29,7.1,4.27,11.68,0.69,1.86
E-0020166,3.1820593,2.57,31.49,41.73,4.31,3.78,3.95,0.4,1.34
E-0020167,2.475843,5.75,23.7,12.46,7.77,3.03,7.79,0.66,1.33
E-0020168,1.9992697,29.52,11.74,7.14,6.9,3.26,15.03,3.78,5.86
E-0020169,3.7059317,1.25,61.78,150.69,3.66,5.67,2.16,0.36,1.39
E-0020170,3.8695397,1.58,126.2,179.63,3.17,3.63,1.29,0.26,1.05
E-0020171,2.476345,4.71,14.88,24.58,3.18,7.79,10.52,0.59,1.34
E-0020172,2.752252,5.08,35.67,35.59,2.9,6.94,6.57,0.42,0.96
E-0020173,2.0897408,5.23,20.33,17.56,2.68,10.8,11.48,0.86,2.07
E-0020174,1.7242343,52,18.83,27.4,6.85,5.95,33.63,1.51,3.38
E-0020177,3.6540024,8.8,132.27,455.73,2.44,1.68,1.08,0.37,0.82
E-0020178,2.783468,79.61,39.84,313.36,12.53,1.16,4.55,6.42,3.78
E-0020184,2.6421988,140.74,74.97,370.84,8.59,1.71,12.61,8.65,4.39
E-0020194,3.7777145,21.55,72.98,509.04,4.99,1.33,1.34,1.12,3.08
E-0020195,3.8012176,33.74,41.81,500.33,6.43,1.24,1.67,0.87,3.16
E-0020199,1.2691156,12.93,6.65,30.13,2.14,16.18,27.51,2.27,4.31
E-0020200,3.2004418,2.05,39.5,36.92,0.81,9.16,2.04,0.12,0.25
E-0020201,-0.68119645,241.54,4.7,1.93,1,32.04,68.14,17.83,38.24
E-0020202,1.321434,72.64,9.95,12.18,1.69,18.3,15.23,1.03,2.19
E-0020203,2.8457193,3.74,28.82,26.57,1.03,16.55,5.3,0.12,0.25
E-0020204,2.4269938,3.81,14.91,21.27,1.79,13.25,7.7,0.52,1.08
E-0020205,2.950691,1.7,24.39,42.51,1.39,10.65,1.58,0.18,0.44
E-0020206,2.8685098,1.79,21.19,38.2,1.34,11.65,3.21,0.21,0.48
E-0020207,2.4395347,1.98,13.87,22.68,2.32,11.39,7,0.46,0.77
E-0020208,3.2674942,1.86,26.37,42.18,0.97,10.71,1.44,0.07,0.21
E-0020209,2.1425192,52.24,40.17,15.92,1.37,18.52,8.62,0.24,1.09
E-0020210,1.9885482,32.39,26.65,2.59,1.77,9.94,28.24,2.1,3.38
E-0020211,0.59128743,208.27,2.07,3.58,3.52,8.95,52.17,9.31,13.68
E-0020212,1.4388176,120.01,4.61,7.74,6.17,6.38,36.73,5.9,8.59
E-0020213,2.4628806,17.08,16.18,26.69,3.62,9.46,14.46,2.12,3.49
E-0020214,2.6309805,16.7,48.81,18.5,3.23,4.08,7.12,0.43,1.09
E-0020215,2.7509983,5.31,30.11,44.4,2.38,4.7,2.63,0.29,0.68
E-0020216,2.6944892,12.93,17.94,29.18,5.97,4.43,9.48,2.09,3.53
E-0020217,0.7272462,181.59,3.57,3.64,2.05,16.76,45.97,4.13,9.78
E-0020218,1.1107082,120.41,6.01,7.26,2.8,13.69,36.8,2.17,5.61
E-0020219,2.4949594,5.27,21.46,20.09,5.27,4.41,6.31,0.73,2.07
E-0020220,3.2017074,3.24,37.06,63.32,5.52,2.72,5.02,0.34,0.74
E-0020221,2.4844353,10.05,20.14,16.79,8.15,3.35,10.23,0.81,1.98
E-0020222,1.8899035,26.31,11,5.74,8.98,4.22,14.83,1.57,3.26
E-0020223,3.0850544,6.91,21.15,40.96,5.87,1.86,7.11,2.44,4.58
E-0020224,1.8397409,19.98,14.28,9.4,2.88,17.27,21.94,0.71,1.52
E-0020225,2.35999,10.72,25.04,29.98,2.8,12.84,13.38,0.3,0.8
E-0020226,2.3699615,5.21,24.33,13.17,1.28,21.34,7.79,0.24,0.33
E-0020227,3.3075838,4.75,35.06,22.72,2.69,5.32,5.8,0.48,0.87
E-0020228,1.834543,46.61,29.27,11.27,3.07,8.76,20.31,0.8,2.4
E-0020229,1.4855549,46.65,16.82,4.53,5.08,4.03,12.82,1.51,5.63
E-0020230,2.387169,18.02,32.45,26.67,4.42,3.38,9.38,0.8,3.34
E-0020231,2.9552681,14.45,69.04,26.68,2.01,6.77,4.45,0.29,0.71
E-0020232,2.2476933,19.15,42.59,13.59,2.44,10.42,8.29,0.57,1.58
E-0020233,2.8761225,5.74,29.26,26.12,1.96,8.04,5.28,0.23,0.34
E-0020234,1.6291771,20.28,15.62,13.51,3.18,12.04,23.13,1.12,2.53
E-0020235,2.7100518,8.36,50.49,28.66,0.86,10.72,4.23,0.22,0.5
E-0020236,3.234519,4.85,75.38,44.29,1.68,3.03,2.7,0.28,0.6
E-0020242,-0.08904907,228.35,1.66,4.46,1.39,21.73,63.93,51.55,50.34
E-0020243,0.2766444,171.78,5,4.75,4.81,10.47,46.95,21.08,27.85
E-0020244,1.1510326,32.24,4.09,3.95,5.07,8.38,35.9,3.95,4.68
E-0020245,3.3237796,0.89,24.51,60.12,0.87,11.45,0.89,0.05,0.17
E-0020246,2.8664129,1.54,38.71,165.07,0.23,18.48,0.81,0.02,0.12
E-0020247,1.2244586,26.39,5.44,7.09,0.94,24.62,12.95,0.54,2.16
E-0020248,1.2362767,26.36,5.49,7.39,0.97,24.09,12.9,0.54,2.18
E-0020249,2.7265954,2.98,18.99,13.39,2,9.88,4.95,0.42,1.11
E-0020250,2.291259,24.58,26.41,21.06,4.01,5.87,8.87,0.56,1.45
E-0020251,1.9646736,12.36,8.71,8.58,3.24,11.35,12.9,0.84,1.35
E-0020252,2.0499508,8.56,15.89,18.24,1.25,20.69,10.41,0.21,0.48
E-0020253,2.272052,13.24,18.99,22.76,4.81,7.28,16.57,0.41,1.01
E-0020254,0.8818496,161.76,7.41,4.67,1.24,20.44,33.26,1.3,5.26
E-0020255,2.2005157,27.34,30.44,11.58,0.73,21.25,10.55,0.21,0.97
E-0020256,1.593381,67.55,19.64,8.88,1.05,18.57,16.73,0.4,1.61
E-0020257,1.8761636,48.93,28.22,171.79,3.58,9.98,20.63,3.53,7.78
E-0020258,2.2414205,29.69,26.84,35.48,5.93,5.61,14.91,0.69,1.58
E-0020259,2.3957336,8.22,22.81,9.66,2.46,9.23,8,0.46,0.52
E-0020260,1.4139552,78.64,15.3,10.79,3.53,12.7,34.81,2.18,5.99
E-0020261,0.9756875,98.15,7.49,4.03,3.28,13.96,43.1,4.07,9.42
E-0020262,1.2600279,116,11.66,13.25,4.17,10.59,39.54,1.39,3.53
E-0020263,2.3328261,13.91,26.4,25.96,3.02,10.21,15.87,0.49,1.23
E-0020264,2.9967587,7.64,43.69,46.37,2.1,4.08,7.54,0.24,0.57
E-0020265,4.038387,1.14,97.83,141.61,1.73,1.44,1.37,0.15,0.28
E-0020266,2.700135,9.2,32.31,25.54,0.98,9.49,7.91,0.16,0.42
E-0020267,4.0148973,0.75,78.43,140.32,1.19,2.09,1.18,0.1,0.2
E-0020268,2.5696883,8.42,31.77,61.88,5.39,4.75,8.02,0.8,2.43
E-0020269,1.2769896,115.56,8.62,4.39,6.46,8.2,39.73,4.25,7.72
E-0020270,0.11844237,215.13,8.88,3.47,0.45,33.3,65.76,7,15.24
E-0020271,0.060821157,217.46,7.9,3.28,0.36,41.15,67.74,7.31,15.7
E-0020272,3.025552,20.22,150.82,109.51,3.82,2.73,5.17,1.83,4
E-0020273,2.28273,19.47,40.73,13.23,2.85,5.62,9.53,0.66,1.87
E-0020274,2.994874,10.58,50.44,16.81,5.43,2.22,9.98,1.93,4.33
E-0020275,2.380523,13.04,30.96,30.17,2.46,6.91,9.51,0.39,0.91
E-0020276,2.4064693,9.36,26.65,16.39,0.99,18.39,5.25,0.12,0.33
E-0020282,3.3657796,62.08,29.39,262.03,3.61,1.59,4.42,1.38,3.93
E-0020285,1.9358557,133.84,25.09,240.24,13.43,1.68,19.1,15.71,5.17
E-0020286,2.340625,144.34,46.74,336.71,12.04,1.56,12.01,8.95,4.51
E-0020288,2.9756527,33.38,35.38,388.23,11.51,1.14,4.16,4.62,3.88
E-0020292,3.7442765,16.66,73.34,423.87,2.46,1.67,1.57,0.37,0.65
E-0020293,3.6012583,45.14,83.05,536.71,6.72,1.35,1.94,1.54,3.65
E-0020295,3.190662,125.77,26.45,339.99,4.52,2.2,4.45,1.61,18.69
E-0020297,3.4910517,69.97,35.06,416.59,3.7,2.54,2.97,1.24,7.98
E-0020298,3.9198055,27.35,39.34,521.65,4.58,1.28,1.4,0.64,2.57
E-0020300,3.074461,107.6,25.2,243.86,6.34,1.46,5.89,2.14,6.75
E-0020304,0.4240178,223.22,5.17,11.23,5.72,10.31,40.53,11.76,11.2
E-0020305,0.9785894,10.49,3.98,3.94,0.58,38.78,28.37,1.01,3.11
E-0020306,0.14921427,250.14,4.63,4.55,0.7,25.28,32.96,4.69,13.12
E-0020307,2.2733183,3.02,13.64,16.07,3.43,8.25,7.92,0.79,1.5
E-0020308,3.3202636,4.71,26.39,27.32,3.44,4.1,5.39,0.58,0.89
E-0020309,2.565031,7.09,23.35,20.6,1.09,17.83,7.5,0.12,0.34
E-0020310,0.9285585,96.15,11.7,4.05,1.9,13.07,33.33,1.47,4.64
E-0020311,1.6229644,62.38,14.88,7.71,7.16,7.61,25.13,1.57,2.96
E-0020312,4.0669894,1.36,85.76,155.2,2.2,1.86,0.87,0.16,0.3
E-0020313,2.2931767,15.2,30.47,34.49,3.73,9.44,8.5,0.55,1.66
E-0020314,2.162882,9.05,17.01,13.75,4.54,5.98,11.06,0.59,1.62
E-0020315,1.6129936,21.34,9.29,5.61,4.82,7.23,15.84,1.2,2.86
E-0020316,3.144476,6.77,125.14,101.5,6.56,2.01,3.09,1.7,4.68
E-0020317,2.628845,24.14,47.17,76.49,2.51,6.3,7.23,2.02,5.24
E-0020318,2.6016355,24.55,45.57,67.89,2.44,6.64,7.51,2.04,5.27
E-0020319,2.8337467,32.73,59.01,88.94,2.45,4.62,8.72,2.9,6.2
E-0020320,2.5969205,47.05,61.79,88.97,2.9,5.99,10.07,3.3,6.69
E-0020321,3.1523056,20.53,133.85,122.52,2.97,3.33,5.13,2.06,4.94
E-0020322,2.7401047,29.4,74.23,85.06,2.77,7.28,6.3,2.44,5.48
E-0020323,1.6295042,73.22,21,8.72,1.2,14.81,21.48,0.62,2.7
E-0020324,2.461348,24.39,29.64,11.57,0.76,16.15,10.91,0.47,2.79
E-0020325,0.95967287,117.66,7.3,4.43,1.24,22.58,29.09,1.42,4.46
E-0020326,0.0612144,250.81,6.97,7.51,1.53,13.08,74.2,12.39,22.14
E-0020327,0.62201655,172.72,11.92,18.44,1.37,9.32,53.17,7.18,14.73
E-0020328,0.63489336,167.32,5.49,10.24,1.16,14.79,59.9,10.83,20.88
E-0020329,0.5183383,217.36,9.58,5.73,0.97,26.37,47.27,4.26,10.4
E-0020330,1.203894,65.94,18.27,5.64,0.68,21.92,21.31,0.66,2.35
E-0020331,0.42875463,223.8,10.43,7.98,1.55,11.19,64.7,7.82,16.4
E-0020332,2.556016,6.66,22.98,20.95,1.76,9.11,7.95,0.31,0.77
E-0020333,1.3213544,145.1,16.75,13.71,3.86,5.95,43.55,5.1,8.48
E-0020334,1.7658954,36.8,19.78,7.02,2,13.27,21.89,2.81,4.65
E-0020335,2.8687654,8.87,35.3,28.37,2.75,6.75,10.19,1.61,2.35
E-0020336,3.2009025,5.11,36.27,64.57,4.16,2.26,5.77,1.37,1.85
E-0020337,1.5317731,59.29,24.45,6.24,1.8,12.08,20.1,0.91,3.01
E-0020338,2.2682953,22.62,29.29,15.65,2.78,7.55,13.79,0.66,1.97
E-0020339,2.1258225,8.4,15.66,12.65,3.81,6.55,13.23,1.01,2.39
E-0020340,2.877688,2.53,15.35,34.78,5.42,3.31,7.23,0.55,1.36
E-0020341,2.5235708,21.37,49.7,14.34,4.01,6.94,17.7,3.23,4.67
E-0020342,3.129494,9.11,60.15,57.48,4.76,3.17,10.49,2.54,2.78
E-0020343,3.4772806,5.68,71.86,77.02,3.96,1.41,5,1.73,2.35
E-0020344,1.8513128,36.54,24.31,14.03,1.47,12.45,19.13,0.67,2.02
E-0020345,2.117962,13.03,12.34,28,3.34,7.03,12.18,0.52,1.17
E-0020346,0.8092682,116.66,11.07,4.75,2.76,13.06,35.19,1.59,3.67
E-0020347,1.2818545,75.4,13.78,6.53,1.02,22.59,18.76,0.75,2.73
E-0020348,1.9014229,16.04,13.3,13.44,1.49,13.74,14.6,0.65,1.75
E-0020349,1.1656862,118.64,12.09,6.64,0.82,21.62,21.62,0.72,3.34
E-0020350,2.872912,3.61,31.18,32.06,1.01,13.37,3.4,0.08,0.17
E-0020351,1.3756988,89.23,19.08,6.5,0.75,17.99,21.77,0.68,3.16
E-0020352,2.3207939,17.25,35.78,20.78,1.33,9.45,11.4,0.41,1.73
E-0020353,1.6195438,62.48,19.62,6.1,6,7.34,22.81,2.32,4.6
E-0020354,2.6261382,6.2,31.85,43.16,5.29,3.93,8.65,0.48,0.94
E-0020355,1.5679592,50.08,17.55,11.95,5.81,5.91,28.87,1.59,3.48
E-0020356,2.261318,10.83,17.9,33.43,7.75,3.39,18.44,1.21,2.29
E-0020357,2.9358943,4.99,35.94,21.03,1.29,7.94,3.45,0.24,0.31
E-0020358,3.0209608,11.5,46.81,18.97,0.63,13.35,4.4,0.29,1.99
E-0020359,3.2651844,12.6,38.8,25.06,0.63,11.26,4.12,0.26,1.42
E-0020362,2.8180747,33.58,58.97,86.66,2.42,4.78,8.97,2.94,6.3
E-0020371,0.96250236,163.97,13.66,4.45,3.89,9.83,26.82,9.11,14.86
E-0020372,0.42364556,200.34,9.07,7.47,1.34,21.04,26.33,2.64,5.73
E-0020373,3.329867,2.45,28.47,35.98,0.78,13.93,2.43,0.06,0.14
E-0020374,3.5206943,2.19,49.05,47.67,0.85,11.89,2.02,0.06,0.17
E-0020375,2.2628746,36.72,38.41,22.73,0.93,16.26,7.18,0.28,0.69
E-0020376,2.0037816,80.08,23.23,14.12,0.55,22.63,10.83,0.33,1
E-0020377,2.273586,23.16,28.5,26.39,4.47,7.34,12.65,0.89,1.99
E-0020378,3.4871328,3.54,70.82,50.62,2.42,2.04,3.36,0.24,0.5
E-0020379,3.3676684,3.15,57.67,49.73,1.3,3.58,3.11,0.15,0.36
E-0020380,2.5932696,18.53,31.13,23.57,3.95,4.71,6.95,0.43,1.25
E-0020381,2.845142,32.83,120.19,111.17,3.48,4.57,6.25,2.6,7.75
E-0020382,3.1280723,20.5,126.3,112.44,2.99,3.42,5.4,2.09,4.9
E-0020383,3.0408118,21.36,80.29,94.29,2.91,3.86,5.05,1.94,4.34
E-0020384,3.0477738,18.28,145.08,118.35,2.53,3.97,4.54,2,5.33
E-0020385,1.7989438,53.82,29.52,10.93,1.53,12.79,18.09,0.57,2.67
E-0020386,1.8142036,40.3,30.26,11.01,0.96,16.94,14.89,0.37,2.25
E-0020387,2.405417,31.26,34.94,13.09,0.62,19.7,11.69,0.37,2.9
E-0020388,1.2903934,103.31,16.59,6.05,2.24,14.63,25.28,1.63,6.66
E-0020389,2.3534987,14.73,27.44,17.6,1.21,13.66,11.42,0.41,1.33
E-0020390,2.9625034,11.13,39.36,12.19,0.51,18.8,3.51,0.14,0.47
E-0020391,3.1641004,7.46,40.19,24.04,0.57,13.96,3,0.13,0.32
E-0020392,1.7369876,29.32,22.09,14.94,0.7,20.97,16.64,0.44,1.5
E-0020393,2.889289,5.17,39.22,36.43,4.35,2.88,5.88,0.42,1.04
E-0020394,2.5055888,8.79,15.09,9.23,6.53,2.87,14.08,2.63,5.27
E-0020395,3.1046994,4.62,22.65,42.25,7.86,1.64,7.09,2.34,3.26
E-0020396,1.8206558,22.69,23.37,7.81,3.76,7.54,12.8,0.85,2.15
E-0020397,2.2120435,7.58,14.86,25.48,5.08,6.52,19.32,1.07,2.07
E-0020398,2.2874835,21.16,32.14,21.88,0.94,15.3,3.34,0.25,0.67
E-0020399,2.9754653,1.93,37.43,52.53,1.1,7.35,1.93,0.18,0.35
E-0020400,1.780085,82.13,22.18,10.19,0.39,28.86,10.81,0.34,1.26
E-0020401,1.3755524,90.02,19.44,6.49,0.76,17.96,21.75,0.69,3.21
E-0020402,2.0587916,26.66,26.23,12.91,0.92,13.52,14.52,0.43,1.76
E-0020403,2.305393,5.48,21.66,11.54,4.21,6.11,7.19,0.57,1.57
E-0020404,2.8507745,2.31,24.17,41.9,4.65,3.71,4.81,0.39,0.83
E-0020405,2.3269389,19.37,33.36,21.74,3.73,5.59,10.91,0.69,1.43
E-0020406,3.3037798,2.28,40.54,44.63,1.31,5.46,2.56,0.16,0.17
E-0020407,2.1828227,17.92,32.25,17.19,2.14,10.48,12.26,0.5,1.23
E-0020408,2.7593496,5.64,38.05,35.98,3.02,6.18,8.29,0.36,0.7
E-0020409,3.1100335,10.22,64.28,23.39,0.54,15.18,4.17,0.2,1.8
E-0020410,3.3243258,8.87,57.56,36.65,0.6,10.58,2.97,0.18,1.29
E-0020411,1.4841166,58.05,21.33,6.9,0.54,21.78,17.79,0.42,2.63
E-0020412,2.3613772,16.73,38.59,19.51,0.9,12.84,9.37,0.27,1.33
E-0020413,2.3052187,9.3,23.67,24.42,6.9,3.98,13.77,1.64,2.74
E-0020414,1.0861088,140.7,33.15,7.61,1.84,11.12,37.41,2.38,6.77
E-0020415,1.62609,73.68,37.2,9.57,2.34,6.53,23.7,2.11,4.63
E-0020416,2.304772,34.28,48.03,19,1.13,11.86,6.68,0.4,1.2
E-0020417,2.6785145,3.61,31.99,30.97,6.39,2.96,6.56,0.52,1.24
E-0020418,2.1650946,19.89,18.56,17.51,1.31,13.69,13.01,0.43,1.79
E-0020419,2.0281959,24.82,50.16,12.14,1.4,6.92,8.3,0.49,1.34
E-0020420,2.953683,4.69,46.36,43.5,2.73,2.92,4.27,0.33,0.73
E-0020421,1.9097992,9.06,17.06,60.61,4.71,6.41,9.31,1.07,1.95
E-0020422,1.9974636,14.92,7.97,12.17,4.62,6.38,9.63,1.39,2.85
E-0020424,1.4940454,96.24,3.2,6.55,3.11,10.88,25.5,3.52,8.3
E-0020425,2.3175216,50.48,24.63,45.49,1.32,12.48,12.81,2.55,6.36
E-0020426,1.9066591,21.67,5.33,7.5,3.96,6.69,15.21,1.66,3.72
E-0020427,2.6596558,43.21,20.89,23.66,2.22,7.7,14.76,2.82,4.6
E-0020428,2.9773574,30.61,39.51,57.61,2.75,5.03,10.33,2.32,4.36
E-0020429,1.9660864,103.33,10.62,8.64,1.09,22.77,24.39,3.04,6.21
E-0020430,2.3475184,82.04,14.12,12.16,1.06,18.93,21.95,3.28,4.49
E-0020431,1.7188356,71.26,36.55,11.32,0.88,24.21,8.79,0.25,1.17
E-0020432,2.3185773,6.42,26.05,44.95,8.71,1.91,13.9,4.43,5.6
E-0020433,2.650213,5.35,33.43,103.09,7.19,1.91,7.43,3.17,4.3
E-0020434,3.0221806,2.27,49.8,130.17,7.43,1.32,6.75,2.97,4.28
E-0020435,3.1298978,4.58,12.27,43.56,3.38,4.54,5.3,1.53,1.87
E-0020436,2.904459,5.53,5.8,13.49,4.08,3.71,11.75,1.78,3.23
E-0020437,3.3858848,5.6,64.85,112.12,2.85,2.68,2.75,1.04,1.47
E-0020438,2.8750873,6.6,24.91,39.02,4.31,3.58,5.99,1.24,1.3
E-0020439,2.2791448,36.91,9.85,23.43,3.84,6.1,16.98,3.68,5.02
E-0020440,3.6620786,3.24,52.23,100.94,2.85,1.95,3.63,1.22,1.29
E-0020441,2.58399,7.92,11.61,15.29,3.31,6.96,8.64,0.74,1.58
E-0020442,3.4090881,3.21,24.66,40.43,2.92,2.79,3.3,0.57,0.75
E-0020443,3.065351,6.91,43.99,19.39,2.55,5.19,5.24,0.45,1.08
E-0020444,3.4734967,4.56,46.74,39.99,2.02,3.04,2.95,0.41,0.57
E-0020445,2.8215387,6.8,18.37,10.22,2.06,10.05,8.74,1.85,2.42
E-0020446,1.1727974,51.95,5.22,2.94,1.06,23.85,32.76,4.59,8.53
E-0020447,2.2944572,15.36,21.86,6.41,1.35,15.15,16.37,2.71,3.57
E-0020448,1.7495494,32.33,15.66,4.47,1.04,22.19,23.54,3.08,5.73
E-0020449,2.2224798,14.79,20.67,6.29,0.99,20.59,15.17,1.55,2.44
E-0020450,3.20098,7.04,31.57,17.94,1.03,12.21,5.76,0.8,1.07
E-0020451,2.8595495,8.92,34.41,12.11,1.15,15.09,8.13,0.98,2.03
E-0020454,1.6389592,140.32,24.66,20.94,5.87,5.67,34.11,9,13.98
E-0020455,2.6252332,9.75,38.66,13.67,4.57,2.44,7.87,1.21,3.09
E-0020456,2.6413267,9.57,35.45,90.58,5.82,2.34,7.52,2.18,3.06
E-0020457,0.0115870945,238.08,2.04,14.99,1.92,9.62,37.26,11.67,13.56
E-0020458,-0.8295245,251.84,1.73,14.24,1.1,14.16,40.24,10.79,9.69
E-0020463,2.1826963,147.66,8.99,105.16,18.43,1.18,17.57,9.33,20.31
E-0020466,1.7502748,255.08,10.83,502.37,15.31,1.39,18,7.1,13.44
E-0020467,3.4316244,68.86,9.91,647.69,2.36,1.71,2.09,0.32,1.48
E-0020468,1.8966081,15.25,6.66,34.39,4.85,6.97,13.45,1.87,2.48
E-0020469,2.750351,5.43,19.9,99.23,5.45,4.68,7.02,1.47,1.52
E-0020470,0.5780094,86.85,2.2,3.74,2.63,12.41,55.41,15.22,36.3
E-0020471,1.7670087,103.05,7.29,7.96,2.29,11.08,22.73,3.27,8.2
E-0020472,1.7714336,104.63,7.11,7.79,2.04,11.63,23.49,3.56,8.28
E-0020473,2.7775967,15.11,72.86,15.7,1.88,4.64,3.13,0.33,1.32
E-0020474,3.3275168,4.23,73.9,34.15,1.82,2.76,2.06,0.23,0.73
E-0020475,1.0263158,60.17,2.83,3.06,3.54,9.77,47.52,10.23,26.08
E-0020476,3.213343,7.96,27.08,32.18,3.34,3.31,7.13,1.28,2.45
E-0020477,1.7971481,41.55,4.93,6.15,3.74,10.81,24.2,2.84,5.63
E-0020478,2.301577,17.75,11.22,13.38,3.83,7.15,16.27,2.23,4.54
E-0020479,2.7000456,10.11,17.81,41.95,2.49,8.83,13.44,2.41,3.07
E-0020480,2.9988284,8.86,20.59,14.62,2.62,2.38,3.89,1.58,3.01
E-0020481,1.4450562,33.04,7.38,3.92,4.41,6.49,22.07,4.77,7.49
E-0020482,2.0923944,63.4,66.96,12.31,2.97,13.22,12.23,1.43,3.3
E-0020483,2.9013093,19.08,95.6,65.36,3.79,5.08,5.69,1.03,1.46
E-0020484,1.0245789,65.9,1.45,2.37,1.37,21.85,32.34,4.9,8.63
E-0020485,2.0330405,9.64,3.94,6.72,2.57,11.2,12.08,2.76,3.74
E-0020486,1.4879401,18.52,2.26,4.05,1.62,17.82,21.34,3.35,5.81
E-0020487,2.0789518,6.23,3.79,4.94,1.24,21.26,13.81,1.55,2.25
E-0020488,3.3033848,2.42,13.12,15.11,1.67,10.03,4.47,0.88,1.05
E-0020489,3.2660446,2.8,13.19,13.9,1.86,9.96,5.91,1.07,1.91
E-0020490,2.4275248,5.46,7.06,10.52,1.72,17.29,12.33,2.14,3.59
E-0020491,1.5377877,27.47,2.42,3.15,1.69,20.33,23.71,3.26,5.8
E-0020492,2.0509927,13.93,7.09,5.54,1.83,15.96,14.98,2.36,4.37
E-0020493,2.5993629,6,12.34,6.69,1.74,14.51,8.8,0.99,1.67
E-0020494,3.7682145,2.22,34.62,38.33,1.33,5.13,2.24,0.55,0.72
E-0020495,3.4684644,3.74,32.65,17.28,1.8,9.29,3.97,0.76,1.61
E-0020496,2.3183632,8.7,11.47,7.17,0.99,25.57,11.76,1.66,3.08
E-0020497,3.374081,3.19,34.84,26.15,3.42,3.16,4.08,1.55,1.61
E-0020504,1.6556709,51.54,3.95,8.27,3.54,7.73,17.92,3.1,3.87
E-0020506,2.0169778,76.18,28.33,30.05,8.84,2.59,23.11,7.47,8.19
E-0020507,2.8576539,12.9,28.92,20.98,1.08,16.46,6.27,0.88,1.19
E-0020508,3.1096737,6.88,14.91,17.54,0.58,24.92,4.4,0.45,0.59
E-0020509,2.4909,16.91,28.18,22.47,1.2,13.38,5.96,0.77,0.81
E-0020510,3.1851177,10.77,36.75,42.54,1.02,8.44,2.5,0.24,0.43
E-0020511,2.9528491,17.17,27.14,23.58,0.71,23.85,6.21,0.43,0.87
E-0020512,2.475869,6.12,33.35,18.88,4.4,2.84,9.15,3.14,3.59
E-0020513,2.4042573,17.71,34.97,16.62,5.41,5.41,14.85,1.89,3.1
E-0020514,1.4078422,132.79,2.48,97.27,12.94,2.99,16.86,9.93,11.87
E-0020515,1.0315013,121.61,3,128.59,11.64,3.55,19.35,13.01,21.95
E-0020516,1.9305675,186.17,2.55,50.24,7.19,3.29,28.22,11.64,11.42
E-0020518,2.8677459,193.19,20.52,407.95,2.47,1.83,4.44,0.48,1.78
E-0020522,4.1173778,2.42,49.53,71.66,0.91,2.51,1.01,0.23,0.25
E-0020523,1.0758111,55.86,2.9,3.49,10.15,4.63,50.36,8.99,17.42
E-0020524,2.5814838,10.06,17.1,11.86,3.14,7.23,7.35,0.7,1.25
E-0020525,3.3411844,4.54,29.58,27.97,2.98,3.39,3.46,0.52,0.63
E-0020526,2.8581796,7.33,26.34,12.25,3.44,7.54,8.18,2.01,3.48
E-0020528,2.2072375,12.61,32.33,27.91,3.79,7.93,11.02,2.15,2.53
E-0020529,2.3733616,19.02,29.6,14.39,1.98,10.98,8.77,0.9,1.38
E-0020530,3.3516488,9.13,25.85,28.14,0.66,18.63,3.19,0.37,0.52
E-0020531,2.7221978,7.49,19.2,23.79,1.36,10.26,5.27,0.73,0.74
E-0020532,2.8097706,11.22,17.17,17.63,1.07,12.37,4.94,0.39,0.52
E-0020533,3.653211,4.18,21.43,47.35,0.58,16.07,1.46,0.23,0.39
E-0020534,2.9044917,4.71,22.29,36.74,0.97,11.68,2.49,0.45,0.58
E-0020535,3.1267972,10.12,34.97,32.16,0.93,17.8,5.96,0.7,0.8
E-0020536,2.7630587,7.01,31.72,24.69,1.68,13.4,9.07,1.3,1.32
E-0020537,3.2558868,4.29,36.04,33.29,2.82,6.05,5.4,1.38,1.24
E-0020538,3.789711,2.1,56.31,85.4,2.83,2.62,3.22,1.16,1.08
E-0020539,2.97021,7.44,29.16,15.36,2.92,8.89,9.79,1.81,2.69
E-0020540,2.266598,13.71,14.81,5.84,3.35,10.11,16.48,2.74,3.24
E-0020541,2.6528494,15.86,37.63,22.22,1.68,12.73,8.66,0.76,1
E-0020542,3.5995922,3.68,72.28,97.5,3.42,1.94,4.85,1.07,1.07
E-0020543,1.9668878,14.75,9.98,8.61,1.99,14.42,15.7,1.42,2.76
E-0020544,1.3823351,137.95,9.82,10.01,1.59,18.39,21.47,8.24,11
E-0020545,0.4290825,187.47,4.55,42.77,10.4,1.38,57.73,49.97,88.48
E-0020546,-0.9937253,223.36,2,11.96,2.58,4.93,65.26,45.99,97.63
E-0020547,2.0733583,127.93,6.12,50.17,10.85,2.68,21.79,10.53,8.48
E-0020548,1.0987766,142.57,6.54,123.51,0.98,33.39,18.86,10.54,17.83
E-0020549,1.4210936,145.5,11.76,105.89,1.96,17.79,16.36,8.26,19.39
E-0020550,1.8214939,104.95,11.35,80.6,1.9,18.33,11.07,3.61,10.56
E-0020551,1.6899447,105.78,12.03,84.18,2.01,17.44,17.16,5.65,12.95
E-0020552,1.3496286,115.84,8.3,53.79,1.21,24.28,20.83,8.78,15.09
E-0020553,1.659256,87.32,10.62,99.56,3.02,9.14,8.92,5.45,19.92
E-0020554,2.1800282,33.01,14.62,95.02,4.21,4.55,5.05,2.45,15.45
E-0020555,1.807025,106.16,8.98,185.85,1.79,18.88,11.93,4.54,8.17
E-0020556,1.8573825,89.7,14.07,161.05,3.34,9.32,10.28,4.93,10.86
E-0020557,1.9312435,94.41,11.31,127.98,1.82,13.72,8.56,3.3,12.12
E-0020558,1.8609977,110.34,14.55,177.74,1.68,16.76,8.27,3.83,11.43
E-0020559,1.314647,123.89,8.24,62.59,1.33,19.02,16.99,6.68,21.2
E-0020560,1.2285649,151.96,9.24,81.15,1.76,18.64,16.41,11.81,22.9
E-0020561,2.414182,51.69,13.33,183.82,4.32,2.89,4.52,2.4,10.49
E-0020562,2.1129675,87.43,11.32,282.03,6.45,3.22,8.69,5.57,14.45
E-0020563,1.9166483,244.32,13.28,364.26,5.26,1.75,19.14,5.53,10.59
E-0020564,2.096658,178.27,6.64,96.74,18.41,1.09,13.69,8.76,5.95
E-0020565,3.0738654,8.92,54.07,58.31,3.21,1.33,3.39,0.81,4.53
E-0020566,3.5993502,2.83,46.46,51.16,2.74,3.86,4.85,1.27,1.7
E-0020567,1.5071847,21.42,2.04,3.69,4.15,9.85,17.52,1.86,3
E-0020568,2.393053,6.22,3.89,9.91,4.73,5.06,7.71,1.4,1.38
E-0020569,2.7245922,24.95,29.9,23.4,0.99,17.07,6.42,0.41,0.98
E-0020570,2.2397416,44.47,8.82,15.34,9.78,2.66,43.57,16.7,10.63
E-0020571,2.2879138,11.96,39.79,28.11,2.88,8.65,11.98,1.18,1.39
E-0020572,2.9689727,5.27,42.5,17.33,1.34,12.87,5.8,0.25,0.72
E-0020573,1.2924081,218.74,6.52,102.89,6.13,5.04,11.71,4.64,4.93
E-0020574,1.7832274,172.32,10.08,221.78,8.9,2.03,7.29,4.65,7.24
E-0020575,1.2635856,156.31,5.17,67.1,6.9,3.36,18.93,5.61,11.24
E-0020576,2.7210064,28.67,31.82,365.53,12.94,2.11,2.07,4.08,17.53
E-0020577,2.7161648,28.54,31.3,363.3,12.95,2.13,2.08,4.09,17.49
E-0020578,0.604788,204.02,2.65,63.56,7.21,4.57,20.23,6.2,9.76
E-0020579,0.38856736,209.86,2.87,26.87,8.45,3.32,22.36,6.53,11.23
E-0020580,1.318817,234.37,2.58,245.39,7.12,10.77,24.64,11,10.53
E-0020581,2.1983151,202.39,7.58,732.39,17.99,1.45,7.98,5.68,11.23
E-0020582,1.106193,227.4,2.58,91.72,5.61,7.65,13.64,16.58,12.76
E-0020583,1.8428409,86.37,7.59,220.33,9.99,3.67,15.07,9.25,13.68
E-0020584,1.8330096,90.31,7.61,208.31,9.75,4.03,15.19,9.69,13.8
E-0020585,1.2001407,168.03,7.55,153.99,2.21,16.08,26.77,7.37,14.4
E-0020586,1.1156225,180.5,10.76,202.47,6.85,8.47,19.98,8.49,20.94
E-0020587,1.1032869,180.43,10.65,202.07,6.61,9.17,20.29,8.7,20.82
E-0020588,-0.88552934,230.03,2.26,15.12,0.75,42.33,52.46,19.33,39.73
E-0020589,2.8652146,18.31,10.6,163.08,2.55,3.7,2.62,0.52,3.66
E-0020590,1.2726107,161.52,7.14,115.45,1.84,16.31,18.18,6.44,18.2
E-0020591,2.6010637,182.72,33.55,269.21,2.22,3.47,8.17,2.74,9.22
E-0020592,-0.33549744,202.87,6.41,15.49,0.95,114.48,31.86,9.14,8.13
E-0020593,2.9121642,193.69,32.49,298.19,1.98,3.7,7.22,0.84,3.53
E-0020618,3.110203,6.87,52.05,45.55,5.27,2.5,7.7,1.43,1.53
E-0020619,0.18162659,202.27,2.73,29.96,8.29,1.58,62.23,49.75,91.57
E-0020620,1.2171428,220.24,5.97,96.89,6.07,7.45,13.1,5.95,4.99
E-0020621,1.806468,171.07,10.32,224.58,9.07,1.96,7.95,5.32,7.34
E-0020622,1.987446,123.73,10.45,265.56,9.77,2.16,10.23,5.25,5.31
E-0020623,1.1244104,210.05,4.52,90.26,5.27,6.86,14.97,5.76,4.6
E-0020624,0.6239953,230.23,3.36,38.08,2.56,10.71,20.13,4.96,4.31
E-0020625,1.311884,201.24,5.26,91.78,6.37,3.38,18.33,5.65,4.47
E-0020626,0.466062,145.22,4.59,34.66,19.18,1.69,70.97,60.93,53.73
E-0020627,0.6777302,238.17,2.01,55.46,2.98,13.94,20.57,15.9,10.85
E-0020628,1.9072855,187.33,6.86,464.19,17.85,1.51,10.8,11.61,14.71
E-0020629,2.204796,166.55,10.17,598.24,13.99,1.65,13.27,5.93,7.12
E-0020630,0.66309464,173.28,3.97,38.32,0.86,33.26,30.79,14.91,31
E-0020631,1.4936408,147.32,13,327.27,4.92,13.83,11.67,9.63,22.03
E-0020632,1.3797139,134.55,12.12,173.82,2.66,17.34,14.6,11.66,27.23
E-0020633,2.1616137,54.39,34.15,319.03,15.51,1.5,6.64,6.66,10.63
E-0020634,1.682303,86.91,17.3,214,4.63,12.89,15.48,14.93,13.7
E-0020635,2.2905378,103.88,10.55,358.21,17.66,0.98,9.49,2.37,2.82
E-0020636,1.9363028,220.56,13.99,546.64,18.31,1.1,10.2,1.8,3.94
E-0020637,1.9418442,219.98,14,547.8,18.31,1.09,10.09,1.78,3.89
E-0020638,-0.57270354,220.88,2.33,14.48,0.9,38.81,54.79,21.63,51.21
E-0020639,0.4990087,223.76,2.62,22.54,1.75,23.69,52.28,24.33,47.4
E-0020640,-0.09900832,227.79,2.87,25.57,1.4,25.76,50.9,22.66,41.71
E-0020641,1.671167,121.59,8.24,26.7,1.1,25.12,10.75,5.94,16.46
E-0020642,2.6232667,40.13,16.42,219.24,4.16,2.94,4.8,1.28,3.81
E-0020643,2.8858328,28.79,21.5,187.08,2.97,3.34,2.7,0.64,3
E-0020644,1.8667336,93.48,9.68,138.81,1.99,13.77,7.42,3.33,10.12
E-0020645,3.0704095,11.13,12.14,147.66,2.19,3.16,1.82,0.45,3.17
E-0020646,1.8791736,103.02,12.1,166.43,1.93,14.56,8.43,3.48,10.41
E-0020647,2.293316,57.22,9.8,81.04,1.83,12.74,9.43,4.43,6.08
E-0020648,-0.29965356,167.73,7.6,18.83,0.88,111.42,21.99,4.09,2.82
E-0020649,1.0218114,57.72,24.98,61.59,1.21,84.41,8.85,1.69,3.94
E-0020650,0.13989826,171.42,7.7,32.81,1.18,98.14,24.55,5.84,3.11
E-0020651,2.7046182,62.25,26.39,269.21,8.19,1.94,8.79,3.44,7.44
E-0020652,2.1891613,22.19,19.5,7.64,8.35,2.34,22.18,4.98,7.72
E-0020653,0.21659838,202.46,3.1,28.04,8.4,2.16,62.24,58.86,98.41
E-0020654,0.014445867,194.58,2.56,30.36,4.75,4.58,51.97,28.68,47.65
E-0020655,1.9672368,86.93,7.59,292.84,8.08,3.73,13.44,3.43,2.19
E-0020656,2.5590773,65.19,10.49,324.79,12.05,1.49,10.27,3.69,3.19
E-0020657,1.4186308,165.57,10.55,209.6,3.14,16.32,12.45,10.12,20.25
E-0020658,1.4679537,146.32,13.71,216.06,1.91,19.49,13.75,9.99,23.39
E-0020659,1.5602226,129.16,11.22,214.26,5.27,12.67,15,9.95,20.46
E-0020660,0.85248923,201.78,5.61,116.17,1.28,30.47,23.14,9.92,22.13
E-0020661,1.750291,134.09,13.46,208.81,7.03,9.34,8.49,6.83,10.76
E-0020662,1.1723702,163.2,9.88,172.11,3.26,13.8,28.9,11.9,18.93
E-0020663,1.0796777,170.95,7.64,109.22,2.05,26.32,23.55,7.57,17.43
E-0020664,0.7645211,153.87,7.29,148.12,1.7,17.19,34.93,8.32,12.78
E-0020665,0.15325998,185.79,6.5,120.77,1.38,24.87,18.76,5.2,18.05
E-0020666,1.2724637,162.14,9.97,237.37,4.48,13.42,18.59,5.97,14.53
E-0020667,1.495686,143.67,10.1,281.91,5.13,9.86,14.4,4.36,11.57
E-0020668,1.8958358,86.18,13.48,333.67,5.73,7.37,10.4,4.26,7.07
E-0020669,1.2060775,186.7,9.05,208.23,6.46,9.77,21.21,8.7,11.63
E-0020670,1.3251243,159.42,18.32,422.59,5.52,9.67,18.44,4.73,11.87
E-0020671,1.0696651,132.36,7.49,70.84,1.18,24.64,22.55,13.8,22.43
E-0020672,1.4692456,179.8,9.76,162.12,6.44,8.61,15.93,8.94,17.45
E-0020673,1.9148518,86.27,13.86,99.57,1.6,17.09,14.36,3.32,10.78
E-0020674,1.7761704,98.38,13.57,154.9,5.28,7.02,14.91,4.37,12.65
E-0020675,1.6288805,155.23,12.01,180.49,5.63,5.77,17.9,7.3,28.29
E-0020676,1.8443354,124.45,8.4,157.64,3.66,6.7,13.05,3.45,14.8
E-0020677,1.855519,138.42,5.27,211.41,16.83,1.35,4.03,4.24,4.37
E-0020678,1.9158654,134.37,4.13,196.94,12.03,2.56,7.35,4.88,4.19
E-0020679,2.0553722,164.47,8.8,508.32,14.02,1.54,6.72,4.45,3.49
E-0020680,2.4914358,55.37,12.86,237.84,5.25,3.29,4.4,1.18,8.53
E-0020681,2.7347906,38.35,11.07,175.33,2.61,4.17,2.51,0.69,4.3
E-0020682,2.972167,18.11,10.99,133.02,1.81,4.1,2.14,0.37,2.39
E-0020683,2.7456887,42.49,16.07,261.01,4.01,3.34,3.22,0.86,5.98
E-0020684,3.1017008,16.1,14.09,210.99,2.33,3.52,1.54,0.38,2.93
E-0020685,1.8328769,62.12,12.36,67.54,1.57,17.21,12.16,3.81,11.39
E-0020686,0.29657272,159.25,8.98,35.86,1.12,97.3,15.54,2.57,2.56
E-0020687,0.28702122,161.12,9.04,36.85,1.13,96.42,15.53,2.6,2.54
E-0020688,-0.03340317,212.81,8.79,29.19,1.03,103.12,25.52,5.76,3.51
E-0020689,-0.022031045,207.02,8.54,27.45,0.99,105.16,25.7,5.58,3.38
E-0020690,0.014547981,181.1,8.37,24.45,0.94,107.07,23.84,5.26,2.07
E-0020691,0.15113917,216.31,10.19,55.51,1.21,106.85,24.18,5.61,3.16
E-0020692,3.1715384,155.08,39.5,392.2,4.28,1.58,2.91,0.66,1.6
E-0020693,3.3294916,84.69,36.25,392.03,0.95,2.73,3.03,0.37,1.58
E-0020763,0.70502657,146.13,3.6,65.69,9.73,1.97,52.9,38.34,62.66
E-0020764,2.0495842,118.31,4.29,533.98,16.71,1.39,10.22,3.88,3.59
E-0020765,1.20911,203.52,9.35,191.91,2.87,15.56,24.1,11.94,13.08
E-0020766,1.4768776,127.1,9.23,164.49,3.7,11.47,24.93,9.14,13.37
E-0020767,1.5657092,105.8,10.81,147.58,3.55,14.11,18.88,9.59,15.27
E-0020768,1.4743302,82.39,6.38,83.68,1.91,19.81,21.46,10.7,10.17
E-0020769,1.5273572,128.31,8.19,170.87,2.85,13.16,20.13,6,9.48
E-0020770,1.9475535,76.64,11.78,291.07,2.69,12.2,11.39,2.53,5.17
E-0020771,1.6836721,123.04,12.1,345.54,4.15,14.51,14.07,5.56,13.94
E-0020772,1.3607347,174.81,11.05,146.76,6.87,6.88,15.76,8.51,22.72
E-0020773,0.76697594,217.41,3.81,19.47,1.93,26.41,47.72,19.31,39.67
E-0020774,0.79369086,198.82,3.31,15.06,1.01,34.55,50.98,23.66,41.28
E-0020775,0.59858,228.76,3.89,25.55,1.44,31.7,45.29,21.04,30.5
E-0020776,1.5728749,148.91,7.59,43.81,1.08,27.15,14.22,8.76,22.36
E-0020777,1.2505301,202.34,9.42,156.21,6.98,8.48,18.42,10.2,15.43
E-0020778,1.2539,202.5,9.42,155.19,7.02,8.3,18.38,10.21,15.43
E-0020779,1.4061602,208.17,8.6,191.94,7.48,8.48,19.17,9.82,14.23
E-0020780,1.4018499,208.39,8.59,190.35,7.47,8.53,19.35,9.96,14.31
E-0020781,1.6882255,109.12,8.34,164.11,2.34,15.81,15.19,5.67,13.95
E-0020782,1.872932,113.15,10.78,184.87,5.17,9.63,16.21,6.47,9.73
E-0020783,1.0743744,172.08,9.72,108.63,1.65,20.65,19.58,14.37,35.69
E-0020784,2.0090504,56.22,7.7,93.69,2.45,7.86,6.31,2.46,8.32
E-0020785,1.3129843,83.2,6.11,63.13,1.73,12.59,20.05,4.71,12.5
E-0020786,1.945548,178.89,7,300.47,17.57,1.33,7.13,9.18,13.17
E-0020787,1.928729,183.13,6.91,303.64,17.63,1.38,8.82,11.9,13.69
E-0020788,1.4942207,158.36,11.62,161.16,2.13,16.62,12.76,7.01,9.9
E-0020789,1.5073756,100.47,6.59,95.28,2.48,16.82,11.79,19.24,20.82
E-0020790,0.7439774,159.83,4.9,64.4,0.93,28.3,35.87,19.98,34.96
E-0020791,2.802244,14.06,21.8,165.54,0.85,12.89,2.35,0.37,2.66
E-0020792,1.581496,87.72,10.51,51.51,1.46,21.37,16.23,6.53,15.35
E-0020793,1.6401078,86.74,11.13,66.83,1.66,19.11,16.08,6.77,15.73
E-0020794,1.6610389,100.11,13.82,101.95,2.15,15.33,11.58,6.81,21.35
E-0020795,1.381631,142.76,9.52,107.26,1.72,18.27,14,9.24,19.98
E-0020796,3.1422334,148.02,15.34,731.61,9.74,1.24,3.98,1.22,4.46
E-0020797,0.79450256,114.61,13.54,42.14,1.32,98,15.72,5.14,2.44
E-0020798,3.8325577,15.64,47.95,496.12,5.28,1.32,1.18,0.79,2.85
E-0020799,3.2050366,118,23.17,357.64,3.95,2.03,4.65,1.43,14.28
E-0020800,3.1858523,130.52,33.97,429.83,5.12,2.16,6.18,2.47,15.16
E-0020801,2.2608454,132.24,23.82,338.6,18.75,1.23,13.35,10.58,7.72
E-0020802,4.215718,2.15,48.03,588.53,3.24,1.21,0.51,0.16,1.01
E-0020803,1.8133159,161.37,19.55,230.29,4.41,4.16,19.28,7.14,10.01
E-0020804,0.49663582,203.21,2.1,207.79,5.81,6.59,22.72,4.17,8.17
E-0020805,2.5560246,65.42,10.46,324.95,12.07,1.49,10.24,3.68,3.19
E-0020806,1.4847728,163.01,9.12,232.95,3.84,12.24,15.52,6.81,6.62
E-0020807,1.0267551,190.75,7.92,183.77,4,12.94,22.42,8.03,7.52
E-0020808,1.5989689,96.51,13.07,132.53,3.19,14.83,10.68,9.18,20.76
E-0020809,1.7167597,131.48,11.21,177.17,4.5,10.4,13.65,7.61,15.2
E-0020810,1.2251697,186.9,8.92,176.73,2.02,24.58,18.83,8.45,22.18
E-0020811,0.025348926,175.65,5.25,115.81,1.15,29.47,32.47,10.4,23.32
E-0020812,1.9446461,135.64,15.96,207.95,5.61,7.03,16.62,8.7,14.98
E-0020813,0.13342406,180.37,4.91,115.66,0.97,29.03,27.16,6.37,19.65
E-0020814,1.637739,122.56,11.66,165.88,4.95,5.3,18.31,8.38,15.43
E-0020815,0.6661933,190.79,3.62,18.79,0.88,36.89,46.7,21.87,35.46
E-0020816,1.7354256,127.05,12.43,247.99,4.78,11.34,11.85,5.09,14.36
E-0020817,1.6690452,110.75,8.27,162.6,2.33,16,15.39,5.78,14.05
E-0020818,1.0618435,176.35,7.33,145.59,2.51,18.89,22.85,8.53,18.02
E-0020819,0.5194054,167,4.99,102.5,1.83,24.42,33.25,10.41,18.18
E-0020820,1.1321206,162.61,7.72,139.02,2.65,14.34,20.24,5.94,8.08
E-0020821,1.6940793,121.51,11.64,203.32,3.37,9.3,18.68,7.14,18.37
E-0020822,2.3247895,45.12,18.52,140.66,3.16,5.41,5.58,2.33,5.7
E-0020823,2.4633553,34.18,19.37,144.26,2.95,4.33,6.07,2.01,4.63
E-0020824,2.0174987,78.84,13.24,220.35,5,9.68,7.07,4.1,9.67
E-0020825,2.619156,31.45,30.37,468.93,3.36,5.2,2.92,1.75,9.68
E-0020826,2.426533,37.5,27.65,405.79,6.63,4.99,3.81,3.12,10.91
E-0020827,1.44798,107.22,11.09,162.81,3.64,18.46,13.46,4.91,9.85
E-0020828,1.7052673,140.7,15.76,318.36,3.83,11.5,10.4,6.16,8.24
E-0020829,1.4566787,156.13,10.57,175.65,4.16,14.27,13.86,7.57,12.16
E-0020830,2.0961938,190.93,3.83,63.59,12.14,2.3,12.49,7.02,5.81
E-0020831,2.5051153,69.57,13.89,47.83,6.46,2.97,4.93,2.15,3.18
E-0020832,1.6772017,110.99,8.66,153.42,2.24,15.77,15.83,6.53,14.13
E-0020833,1.8051227,118.98,13.98,114.41,1.81,18.45,15.26,4.94,10.56
E-0020834,2.0161915,53.37,21.02,88.15,2.3,13.45,7.03,4.25,21.36
E-0020835,1.3447434,163.21,12.27,111.03,1.83,20.41,16.72,9.19,21.15
E-0020836,2.5151854,22.27,10.4,97.59,5.85,4.39,3.36,1.28,3.16
E-0020837,2.3965027,20.46,10.39,69.33,5.65,4.01,4.18,1.86,4.28
E-0020838,1.3639904,140.46,14.02,190.53,10.59,2.85,20.93,9.54,21.71
E-0020840,2.7100472,70.41,57.33,523.53,15.09,1.15,8.78,7.03,6.37
E-0020841,3.165389,40.98,54.27,532.21,14.55,1.09,2.94,3.93,4.49
E-0020842,1.8397101,84.48,16.18,227.5,12.69,2.77,25.86,20.14,7.86
E-0020843,2.3397186,144.06,33.49,253.86,3.17,4.11,19.61,7.64,8.07
E-0020844,2.801895,47.1,23.05,279.66,9.98,2.35,5.02,4.03,3.99
E-0020854,1.0994698,166.19,6.32,22.26,1.11,28.92,25.65,14.59,35.94
E-0020855,1.3373288,75.44,6.51,31.53,1.51,18.83,14.07,6.62,14.84
E-0020856,1.836515,97.15,10.06,196.76,4.42,10.47,18.05,6.01,5.6
E-0020857,1.4090375,196.73,8.55,133.72,2.99,16.65,16.07,10.68,15.8
E-0020858,1.154321,166.17,6.49,122.64,1.25,28.75,17.56,7.56,21.73
E-0020859,1.1135907,183.36,9.23,134.05,3.3,18.86,11.88,4.38,9.29
E-0020860,1.5465168,161.89,10.88,194.13,7.71,7.8,12.34,7.01,10.51
E-0020861,1.1862234,192.55,7.98,218.35,3.26,15.07,20.42,7.25,7.52
E-0020862,1.2331642,168.49,9.37,185.6,3.31,11.99,20.47,8.12,18.36
E-0020863,1.2471863,166.37,8.85,187.92,2.8,14.61,23.6,7.45,15.43
E-0020864,1.2683992,166.48,8.86,192.77,2.86,14.42,23.27,7.36,15.21
E-0020865,1.3399332,122.59,8.91,155.7,1.82,15.13,17.26,2.05,4.29
E-0020866,0.52227646,166.8,5.02,102.79,1.84,24.11,33.18,10.39,18.19
E-0020867,1.3833541,151.41,8.9,214.11,2.92,12.2,25.76,8.3,13.44
E-0020868,1.2442993,170.14,7.35,161.16,2.45,15.58,28.47,9.14,14.57
E-0020869,1.3692353,150.56,7.65,132.3,2.1,16.13,20.75,6.58,15.23
E-0020870,0.90753525,187.97,5.97,126.82,2.39,15.97,28.62,10.54,12.42
E-0020871,0.8862168,190.31,5.92,126.17,2.28,16.29,27.89,10.17,12.78
E-0020872,1.5599917,126.18,12.85,280.66,5.08,12.11,9.35,8.52,23.38
E-0020873,1.5419863,127.02,12.64,278.52,4.62,13.29,10.15,9.14,23.64
E-0020874,1.6107951,182.74,9.46,98.67,2.75,17.34,17.67,12.24,23
E-0020875,2.0085518,201.01,1.76,63.19,13.33,2.75,15.61,11.41,12.12
E-0020876,2.0535038,198.39,2.94,109.7,13.1,3.15,15.1,12.17,15.11
E-0020877,1.5045067,155.64,9.86,178.35,5.09,9.65,19.75,9.76,18.43
E-0020878,1.7270813,131.32,14.07,220.96,7.94,4.48,12.31,5.11,15.9
E-0020879,1.6821955,110.13,8.86,153.57,2.26,15.09,15.51,6.57,14.76
E-0020880,1.1231737,193.5,9.5,91.99,4.81,9.3,29.4,15.79,28.83
E-0020881,1.374966,172.52,11.18,187.67,3.08,15.19,19.93,10.88,18.39
E-0020882,1.9266503,17.06,11.68,83.77,1.06,22.02,3.28,1.87,3.59
E-0020883,1.8511364,52.36,5.44,95.34,9.34,4,7.53,4.3,6.75
E-0020884,1.6282114,123.11,10.6,181.56,6.29,8.76,12.08,5.24,10.8
E-0020885,1.9605725,225.45,3.76,70.25,14.63,1.82,11.95,9.44,20.73
E-0020886,1.7686856,50.12,14.75,232.1,8.84,6.57,14.27,8.42,12.81
E-0020887,2.0637164,236.04,11.95,242.17,11.6,1.51,11.97,5.35,6.81
E-0020888,2.0408142,256.36,13.57,276.52,10.49,1.59,14.85,6.38,7.79
E-0020889,2.877567,87.48,48.93,426.72,14.79,1.2,5.19,5.98,6.25
E-0020890,4.021093,17.15,93.04,558.79,3.05,1.44,1.13,0.71,2.58
E-0020891,3.8935728,30.52,111.91,542.71,3.64,1.53,1.23,0.77,3.04
E-0020892,2.256943,137.1,19.41,131.6,1.44,6.35,21.79,8.94,18.39
E-0020893,3.1951447,26.5,53.92,353.8,11.17,1.24,2.78,2.71,3.39
E-0020894,2.231063,80.72,10.7,210.39,13.88,2.22,10.88,8.01,5.95
E-0020895,2.5377781,87.28,18.35,217.71,9.48,1.85,10.68,3.14,8.22
E-0020896,0.97903657,80.93,3.14,19.85,1.38,21.74,22.22,12.13,32.06
E-0020897,2.2406478,31.66,25.71,339.31,8.4,3.98,4.67,3.21,10.56
E-0020898,1.591132,113.32,10.13,185.44,3.14,15.69,16.92,6.49,11.65
E-0020899,1.1536461,168.79,7.69,163.94,2.96,14.02,22.62,7.71,15.65
E-0020900,1.7682225,96.61,11.61,169.65,4.07,6.94,10.11,5.4,9.92
E-0020902,2.014568,70.9,10.24,147.94,2.13,10.78,8.22,2.52,9.24
E-0020903,1.2474978,176.39,10.72,130.69,6.42,7.83,15.05,10.99,31.21
E-0020904,1.6449609,144.64,14.17,177.61,2.1,15.29,14.83,8.66,21.34
E-0020905,1.6050676,146.08,13.9,164.33,1.95,16.72,15.3,8.99,21.93
E-0020906,1.5511991,192.28,12.37,138.42,2.62,19.1,17.68,12.59,26.16
E-0020907,1.9225945,129.74,9.32,60.22,1.28,23.1,8.69,5.05,13.81
E-0020908,1.1765676,157.63,10.73,152.15,4.25,13.83,11.51,3.72,13.33
E-0020909,1.5285608,143.56,13.93,154,1.55,19.26,14.08,5.69,15.76
E-0020910,1.5472928,155.67,12.5,116.43,6.26,8.42,18.17,13.93,17.68
E-0020911,-0.034690928,229.33,2.32,21.74,1.59,21.76,50.52,19.28,35.85
E-0020912,0.5152516,227.25,2.03,19.18,2.03,19.37,51.98,20.91,43.63
E-0020913,1.500123,173.56,8.24,96.55,3.91,8.46,15.72,4.12,7.72
E-0020914,1.9541976,169.16,9.78,112.02,5.74,5.17,14.35,5,9.75
E-0020915,2.18658,123.98,14.07,118.47,5.21,4.88,10.37,2.17,4.92
E-0020916,2.3899992,130.21,15.15,119.88,5.72,3.94,10.35,2.88,6.36
E-0020917,2.1847014,110.66,6.86,105.51,3.24,6.37,9.48,1.75,2.34
E-0020918,2.3756847,119.63,6.59,94.1,4.14,5.82,10.41,3,4.19
E-0020919,0.73713326,212.86,7.66,97.72,2.58,17.96,35.48,12.67,22.7
E-0020920,1.9348426,80.42,12.32,179.27,2.67,16.99,13.1,4.47,6.16
E-0020921,1.1381041,203.78,9.75,140.66,2.8,18.05,24.9,8.42,17.41
E-0020922,1.6661869,121.03,10.73,183.84,6.61,7.64,12.15,5.25,10.73
E-0020923,1.2900548,114.84,7,129.48,2.43,21.01,22.17,8.78,17.98
E-0020924,1.3022712,114.51,7.15,129.94,2.58,19.71,21.84,8.71,17.9
E-0020925,3.3020759,6.64,35.35,131.3,2.67,3.14,2.1,1.31,3.45
E-0020926,2.3818827,42.19,19.79,245.3,9.52,2.08,6.72,2.04,10.31
E-0020927,1.7679862,110,14.8,198.8,3.45,10.89,12.4,4.84,14.79
E-0020928,1.8977841,148.27,13.24,199.64,3.48,8.72,15.74,3.66,8.1
E-0020929,3.7921882,39.4,193.68,617.39,1.95,2.66,2.52,1.13,3.27
E-0020930,1.9280853,209.17,19.95,150.69,3.61,4.14,26.03,10.02,12.23
E-0020931,2.8467028,103.14,65.81,356.74,4.79,2.16,12.57,6.29,3.73
E-0020932,3.5092862,39.84,32.38,531.13,4.76,1.6,2.83,0.74,4.69
E-0020933,3.7662525,28.97,66.73,689.58,2.39,1.75,2.17,0.54,4.11
E-0020934,3.5280294,46.56,42.46,"1,062.75",11.37,1.16,2.54,0.9,6.65
E-0020935,3.2123814,40.85,36.24,975.66,16.76,0.97,3.1,1.78,10.97
E-0020936,2.3012888,99.12,16.9,291.63,18.52,1.22,10.32,9.49,6.72
E-0020937,2.7270439,64.83,64.91,506.44,15.6,1.13,5.59,7.02,5.46
E-0020938,3.8970678,7.3,102.83,618.47,4.37,1.28,1.08,0.63,2.85
E-0020939,0.60909635,131.5,3.95,8.02,1.46,27.32,49.32,24.5,68.35
E-0020940,0.55514884,202.79,3.57,23.39,1.72,24.35,48.69,18.17,49.1
E-0020941,1.6048279,130.45,12.13,467.82,1.94,23.28,12.83,3.63,10.4
E-0020942,1.6287979,158.73,13.67,183.43,5.47,9.94,15.92,10.5,27.69
E-0020943,1.54456,164.05,13.22,247.67,4.95,9.5,16.6,9.12,24.46
E-0020944,1.6169914,158.65,13.69,182.87,5.41,10.29,14.37,8.95,27.24
E-0020945,1.5160066,167.4,13.07,249.64,4.8,10.44,15.92,8.53,24.48
E-0020946,1.6992651,124.84,12.17,246.08,4.65,12.11,12.96,5.64,15.03
E-0020947,1.6781201,119.16,11.77,212.79,3.72,13.76,15.03,6.65,15.32
E-0020948,1.7413446,123.15,12.66,239.3,4.86,10.64,13.08,5.94,14.89
E-0020949,1.158196,168.92,7.68,167.09,2.99,13.94,22.45,7.61,15.66
E-0020950,1.4318666,146.39,10.77,211.05,1.83,19.61,20.64,7.44,19.94
E-0020951,2.6602795,47.35,8.23,133.55,11.58,1.34,3.03,1.93,6.7
E-0020952,3.1957026,18.96,24.33,234.1,5.87,1.48,2.12,0.42,5.6
E-0020953,2.7964933,46.45,14.26,196.5,5.94,1.63,2.76,0.62,4.6
E-0020954,1.7070076,141.49,11.07,157.42,5.2,9.59,11.06,2.7,10.26
E-0020955,1.7206215,82.17,12.58,63.99,1.35,22.97,13.65,4.99,16.03
E-0020956,2.4606516,127.57,6.06,119.82,9.99,3.08,9.92,4.88,7.28
E-0020957,2.404231,41.56,20.08,246.17,9.45,1.92,6.45,1.92,10.32
E-0020958,2.8071628,26.5,12.89,127.09,8.34,2.21,2.85,0.57,2.95
E-0020959,1.8701844,129.35,7.92,162.67,8.82,3.16,15.86,4.4,5.21
E-0020960,2.5453835,22.78,11.38,131.64,5.89,3.3,6.09,1.53,3.6
E-0020961,1.6168349,106.65,13.13,203.14,10.18,7.77,14.5,11.9,28.73
E-0020962,1.0460402,171.92,8.72,141.07,2.43,17.86,28.79,16.25,33.01
E-0020963,1.2629781,156.83,9,162.56,3.44,12.09,30.2,11.19,17.82
E-0020964,1.4452852,152,9.49,135.49,3.48,10.26,25.17,9.94,16.51
E-0020965,1.371145,146.85,8.62,172.34,4.05,10.27,24.3,8.4,13.49
E-0020966,1.7099953,125.34,11.57,260.37,5.86,9.93,9.02,5.08,13.57
E-0020967,1.6289263,231.27,10.92,366.52,17.47,1.56,34.67,15.16,13.39
E-0020968,1.9426506,203.85,16.45,277.55,3.83,3.59,24.94,6.5,15.09
E-0020969,2.514065,164.88,50.39,530.17,9.9,1.88,10.25,10.85,5.91
E-0020970,2.285588,192.55,39.11,474.7,10.7,2.39,11.3,11.33,7.62
E-0020971,2.4377873,167.06,21.74,203.77,5.46,2.74,9.45,4.93,12.59
E-0020972,2.3095071,204.22,18.45,252.8,6.71,2.99,11.83,6.68,13.51
E-0020973,1.8686514,214.6,21.79,234.61,6.43,3.37,30.43,15.39,16.55
E-0020974,3.2741232,15.15,43.25,583.64,11.08,1.05,2.91,1.94,1.76
E-0020975,2.9311023,75,50.03,397.63,6.06,2.83,9.93,4.46,3.02
E-0020976,2.784763,135.45,75.02,414.9,5.26,2.33,11.81,6.88,4.54
E-0020977,2.1016228,164.15,14.29,331.62,15.14,1.31,11.55,4.12,6.25
E-0020978,3.2763534,77.37,162.6,476.24,3.93,1.76,2.74,2.14,2.04
E-0020979,1.7702186,72.27,7.94,103.57,5.94,7.43,17.65,6.97,6.1
E-0020980,1.1924175,167.05,9.36,92.52,1.86,19.4,23.53,10.28,21.41
E-0020981,1.19158,168.3,9.43,93.89,1.87,19.41,23.4,10.29,21.57
E-0020982,2.6081872,35.36,7.43,115,9.55,1.91,3.28,0.76,1.72
E-0020983,1.4894539,112.34,12.26,214.14,2.96,17.75,21.87,10.7,21.52
E-0020984,1.2597848,164.11,12.91,233.12,5.78,5.13,23.56,9.96,10.43
E-0020985,0.859086,210.06,3.14,57.77,4.2,8.88,35.04,11.87,10.7
E-0020986,1.5226991,200.63,2.86,62.68,6.28,7.46,35.88,15.15,17
E-0020987,0.55804104,218.36,3.8,28.6,0.97,34.7,43.41,20.44,35.25
E-0020988,0.48078614,222.03,4.26,29.01,1.08,33.82,49.04,26.58,45.14
E-0020989,3.359275,9.65,19.28,198.59,2.55,1.99,2.18,0.28,4.48
E-0020990,1.2694767,142.18,7.42,80.81,1.91,21.13,27.05,8.43,11.5
E-0020991,1.7962945,93.07,10.26,135.63,4.38,10.1,15.05,4.4,8.36
E-0020992,1.3066303,136.51,9.23,110.18,3.41,11.55,21,6.73,16.23
E-0020993,3.465226,8.39,28.15,238.89,3.25,1.58,1.43,0.26,3.88
E-0020994,1.7810416,93.51,10.22,130.25,4.37,10.29,15.53,4.61,8.54
E-0020995,2.1116574,75.12,14.25,304.82,5.44,6.3,6.4,2.97,8.57
E-0020996,1.8161141,183.39,8.09,194.46,9.86,2.48,12.07,1.91,6.41
E-0020997,1.8159562,183.87,8.05,192.04,9.88,2.44,12.08,1.93,6.45
E-0020998,2.8163068,26.05,12.72,129.54,8.34,2.24,2.99,0.58,2.91
E-0020999,2.3827639,52.56,13.12,262.04,15.12,1.67,4.2,3.29,5.3
E-0021000,2.8383405,10.49,15.78,128.55,9.98,1.97,1.34,1.23,2.65
E-0021001,1.3424544,120.72,10.24,176.27,3.21,13.15,27.81,6.83,10.25
E-0021002,1.7453656,71.16,10.48,143.89,2.85,13.6,12.65,6.67,12.04
E-0021003,1.7550786,125.27,11.96,255.78,6.16,8.55,9.54,5.66,13.73
E-0021004,2.0586126,112.42,13.6,197.01,3.05,6.94,10.24,2.24,5.93
E-0021005,1.6862531,217.78,10.26,232.8,20.31,1.26,28.34,12.63,11.55
E-0021006,2.7421029,52.8,21.24,310.93,7.05,1.49,4.68,0.6,4.43
E-0021007,1.4121822,124.66,8.4,288.42,1.43,29.75,22.74,5.32,11.18
E-0021008,1.7620232,152.14,13.35,242.05,7.99,2.86,11.47,4.32,12.47
E-0021009,1.476652,167.02,9.18,202.81,5.49,4.6,26.32,9.24,15.72
E-0021010,1.2075992,139.96,6.14,195.72,1.2,30,24.97,5.14,9.55
E-0021011,1.32766,130.15,9.44,100.71,2.24,15.17,17.8,12.45,27.45
E-0021012,1.304599,112.09,9.67,97.75,1.56,22.51,15.88,9.31,23.24
E-0021013,2.1715608,74.49,18.72,253.48,4.36,3.55,5.82,2.44,6.73
E-0021014,-0.09030793,175.57,2.37,45.18,0.71,39.3,44.32,12.03,26.38
E-0021015,1.7935479,122.87,14.05,179.75,2.75,8.87,9.99,6.21,23.62
E-0021016,2.1359453,117.73,10.42,122.87,8.22,4.6,12.95,8.25,6.81
E-0021017,2.5156722,53.59,14.66,197.89,5.52,2.08,4.92,2.29,5.9
E-0021018,2.2365851,126.04,18.99,316.34,10.18,1.5,5.03,1.2,6.99
E-0021019,1.3278445,138.9,7.91,92.46,2.19,18.04,24.92,7.57,11.04
E-0021020,2.2863092,104.98,5.16,75.21,7.23,5.26,9.41,4.86,6.96
E-0021021,2.5136895,150.98,6.26,147.46,10.58,3.14,11.26,6.33,9.42
E-0021022,3.1442292,11.57,13.4,78.22,5.53,2.75,2.57,1.36,2.28
E-0021023,1.9721414,119.31,6.7,162.35,9.75,2.45,7.98,1.2,3.61
E-0021024,1.6584309,131.2,14.54,244.21,6.63,8.66,13.18,8.14,16.88
E-0021025,1.6577722,133.46,14.4,250.56,6.51,9.38,13.46,8.25,16.96
E-0021026,1.7022607,140.11,15.49,269.52,8.15,7.1,11.81,7.17,16.74
E-0021027,1.7207398,139.38,15.78,267.78,8.54,6.32,11.4,6.96,16.6
E-0021028,1.8237957,133.87,8.54,200.19,2.74,9.74,11.22,4.01,14.83
E-0021029,2.0097358,97.62,14.46,136.15,4.44,4.65,9.85,5.69,12.63
E-0021030,1.1571391,170.32,6.94,74.23,2.01,15.54,9.7,5.01,13.44
E-0021031,1.8576727,93.65,11.77,141.98,3.04,11,10.38,4.36,11.11
E-0021032,2.5936682,58.08,14.67,116.18,2.65,6.58,6.09,1.88,7.25
E-0021033,0.702818,242.11,6.65,109.78,11.19,2.47,35.5,20.82,26.92
E-0021034,2.0976508,74.8,11.31,132.81,7.83,4.46,11.46,6.62,8.36
E-0021035,3.269283,6.55,9.5,127.55,2.17,2.08,4.56,0.22,0.55
E-0021036,2.1863382,40.99,19.8,279.34,5.61,7.85,7.04,4.99,9.96
E-0021037,1.4396478,164.56,10.98,213.56,3.86,11,25.71,10.3,20.36
E-0021038,1.4092249,167.86,11.08,209.29,3.5,11.87,25.36,10.43,21.11
E-0021039,1.5147208,115.86,8.74,145.9,3.55,9.49,24.95,8.52,13.32
E-0021040,2.9812853,66.71,37.63,444.3,15.23,1.16,4.77,5.1,5.4
E-0021041,3.108246,129.21,40.26,292.69,0.97,5.78,9.14,2.69,6.5
E-0021042,3.6616397,49.27,125.13,448.29,1.33,3.29,3.03,1.26,2.39
E-0021043,2.0997732,106.75,23.48,253.91,17.69,1.17,10.61,15.94,7.79
E-0021044,2.8550866,90.45,58.85,380.54,7.09,1.94,13.65,9.23,6.46
E-0021045,3.9220896,13.4,76.69,491.99,7.66,1.36,1.32,0.67,3.9
E-0021046,3.0576065,60.79,23.45,404.89,14.89,1.15,3.61,2.68,6.92
E-0021047,2.9433572,41.33,24.14,448.07,15.85,0.91,3.15,2.26,8.72
E-0021048,2.714467,68.7,34.71,385.35,16.38,1.06,4.83,8.05,5.6
E-0021049,2.6472547,96.84,31.23,478.48,17.82,1.08,7.32,7.32,7.08
E-0021050,1.6306884,155.88,15.89,151.92,3.74,6.58,27.15,10.32,14.97
E-0021051,2.976217,60.3,45.1,526.9,15.28,1.12,5.7,4.51,4.93
E-0021052,2.1232615,174.45,9.45,132.89,19.04,1.57,20.18,18.15,19.83
E-0021053,2.1970737,172.88,15.45,244.4,20.76,1.26,19.52,18.61,16.95
E-0021054,2.9127328,105.49,30.29,349.43,15.62,1.1,7.1,4.04,8.79
E-0021055,1.9698362,183.65,17.59,253.51,11.62,1.96,17.09,9.23,18.88
E-0021059,3.9448528,9.66,49.61,517.14,3.73,1.27,0.86,0.45,2.37
E-0021060,2.822269,136.94,34.11,433.65,15.36,1.1,8.65,4.84,9.5
E-0021061,3.6345475,20.59,67.28,500.59,9.08,1.15,1.75,1.27,3.5
E-0021062,3.0740042,61.15,65.56,631,14.55,1.1,4.63,2.96,4.02
E-0021063,1.9281135,170.12,10.02,171.86,9.09,5.24,17.87,10.54,13.65
E-0021064,3.4641771,40.78,45.03,523.88,7.55,1.23,2.51,1.88,4.24
E-0021065,1.8651309,134.51,11.94,192.96,6.49,3.43,17.36,5.47,13.07
E-0021066,1.3679999,179.1,12.63,249.42,6.77,8.79,19.96,8.7,18.26
E-0021067,1.8684038,113.59,10.71,184.68,5.15,9.87,16.29,6.48,9.67
E-0021068,1.1502422,161.33,15.54,191.71,10.24,3.53,26.28,15.08,26.46
E-0021069,1.3842409,159.49,13.23,214.73,3.87,13.53,23.79,10.18,16.61
E-0021070,2.679062,17.72,10.51,108.8,5.72,3.77,2.39,0.44,2.52
E-0021071,1.533227,185.57,7.71,122.25,2.89,10.43,20.8,5.74,7.79
E-0021072,2.4889348,118.17,17.11,251.28,5.94,3,11.3,4.67,6.5
E-0021073,2.7712126,35.37,14.98,142.71,4.33,3.79,7.07,1.45,3.94
E-0021074,1.7950275,112.56,14.06,253.11,3.77,10.98,13.95,7.69,17.35
E-0021075,1.8161849,112.15,14.59,248.51,3.6,10.99,14.62,8.53,17.58
E-0021076,1.8232586,164.04,14.72,340.53,5.08,4.44,15.92,6.19,19.16
E-0021077,1.5693377,147.42,11.88,144.72,8.1,6.24,15.52,7.45,16.88
E-0021078,2.7126315,29.5,35.3,382.19,6.02,5.08,3.62,3.04,9.64
E-0021079,2.2857232,40.39,27.76,370.79,5.59,6.29,8.75,6.35,15.46
E-0021080,1.4008328,168.05,11.47,244.96,3.27,13.14,23.01,10.65,17.15
E-0021081,2.2956147,49.86,18.83,266.64,4.04,2.99,5.69,2.04,6.03
E-0021082,0.91996294,173.39,4.59,83.72,1.41,18.69,31.36,7.74,13.97
E-0021083,1.8364102,182.9,6.67,63.48,10.81,2.75,13.14,12.66,34.63
E-0021084,1.806482,93.85,9.22,151.8,2.64,10.49,14.34,6.1,13.84
E-0021085,1.7749586,86.94,8.69,146.81,2.59,12.2,14.52,5.6,13.35
E-0021086,1.8171655,88.74,8.86,155.28,2.75,11.68,14.58,5.72,13.24
E-0021087,1.0121063,192.3,6.66,144.34,4,12.12,20.1,5.81,6.47
E-0021088,1.1217846,204.46,6.3,150.61,2.75,15.07,21.53,7.08,7.36
E-0021089,1.3146868,200.06,7.06,214.13,2.49,16.96,18.89,4.78,7.79
E-0021090,1.377134,180.97,12.76,256.52,6.88,8.45,18.2,7.6,17.95
E-0021091,2.1506803,101.91,13.36,251.23,19.83,0.85,9.71,4.75,5.76
E-0021092,1.6596074,219.42,2.28,58.47,5.56,7.11,31.75,15.74,13.96
E-0021093,1.7005756,212.21,2.08,60.72,7.17,3.86,27.61,10.66,9.25
E-0021094,2.109889,154.02,2.76,54.46,7.85,4.59,7.99,4.75,6.7
E-0021095,3.031375,14.05,8.51,67.85,8.36,2.12,2.42,1.61,2.24
E-0021096,1.6699485,220.41,7.25,325.55,9.77,2.44,12.74,2.44,7.39
E-0021097,1.6943647,220.18,7.32,326.07,10.04,2.18,12.34,2.35,7.44
E-0021098,1.8057057,183.38,5.59,190.13,9.47,2.44,8.44,1.67,3.86
E-0021099,2.1127245,71.22,10.39,91.28,3.4,10.92,11.35,1.87,4.05
E-0021100,1.7589812,107.57,12.13,195.98,2.86,11.63,12.04,3.45,7.31
E-0021101,1.6191887,118.52,10.85,184.52,3.78,9.03,18.19,6.8,13.42
E-0021102,1.2842427,167.57,12.32,182.89,7.99,6.99,16.08,9.32,23.05
E-0021103,1.7838221,118.83,12.66,135.23,8.56,6.45,13.87,7.93,13.12
E-0021104,1.2808595,167.44,12.24,183.56,7.99,7.23,16.32,9.48,23.07
E-0021105,1.7999313,117.5,12.76,134.88,8.47,5.98,13.46,7.64,13.1
E-0021106,1.4301367,137.8,15.26,230.81,4.42,10.08,20.42,9.55,20.22
E-0021107,1.7042167,105.67,10.68,158,5.17,3.95,16.9,7.29,14.19
E-0021108,1.6538107,109.04,9.98,168.12,4.12,7.24,17.85,5.63,12.76
E-0021109,2.6094437,62.49,30.17,277.21,6.55,6.13,6.19,2.51,6.73
E-0021110,1.360925,108.29,11.14,194.21,2.69,12.47,23.81,5.58,10.52
E-0021111,1.502539,107.74,5.59,95.84,2.3,14.68,20.82,6.81,5.94
E-0021112,1.7863024,86.27,8.64,148.75,2.64,12.04,14.49,5.44,12.78
E-0021113,1.4752027,163.11,7.09,161.54,3.92,13.58,14.77,5.38,5.57
E-0021114,1.1917667,164.7,9.94,171.37,4.15,11.56,33.03,15.29,26.86
E-0021115,2.19626,126.38,11.26,283.94,19.18,1,11.26,4.1,4.82
E-0021116,1.109252,168.51,10.4,188.23,3.65,13.36,31.28,16.33,29.18
E-0021117,2.840984,95.2,19.78,312.53,2.81,2.12,3.25,0.54,3.67
E-0021118,2.5035884,109.17,20.06,333.03,4.5,2.41,6.94,1.9,7.4
E-0021119,1.9357451,100.29,19.5,188.54,4.58,8.16,12.36,5.37,12.63
E-0021120,3.2408316,40.92,29.83,179.39,4.08,3.27,3.1,1.2,8.81
E-0021121,1.953381,144.87,12.98,197.01,4.12,6.15,10.93,5.26,18.15
E-0021122,1.7065402,113.36,15.01,238.91,3.89,9.48,16.11,6.86,21.79
E-0021123,2.9634442,95.9,88.01,522.94,7.48,1.86,14.23,8.14,8.38
E-0021124,2.6924767,193.38,32.17,342.87,20.47,0.98,14.94,9.53,10.44
E-0021125,2.8407214,219.29,23.68,297.33,24.03,0.92,13.18,6.44,9.58
E-0021126,2.651022,221.34,27.04,317.55,24.14,0.91,16.36,9.35,17.58
E-0021127,1.6653469,103.97,9.2,93.26,2.87,13.89,20.9,5.7,8.85
E-0021128,2.1639957,108.9,17.06,168.91,2.8,9.92,4.67,1.54,5.65
E-0021129,1.1082438,191.05,8.09,74.37,1.38,28.39,30.43,16.67,29.51
E-0021130,1.5029321,161.58,12.49,240.34,5.54,10.01,16.7,9.79,24.04
E-0021131,1.502878,161.11,12.47,238.82,5.48,10.04,16.88,9.95,24.28
E-0021132,1.5205505,162.32,12.74,249.87,5.73,9.55,16.19,9.43,24
E-0021133,0.49737456,191.95,6.79,121.37,1.9,17.76,19.06,8.19,32.12
E-0021134,0.88365245,153.97,5.79,75.67,1.27,23.16,9.64,3.41,11.75
E-0021135,2.7273507,107.19,9.86,266.98,12.58,1.08,8.68,1.74,5.48
E-0021136,1.4340214,131.86,11.05,163.6,3.18,12.76,24.39,8.19,10.93
E-0021137,2.5918503,49.62,13.52,402.25,13.69,1.02,7.37,1.34,1.41
E-0021138,0.58854574,171.55,7.77,130.11,2.07,22.08,14.58,6.65,21.42
E-0021139,1.4827869,133.01,9.86,139,3.32,11.92,23.76,6.76,10.33
E-0021140,1.9404776,62.35,10.9,163.81,4.88,2.79,13.31,5.11,10.14
E-0021141,-0.1420801,212.86,4.57,51.96,1.21,25.76,23.86,5.04,9.89
E-0021142,2.2693102,170.81,13.03,306.34,10.23,1.1,10.76,3.39,11.42
E-0021143,1.4565235,206.93,10.95,219.03,10.26,1.97,34.67,17.95,28.75
E-0021144,2.0044973,146.69,14.63,423.14,7.59,3.12,16.84,3.57,9.58
E-0021145,3.149441,77.21,24.92,430.87,2.21,1.66,2.09,0.26,3.18
E-0021146,2.0733492,108.74,12.54,164.12,3.46,5.45,9.67,2.15,9.97
E-0021147,1.8227123,106.77,12.64,125.86,3.37,8.14,11.53,5.61,14.1
E-0021148,2.0032973,94.8,20.75,269.94,3.47,10.39,8.33,3.85,13.28
E-0021149,2.652842,66.56,20.94,166.63,4.77,4.44,5.82,1.88,14.06
E-0021150,1.978871,134.37,24.33,181.42,2.21,12.67,11.28,5.13,21.8
E-0021151,1.341581,161.14,9.25,188.2,3.21,9.93,22.17,7.08,16.98
E-0021152,1.6808778,116.75,9.96,235.54,2.85,9.67,17.87,5.08,9.27
E-0021153,1.4915564,138.45,5.66,104.78,2.72,12.16,28.77,8.72,11.04
E-0021154,1.8005958,57.28,6.56,85.79,5.85,7.29,18.08,6.48,5.47
E-0021155,1.8484411,90.94,10.61,182.83,5.04,11.72,18.49,6.77,5.98
E-0021156,1.9100626,70.87,8.91,239.11,4.12,7.68,17.09,3.77,5.17
E-0021157,1.1423723,97.99,4.51,58.85,1.08,26.23,26.37,8.05,6.78
E-0021158,2.6980772,16.61,30.21,297.15,4.34,7.05,3.28,1.65,4.46
E-0021159,0.73431724,178.72,4.79,110.3,1.26,27.05,35.22,14.53,25.57
E-0021160,1.1850188,140.17,8.92,118.2,0.87,26.39,27.24,7.99,16.95
E-0021161,0.14921091,174.11,4.6,105.5,1.23,26.13,30.94,9.01,20.58
E-0021162,2.3089898,88.48,27.95,330.35,11.29,1.9,10.14,8.04,2.87
E-0021163,2.026204,162.75,20.74,282.38,10.14,2.96,19.23,14.44,5.7
E-0021164,2.3971932,147.83,35.27,365.57,10.6,2.03,9.37,9.46,4.09
E-0021165,2.5542727,132.86,33.54,371.91,7.6,2.26,11.3,8.84,4.96
E-0021166,2.0653372,121.71,18.25,110.04,2.89,7.41,24.2,13.05,17
E-0021167,1.72518,142.22,10.63,84.22,2.43,10.17,27.91,13.63,23.57
E-0021168,2.593963,24.22,25.45,268.84,12.62,1.9,7.58,7.44,3.1
E-0021169,3.0742807,110.26,35.07,358.28,13.69,1.07,5.22,3.4,5.18
E-0021170,2.2707226,160.73,14.03,195,19.41,1.46,14.09,15.5,13.69
E-0021171,3.030406,80.97,99.78,550.34,9.51,1.3,8.18,5.26,5.43
E-0021172,2.5483654,143.63,70.41,483.73,6.11,2.84,27.69,17.1,10.51
E-0021173,4.0709987,9.71,123.64,583.08,0.8,2.08,1.21,0.42,0.75
E-0021174,1.9475113,246.44,12.68,278.61,9.89,1.5,24.33,7.14,10
E-0021175,2.7282565,189.12,29.55,352.06,21.04,0.92,12.7,8.7,11.97
E-0021176,1.8203254,240.57,20.31,529.75,21.37,0.94,33.69,11.21,22.96
E-0021177,2.715323,132.05,25.98,350.76,16.2,1.05,8.41,5.54,8.19
E-0021178,2.5785093,59.88,21.35,229.8,19.22,0.99,8.81,9.32,5.06
E-0021179,2.9685988,28.88,30.33,326.55,15.55,1.16,3.35,6.76,3.24
E-0021180,2.6007679,81.75,31.27,349.67,16.91,1.3,6.98,13.61,6.01
E-0021181,2.6429565,38.61,21.35,94.37,2.39,4.84,4.83,2.53,8.49
E-0021182,2.391839,38.53,30.77,453.29,6,5.41,4.98,4.14,14.62
E-0021183,2.4550822,38.25,32.85,444.82,6.43,3.8,4.55,3.95,14.37
E-0021184,1.922458,86.2,11.66,164.6,3.28,9.37,14.07,3.56,7.94
E-0021185,2.3263168,38.99,15.31,207.32,2.86,5.1,8.71,1.9,4.42
E-0021186,1.5194207,119.72,10.13,154.41,2.87,15.67,18,8.58,15.03
E-0021187,1.4581504,160.76,11.77,214.12,5.81,10.92,15.77,8.66,12.31
E-0021188,0.12154248,205.1,8.77,137.61,1.81,24.95,26.6,9.77,24.96
E-0021189,0.085407384,208.43,7.06,135.89,1.59,30.99,31.77,7.57,15.83
E-0021190,1.3977088,153.36,7.72,169.66,1.58,27.33,36.58,10.45,13.43
E-0021191,1.6103526,138.6,14.97,261.8,5.46,7.04,16.89,7.75,19.53
E-0021192,1.5221846,155.79,11.71,195.12,3.1,12.57,19.89,7.96,16.02
E-0021193,1.4849772,127.85,14.12,208.46,3.93,10.38,20.16,7.9,16.67
E-0021194,1.6270524,175.1,15.92,430.86,2.5,12.58,22.73,9.25,21.74
E-0021195,3.1168876,55.8,16.89,431.97,8.66,0.92,3.72,0.61,2.81
E-0021196,1.4764795,131.76,7.28,262.78,10.62,9.09,36.67,14,8.48
E-0021197,1.814569,127.76,10.73,286.95,10.74,6.64,24.07,7.99,5.99
E-0021198,3.1523874,13.45,15.71,203.07,3.29,3.47,3.9,0.33,1.45
E-0021199,1.6034552,176.58,13.83,406.82,5.43,4.63,28.86,8.27,13.94
E-0021200,2.7548313,112.83,14.06,475.08,12.32,0.95,10.35,1.43,4.12
E-0021201,3.87376,20.65,16.19,415.45,2.85,1.09,1.32,0.1,0.85
E-0021202,2.6246598,111.52,26.48,550.96,4.6,2.27,3.76,1.39,6.39
E-0021203,1.6956837,124.8,9.29,121.47,2.49,12.47,14.3,4.29,13.87
E-0021204,2.2563677,71.21,18.51,327.57,3.58,7.48,7.63,3.14,12.92
E-0021205,2.5019338,74.07,17.51,137.15,3.29,6.9,4.22,1.49,8.79
E-0021206,0.5469921,160.52,6.93,103.23,1.22,24.98,18.04,5.91,23.52
E-0021207,1.6561283,140.24,7.76,195.82,14.73,2.21,16.53,5.03,6.35
E-0021208,2.2447326,27.88,22.84,288.9,5.84,6.05,6.12,4.68,9.45
E-0021209,1.9986461,103.13,17.34,283.86,4.29,5.98,8.55,3.27,12.9
E-0021210,2.1532314,121.99,18.13,172.57,3.26,7.99,6.78,4.05,14.9
E-0021211,1.1660688,141.38,9.68,141.9,3.42,12.73,11.55,5.01,15.77
E-0021212,1.7878792,134.89,11.92,197.39,3.88,8.07,14.35,5.95,16.11
E-0021213,0.95189124,195.98,5.9,108.49,1.41,21.99,42.63,24.14,23.36
E-0021214,1.8011273,101.22,14.24,181.67,4.79,9.55,16.53,3.59,9.19
E-0021215,1.7681117,93.92,15.41,213.5,7.77,4.15,18.07,6.08,9.75
E-0021216,1.8923705,164.64,15.68,474.27,5.24,5.26,16.94,5.68,14.49
E-0021217,3.0283134,121.53,10.62,339.1,10.04,1.01,5.95,0.68,3.54
E-0021218,1.5026345,151.21,13.07,221.47,3.64,12.43,19.88,7.78,14.11
E-0021219,2.477304,75.43,12,335.28,15.41,1.02,6.24,1.15,1.62
E-0021220,1.5922978,135.09,14.9,257.28,2.78,16.68,20.52,11.07,24.32
E-0021221,1.7244586,119.79,14.52,251.64,6.21,4.64,16.53,7.03,19.52
E-0021222,1.5718874,142.22,11.81,200.66,3.61,10.67,21.39,7.02,13.57
E-0021223,2.5528727,132.93,10.83,384.02,5.6,1.76,10.24,2.59,6.16
E-0021224,4.1924944,8.51,20.62,294.87,1.09,1.96,0.96,0.04,1.26
E-0021225,2.5411162,99.95,22.15,419.53,4.02,2.51,5.54,0.82,2.81
E-0021226,0.9393592,162.04,8.34,291.97,2.39,15.81,42.58,10.8,9.94
E-0021227,2.0364797,137.26,6.29,187.18,11.64,1.6,23.89,3.77,2.13
E-0021228,2.6974084,101.24,25.62,603.52,6.01,2.53,3.39,1.32,6.17
E-0021229,3.1747284,65.65,31.06,559.54,2.23,1.95,1.78,0.33,2.79
E-0021230,2.2358313,136.75,19.55,449.07,4.44,2.76,8.08,2.41,7.96
E-0021231,3.5053294,44.68,13.02,419.17,4.9,1.03,2.3,0.21,2.5
E-0021232,1.4181994,165.61,9.63,295.7,4.25,7.93,42.66,13.57,22.64
E-0021233,2.583272,132.05,9.01,198.49,15.45,0.98,20.17,5.29,5.36
E-0021234,2.2741244,103.23,25.8,212.09,14.89,1.36,10.18,4.27,6.1
E-0021235,1.9283271,104.8,12.25,163.86,3.94,8.33,13.66,4.54,11.4
E-0021236,2.0108244,105.5,13.96,171.9,3.91,5.84,12.61,4.33,11.56
E-0021237,0.7710741,163.02,7.45,90.64,1.28,21.83,13.45,4.44,15.3
E-0021238,2.2797904,103.3,14.46,190.88,2.82,8.92,4.69,2.34,11.31
E-0021239,2.8530593,19.8,25.11,226.75,8.15,3.4,2.39,2.25,7.55
E-0021240,2.9873438,11.26,24.96,208.6,7.61,3.06,1.86,1.55,6.91
E-0021241,2.110053,122.73,14.84,185.74,4.12,4.55,10.7,5.02,15.58
E-0021242,0.84771293,183.15,5.56,80.64,1.84,15.2,11.41,4.91,19.86
E-0021243,2.9281054,40.51,45.7,332.85,6.32,3.26,2.51,2.52,10.22
E-0021244,2.3195875,97.38,22.38,252.08,2.65,3.78,4.87,1.33,7.02
E-0021245,1.6278636,137.23,10.78,176.7,3.21,10.56,20.38,6.73,14.74
E-0021246,2.9357035,111.65,90,461.96,3.43,2.46,12.48,7.35,4.23
E-0021247,3.1988273,52.94,66.62,447.44,3.22,2.44,8.34,3.89,2.33
E-0021248,1.3543069,250.1,7.56,142.81,13.46,1.58,40.92,12.33,43.37
E-0021249,1.4150984,255.02,10.12,212.92,18.18,1.27,43,23.81,41.54
E-0021250,3.0644321,185.1,33.16,336.12,21.94,0.94,11.47,5.63,7.05
E-0021251,3.5250492,15.11,40.08,527.72,8.85,0.93,2.19,0.66,1.71
E-0021252,3.354176,37.14,39.47,427.8,8.05,1.37,3.44,0.99,4.05
E-0021253,1.7513069,77.53,14.93,65.32,1.41,16.21,17.11,6.35,20.19
E-0021254,2.0089355,86.06,18.47,312.37,3.3,8.19,10.53,3.01,5.88
E-0021255,2.0164344,157.39,15.75,373.72,6.65,2.31,11.05,2.61,7.59
E-0021256,2.3990011,33.08,11.96,153.01,6.27,2.07,6.43,1.32,5.61
E-0021257,2.7116208,23.22,13.06,179.28,4.64,4.88,8.07,0.8,2.06
E-0021258,2.7521067,79.02,17.05,223.47,3.74,1.95,5.17,0.83,3.25
E-0021259,1.0264691,179.38,11.07,163.68,2.77,15.16,28.89,14.21,25.11
E-0021260,2.048961,166.28,10.17,207.5,16.89,1.14,10.14,3.61,4.64
E-0021261,1.6887724,152.48,12.68,384.58,3,7.59,25.15,5.03,9.17
E-0021262,2.2788754,132.56,22.39,597.55,7.94,1.3,11.42,2.29,8.4
E-0021263,-0.269123,232.98,4.52,42.2,1.1,30.1,58.35,25.41,43.83
E-0021264,1.8634433,121.79,14.31,211.46,4.09,4.23,12.81,4.7,13.11
E-0021265,1.8007371,120.34,11.29,218.2,3.25,6.8,13.15,3.44,11
E-0021266,2.1199148,74.26,11.82,251.93,2.88,6.15,9.56,2.03,5.85
E-0021267,1.7761949,135.7,16.21,229.09,4.12,4.93,12.1,5.12,14.27
E-0021268,2.2202027,87.26,19.3,294.31,3.55,4.56,8.69,3.5,7.15
E-0021269,2.7815127,34.06,40.23,409.52,5.12,5.39,2.82,2.31,8.42
E-0021270,1.9033103,117.43,9.08,176.98,2.79,8.47,12.3,4.68,13.71
E-0021271,2.7603607,21.31,36.06,362.98,6.81,2.03,3.44,3.11,8.03
E-0021272,3.34901,53.16,24.36,584.02,6.2,1.41,6.17,0.87,6.76
E-0021273,2.0490448,68.16,15.22,196.2,5.67,3.49,11.31,6.12,11.99
E-0021274,1.9769454,82.16,15.27,214.87,5.5,5.07,12.89,7.42,13.79
E-0021275,2.6881046,29.7,28.57,342.98,4.35,3.8,3.21,2.45,5.58
E-0021276,1.7488546,141.18,13.68,226.32,3.77,5.86,15.67,8.03,15.39
E-0021277,1.9867059,103.95,11.25,163.8,4.64,3.02,7.59,2.95,9.85
E-0021278,2.7793567,46.2,33.62,485.66,2.6,3.73,5.49,2.02,4.86
E-0021279,3.8767126,8.27,88.84,547.67,3.25,1.59,0.94,0.3,0.75
E-0021280,3.7270172,28.16,106.72,550.65,5.15,1.74,1.62,0.89,2.27
E-0021281,3.6808045,5.22,132.39,561.14,3.42,1.55,0.95,0.63,1.24
E-0021282,3.808537,14.42,58.92,540.12,4.11,1.33,1.29,0.33,1.41
E-0021283,3.6293845,23.38,69.76,550.64,4.64,1.38,1.69,0.58,2.02
E-0021284,3.123788,102.77,36.46,426.1,9.78,1.18,4.47,1.92,6.83
E-0021285,3.3155756,37.02,102.55,502.02,8.24,1.38,2.13,1.8,3.06
E-0021286,1.9128817,189.28,27.64,238.3,3.43,6.11,21.78,10.32,10.34
E-0021287,2.2367241,187.76,30.2,281.28,5.89,1.78,13.27,5.74,4.8
E-0021288,2.9211245,107.32,56.71,465.5,3.37,3.59,12.61,6.49,9.65
E-0021289,2.4862647,110.06,29.8,359.36,6.64,3.63,22.04,11.05,7.01
E-0021290,3.0388002,68.16,127.68,678.69,8.78,1.51,13.99,9.5,7.65
E-0021291,2.260881,133.14,30.18,311.96,7.6,2.26,28.68,16.71,11.29
E-0021292,2.7222166,125.76,90.77,491.81,7.63,1.74,16.58,9.86,7.24
E-0021293,2.9059863,26.49,36.25,509.71,14.76,1.04,4.39,4.82,3.02
E-0021294,3.0099418,49.8,29.29,490.52,13.16,1.01,5.5,1.81,3.79
E-0021631,2.2986333,134.7,35.63,323.02,13.08,1.41,12.83,12.04,5.36
E-0021632,1.9456854,196.11,17.88,277.06,16.49,1.3,19.35,8.81,9.06
E-0021633,2.1427763,73.7,108.67,337.84,5.13,2.76,7.24,2.78,5.59
E-0021634,2.2303736,201.12,14.78,213.5,13.56,1.16,19.73,6.55,12.23
E-0021635,2.36353,122.31,44.99,338.8,5.57,3.31,22.84,13.06,12.47
E-0021636,2.3637173,120.59,41.97,326.01,4.91,3.31,26.33,13.83,12.9
E-0021637,2.9259722,83.66,116.45,619.51,9.58,1.22,11.99,8.01,9.49
E-0021638,2.9852984,62.75,92.97,604.35,8.5,1.52,9.91,4.91,11.46
E-0021639,3.2631247,69.5,40.52,477.2,13.51,0.94,6.3,2.89,2.8
E-0021640,3.3341534,15.39,101.65,392.67,6.87,1.47,3.02,1.05,3.35
E-0021641,2.0268943,81.98,17.64,266.04,3.66,5.39,7.01,2.46,6.05
E-0021642,2.08737,63.33,16.97,283.55,3.26,5.26,7.25,2.22,5.41
E-0021643,2.0102448,84.37,14.93,236.69,5.12,5.19,10.12,4.09,14.85
E-0021644,1.1877011,127.39,13.65,174.3,2.7,17.89,9.63,3.84,12.36
E-0021645,1.333529,176.75,14.25,377.06,2.98,12.77,29.39,13.59,22.28
E-0021646,2.4147768,145.08,13.15,425.39,7.73,1.38,13.17,3.75,5.46
E-0021647,0.7679627,173.43,7.61,241.92,1.22,30.23,47.93,14.44,17.38
E-0021648,3.4568262,32.6,26.76,258.47,1.69,2.65,2.01,0.17,2.39
E-0021649,2.3747797,110.81,6.3,269.74,22.32,1.03,8.43,2.02,7.03
E-0021650,1.3712506,218.09,7.88,115.42,3.07,8.27,23.54,4.58,7.89
E-0021651,2.543873,94.06,31.04,311.28,3.47,5.06,4.08,2.17,11.96
E-0021652,3.235898,31.14,33.36,293.22,2.14,3.09,1.34,0.47,4.22
E-0021653,2.346586,70.06,18.02,279.85,3.55,3.53,8.35,2.82,6.77
E-0021654,2.236107,34.16,8.49,105.49,5.64,2.36,8.91,3.63,3.43
E-0021655,2.8385208,44.2,27.27,342.05,5.09,4.45,2.68,2,9.07
E-0021656,2.2091765,116.42,22.44,267.06,2.92,4.2,4.74,1.67,7.12
E-0021657,2.7550125,19.91,29.13,344.22,4.23,3.56,3.29,2.08,4.92
E-0021658,2.3564596,79.59,23.51,323.63,2.95,3.63,4.72,1.96,6.57
E-0021659,2.2324207,106.07,22.05,306.29,3.47,4.49,5.04,2.57,7.43
E-0021660,1.9114101,113.24,12.9,219.28,4.16,4.12,14.9,7.01,13.76
E-0021661,2.643581,33.83,9.7,453.95,17.57,0.98,4.78,1.16,1.32
E-0021662,3.2264254,10.24,14.43,414.53,13.18,0.86,2.02,0.35,0.89
E-0021663,3.4407537,9.44,15.88,400.22,10.19,0.9,1.28,0.26,1.36
E-0021664,3.4223444,6.11,16.33,423.56,10.78,0.87,1.32,0.23,0.58
E-0021665,1.6565344,142.2,15.62,290.49,3.64,11.37,16.86,6.68,16.02
E-0021666,1.8233266,66.8,12.51,187.78,2.11,4.84,12.56,1.1,3.19
E-0021667,2.925636,42.81,35.64,439.75,2.16,3.59,5.87,1.9,4.72
E-0021668,1.6251779,156.5,9.28,157.8,2.78,6.23,21.92,7.67,6.91
E-0021669,3.1291761,8.9,27.79,142.73,0.82,58.07,3.57,0.72,1.1
E-0021670,3.377132,9.25,29.12,148.31,0.88,45.98,3.05,0.69,1.1
E-0021671,3.5548747,8.46,29.9,144.18,1.02,47.33,2.74,0.68,1.08
E-0021675,2.844808,113.59,35.79,245.43,14.03,1.26,4.39,5.22,2.9
E-0021677,2.8945823,79.83,32.26,323.37,13.74,1.14,6.22,4.67,5.48
E-0021679,4.050915,9.89,152.39,608.01,1.47,2.27,0.92,0.34,1.48
E-0021680,2.8020096,22.19,27.59,293.68,19.24,1,3.38,4.72,4.43
E-0021681,2.311189,168.27,27.03,312.22,13.38,1.57,14.32,8.09,3.91
E-0021682,2.8403974,139.7,92.92,584.44,5.98,2.5,17.84,11.56,6.88
E-0021683,2.9628916,108.55,119.98,588.9,4.75,1.88,13.52,7.29,6.36
E-0021684,2.9366095,67.66,91.54,592.1,8.84,1.53,10.78,5.62,12.11
E-0021685,3.281868,97.42,35.47,411.12,15.8,0.92,6.39,3.13,3.12
E-0021686,2.3116622,163.47,10.13,487.79,11.32,1.37,9.27,2.61,2.91
E-0021687,3.2709098,30.24,84.88,390.24,6.42,1.6,4.47,2.22,4.64
E-0021688,2.571952,88.8,19.75,455.77,10.08,1.34,6.53,3.05,3.59
E-0021690,1.312487,233.31,2.72,84.71,10.47,5.87,52.68,24.84,49.24
E-0021691,1.314644,233.31,2.74,84.85,10.53,5.75,52.56,24.7,49.1
E-0021692,1.313068,220.81,3.12,120.52,11.68,4.74,47.12,16.95,27.6
E-0021693,1.1729847,101.99,3.99,99.83,10.65,2.33,35.77,16.32,14.93
E-0021694,0.5929295,210.43,1.45,36.01,5.64,5.06,70.16,55.8,70.5
E-0021695,0.7234835,146.85,2.1,70.28,1.31,16.16,36.91,13.54,20.39
E-0021696,1.2968146,81.06,3.34,77.15,2.04,12.05,19.75,12.37,23.05
E-0021697,0.50972754,161.52,2.24,56.4,1.17,16.51,38.22,18.55,30.91
E-0021698,0.85068893,166.42,2.3,178.49,2.25,11.25,23.97,8.75,8.8
E-0021699,2.1065593,44.96,9.2,130.78,4.64,4.87,9.85,3.46,2.92
E-0021700,1.4375664,187.7,7.65,129.28,3.58,7.45,16.84,4.96,8.35
E-0021701,2.0989993,39.86,8.16,112.65,4.55,4.26,9.27,2.82,2.94
E-0021702,1.7023007,127.75,12.4,228.6,3.18,8.62,12.39,4.19,11.39
E-0021703,2.017121,87.47,12.48,263.51,2.8,8.38,9.69,2.66,5.95
E-0021704,2.296897,63.83,13.22,151.48,2.81,4.2,5.59,1.26,6.27
E-0021705,2.4585083,54.1,17.73,243.81,4.1,2.28,4.1,1.38,4.91
E-0021706,1.9234455,193.56,4.96,211.16,19.88,1.1,7.82,4.51,7.49
E-0021707,2.9033625,37.37,11.24,481.89,16.22,0.98,3.15,1.2,3.39
E-0021708,2.0013764,108.77,26.07,379.15,5.05,7.16,11.64,4.1,9.74
E-0021709,1.690308,214.71,3.38,539.34,19.19,1.24,11.78,5.09,6.55
E-0021710,1.8591288,197.33,3.62,447.34,17.14,1.43,10.58,4.1,5.35
E-0021711,2.0880902,145.61,7.21,499.23,14.82,1.21,6.36,2.16,3.72
E-0021712,2.3087378,42.27,10.18,410.16,14.91,1.3,6.59,3.49,3.53
E-0021713,2.0546885,80.97,5.5,535.15,15.21,2.24,8.98,6.53,6
E-0021714,2.2289467,149.81,6.58,611.6,19.08,1.3,4.57,3.22,7.05
E-0021715,1.9437702,216.79,5.89,672.91,19.43,1.34,7.24,5.13,7.94
E-0021716,1.2817236,224.24,4.67,154.9,8.77,4.08,19.53,6.45,12.58
E-0021717,0.12111699,241.99,1.93,44.43,2.48,12.06,31.54,9.28,8.13
E-0021718,2.4599874,40.42,15.9,297.48,3.47,2.48,8.56,1.81,4.47
E-0021719,1.8438241,66.06,10.31,110.15,8.87,1.9,9.06,8.5,10.75
E-0021720,1.118872,240.11,2.16,70.44,6.45,5.86,11.21,13.08,14.57
E-0021721,1.1316129,239.98,2.2,70.27,6.52,5.44,10.5,12.11,14.28
E-0021722,1.9917293,113.1,13.84,225.32,5.11,3.39,16.84,7.16,14.64
E-0021723,1.9861112,114,13.89,224.45,5.11,3.44,16.82,7.19,14.75
E-0021724,2.3497791,107.61,17.36,305.19,4.05,3.42,16.44,6.35,15.03
E-0021725,1.7617172,89.56,9.94,273.99,3.76,10.64,17.26,4.55,6.48
E-0021726,2.1689556,120.56,13.69,404.3,7.11,3.51,14.19,2.91,9.6
E-0021727,2.828641,63.88,14.15,571.17,4.92,2.12,7.1,0.74,2.66
E-0021728,2.6771283,80.76,19.04,616.97,4.91,1.74,8.64,0.98,2.7
E-0021729,3.6001906,14.11,82.45,400.69,2.91,1.71,1.73,0.97,1.32
E-0021730,3.9560592,8.34,30.11,570.67,3.51,1.22,1.17,0.32,1.11
E-0021731,3.032048,137.02,79.96,409.09,4.43,1.42,6.31,2.39,4.5
E-0021732,2.012473,114.43,78.79,347.52,3.94,3.24,12.75,5.72,6.95
E-0021733,2.7824728,147.89,84.93,569.55,6.13,2.85,19.67,13.01,7.31
E-0021734,2.9311342,110.46,116.8,588.22,4.99,1.96,14.12,7.98,6.37
E-0021735,1.3038776,264.45,8.87,301.53,11.47,1.89,30.83,9.18,10.65
E-0021736,2.823985,226.41,20.67,407.69,19.8,0.95,10.13,6.03,11.01
E-0021737,1.8287739,259.8,6.07,134.01,24.23,1.27,29.53,24.96,22.25
E-0021738,2.1958697,253.49,15.87,337.45,17.85,1.04,18.44,6.34,8.66
E-0021739,2.5565739,62.73,15.72,432.65,11.79,1.31,6.34,3.51,3.86
E-0021740,3.0420651,42.57,29.17,493.15,13.79,1.06,4.96,2.6,2.03
E-0021741,1.7936466,214.84,21.58,259.55,7.83,2.14,14.85,6.88,4.34
E-0021742,2.859711,172.4,62.07,402.8,2.62,2.06,3.83,1.88,1.95
E-0022435,2.1536016,51.14,20.82,100.96,2.91,5.22,12.61,5.72,20.93
E-0022436,1.6546575,52.8,6.4,23.96,4.96,3.38,30.91,15.13,21.49
E-0022437,1.5811818,167.03,12.73,290.22,2.58,9.59,22.24,9.42,15.68
E-0022438,3.8098676,27.01,32.42,404.8,1.1,1.7,0.82,0.09,1.36
E-0022439,2.3391788,91.04,17.42,510.44,15.18,0.88,18.26,5.76,5.83
E-0022440,3.033871,75.14,16.16,366.65,8.7,0.92,4.71,0.44,1.98
E-0022441,1.266567,176.05,7.37,130.23,2.13,15.58,17.51,4.43,7.86
E-0022442,2.4268715,81.4,14.5,241.46,2.48,4.34,8.97,1.53,4.21
E-0022443,2.3710082,67.52,10.18,117.42,4.14,3.27,6.99,4.11,6.41
E-0022444,0.56942075,240.13,2.3,53.28,3.04,8.2,17.45,6.35,12.63
E-0022445,1.290234,186.67,4.1,51.98,4.92,2.18,6.87,1.8,5
E-0022446,2.3629375,52.08,16.3,333.44,3.84,3.16,9.65,2.32,4.75
E-0022447,2.1197495,34.12,9.06,254.31,20.29,1.13,9.57,6.88,4.25
E-0022448,1.892838,129.02,15.54,250.92,4.74,4.66,16.82,7.72,15.43
E-0022449,1.8973236,129.41,15.75,248.31,4.71,4.34,16.44,7.64,15.58
E-0022450,2.2091959,114.08,20.61,349.75,3.96,4.27,15.29,6.46,16.05
E-0022451,2.707223,49.68,14.23,184.08,2.58,2.59,4.06,1.41,5.16
E-0022452,2.2078094,80.05,19.92,344.58,2.25,9.38,11.88,3.48,8.65
E-0022453,1.9934672,54.06,9.42,122.85,4.53,5.95,11.06,7.93,8.96
E-0022454,2.3989108,65.15,20.48,277.68,4.84,2.7,4.62,2.1,5.11
E-0022455,2.1813831,89.45,8.77,461.9,15.33,1.25,6.4,3.07,2.32
E-0022456,1.801233,117.84,4.94,482.68,14.4,2.29,12.56,5.3,3.93
E-0022457,1.8608323,99.78,9.06,157.02,3.49,4.57,11.71,3.27,6.37
E-0022458,2.6023145,51.19,13.46,136.88,1.88,3.73,7.13,2.27,2.93
E-0022460,2.261797,113.15,71.5,373.59,5.95,2.69,9.97,5.76,4.63
E-0022461,3.0792086,22.11,88.51,361.13,5.36,1.47,5.91,4.4,1.45
E-0022462,1.5448432,234.08,13.56,261.59,11.11,1.8,21.15,8.08,6.18
E-0022463,1.5831325,238.23,11.6,278.23,9.41,2.5,19.88,6.81,4.23
E-0022464,1.785327,209.36,16.88,221.06,9.09,1.83,16.18,9.65,5.53
E-0022465,2.8835316,140.45,26.5,455.81,18.4,0.97,7.87,5.51,12.39
E-0022466,3.024312,27.25,59.59,391.49,7.43,1.66,4.39,2.17,4.4
E-0022469,1.693609,135.93,14.89,289.56,3.66,6.23,24.24,6.61,12.32
E-0022470,3.3629928,38.99,30.43,457.69,2.9,1.41,1.28,0.24,2.5
E-0022471,1.3422583,196.36,8.63,118.15,2.79,14.04,24.68,8.13,16.23
E-0022472,0.93993723,162.12,9.06,131.98,27.47,1.03,42.63,34.27,22.24
E-0022473,2.5030832,79.42,16.33,217.13,3.66,3.14,7.11,1.9,6.13
E-0022474,2.4584234,62.47,16.4,244.36,6.33,1.49,7.88,3.34,10.26
E-0022475,1.0153608,95.59,5.85,28.06,16.51,1.46,52.73,41.32,71.36
E-0022476,2.5224435,84.68,6.3,344.48,19.92,0.99,5.49,2.33,5.54
E-0022477,3.0328531,18.85,13.89,372.26,11.58,1.1,2.06,0.38,1.03
E-0022478,0.9622421,206.03,3.4,63.42,5.1,3.07,21.22,10.58,12.08
E-0022479,1.91068,41.19,5.73,215.87,12.95,2.94,16.04,8.43,4
E-0022480,2.157543,54.8,16.24,372.67,17.47,1.28,7.88,7.8,4.33
E-0022481,1.9152051,119.68,12.73,183.75,5.67,4.14,9.4,4.46,10.77
E-0022482,2.165885,87.97,13.34,143.59,2.98,4.83,7.71,3.94,9.41
E-0022483,2.551413,60.43,15.05,208.58,3.97,3.06,4.94,1.94,5.52
E-0022484,2.3191223,74.21,12.06,133.75,2.55,3.67,7.02,3.33,8.61
E-0022485,2.3323786,60,17.03,181.36,6,3.03,5.61,3.68,10.7
E-0022486,2.311941,92.59,13.29,225.75,1.85,9.78,6.19,2.36,8.41
E-0022487,2.1867797,52.99,9.47,122.31,2.88,8.33,5.87,2.98,5.26
E-0022488,2.352337,46.7,13.01,199.16,5.07,3.39,8.6,2.97,3.46
E-0022489,1.7007663,70.24,6.9,100.71,2.01,11.86,16.9,6.92,6.41
E-0022490,2.356647,63.15,14.38,143.88,3.31,6.15,7.41,3.57,5.93
E-0022491,2.0958772,94.39,20.62,267.3,5.1,3.86,12.53,6.92,16.03
E-0022492,2.114671,93.18,20.99,267.46,5.22,3.49,12.12,6.64,15.94
E-0022493,0.77459526,197.41,4.04,37.87,1.38,13.61,29.36,10.59,19.41
E-0022494,1.4684105,156.87,5.5,76.06,6.51,1.75,9.41,2.54,5.47
E-0022495,2.7312064,31.48,25.27,218.09,7.8,1.48,7.1,2.2,7.52
E-0022496,1.828616,120.03,11.9,242.12,5.04,4.52,14.45,4.39,12.36
E-0022497,1.8043764,121.6,11.6,237.21,4.94,5,14.92,4.67,12.47
E-0022498,2.788828,88.58,48.38,276.81,13.6,1.24,3.96,7.79,4.08
E-0022499,2.3896515,80.95,36.49,266.66,12.76,1.54,9.24,8.39,3.17
E-0022500,2.8886793,76.67,74.45,364,6.78,1.57,4.9,4.15,2.96
E-0022501,2.2252793,152.74,31.05,328.58,14.38,1.3,14.19,9.2,6.08
E-0022502,1.9113481,114.64,89.51,308.88,4.14,3.86,12.29,6.26,7.66
E-0022503,2.5040188,109.34,50.99,361.32,3.62,4.11,17.5,8.82,13.32
E-0022504,2.5063207,111.46,51.8,360.97,3.68,4.39,17.37,9.53,13.21
E-0022505,2.3341017,241.36,17.21,350.34,18.88,0.98,16.65,5.98,14.12
E-0022506,2.3760436,220.15,25.09,381.59,14.9,1.05,15.14,6.45,8.81
E-0022507,1.6769431,201.82,11.03,180.34,4.04,6.14,22.76,9.65,9.31
E-0022508,2.4135003,120.18,12.75,535.63,13.43,1.22,7.74,2.82,3.88
E-0022509,2.1519969,208.3,9.41,607.52,13.69,1.25,12.15,2.44,5.8
E-0022510,3.693988,3.25,76.25,585.01,3.64,1.15,1.83,0.83,0.98
E-0022511,2.047821,75.38,17.04,235.24,5.58,3.49,11.58,4.7,9.15
E-0022512,0.3582754,175.89,6.79,57.77,7.1,9.19,60.41,59.68,70.12
E-0022513,2.4305384,77.6,8.94,184.95,12.42,1.28,6.9,1.55,3.43
E-0022514,2.3901742,45.11,9.31,417.94,20.46,0.99,10.47,3.67,4.96
E-0022515,1.4841805,201.71,5.81,209.31,8.06,3.88,16.39,4.78,8.74
E-0022516,1.9121779,188.87,5.26,529.81,20.44,1.1,16.4,5.23,12.04
E-0022517,1.4738288,114.04,7.94,133.4,2.6,7.37,24.02,5.55,11.5
E-0022518,2.9078686,42.58,24.5,283.86,3.39,2.22,3.87,1.12,4.02
E-0022519,2.1898332,75.35,13.79,159.32,4.64,3.56,6.23,3.14,8.58
E-0022520,2.246243,76.09,18.85,228.56,6.18,4.21,6.62,5.15,11.31
E-0022521,2.2846875,59.05,12.08,139.46,4.03,2.61,5.4,2.39,8.09
E-0022522,2.7398334,43.29,18.13,192.73,3.46,2.13,5.07,1.43,5.95
E-0022523,2.7183175,43.54,17.37,190.02,3.63,2.22,5.34,1.62,6
E-0022524,2.788606,37.62,14.07,172.47,3.68,2.89,3.43,2.17,3.88
E-0022525,2.2620447,40.68,10.47,133.64,3.66,6.36,4.33,4.38,9.39
E-0022526,1.574973,89.82,8.82,150.09,6.55,3.19,21.05,10.43,25.76
E-0022527,2.5819607,55.02,18.99,542.12,14.07,1.9,14.3,3.49,3.9
E-0022528,1.4472886,189.02,4.39,168.15,13.99,5.36,32,14.07,6.68
E-0022529,2.9772174,29.55,25.45,358.87,2.08,2.44,2.59,0.93,3.27
E-0022530,1.4402875,150.07,2.26,37.16,6.18,9.24,19.08,15.15,14.42
E-0022531,1.8615814,110.82,4.99,87.53,5.8,10.49,16.59,7.26,8.34
E-0022532,2.987226,44.31,19.54,436.57,12.99,1.13,2.98,0.68,3.99
E-0022533,3.083419,15.43,24.65,245.96,6.09,1.3,6.01,1.29,6.15
E-0022534,3.444108,11.26,30.02,249.9,2.67,1.76,2.2,0.44,4.52
E-0022535,2.83633,30.45,29.18,331.34,3.57,2.31,2.52,1.1,5.4
E-0022536,2.7600477,35.15,33.75,401.96,4.2,2.76,2.8,1.8,5.7
E-0022537,2.7167306,37.65,21.85,202.46,6.93,1.93,8.25,2.16,8.31
E-0022538,2.25666,59.09,18.09,246.88,5.38,3.23,11.6,5.53,9.45
E-0022539,2.0119812,73.45,9.95,186.6,4.26,2.95,15.35,5.28,8.36
E-0022540,1.9627943,194.39,32.81,349.41,6.05,2.18,12.78,3.85,4.35
E-0022542,2.4390433,215.04,22.43,384.26,16.85,1,14.23,6.68,10.69
E-0022543,1.1373619,247.59,8.55,102.72,4.81,5.3,30.28,11.74,17.24
E-0022544,1.6800059,199.44,12.73,186.5,5.21,4.46,26.09,10.85,13.15
E-0022545,2.8822308,76.57,32.13,491.25,7.86,1.41,6.12,1.26,3.46
E-0022546,3.022962,25.49,35.59,524.82,12.71,1.02,4.33,3.14,2.74
E-0022547,3.6168814,4.87,62.64,521.14,5.63,1.12,2,0.71,0.86
E-0022548,1.6929201,132.09,51.19,301.16,4.99,3.93,12.45,5.71,6.79
E-0022549,1.7666942,123.95,51.57,295.46,5.01,3.33,11.08,4.38,6.54
E-0022550,3.253033,53.68,61.5,447.79,11.72,1.3,2.93,2.58,4.85
E-0022551,2.076425,256.09,18.63,263.68,17.93,1.18,28.06,9.09,12.21
E-0022552,1.7485046,172,14.44,185.31,4.86,4.94,24.16,13.39,12.44
E-0022553,1.418907,240.93,10.57,133.57,6.11,4.99,48.44,27.9,18.91
E-0022554,1.9538934,244.26,23.99,265.93,4.91,3.32,30,8.19,17.78
E-0022555,1.9738888,244.06,27.95,293.84,7.02,2.72,31.99,10.54,17.7
E-0022556,2.1429627,214.11,31.06,311.12,7.41,2.49,22.06,5.66,25.45
E-0022557,2.7734268,235.81,80.57,389.83,2.78,1.88,6.84,1.97,5.25
E-0022558,2.0591707,63.84,15.73,210.46,5.97,2.84,10.55,3.71,8.63
E-0022559,2.721523,45.69,25.47,335.46,5.46,1.37,5.44,2.24,7.95
E-0022560,2.8723998,22.96,29.56,477.77,2.43,2.03,4.38,0.92,3.33
E-0022561,2.756772,29.5,30.67,526.74,2.9,2.46,5.08,1.34,3.25
E-0022562,2.242861,30.09,10.65,106.9,2.89,5.6,5.29,3.59,10.62
E-0022563,2.2478182,30.45,10.94,109.19,2.98,5.16,4.88,3.35,10.6
E-0022564,2.0816162,30.58,9.61,108.35,3.74,4.72,10.98,5.65,8.85
E-0022565,2.1656165,45.89,12.3,295.33,5.09,2.24,12.87,3.35,9.39
E-0022566,2.9189723,64.84,20.15,180.59,2.43,2.99,2.34,0.79,5.14
E-0022567,3.26501,19.22,25.43,334.5,5.42,2.67,2.67,0.61,1.52
E-0022568,2.5367808,61.51,19.68,258.01,3.88,3.6,4.54,2.28,6.86
E-0022569,3.0784638,23.78,22.11,316.85,1.32,2.48,2.39,0.71,3.28
E-0022570,3.338922,23.71,24.37,300.63,1.39,2.46,1.77,0.98,2.96
E-0022571,2.678012,52.5,16.03,496.34,16.33,1.1,9.12,2.26,3.86
E-0022572,2.360303,102.05,17.58,204.73,10.6,3.27,6.29,2.48,5.24
E-0022573,3.0136206,24.52,41.7,324,6.21,1.5,4.43,1.93,7.55
E-0022574,3.5531118,9.42,37.07,348.17,2.74,1.44,2.99,0.47,3.34
E-0022575,3.3006701,14.09,44.68,303.33,4.39,1.32,3.57,1.17,6.13
E-0022576,3.7379856,6.51,35.19,296.77,1.4,1.7,2.79,0.38,3.29
E-0022577,2.962535,19.22,22.94,200.45,5.67,1.67,7.31,1.5,7.18
E-0022578,2.206289,100.98,16.32,278.33,4.39,3.37,15.08,6.28,11.49
E-0022579,2.222048,100.55,16.39,282.04,4.55,3.14,15.14,6.27,11.77
E-0022580,1.9478676,116.13,12.11,227.05,3.81,4.85,12.08,4.8,11.13
E-0022581,2.0535357,95.38,16.19,233.88,3.83,7.43,15.02,7.71,15.95
E-0022582,1.7303995,141.81,11.15,211.48,4.4,7.06,12.69,5.36,13.06
E-0022583,2.6457913,57.5,29.33,558.64,3,4.66,7.06,1.83,4.44
E-0022584,2.0325193,103.06,17.77,254.87,4.09,7.31,10.32,4.46,10.28
E-0022585,2.3873796,73.48,33.31,300.2,3.84,4.2,7.53,3.9,9.23
E-0022586,2.2713292,81.36,33.26,315.9,3.83,5.61,7.7,4.64,10.02
E-0022587,1.0244541,120.58,4.68,66.25,21.47,1.27,44.84,24.45,17.47
E-0022588,2.6938925,40.16,24.33,303.11,3.1,3.13,6.77,3.48,5.22
E-0022589,2.2975538,63.03,26.41,275.54,4.63,4.68,8.73,6.39,10.42
E-0022590,1.7378702,149.07,11.36,165.81,6.93,3.63,11.69,5.73,17.39
E-0022591,1.7424921,149.07,11.35,167.28,7.01,3.53,11.64,5.7,17.33
E-0022592,2.063334,103.78,14.61,185.35,8.23,3.37,9.67,6.23,16.97
E-0022593,2.0871813,102.37,15.07,187.53,8.2,3.07,9.02,5.71,16.85
E-0022594,2.2872021,86.5,19.92,344.5,4.58,3.09,14.35,4.86,11.26
E-0022595,2.1907241,92.2,20.28,318.89,4.19,3.75,14.65,5.32,12.23
E-0022596,1.9408678,92.23,10.4,181.88,4.03,4.29,16.81,5.87,8.69
E-0022597,2.2670782,54.22,23.92,302.09,5.1,3.43,8.64,3.77,9.11
E-0022598,2.2119608,61.71,24.59,321.32,4.85,4.23,8.76,4.24,9.67
E-0022603,2.481009,51.11,13.58,232.44,3.43,2.15,6.52,2.36,9.26
E-0022604,2.8467278,50.22,23.68,237.07,4.74,1.39,3.49,1.63,7.7
E-0022605,3.1506557,17.54,25.89,213.86,6.16,1.45,3.31,0.86,6.1
E-0022606,3.3917701,16.18,42.92,247.8,5.01,1.51,1.91,0.83,7.21
E-0022607,3.732731,7.7,32.99,225.46,1.54,1.82,1.67,0.33,4.42
E-0022608,3.320097,16.58,34.82,286.52,4.42,1.61,2.38,0.6,4.25
E-0022609,3.5497696,11.33,41.3,217.13,2.61,1.65,1.88,0.63,7.36
E-0022610,3.8295493,6,29.54,197.93,1,2.03,1.68,0.29,4.73
E-0022611,2.1611903,104.83,19.78,170.37,6.24,4.64,9.03,6.28,15.11
E-0022612,2.5722456,71.37,15.93,182.45,2.56,3.15,5.87,2.92,6.38
E-0022613,2.0578358,118.6,14.25,139.34,3.78,4.59,9.85,5.22,11.95
E-0022614,1.8033309,148.2,15.46,193.15,5.78,5.9,11.82,5.93,16.05
E-0022615,2.8407886,52.24,21.3,402.37,13.38,1,8.44,3.03,6.05
E-0022616,2.0086167,241.44,18.06,287.3,3.92,3.59,25.71,7.13,10.91
E-0022617,2.1275144,199.76,17.76,258.19,5.48,4.49,19.27,3.71,6.88
E-0022618,1.9708825,260.71,11.15,"1,104.68",15.2,1.01,19.5,7.09,33.17
E-0022619,1.7363183,212.37,15.4,198.23,4.94,3.8,39.31,14.22,25.05
E-0022620,1.738907,212.36,15.33,199.19,4.94,3.79,39.31,14.18,24.97
E-0022621,1.8828347,243.84,26.06,303.1,7.21,3.09,33.21,11.05,17.86
E-0022622,2.1458807,213.84,30.7,315.52,7.5,2.41,22.27,5.68,25.11
E-0022623,3.1207013,167.03,106.07,323.86,1.79,2.75,4.64,1.28,5.18
E-0022624,2.887948,166.99,87.23,300.42,1.88,2.79,3.79,1.15,4.61
E-0022625,2.2145405,226,75.47,347.17,1.42,4.24,12.07,2.04,8
E-0022626,3.4229617,84,77.95,324.33,0.95,3.08,2.39,0.76,2.8
E-0022627,1.6705997,137.3,10.68,119.85,7.58,4.81,15.69,6.03,15.57
E-0022628,2.437455,69.36,9.54,196.07,18.59,0.92,3.91,1.61,7
E-0022629,2.431588,41.74,14.55,146.93,5.89,1.98,4.93,2.68,5.28
E-0022630,2.6534147,36.04,18.97,193.33,5.26,2.39,3.16,1.01,8.1
E-0022631,1.8284516,140.64,13.01,156.59,4.62,4.91,12.73,5.64,15.54
E-0022632,1.5208033,168.81,11.08,140.91,6.47,5.49,15.58,6.93,20.03
E-0022633,1.5400883,168.85,11.38,143.57,6.58,5.04,15.17,6.62,19.9
E-0022634,1.9269309,150.2,16.69,207.56,7,5,12.92,8.71,23.43
E-0022635,1.9812542,148.67,17.63,215.52,7.55,3.49,11.72,7.83,24.04
E-0022636,2.5768833,73.39,18.39,200.67,2.99,2.75,7.59,2.71,6.99
E-0022637,2.5517216,73.97,17.92,198.72,3.09,2.86,7.84,3.01,7.05
E-0022638,1.7898272,156.75,14.83,164.74,6.29,4.42,14.77,6.43,16.81
E-0022639,1.8132083,156.95,15.3,167.97,6.33,3.95,14.14,5.99,16.72
E-0022640,2.7487605,44.05,19.58,238.82,3.17,3.19,3.05,1.86,5.79
E-0022641,1.8383595,110.35,11.66,205.82,2.88,8.6,4.29,2,8.64
E-0022642,2.6782115,51.25,22.82,274.45,3.78,3.64,3.22,2.3,6.11
E-0022643,1.4137235,152.14,11,196.01,2.06,14.58,5.58,3.03,11.28
E-0022658,1.9805707,229.37,12.31,154.61,16.94,1.28,25.07,12.38,39.88
E-0022659,3.1135294,19.87,46.1,518.26,11.42,1.06,4.25,3.42,3.29
E-0022660,2.2978203,210.62,9.46,315.09,12.16,1.46,9.17,2.73,15.75
E-0022661,2.109396,175.55,9.29,375.72,13.27,1.14,14.11,3.3,7.99
E-0022662,1.9714552,188.94,16.31,165.16,2.77,4.65,34.09,9.76,22.53
E-0022663,2.012209,187.7,15.82,161.7,2.78,4.5,34.44,10.12,22.28
E-0022664,2.3058777,185.84,46.65,432.28,7.59,2.25,26.69,10.68,20.2
E-0022665,1.9608275,242.75,22.72,262.18,4.77,3.28,32.4,9.25,18.93
E-0022666,3.1166525,187.41,65.17,460.51,2.06,1.91,4.05,1.16,3.5
E-0022667,3.4499776,94.55,106.02,291.59,0.75,3.6,2.15,0.84,3.46
E-0022668,3.4919684,93.85,109.02,481.98,2.51,1.9,2.39,1.32,4.09
E-0022669,2.1838143,240.04,9.31,808.3,14,1.09,14.91,4.7,11.07
E-0022670,2.7067685,209.48,36.26,379.16,2.43,2.12,4.93,1.5,2.07
E-0022671,2.7032866,68.71,21.95,271.44,9.59,1.69,9.78,3.99,7.31
E-0022745,2.8669236,27.13,14.7,159.52,2.51,2.24,3.35,2.02,3.92
E-0022746,1.4293115,149.33,10.91,119.73,4.02,7.71,22.39,11.47,22.25
E-0022747,0.76271814,179.58,6.18,87.5,1.48,19.54,20.01,10.81,29.78
E-0022748,2.3619835,65.89,23.29,200.58,2.69,4.03,12.45,5.06,10.57
E-0022749,3.1137567,13.74,27.68,233.07,4.32,2.02,2.01,0.53,3.67
E-0022750,3.229334,15.96,28.2,227.18,6.17,1.47,3.16,1.2,7.41
E-0022751,2.9014328,21.1,36.04,254.83,3.52,2.05,3.67,2.01,9.24
E-0022752,1.6718342,112.26,10.41,106.24,3.26,7.24,18.17,8.19,17.73
E-0022753,3.231915,15.9,28.06,227.58,6.19,1.46,3.17,1.19,7.4
E-0022754,3.6817024,6.32,31.12,227.56,1.87,1.98,2.12,0.48,5.72
E-0022755,3.7196763,6.03,31.98,228.34,1.78,1.95,1.98,0.43,5.72
E-0022756,3.2670476,16.44,20.12,193.84,3.61,1.93,2.85,0.91,5.18
E-0022757,3.29998,15.87,20.46,196.7,3.59,1.86,2.72,0.82,5.14
E-0022758,3.1681013,20.22,38.91,271.08,6.9,1.58,2.68,1.62,10.89
E-0022759,3.173516,20.03,39.27,268.31,6.71,1.62,2.61,1.59,10.67
E-0022760,3.3293815,29.77,22.11,174.22,1.78,2.61,1.63,0.57,3.59
E-0022761,2.0725126,75.65,13.15,134.92,1.75,7.53,1.91,0.59,6.35
E-0022762,2.5191536,40.73,31.05,199.15,6.38,2.28,9.16,5.29,12.01
E-0022763,1.973988,78.85,16.75,133.01,5.16,4.54,10.42,6.87,18.87
E-0022764,2.8451953,23.75,35.48,193.88,4.41,1.95,5.99,3.27,9.96
E-0022765,3.2268472,18.64,51.56,284.58,2.49,2.02,4.79,1.99,8.73
E-0022766,3.0034332,28.76,27.31,190.64,6.55,1.65,4.44,1.24,8.18
E-0022767,3.2961926,16.21,28.55,163.85,4.1,1.6,3.16,0.85,6.92
E-0022768,3.680885,8.18,31.6,195.41,1.41,1.99,2.12,0.41,5.36
E-0022769,3.3483167,17.93,45.64,204.83,4.78,1.55,2.15,0.91,8.11
E-0022770,2.7500482,23.38,47.51,309.32,6.67,1.84,4.13,2.87,11.95
E-0022771,2.1339169,60.26,18.6,183.61,6.13,2.73,6.17,2.06,11.64
E-0022772,2.068998,63.37,18.09,180.08,6.22,3.26,6.77,2.34,11.87
E-0022773,2.5771267,49.27,19.28,165.2,6.35,2.64,3.31,1.14,8.69
E-0022798,2.661731,58.04,25.13,380.28,10.45,1.21,8.09,3.98,3.59
E-0022799,2.3587022,89.98,11.92,286.55,16.48,1.05,13.7,4.38,7.41
E-0022800,1.6033458,182.58,7.35,276.15,13.44,1.22,20.1,4.31,7.83
E-0022801,1.5661606,257.78,7.6,187.81,10.31,1.87,23.79,9.54,6.28
E-0022802,2.105306,194.48,9.49,598.26,15.43,1.12,12.48,3.5,12.8
E-0022803,2.7933996,161.86,35.88,257.52,1.27,3.01,6.96,1.66,6.89
E-0022804,3.086923,149.61,37.7,323.97,1.07,2.62,3.08,0.67,1.84
E-0022805,3.6601768,62.94,111.71,302.63,0.49,3.65,1.78,0.91,3.32
E-0022806,3.2211802,89.63,50.13,688.81,12.25,1.14,5.89,3.13,1.35
E-0022807,2.3053384,221.72,73.66,353.85,1.36,4.03,10.52,1.63,7.07
E-0022808,3.3655071,13.86,39.74,241.45,3.23,1.85,2.68,0.97,8.36
E-0022809,3.1179168,21.46,31.95,282.9,7,1.67,3.06,1.27,7.8
E-0022810,3.1158843,21.55,31.9,282.67,6.99,1.67,3.06,1.27,7.82
E-0022811,2.8760421,24.85,30.89,292.06,5.76,1.48,4.04,1.39,7.62
E-0022812,2.907181,23.95,31.15,292.22,5.59,1.43,3.86,1.33,7.58
E-0022813,1.6772969,116.07,12.52,149.56,3.74,8.48,17.46,8.74,17.51
E-0022814,0.35703424,190.43,5.73,83.1,1.21,23.71,22.88,12.41,35.24
E-0022815,2.9128702,30.42,25.69,239.63,9.39,1.51,4.34,1.81,10.7
E-0022816,2.8955317,30.98,25.35,238.59,9.48,1.54,4.47,1.87,10.63
E-0022817,2.9047217,34.05,38.47,262.32,2.58,3.87,4.17,2.01,13.34
E-0022818,2.8997507,33.74,38.6,264.96,2.59,3.99,4.13,1.99,13.32
E-0022819,2.3781037,53.98,13.92,111,5.4,2.89,6.29,1.6,4.75
E-0022820,2.4990356,41.68,16.94,198.66,6.84,1.79,6.46,1.97,5.03
E-0022821,3.2798498,9.53,65.68,281.21,2.68,2.71,2.73,1.61,8.42
E-0022822,3.3532019,13.81,35.16,281.04,4.82,1.61,2.28,0.87,5.79
E-0022823,2.700023,38.91,22.69,222.14,5.77,2.66,3.44,1.22,7.13
E-0022824,2.7031808,38.77,22.64,221.8,5.76,2.63,3.43,1.2,7.1
E-0022825,3.343475,14.02,35.12,280.05,4.83,1.63,2.31,0.89,5.8
E-0022826,3.7958233,5.88,42.95,288.82,1.35,2.16,1.55,0.37,4.8
E-0022827,3.7718027,6.09,42.64,286.96,1.38,2.18,1.6,0.4,4.79
E-0022828,2.4756587,38.71,18.91,188.75,5.95,2.07,5.14,1.43,9.2
E-0022829,2.5062468,41.34,12.83,101.22,4.3,2.45,5.97,1.25,5.19
E-0022830,2.9674058,20.96,19.69,185.27,3.6,2.12,2.8,0.66,7.26
E-0022831,2.6448205,30.84,16.32,191.06,5.68,1.66,5.7,1.44,5.25
E-0022832,2.7029333,29.76,27.05,249.7,6.41,1.52,5.49,1.72,11.38
E-0022833,2.555457,40.44,27.65,269.43,8.27,1.57,5.67,2.17,11.8
E-0022834,2.5912232,39.06,27.99,268.47,8.07,1.52,5.49,2.1,11.66
E-0022835,1.8156013,263.27,14.57,231.87,24.09,1.1,35.12,25.35,37.78
E-0022836,2.1184516,205.27,14.29,202.69,14.74,1.5,21.32,14.03,22.16
E-0022837,2.865956,230.88,84.33,373.5,2.35,1.82,6.84,1.87,4.98
E-0022838,3.5679343,100.46,106.05,475.81,2.17,1.87,2.26,1.12,4.17
E-0022839,3.5848043,85.75,110.2,474.69,2.06,1.84,2.27,1.08,4.12
E-0022840,1.9266282,189.76,68.99,256.49,1.02,5.87,6.28,1.14,4.42
E-0022841,3.8259954,103.8,56.21,414.27,0.65,4.25,3.26,0.48,5.65
E-0022842,2.588372,222.35,11.53,356.97,4.46,1.69,7.88,2.25,3.56
E-0022843,2.9729776,178.72,24.94,445.6,1.98,2.03,3.41,0.32,1.72
E-0022844,3.2232597,188.75,38.03,315.2,0.75,5.27,9.11,1.71,6.32
E-0022845,3.3078551,11.29,23.5,192.86,3.52,1.64,3.34,0.69,6.33
E-0022846,2.3545182,52.26,15.75,159.37,5.58,3.12,4.98,1.85,11.41
E-0022847,2.3537545,52.12,15.75,159.31,5.56,3.15,4.97,1.86,11.39
E-0022848,3.1539526,24.73,36.11,283.08,6.98,1.5,3.16,1.14,9.43
E-0022849,3.1534889,24.65,36.23,283.49,6.98,1.5,3.16,1.14,9.46
E-0022850,3.0016527,19.35,51.86,259.92,3.32,2.15,3.52,2.01,9.72
E-0022851,2.6947737,40.97,19.3,178.15,5.71,2.37,3.2,1.12,8.61
E-0022852,2.692274,41.08,19.21,177.88,5.74,2.38,3.21,1.12,8.57
E-0022854,2.6897616,91.41,49.08,277.22,9.54,1.53,10.17,10.91,3.74
E-0022855,2.1970162,213.69,12.35,207.82,17.39,1.18,20.71,11.27,27.09
E-0022856,1.4719605,245.83,5.19,195.26,16.34,1.7,27.63,11.15,9.98
E-0022857,2.2037992,245.27,9.55,262.41,17.04,1.02,16.15,5.21,18.69
E-0022858,2.7142,192.31,66.86,279,2.04,3.34,6.81,2.29,11.23
E-0022859,2.4138873,245.49,42.98,300.34,3.81,2.47,14.46,4.15,9.57
E-0022860,3.1586566,169.03,26.18,353.04,1.2,2.72,4.18,0.37,2.36
E-0022861,3.6391828,58.03,30.59,324.06,0.75,3.54,2.8,0.22,1.92
E-0022867,3.3650928,13.72,39.47,239.55,3.22,1.85,2.69,0.97,8.27
E-0022868,3.358302,14.05,39.59,240.9,3.32,1.83,2.73,1.01,8.5
E-0022869,3.4694443,10.03,34.95,223.74,1.76,2.13,2.9,0.84,8.76
E-0022870,0.52303535,195.06,5.25,69.23,1.74,17.35,26.14,14.22,35.4
E-0022871,1.5667554,131.6,11.28,129.74,5.19,5.94,23.28,11.77,20.57
E-0022872,2.6866164,33.53,15.61,165.24,5.01,2.34,4.35,1.2,9.54
E-0022873,2.6674945,34.21,15.16,164.63,5.08,2.42,4.51,1.26,9.49
E-0022874,3.1307158,12.21,30.45,183.78,2.61,2.58,1.91,0.39,6.48
E-0022875,3.0873926,12.76,29.06,181.29,2.68,2.89,1.99,0.43,6.43
E-0022876,3.4916131,10.51,42.33,192.87,2.49,2.2,2.42,0.79,8.58
E-0022877,3.479346,10.28,41.85,192.28,2.41,2.24,2.3,0.75,8.4
E-0022878,3.207181,16.89,45.45,261.15,3.22,1.89,2.84,1,7.05
E-0022879,2.2674608,55.88,23.3,198.57,9.09,2.49,11.38,7.48,17.96
E-0022880,1.6858176,94.81,11.58,94.53,4.67,6.16,13.2,9.1,23.04
E-0022881,1.6853759,95.36,11.57,94.03,4.67,6.16,13.3,9.22,23.16
E-0022882,2.2963924,54.69,24.03,202.83,9.08,2.29,10.92,7.1,17.92
E-0022883,2.7084343,28.83,33.18,223.49,5.89,1.92,7.64,4.68,11.14
E-0022884,2.7064507,28.88,33.09,224.8,5.9,1.91,7.64,4.65,11.09
E-0022885,3.095964,17.01,44.05,299.38,3.24,1.75,3.22,0.85,6.59
E-0022886,2.1481168,71.47,15.66,139.18,5.67,3.4,6.82,2.73,9.44
E-0022887,2.6417048,50.04,24.86,231.25,6.12,1.68,5.71,2.69,7.87
E-0022888,2.1921244,68.85,15.69,142.93,5.67,2.85,6.21,2.38,9.14
E-0022889,2.641995,49.83,24.9,231.79,6.14,1.68,5.72,2.69,7.9
E-0022890,3.9749029,3.7,29.09,153.61,1.16,2.42,0.95,0.28,2.6
E-0022891,3.0957088,16.71,21.39,158.52,2.97,3.49,1.53,0.47,4.21
E-0022892,2.827265,31.03,17.49,166.53,3.96,2.35,3.24,0.83,8.43
E-0022893,2.829751,32.05,17.1,161.13,3.84,2.55,3.52,0.97,8.32
E-0022894,2.9654136,25.28,21.01,161.46,3.96,2.19,2.84,0.67,7.39
E-0022895,2.333464,50.24,18.86,125.73,10.75,2.33,10.34,6.1,15.6
E-0022896,1.8662437,85.33,13.03,87,6.64,4.32,9.35,4.61,15.09
E-0022897,2.9087546,15.78,26.87,141.37,9.34,1.7,4.77,4.01,8.12
E-0022898,2.213572,47.54,15.46,87.28,8.22,3.08,5.86,3.99,8.77
E-0022899,1.2318292,171.27,9.3,116.94,4.72,7.86,27.76,16.26,32.61
E-0022900,3.1837573,23.59,44.5,224.14,1.26,3.73,2.8,0.96,8.38
E-0022901,2.3971195,43.69,24.12,177.64,3.84,3.27,4.64,1.39,8.48
E-0022902,2.8954186,24.47,34.64,254.84,4.48,1.8,4,1.12,6.87
E-0022903,3.2030535,19.92,25.3,170.21,3.77,1.77,4.42,0.9,8.5
E-0022904,3.007288,22.79,23.16,225.4,6.96,1.58,4.83,1.49,10.37
E-0022905,3.1073666,190.36,65.13,460.42,2.11,1.91,4.11,1.2,3.52
E-0022906,2.8117847,221.51,56.55,397,1.76,2.3,6.83,1.31,3.73
E-0022907,2.816027,220.42,56.95,396.07,1.68,2.36,6.74,1.28,3.65
E-0022908,2.5813417,241.88,39.53,327.38,2.02,2.37,11.1,2.44,6.65
E-0022909,2.490344,242.17,42.7,394.73,2.71,2.11,8.53,2.22,5.69
E-0022910,1.8948141,227.49,19.21,189.86,2.29,8.11,27.73,8.33,15.19
E-0022911,2.994635,178.65,34.34,299.11,2.06,2.45,5.98,0.8,3.53
E-0022912,3.3522782,130.07,45.87,287.09,1.09,2.99,4.75,0.67,3.31
E-0022913,3.2837129,138.89,49.75,379.58,2.68,1.68,2.82,0.45,1.87
E-0022914,2.9449344,199.37,33.51,371.94,4.48,1.67,4.51,1.44,3.42
E-0022923,3.4777844,9.79,35.21,222.79,1.74,2.13,2.86,0.82,8.75
E-0022924,3.4704328,10.06,35.14,224.18,1.8,2.11,2.92,0.85,9
E-0022925,1.568196,131.33,11.33,129.22,5.19,5.92,23.27,11.77,20.77
E-0022926,0.5349348,195.04,5.39,69.56,1.8,15.94,25.57,13.85,35.47
E-0022927,2.7674034,52.36,22.14,221.18,9.42,1.47,4.97,1.87,12.83
E-0022928,2.768907,52.34,22.18,221.67,9.42,1.47,4.93,1.85,12.91
E-0022929,3.2293594,25.48,26.7,224.13,5.61,1.4,3.44,1.07,8.61
E-0022930,3.2320566,25.32,26.89,223.78,5.58,1.41,3.43,1.07,8.62
E-0022931,3.621628,9.96,31.88,213.21,1.61,2.02,2.73,0.59,6.98
E-0022932,3.596983,10.23,31.82,212.03,1.65,2.01,2.85,0.65,7.44
E-0022933,3.0343964,39.65,42.15,276.46,7.21,1.62,3.24,1.91,13.1
E-0022934,3.0895095,38.36,42.98,282.25,7.12,1.52,3.04,1.68,13
E-0022935,3.5016508,12.49,38.68,281.88,4.4,1.67,1.81,0.8,6.93
E-0022936,2.7830436,43.65,21.95,252.97,5.96,2.63,3.18,1.2,7.88
E-0022937,2.7759988,44.12,21.91,252.67,5.98,2.66,3.2,1.23,7.92
E-0022938,3.4769106,13.02,38.63,282.83,4.54,1.71,1.89,0.85,7.03
E-0022939,2.4110916,65.41,17.1,219.8,6.51,2.74,6.81,2.05,6.1
E-0022940,2.4993927,63.03,17.35,166.05,6.76,2,3.77,1.24,10.1
E-0022941,2.5010219,63.14,17.28,166.25,6.81,1.99,3.8,1.26,10.12
E-0022942,1.246138,170.97,9.37,117.29,4.8,7.46,27.39,15.94,32.35
E-0022943,2.2244623,52.77,21.99,187.97,5.54,2.92,5.81,2.06,10.48
E-0022944,2.1753712,55.84,21.55,181.18,5.53,3.31,6.32,2.43,11.13
E-0022945,2.6444745,36.48,31.46,262.81,7.16,1.67,5.07,1.95,9.72
E-0022946,2.4647639,44.53,19.12,113,4.64,3.32,5.22,1.53,5.48
E-0022947,3.010791,22.64,23.09,224.94,6.95,1.58,4.8,1.48,10.33
E-0022948,3.6249783,3.85,36,285.61,6.62,1.33,1.16,0.6,5.27
E-0022949,3.411365,6.26,27.82,222.71,10.66,1.04,2.3,1.66,6.63
E-0022950,2.7814505,27.74,29.36,237.6,5.56,1.64,4.53,1.48,9.31
E-0022951,2.275587,77.12,18.16,269.37,6.54,2.29,8.65,2.68,8.82
E-0022952,2.5145848,35.36,21.08,181.13,5.51,2.24,4.56,1.37,8.6
E-0022953,2.2107763,48.09,14.75,185.83,5.65,2.81,7.8,2.45,8.34
E-0022954,1.2366143,233.72,3.39,105.64,17.74,1.51,38.32,18.14,7.06
E-0022955,3.3731713,155.01,50.28,289.47,1.29,3.01,5.93,0.92,3.01
E-0022956,3.473879,124.76,27.81,205.72,0.56,4.35,3.02,0.21,2.18
E-0022957,3.3459654,138.15,32.91,251.01,0.63,4.39,4.68,0.38,3.38
E-0022958,3.208183,140.02,50.17,382.91,3.05,1.72,2.62,0.44,1.83
E-0022959,3.0325282,192.32,34.26,351.41,4.1,1.67,5.4,1.69,3.44
E-0022960,3.0562515,193.83,157.64,468.71,4.42,1.73,4.59,2.24,6.23
E-0022961,2.0409775,250.01,28.9,377.29,5.81,2.23,15.12,4.86,8.24
E-0022962,1.4441082,239.66,21.51,447.38,6.93,5.57,32.88,13.95,18.18
E-0022963,2.1406322,232.86,16.41,307.05,3.09,1.94,10.8,2.97,2.48
E-0022964,2.0371394,195.95,85.74,254.36,1.06,4.99,5.66,1.18,5.33
E-0022965,2.053513,195.57,85.46,256.48,1.07,4.99,5.52,1.13,5.33
E-0022966,2.600455,165.78,23.65,205.04,1.3,4.78,11.59,0.82,4.41
E-0022967,2.3669333,235.67,56.82,322.26,2.47,3.52,8.38,1.89,7.91
E-0022968,2.3569965,235.64,56.79,324.53,2.49,3.57,8.39,1.88,7.95
E-0022969,1.7262387,232.56,8.67,133.28,6.05,2.69,28.01,18.63,11.15
E-0022970,1.4728494,247.82,7.32,225.06,5.33,3.52,33.61,28.82,12.83
E-0022971,1.5086181,210.16,4.59,102.33,8.19,3.38,30.53,20.14,9.54
E-0023632,2.6632767,36.19,31.84,266.5,7.02,1.66,5,1.94,9.55
E-0023633,2.5796223,36.35,22.24,181.65,5.86,2.18,5.73,2.13,6.22
E-0023634,1.3089688,162.63,10.98,101.19,5.45,6.95,27.54,18.63,35.64
E-0023635,3.2785902,20.6,38.46,289.37,8.04,1.03,4.15,1.2,6.51
E-0023636,1.5466064,74.94,12.45,123.49,3.92,5.82,19.86,10.2,20.17
E-0023637,3.5374918,4.67,32.46,292.39,7.45,1.29,1.3,0.83,7.02
E-0023638,3.536815,4.68,32.38,292.62,7.49,1.29,1.3,0.83,6.97
E-0023639,2.0413175,38.51,31.06,230.73,7.31,2.95,11.75,12.41,27.17
E-0023640,1.9270858,47.6,11.52,179.19,16.29,1.12,15.67,13.84,11.36
E-0023641,2.480946,61.72,27.25,298.02,9.58,1.52,7.82,3.14,9.98
E-0023642,2.4734907,38.67,13.28,141.79,7.85,2.51,4.41,1.27,8.71
E-0023643,1.2219722,139.03,7.68,134.82,2.25,9.43,5.78,2.77,14.31
E-0023644,1.8184848,205,11.86,74.41,22.47,1.13,11.74,17.46,39.49
E-0023645,0.08575199,227.51,4.13,51.28,4.71,5.1,26.72,10.62,25.92
E-0023646,1.2511079,206.35,6.47,78.17,17.28,1.57,25.54,12.77,19.63
E-0023647,0.77524585,207.15,6.22,132.09,4.64,5.97,14.81,2.91,10.69
E-0023648,0.044230904,192.57,2.73,74.15,5.23,8.33,61.63,32.82,39.55
E-0023649,0.5421984,210.01,4.04,71.36,5.75,3.46,18.91,6.72,13.75
E-0023650,0.7989831,195.88,3.13,283.21,4.26,5.45,18.48,5.06,7.52
E-0023651,0.09463739,223.71,3.24,126.92,2.62,10.25,31.25,6.19,16.91
E-0023652,0.6967086,164.8,6.19,152.54,1.82,23.97,19.42,4.6,14.53
E-0023653,1.1784508,80.41,6.7,181.5,4.5,2.29,3.54,0.71,3.77
E-0023654,2.6469343,21.78,11.35,273.78,7.62,1.42,2.16,0.4,2.08
E-0023655,1.4649926,112.72,4.76,366.76,7.05,3.5,6.51,1.84,5.93
E-0023656,3.318904,9.32,15.34,344.67,8.02,1.1,1.07,0.22,1.19
E-0023697,0.9204275,217.36,27.38,152.51,1.28,13,12.5,1.2,6.23
E-0023698,2.1972723,143.89,4.3,128.07,15.01,1.53,13.76,2.76,0.8
E-0023699,3.5180073,138.6,48.1,302.25,1.08,2.94,4.46,0.54,2.86
E-0023700,1.9312387,214.67,21.84,232.68,6.46,2.51,24.47,18.09,10.66
E-0023701,1.6955038,228.63,14.47,338.59,5.7,3.17,29.14,22.06,11.92
E-0023702,1.0979196,238.68,3.71,124.13,7.23,3.93,36.73,28.88,11.32
E-0023703,1.7098739,188.2,12.21,207.68,6.46,3.6,26.27,16.67,11.45
E-0023704,1.1323678,221.5,6.26,136.82,5.25,4.26,34.62,24.39,17.01
E-0023705,2.9688754,20.87,34.15,241.5,5.01,2.09,3.15,1.42,6.51
E-0023706,3.0286756,19.81,34.96,248.98,4.95,1.93,2.95,1.26,6.23
E-0023707,1.3938446,151.83,8.92,90.96,5.25,6.41,24.97,19.08,35.94
E-0023708,0.8999538,165.14,5.06,121.59,8.32,3.57,31.48,12.2,13.18
E-0023709,0.6121743,177.88,4.19,86.46,6.2,4.45,38.12,13.12,13.04
E-0023710,-0.40963852,237.16,3.37,33.91,2.4,10.6,39.2,17.33,50.44
E-0023711,1.0319781,230.97,4.7,103.76,23.9,1.05,17.25,18.5,27.44
E-0023712,1.5572258,69.51,17.01,111.8,15.6,1.34,5.95,6.01,24.24
E-0023713,0.9053967,231.19,3.05,27.88,8.02,4.75,12.49,22.91,46.38
E-0023714,0.8500028,231.84,3,25.41,6.64,6.44,13.49,25.84,47.99
E-0023715,0.88615054,237.44,4.52,78.65,19.78,1.13,20.04,21.8,38.09
E-0023716,0.7636235,231.23,7.53,64.35,15.25,2.23,19.11,8.91,22.98
E-0023717,1.6966556,200.04,11.65,75.37,18.46,1.93,11.72,14.98,26.78
E-0023718,1.4512475,205.72,9.26,180.62,10.64,1.95,16.87,5.09,15.67
E-0023719,1.8588794,163.04,8.05,199.88,20.6,0.99,14.63,9.44,11.43
E-0023720,2.191599,92.55,8.37,462.12,18.97,1.11,12.16,5.48,4.97
E-0023721,0.9893719,227.72,6.45,141.23,8.23,3,29.7,9.86,24.26
E-0023722,0.117881596,224.92,3.6,64.28,3.63,4.74,13.41,4.89,26.14
E-0023723,2.871488,21.01,17.56,140.24,7.33,1.49,5.33,1.27,8.21
E-0023724,1.2220229,221.81,5.01,80.88,20.51,1.07,11.46,8.86,21.44
E-0023725,2.6193736,82.94,9.74,200.91,14.05,0.89,2.69,0.81,2.89
E-0023726,1.9307934,166.2,6.09,269.78,17.92,1.67,17.07,5.57,5.15
E-0023795,2.771121,222.21,60.78,356.94,1.43,2.4,8.38,2.22,4.12
E-0023796,2.44418,229.5,36.94,302.83,3.55,4.1,14.39,3.65,7.75
E-0023797,3.4426196,125.43,45.05,283.13,0.96,2.88,4.83,0.62,2.99
E-0023798,3.5587733,85.26,106.3,400.77,3.69,1.59,1.86,0.56,2.69
E-0023799,2.738776,224.79,35.67,341.24,1.74,2.01,4.81,1.13,4.48
E-0023800,1.5578991,206.84,3.62,117.77,6.89,2.84,32.06,21.14,10.28
E-0023801,1.468024,233.51,4.6,234.15,8.71,2.7,38.3,33.47,12.21
E-0023802,1.801477,256.3,8.54,551.11,15.27,1.48,19.1,6.26,23.46
E-0023803,2.7890368,23.69,16.72,235.68,12.17,1.01,2.16,1.13,3.31
E-0023804,0.6950613,222.67,4.15,41.16,8.32,5.53,38.8,24.44,50.97
E-0023805,0.17000104,239.71,5.74,64.54,11.37,2.44,21.12,12.26,37.85
E-0023806,0.5797324,237.15,3.39,25.27,5.68,4.98,24.76,27.9,53.9
E-0023807,0.5973773,236.89,3.34,25.79,5.92,4.77,25.2,27.51,52.71
E-0023808,1.2501266,202.55,7.63,89.25,18.06,1.42,11.27,7.66,17.2
E-0023809,0.7664083,231.28,7.67,63.64,15.59,1.88,20.16,10.1,25.22
E-0023810,1.9702547,131.25,12.15,398.37,11.93,1.88,9.45,2.7,6.02
E-0023811,0.7816561,204.14,2.97,237.51,4.8,4.96,10.83,3.34,9.2
E-0023812,0.31370988,201.33,2.76,112.37,4.02,11.57,27.42,11.46,18.78
E-0023813,1.4442192,175.47,4.61,105.76,18.38,3.56,27.08,14.43,17.8
E-0023814,1.8247317,127.82,8.7,312.47,19.44,1.5,15.93,5.15,5.87
E-0023815,1.8952157,159.78,6.38,215.5,18.29,1.37,9.6,3.45,4.98
E-0023816,0.09297583,215.81,3.65,68.24,2.77,7.16,20.58,5.87,20.2
E-0023817,1.237986,200.15,5.21,78.35,18.45,1.32,16.76,6.96,13.59
E-0023818,0.46857762,229.3,8.86,66.11,14.26,1.52,15.28,10.65,24.43
E-0023819,0.93364775,232.86,6.9,86.96,22.5,1.14,26.01,20.53,25.48
E-0023820,-0.22715725,244.73,5.39,46.2,8.96,3.19,33.54,21.65,39.92
E-0023821,1.5826864,224.06,6.41,108.09,16.86,1.64,22.54,11.94,14.23
E-0023822,0.29864034,227.44,4.11,73.61,12.21,2.59,42.4,19.5,22.22
E-0023823,-0.4953714,243.56,4.18,48.68,5.78,6.52,37.6,17.61,22.57
E-0023824,0.014446676,202.4,4.79,68.77,3.83,5.26,12.01,1.35,2.53
E-0023825,1.1789789,154.69,10.23,217.49,15.37,1.65,20.18,11.8,9.92
E-0023826,1.7054722,83.07,6.49,241.28,7.28,1.87,7.21,0.97,2.64
E-0023827,2.9233398,28.03,14.54,480.3,12.86,0.89,4.22,1.04,1.74
E-0023828,1.3890952,126.25,5.9,404.71,5.21,3.17,8.9,0.93,2.64
E-0023838,0.73373604,221.1,26,141.48,1.49,15.32,15.06,1.68,9.01
E-0023839,0.7485376,220.83,26.41,141.4,1.5,14.9,15.21,1.73,9.25
E-0023840,1.7416617,256.37,5.98,196.14,14.74,2.41,22.36,12.04,7.95
E-0023841,1.6511449,268.8,5.92,196.76,13.26,3.5,31.72,20.88,12.97
E-0023842,1.9129553,172.28,10.91,249.16,7.09,2.55,27.19,17.88,11.07
E-0023843,1.8131377,210.91,14.18,378.29,9.34,2.46,33.66,28.48,14.49
E-0023844,3.102843,203.87,88.68,373.35,2,1.96,2.82,0.91,3.53
E-0023845,1.87492,237.38,15.54,429.25,4.83,2.6,23.28,6.27,12.25
E-0023846,0.0910389,161.16,7.23,121.02,4.78,6.03,24.89,10.97,9.67
E-0023847,1.4441926,86.92,13.99,238.68,10.32,2.21,15.06,8.41,5.92
E-0023848,1.8735855,187.3,15.19,60.3,22.55,1.13,8.89,11.18,20.76
E-0023849,0.026290976,241.24,2.75,19.35,2.72,6.3,29.43,18.06,48.21
E-0023850,0.10068257,235.02,7.41,15.54,2.04,5.76,27.81,11.34,29.17
E-0023851,0.17841382,229.37,7.32,31.67,2.79,8.84,16.28,5.4,23.9
E-0023852,1.1876311,204.69,7.04,89.32,17.71,1.84,11.86,7.81,15.83
E-0023853,1.4178761,151.31,6.73,397.01,7.52,4.85,7.81,1.78,3.93
E-0023854,0.84025794,236.13,8.27,77.98,10.76,2.08,20.25,10.55,18.52
E-0023855,0.86052966,233.72,8.13,78.98,11.18,1.98,18.74,10.29,18.01
E-0023856,1.5142071,142.13,8.49,158.96,7.16,2,8.17,3.51,13.5
E-0023857,0.8033092,216.92,7.35,188.67,13.2,2,17.02,7.83,13.7
E-0023858,1.5742233,207.78,7.18,463.4,22.29,1.11,19.6,8.89,11.34
E-0023859,2.0729668,94.77,29.58,578.18,13.45,5.06,19.85,6.4,6.59
E-0023860,0.73237807,233.5,6.6,102.73,15.65,1.98,36.24,26.08,39.3
E-0023861,1.468628,175.09,6.19,36.79,13.61,1.45,12.02,16.4,21.33
E-0023862,2.4725218,34.72,10.8,128.91,11.76,1.2,4.24,2.23,3.53
E-0023863,2.380809,55.65,14.6,354.37,16.99,1.04,6.17,1.28,2.47
E-0023864,1.1496837,138.29,7.61,202.15,5.88,2.89,9.04,1.56,4.37
E-0023865,2.1981323,117.63,11.73,422.51,8.92,1.3,9.32,1.49,3.69
E-0023866,0.8045118,240.68,4.38,75.41,23.66,1.15,25.38,25.72,41.37
E-0023867,1.0620275,232.65,3.21,42.07,15.39,1.78,25.01,24.57,41.01
E-0023962,1.8159132,82.65,10.58,146.44,3.17,12.61,16.77,4.06,8.02
E-0023963,2.7113514,37.23,40.23,218.06,2.03,3.52,3.67,1.4,13.53
E-0023964,1.7491075,173.8,7.62,51.65,19.07,1.17,8.38,10.81,14.86
E-0023965,1.7494726,78.66,17.69,200.22,3.97,6.06,7.59,3.08,12.99
E-0023966,2.448204,48.33,32.71,264.83,6.89,2.3,6.29,2.36,11.11
E-0023967,0.2881302,185.9,3.39,94.37,6.43,7.08,56.76,31.63,38.32
E-0023968,-0.34502274,244.78,3.29,33.62,4.02,5.12,24.44,9.26,30.89
E-0023969,0.29973114,238.69,2.28,191,4.97,5.92,20.18,4.89,10.43
E-0023970,0.9228109,228.07,4.83,68.29,11.6,1.65,17.15,9,20.65
E-0023971,0.9103547,227.84,4.77,67.78,11.5,1.67,17.18,8.94,20.5
E-0023972,2.275912,77.51,10.67,346.22,7.52,1.81,5.71,2.7,6.11
E-0023973,0.7336597,205.27,3.64,227.23,5.49,5.97,20.53,4.89,9.68
E-0023974,0.82735175,187.59,3.59,225.18,4.88,5.78,11.75,3.09,7.27
E-0023975,2.084437,151.93,10.32,417.75,16.29,1.36,6.16,4.11,7.06
E-0023976,2.307247,51.98,19.6,800.58,20.56,1.36,5.01,5.48,8.25
E-0023977,1.643639,206.64,9.01,399.93,17.86,1.8,9.78,4.5,7.41
E-0023978,1.6769435,206.25,9.37,393.68,18.16,1.54,10.25,4.85,8.29
E-0023979,0.79560554,215.23,9.59,43.54,6.8,2.79,13.42,9.02,33.77
E-0023980,1.0091633,226.17,4.71,34.02,15.23,1.8,23.55,15.72,26.87
E-0023981,0.4337631,241.86,2.64,16.98,3.43,12.43,35.23,26.01,28.64
E-0023982,1.7640442,213.53,7.13,286.18,16.35,1.59,21.36,12.35,15.74
E-0023983,1.1588057,232.84,6.24,54.23,17.89,1.44,13.1,13.74,16.83
E-0023984,1.5625992,202.83,6.9,40.76,12.89,2.4,9.13,11.29,10.52
E-0023985,1.5947447,200.9,7.04,42.12,13.26,2.12,9.95,12.56,10.65
E-0023986,1.5379089,112.86,5.74,79.86,12.13,2.9,21.28,14.64,9.05
E-0023987,1.7431612,143.7,12.44,113.06,18.43,1.37,10.88,14.42,9.96
E-0023988,0.7159761,240.39,2.24,35.17,3.08,13.96,52.65,31.71,26.32
E-0023989,0.59590364,202.7,2.15,77.07,8.12,7.23,44.88,16.89,9.14
E-0023990,1.3358878,196,11.03,60.79,13.42,1.71,7.61,11.78,22.63
E-0023991,1.3340259,196.54,11.08,60.77,13.39,1.73,7.68,11.82,22.82
E-0024192,1.8886813,254.3,12.96,312.67,6.14,2.12,19.97,7.51,11.65
E-0024193,1.9543281,214.25,7.18,309.21,18.01,1.16,22.33,11.17,11.74
E-0024194,2.600869,119.09,12.74,408.18,11.32,1.14,9.66,2.78,3.62
E-0024195,2.308041,167.68,14.73,316.31,13.69,1.81,12.42,9.31,7.21
E-0024196,1.6302931,221.91,2.5,130.58,20.04,1.13,25.31,12.47,12.01
E-0024254,1.5964912,234.83,7.25,229.59,11.58,1.49,27.31,4.89,7.38
E-0024255,2.3647988,143.92,11.33,243.91,12.62,1.7,9.32,8.5,4.81
E-0024256,2.505173,220.45,18.49,407.27,2.85,1.69,7.9,1.23,5.12
E-0024257,2.3528638,232.27,16.78,413.47,3.53,1.69,7.68,1.42,5.71
E-0024258,1.4915068,229.12,2.68,108.84,19.25,1.14,24.37,11.94,12.66
E-0024259,2.121512,172.28,10.53,162.73,14.77,0.89,7.87,3.32,20.22
E-0024260,0.98600036,186.01,5.56,98.73,11.67,5.25,35.69,19.21,8.12
E-0024261,1.4126031,177.85,5.67,389.19,7.88,2.77,8.49,2.46,7.71
E-0024262,1.4310138,176.75,5.85,379.9,7.91,2.57,8.64,2.59,7.72
E-0024263,2.2724206,81.66,11.27,117.44,8.61,2.48,10.24,5.74,11.1
E-0024264,1.2409251,219.65,9.36,91.73,12.44,2.04,12.82,7.98,18.38
E-0024265,1.319303,214.78,9.24,93.92,12.96,1.91,11.3,7.58,17.94
E-0024266,2.6171668,35.31,13.94,242.42,4.99,1.51,2.71,0.67,3.67
E-0024267,2.5409899,101.45,17.67,303.64,12.32,1.2,2.69,0.88,2.73
E-0024268,2.58142,49.29,13.15,349.97,5.77,2.11,2.19,0.39,1.86
E-0024269,1.9400259,187.48,17.85,313.36,14.33,1.36,4.95,1.4,3.7
E-0024270,1.9476647,187.23,17.83,314.58,14.36,1.34,4.89,1.38,3.69
E-0024271,1.6876526,226.91,6.56,121.69,19.75,1.39,10.64,12.88,25.08
E-0024272,1.0198622,239.27,5.57,40.66,12.84,2.46,20.01,15.59,13.18
E-0024273,1.3012414,244.59,6.17,58.59,17.99,1.48,12.67,26.23,27.57
E-0024274,1.3114146,244.1,6.03,57.83,17.88,1.45,12.2,24.65,26.66
E-0024275,1.1652501,232.96,6.28,54.58,17.92,1.43,13.05,13.73,16.88
E-0024276,1.5657657,233.59,6.89,60.55,16.26,1.62,8.9,12.63,16.2
E-0024277,1.6214089,233.17,7.26,64.7,16.67,1.38,8.62,12.12,15.97
E-0024278,1.2902095,134.68,9.6,96.07,10.18,3.37,16.51,6.97,6.44
E-0024279,2.988729,16.2,14.97,106.06,5.18,1.86,4.78,1.42,5.43
E-0024280,0.9435808,232.4,2.28,46.92,2.87,12.04,38.43,20.6,19.92
E-0024281,1.4521521,129.79,11.54,61.92,16.74,1.34,6.03,10.85,16.25
E-0024282,1.4212598,210.83,9.11,66.36,12.77,2.15,8.41,14.02,18.54
E-0024283,1.3768467,194.26,12.3,63.15,12.68,1.73,7.09,8.53,15.04
E-0024284,1.3533828,195.75,11.94,61.69,12.56,1.86,7.2,8.53,14.63
E-0024286,2.665789,17.28,13.93,29.78,4.16,2.67,6.18,1.55,1.59
E-0024287,2.074671,35.11,9.31,18.38,7.33,3.12,14.22,3.82,4.05
E-0024288,2.0150905,34.9,8.11,13.09,6.88,4.01,16.51,3.76,4.02
E-0024289,2.5896363,13.58,9.63,23.34,4.27,3.13,6.39,1.4,1.16
E-0024290,1.853055,35.94,5.02,11.31,6.32,4.1,18.68,4.21,3.4
E-0024291,2.2816741,27.96,9.02,13.9,3.84,6.48,11.4,2.2,2.83
E-0024292,1.9797003,41.9,7.45,14.51,5.84,4.11,15.15,3.88,5.07
E-0024293,3.3234415,10.85,13.93,132.36,3.53,4.15,5.64,1.49,3.46
E-0024294,3.3816717,12.74,18.97,141.06,4.12,4.11,5.13,1.96,4.27
E-0024295,1.6069287,168.71,3.63,362.24,14.55,1.36,10.72,4.24,6.77
E-0024296,1.6057199,168.67,3.63,359.76,14.57,1.36,10.67,4.19,6.79
E-0024297,1.57473,163.94,7.26,288.2,22.4,1.24,30.22,15.35,13.93
E-0024298,-0.45677108,221.21,2.33,31.77,3.55,9.44,70.01,51.27,82.78
E-0024299,1.3602229,204.87,7.9,68.16,13.03,1.74,12.76,7.37,19.15
E-0024300,1.3391217,205.58,7.85,67.56,12.98,1.78,12.91,7.45,19.24
E-0024301,1.7180699,154.08,6.91,189.86,9.35,3.31,20.86,12.61,22.11
E-0024302,2.0174835,155.23,9.85,411.59,15.88,1.61,6.37,4.38,6.61
E-0024303,2.5361562,107.6,18.07,319.42,12.64,1.13,2.79,0.93,3.01
E-0024304,3.935832,3.91,52.95,560.8,10.33,0.87,1.58,0.53,0.58
E-0024305,2.7061975,56.65,17.75,357.32,8.6,1.16,3.63,0.8,3.24
E-0024306,1.6280919,230.5,5.79,89.63,19.66,1.16,7.98,12.49,27.09
E-0024307,1.6960765,230.62,6.01,100.4,19.73,1.1,8.18,13.22,26.4
E-0024308,1.308942,228.99,6.32,42.71,20.58,1.34,11.81,18.33,38.03
E-0024309,1.6076932,209.3,4.93,56.44,19.09,1.18,8.21,7.9,13.52
E-0024310,1.7501955,71.75,6.56,69.83,15.43,1.73,8.3,7.1,9.57
E-0024311,1.9485124,112.52,3.78,74.32,12.04,2.82,10.32,8.3,13.31
E-0024312,2.908803,46.82,13.56,83.37,11.49,1.27,6.82,3.73,3.12
E-0024313,1.4827487,195.15,8.2,55.03,19.66,1.18,7.65,10.21,32.25
E-0024314,1.4753604,195.47,8.18,53.13,19.73,1.19,7.96,10.94,32.73
E-0024315,1.367222,223.45,5.76,29.21,17.38,1.69,14.61,20.14,38.98
E-0024316,1.5666902,211.07,8.21,61.16,20.52,1.24,9.16,12.77,38.8
E-0024317,2.721449,4.38,8.88,10.63,1.26,18.94,9.24,1.73,2.91
E-0024318,3.0073059,3.58,17.47,12.44,2.05,11.56,6.68,1.59,2.35
E-0024319,3.370965,2.28,18.91,16.46,2.44,9.14,5.69,1.41,2.41
E-0024320,1.037819,178.84,5.32,78.66,15.25,1.4,16.44,5.06,7.55
E-0024321,1.0718331,177.73,5.44,79.66,15.32,1.34,15.91,4.86,7.5
E-0024322,0.393844,219.3,2.79,87.76,13.06,2.41,30.5,8.19,6.52
E-0024323,1.290654,228.5,4.5,147.72,16.14,1.27,14.63,8.07,9.49
E-0024324,1.2900376,228.37,4.52,147.47,16.11,1.28,14.74,8.12,9.55
E-0024325,1.6476028,163.36,6.29,90.16,13.66,1.31,10.79,6.04,8.83
E-0024326,1.6608553,162.59,6.1,91.86,13.63,1.24,9.34,4.72,8.63
E-0024327,0.41276875,218.82,2.67,113.8,8.99,3.33,42.64,19.72,18.97
E-0024328,1.9796394,248.94,18.2,394.75,5.57,1.91,18.59,5.11,6.86
E-0024329,2.0701823,195.82,9.85,209.39,11.53,1.39,12.77,1.51,4.3
E-0024330,2.6431994,189.16,23.3,463.02,4.86,1.47,7.13,1.38,3.06
E-0024331,2.598886,184.46,21.98,372.75,4.89,1.54,7.76,1.55,3.12
E-0024332,2.3830216,239.34,27.26,384.15,2.76,1.77,11.1,2.7,6
E-0024333,1.5841608,191.49,4.67,149.25,16.26,1.29,17.55,6,7.57
E-0024347,0.76737905,191.82,2.15,7.01,2.61,8.76,43.67,19.77,18.7
E-0024348,2.3885248,85.06,18.11,298.36,11.18,3.65,5.71,2.93,4.27
E-0024349,2.641846,26.08,21.49,513.11,16.69,1.13,1.95,1.87,3.91
E-0024350,1.7030083,212.43,8.7,241.33,17.19,1.36,14.33,11.46,19.64
E-0024351,1.7042118,210.14,8.91,226.16,17.03,1.33,12.99,10.04,19.9
E-0024352,1.5404874,182.06,6,115.64,7.3,7.78,25.07,18.2,19.75
E-0024353,1.4456308,177.17,8.91,46.84,19.2,1.33,9.81,12.33,32.55
E-0024354,1.4053928,180,8.38,43.18,19.26,1.5,10.68,13.92,32.85
E-0024355,1.7106091,117.16,5.64,45.87,16.26,1.16,8.54,9.67,12.45
E-0024356,1.191921,175.68,5.16,83.8,23.27,1.21,25.2,20.12,31.2
E-0024357,2.2905004,78.22,20.39,450.52,17.57,3.5,10.11,6.09,6.89
E-0024358,0.9182671,214.01,2.46,40.64,4.29,7.8,39.02,33.38,51.92
E-0024359,0.4429888,198.16,6.51,71.6,2.32,17.24,29.19,11.56,15.27
E-0024360,0.71840125,168.18,1.61,50.22,1.62,16.2,37.67,27.21,50.77
E-0024361,2.3895907,124.59,16.04,235.98,14.34,1.3,3.89,1.75,6.14
E-0024362,3.536607,22.36,25.87,257.27,3.07,1.83,1.41,0.49,3.27
E-0024363,2.0907087,135.3,12.01,307.51,15.74,1.7,13.4,4.97,5.39
E-0024364,3.008719,31.62,23.26,449.81,6.36,1.52,3.8,0.97,2.36
E-0024365,2.57491,43.09,27.15,578.06,15.67,1.22,7.51,3.95,4.84
E-0024366,1.4257512,155.64,4.51,108.09,14.71,1.16,8.45,2.91,6.04
E-0024367,0.50531393,217.78,9.51,130.53,6.81,2.46,7.41,1.65,6.71
E-0024368,1.6954693,215.54,9.92,324.65,17.87,1.07,8.49,1.61,5.99
E-0024369,1.2224269,214.65,4.42,50.93,9.51,4.24,30.52,42.92,39.53
E-0024370,0.49373505,219.15,2.65,20.12,2.53,12.52,49.38,42.3,50.61
E-0024371,1.5279038,237.55,8.31,226.16,4.9,6.41,31.44,27.55,3.71
E-0024372,1.8343132,234.34,11.12,242.68,7.58,2.52,18.78,5.19,3.36
E-0024373,2.5764444,177.54,50.29,384.79,2.44,2.14,8.01,1.33,3.72
E-0024374,1.4965625,219.3,27.17,778.98,4.13,6.88,29.61,18.27,21.23
E-0024375,2.2969856,214.04,12.03,700.15,9.86,1.16,11.96,2.74,5.13
E-0025768,1.6481019,250.13,7.8,223.65,8.76,1.77,20.62,4.95,9.42
E-0025769,3.0626318,155.96,15.34,557.91,2.01,1.64,3.64,0.19,2.06
E-0025770,2.9116886,161.58,75.48,345.06,1.39,2.42,5.12,1,4.47
E-0025771,2.2552822,206.89,13.64,607.38,8.55,1.23,11.54,3.05,5.41
E-0025772,2.2329895,173.74,29.37,466.46,3.82,2.52,19,5.63,5.34
E-0025773,2.4114661,104.33,41.55,575.03,6.64,2.98,17.09,12.83,5.42
E-0025774,2.3417697,87.99,17.58,294.21,11.18,4.26,6.28,3.47,4.41
E-0025775,1.8163337,204.11,10.58,147.08,14.82,1.89,13.19,8.77,19.53
E-0025776,1.4427601,167.63,3.87,54.57,15.62,1.69,17.24,20.17,32.28
E-0025777,0.8508318,209.77,3.39,15.04,18.44,1.41,22.67,37.33,72.04
E-0025778,1.7182648,104.66,16.24,16.76,3.97,8,35.36,12.59,19.69
E-0025779,1.8032421,77.6,8.81,4.06,2.55,13.1,31.78,10.57,11.03
E-0025780,0.15382035,148.03,2.81,31.68,0.96,25.86,22.39,7.17,10.22
E-0025781,1.8453757,132.76,9.08,144.38,7.76,6.65,19.85,7.11,5.47
E-0025782,1.5879205,90.03,8.17,198.94,7.5,7.49,38.83,13.24,10.49
E-0025783,1.5583998,87.65,7.89,203.42,6.94,8.74,38.32,12.39,10.26
E-0025784,0.18869714,192.56,2.52,58.43,2.12,11.59,33.1,14.86,20.68
E-0025785,1.1413894,201.57,3.82,48.58,13.55,2.1,28.88,25.85,34.48
E-0025786,0.40506184,138.47,2.78,18.92,1.61,9.83,27.65,10.93,8.9
E-0025787,0.98035014,200.96,3.01,30.77,4.35,5.59,31.02,25.21,25.28
E-0025788,0.32090756,171.93,2.9,32.77,1.12,24.64,20.56,11.44,11.46
E-0025789,0.33694306,170.45,2.87,33.99,1.12,24.74,20.82,11.18,11.06
E-0025790,-0.9320321,188.5,3.97,29.11,0.73,43.9,28.57,11.26,13.06
E-0025791,2.1973526,92.72,7.48,304.59,12.15,1.14,4.32,1.91,3.18
E-0025792,1.9900794,51.35,8.63,142.32,12.54,1.45,6.43,4.1,2.46
E-0025793,1.8892915,136.09,12.42,88.24,5.06,2.63,7.07,1.89,6.36
E-0025794,1.3983077,113,9.01,98.52,8.41,1.85,8.31,1.27,3.52
E-0025795,0.70033157,172.24,6.54,97.83,1.95,15.18,24.34,8.99,7.41
E-0025796,2.1781313,209.35,8.71,850.32,17.33,1.3,5.91,6.15,12.15
E-0025797,2.1842117,208.71,8.73,859,17.31,1.29,5.7,5.81,12.07
E-0025798,1.9658879,159.5,11.61,409.02,16.39,1.35,6.95,7.01,16.12
E-0025799,1.9678535,159.9,11.9,412.86,16.3,1.37,6.91,6.94,16.12
E-0025800,1.919572,172.85,5.31,260.31,14.89,2.11,11.27,8.84,14.19
E-0025801,2.1079495,151.89,11.67,615.98,17.48,1.36,8.5,8.76,15.93
E-0025802,2.0034719,119.55,7.53,328.48,13.61,1.26,7.45,2.81,3.72
E-0025803,2.3737562,114.01,8.85,272.1,11.1,1.28,4.9,3,5.33
E-0025804,2.3035789,117.13,8.69,263.05,11.17,1.4,5.84,4.07,5.41
E-0025805,2.1807368,173.21,6.84,683.02,14.05,1.23,7.94,3.6,3.74
E-0026542,1.5254842,112.11,9.13,77.44,7.23,1.96,12.23,1.78,4.24
E-0026543,1.9957296,151.45,31.68,372.94,19.8,1.06,12.33,1.82,13.46
E-0026544,0.8830687,194.36,2.54,18.56,12.72,3.5,29.69,45.83,50.29
E-0026545,1.4652536,203.96,4.98,562.11,13.29,1.97,15.95,5.09,6.33
E-0026546,1.4899421,199.08,4.8,569.48,13.35,1.87,14.64,4.98,6.24
E-0026547,-0.65623355,202.13,2.6,29.02,3.75,8.77,72.56,59.89,104.18
E-0026548,-0.29032344,215.84,3.2,85.68,9.3,3.59,81.9,55.89,43.98
E-0026549,-0.39474896,237.23,2.21,73.18,7.75,4.13,69.18,36.84,45.98
E-0026550,2.281576,123.01,20.35,291.66,11.62,3.86,11.32,6.21,7.17
E-0026551,2.9789853,43.38,32.85,375.39,14.58,1.14,2.52,2.08,5.11
E-0026552,0.24779192,240.6,2.62,23.55,6.55,5.2,47.78,23.25,56.48
E-0026553,0.18196608,155.94,3.4,35.84,1.73,9.33,19.14,4.93,10.34
E-0026554,0.07136934,171.05,3.1,32.69,1.61,13.1,23.45,6.06,11.09
E-0026555,0.9014528,202.57,2.38,69.33,1.75,17.09,39.75,21.97,24.41
E-0026556,1.4132864,156.16,2.99,115,3.29,7.37,22.5,12.42,13.24
E-0026557,1.1774384,138.89,8.76,119.12,7.21,2.99,19.97,5.85,14.83
E-0026558,1.5130014,191.52,8.17,82.21,4.86,4.72,13.57,5.35,15.81
E-0026559,1.6372548,125.67,6.37,126.94,7.67,3.19,13.88,3.87,8.43
E-0026560,1.3938462,118.11,12.01,102.87,6.35,2.09,13.41,1.98,6.77
E-0026561,2.3415701,34.89,6.31,142.48,12.98,1.45,3.21,2.12,2.98
E-0026562,2.0378141,118.19,7.72,330.44,13.57,1.23,7.14,2.63,3.68
E-0026563,2.1366336,174.58,6.62,684.71,14.01,1.26,7.81,3.58,3.75
E-0026564,1.4620339,85.67,9,37.41,1.59,11.11,19.62,23.48,25.38
E-0026565,1.6236815,231.29,5.49,99.89,8.46,3.73,24.94,14.89,5.4
E-0026566,2.539209,234.38,32.41,397.88,2.41,1.88,10.45,2.32,6.48
E-0026567,2.5558553,229.74,32.41,374.65,2.09,1.92,10.73,2.31,6.39
E-0026568,2.8069177,191.32,37.67,462.38,1.51,2.47,4.51,0.62,1.9
E-0026569,2.6015902,161.04,43.49,289.41,2,2.54,7.07,1.46,4.98
E-0026570,1.5801886,237.35,17.28,339.31,3.91,5.08,36.79,18.93,12.82
E-0026571,2.2034507,192.76,38.42,364.32,5.47,2.15,9.03,4.7,3.62
E-0026572,0.7404635,267.17,2.36,69.56,10.49,5.13,55.52,29.84,18.13
E-0026573,1.8030053,200.51,18.29,677.05,9.8,1.45,17.41,2.89,8.35
E-0026574,2.7753959,211.94,53.83,413.87,2.33,2.17,7.23,1.47,5.28
E-0026575,2.6105726,160.36,43.11,288.03,1.99,2.54,6.99,1.44,4.92
E-0026576,2.6800678,158.25,42.62,282.77,1.91,2.51,7.05,1.43,4.73
E-0026577,2.7424655,217.45,42.62,497.6,2.85,1.98,8.04,1.1,3.33
E-0026578,0.90958655,248.58,19.37,306.25,3.27,8.12,27.95,7.86,8.59
E-0026579,1.5347682,246.58,24.66,297.41,2.88,5.04,25.35,6,6.46
E-0026580,1.2815671,221.86,24.41,303.33,2.09,7.05,19.99,4.08,4.69
E-0026581,1.999395,227.74,27.61,419.01,6.54,1.87,14.35,5.08,4.76
E-0026582,2.301732,249.37,31.03,457.49,2.66,1.81,14.88,2.97,6.31
E-0026583,2.8954558,31.71,27.08,397.71,5.35,3.32,6.43,1.87,2.51
E-0026584,1.0040497,190.68,2.36,19.22,7.25,4.34,24.86,23.87,45.88
E-0026585,0.33721352,265.83,2.07,8.91,4.04,6.5,55.86,58,85.38
E-0026586,0.7597263,256.67,2.3,10.6,5.46,6.3,50.87,43.24,55.92
E-0026587,0.76052076,249.86,2.1,14.51,10.1,2.62,50.54,51.38,79.11
E-0026588,2.948408,41.99,23.79,413.06,8.83,2.09,4.71,1.08,3.46
E-0026589,1.8397894,121.9,9.83,171.45,7.02,6.31,22,7.06,7.13
E-0026590,0.8379422,228.23,2.84,69.12,10.5,2.15,14.73,4.6,15.83
E-0026591,0.9343336,227.47,3.09,72.46,11.5,1.74,13.44,4.16,15.66
E-0026592,1.9057599,176.77,4.5,303.36,14.7,1.34,7.03,2.24,5.41
E-0026593,1.4739432,74.68,3.26,80.98,5.19,7.26,27.36,26.61,17.16
E-0026594,2.0384963,87.98,12.44,409.78,11.94,2.18,10.66,3.8,3.8
E-0026595,1.2136903,168.94,4.51,93.18,7.27,3.22,16.1,4.99,9.86
E-0026596,2.3145173,52.93,10.68,225.15,11.76,4,13.62,4.45,1.66
E-0026597,2.2569845,169.47,14.82,590.79,12.95,2.07,10.36,4.84,10.32
E-0026598,1.8599365,168.76,9.09,241.39,16.23,1.78,9.33,9.47,16.97
E-0026599,1.8657391,167.2,8.93,251.36,16.18,1.78,9.69,9.62,16.6
E-0026600,1.5799718,83.78,10.77,52.53,2.77,7.29,17.15,23.18,25.59
E-0026601,1.7131715,107.05,7.73,153.31,11.7,5.5,23.17,7.91,5.13
E-0026602,2.5062897,68.98,18.52,158.07,0.69,26.74,6.9,2.22,1.59
E-0026603,3.9420984,15.34,26.3,238.81,0.42,9.18,0.83,0.64,0.81
E-0026604,1.4021262,146.22,10.47,164.86,2.45,17.5,14.62,4.49,13.41
E-0026605,1.923239,160.61,33.26,337.67,5.03,7.63,20.41,12.67,4.64
E-0026606,1.8047817,135.99,24.64,314.48,2.47,13.72,28.59,12.55,4.17
E-0026607,2.7650955,27.97,17.11,94.46,0.64,50.32,3.53,0.4,0.87
E-0026608,3.4854627,32.4,22.61,163.85,0.52,27.74,1.12,0.37,1.11
E-0026609,2.0956154,85.73,15.36,68.38,0.54,47.05,8.69,2.27,2.9
E-0026610,2.8662422,34.96,11.99,208.72,11.69,0.9,1.85,0.48,1.99
E-0026611,2.4809816,12.09,12.51,123.74,11.06,1.5,2.71,2.25,5.09
E-0026612,2.491761,87.27,28.23,431.51,9.57,4.04,5.25,2.82,4.84
E-0026613,1.8673686,176.68,26.73,268.79,3.62,7.41,27.03,18.2,3.45
E-0026614,2.7960608,208.21,53.43,409.73,2.07,2.25,6.75,1.3,4.89
E-0026615,1.2675236,190.7,35.9,876.96,4.05,5.7,21.85,11.42,22.37
E-0026616,1.2377278,195.99,36.09,912.63,4.78,5.99,20.87,10.16,23.01
E-0026617,2.8215423,223.21,61.26,509.55,1.95,2.06,7.34,1.28,3.15
E-0026618,2.8580554,220.14,59.74,503.79,1.86,2.01,7.12,1.2,3.04
E-0026619,1.8147277,244.86,20.7,338.4,3.51,2.52,12.44,1.78,3.69
E-0026620,1.8430324,244.03,20.04,342.3,3.55,2.43,12.07,1.66,3.68
E-0026621,1.8844233,241.81,19.26,315.79,3.22,2.42,12.4,1.74,3.52
E-0026622,1.9375441,243.06,27.87,322.77,2.8,2.42,11.25,1.53,3.04
E-0026623,1.3817677,231.37,18.79,276.21,3.89,6.01,19.29,6.42,3.55
E-0026624,0.7449682,233.69,13.73,308.34,1.92,11.22,28.85,5.59,7.69
E-0026625,1.5405414,233.67,32.8,345,5.27,5.81,20.28,7.88,10.02
E-0026626,2.207284,214.88,21.94,369.68,5,2.25,10.61,3.58,2.99
E-0026627,2.4727056,245.07,47.16,456.81,2.08,1.93,11.66,2.79,5.31
E-0026628,2.4909315,243.54,47.4,433.65,1.93,1.94,11.46,2.68,5.17
E-0026629,3.0264199,15.74,15.44,219.59,3.51,1.85,3.54,0.26,1.7
E-0026630,0.65918946,222.43,3.08,39.88,18.7,1.37,34.95,23.8,64.31
E-0026631,0.2752309,187.26,1.89,26.83,7.12,3.12,64.52,41.06,58.38
E-0026633,3.1971052,11.45,12.64,116.99,2.06,6.92,1.69,0.44,2.8
E-0026634,2.1881888,173.05,13.57,721.77,14.05,1.43,8,5.13,9.2
E-0026635,2.1785798,172.54,13.17,720.77,14.05,1.44,8.31,5.52,9.25
E-0026636,1.4560491,86.54,8.92,38.42,1.49,11.79,19.51,23.16,25.34
E-0026637,1.4390569,90.45,8.83,39.28,1.33,13.19,21.03,25.24,26.08
E-0026638,1.7091708,120.89,9.36,155.27,13.14,4.48,22.49,8.55,6.04
E-0026639,1.9741066,70.72,13.4,180.07,11.73,4.68,26.87,10.38,12.34
E-0026640,1.575482,79.95,8.63,169.72,8.44,9.61,33.52,14.06,6.7
E-0026641,1.1303426,98.47,6.15,106.34,2.56,12.11,46.64,12.9,13.57
E-0026642,3.0120668,20.29,23.12,200.93,0.67,32,2.89,0.32,0.72
E-0026643,2.259937,66.43,20.49,232.92,0.83,25.98,8.81,2.03,1.82
E-0026644,1.8363762,43.52,11.21,56.13,0.83,33.64,19.02,4.42,3.13
E-0026645,2.49208,87.06,28.5,434.67,9.56,4.05,5.23,2.79,4.86
E-0026646,3.3262763,38.55,31.67,330.1,2.89,2.8,3.22,5.08,4.21
E-0026647,2.493479,101.41,29.86,577.45,10.44,4.93,8.37,4.94,8.03
E-0026648,2.5306387,97.26,30.37,586.74,10.58,4.44,7.54,4.28,7.79
E-0026649,2.1981757,120.09,20.09,301.76,4.78,11.5,14.3,7.56,10.19
E-0026650,2.643523,99.94,17.74,374.1,7.84,4.26,4.83,2.77,4.37
E-0026651,1.6416044,120.71,9.02,234.54,10.47,6.78,12.62,3.83,5.65
E-0026652,1.6456473,120.49,9.03,236.94,10.46,6.71,12.54,3.81,5.67
E-0026678,1.9488674,129.34,10.07,188.06,10.14,5.8,19.75,6.05,4.92
E-0026679,1.1718812,108.11,3.4,27.31,5.73,6.04,31.04,38.17,36.57
E-0026680,0.8999588,228.87,2.62,46.85,15.42,1.32,33.54,12.89,32.71
E-0026681,2.334579,70.53,20.11,326.2,11.58,3.25,14.2,5.18,3.46
E-0026682,2.6439757,76.1,14.9,176.57,4.55,4.65,3.8,1.39,6.29
E-0026683,3.6846437,21.18,27.32,258.13,0.49,12.44,0.97,0.43,0.89
E-0026684,3.0536776,3.88,17.65,148.56,10.65,1.44,1.37,1.51,4.05
E-0026685,2.2283864,117.85,20.54,339.3,4.86,11.7,12.21,6.51,9.78
E-0026686,2.6758916,104.39,18.4,368.5,7.68,3.77,5.54,3.47,4.44
E-0026687,2.2768698,99.73,17.84,335.22,8.84,5.52,6.72,2.71,5.89
E-0026688,2.3360052,78.84,17.35,418.5,10.78,3.69,6.39,2.58,3.7
E-0026689,2.34999,79.16,17.45,417.84,10.75,3.4,6.32,2.53,3.7
E-0026690,2.9963257,44.15,23.69,309.86,6.35,2.6,4.64,2.73,3.75
E-0026691,3.0137336,45.71,24.01,310.76,6.42,2.47,5.04,3.27,3.83
E-0026692,2.3060386,99.17,18.85,491.03,11.37,4.12,9.92,4.07,6.39
E-0026693,2.272425,100.71,18.09,489.6,10.89,4.86,11.93,5.36,6.66
E-0026694,2.1536276,109.15,17.26,290.32,6.03,11.5,14.38,4.44,8.41
E-0026695,2.1215632,109.58,16.84,258.16,5.47,12.71,16.25,4.94,8.67
E-0026696,2.5342953,94.83,13.35,327.22,9.28,4.33,5.74,2.16,2.94
E-0026697,2.5708208,99.1,13.67,330.47,9.1,3.8,6.46,2.69,3.01
E-0026698,1.4487135,126.32,5.61,216.08,8.97,9.45,15.92,4.03,3.42
E-0026699,3.523893,5.08,22.17,239.59,4.23,2.78,2.47,0.29,1.06
E-0026700,1.7988707,249.26,16.63,328.16,7.15,2.03,16.84,6.52,4.77
E-0026701,1.5781265,220.26,12.54,345.24,9.32,2.75,32.55,15.24,10.65
E-0026702,2.103553,229.36,40.92,380.53,7.16,1.8,11.83,4.78,5.87
E-0026703,2.1569548,230.86,47.03,502.64,2.67,3.47,19.98,6.62,8.55
E-0026704,2.3882792,233.9,18.98,334.12,3.87,1.93,8.83,2.01,5.68
E-0026706,2.3145194,93.08,19.19,328.87,9.38,4.37,12.49,4.49,5.6
E-0026707,2.2714076,58.3,25.79,446.36,14.29,4.91,16.92,7.35,5.6
E-0026708,-1.0315249,251.01,1.19,2.56,0.54,42.76,73.32,68.55,131.53
E-0026709,2.2827392,110.77,19.77,367.5,11.26,5.21,11.9,6.93,10.55
E-0026710,2.203921,112.39,19.17,351.63,11.09,7.32,10.89,6.19,10.35
E-0026711,3.3225367,37.73,30.98,334.91,2.94,2.83,3.18,5.04,4.21
E-0026712,1.8398585,133.74,8.04,314.33,13.35,5.89,16.26,5.03,6.01
E-0026713,1.7277337,121.22,13.41,346.06,12.98,5.35,16.35,4.65,8.22
E-0026714,1.7166214,122.01,13.44,344.57,12.93,5.48,16.5,4.78,8.29
E-0026715,1.9756677,121,18.63,371.55,11.33,5.74,11.72,4.68,7.79
E-0026716,1.9784334,121.56,18.54,373.84,11.38,5.63,11.66,4.64,7.77
E-0026717,1.7982296,116.44,9.99,308.56,9.83,6.75,11.7,3.05,4.92
E-0026718,2.1937902,120.13,20.07,607.13,15.46,3,12.37,5.38,8.45
E-0026719,2.0734856,124.49,17.33,506.73,12.73,6.08,14.22,6.28,8.62
E-0026720,2.383134,40.94,17.47,142.11,1.01,30.63,11.24,5.82,2.63
E-0026721,2.4685376,40.55,18.03,160.07,1.29,24.59,10.17,5.18,2.72
E-0026722,3.1284845,64.31,20.28,441.98,9.32,2.68,6.43,7.53,2.71
E-0026723,2.618925,70.81,44.23,603.1,5.28,3.68,12.71,10.45,4.05
E-0026724,1.9964201,221.48,30.35,288.75,4.45,4.73,13.69,7.34,4.33
E-0026725,2.3343062,229.39,63.84,485.66,2.26,4.34,12.19,7.83,6.26
E-0026726,2.2747996,237.82,64.33,453.95,2.61,4.39,13.18,10.55,6.86
E-0026727,2.2855155,223.53,25.2,315.26,11.94,2,18.42,14.62,6.49
E-0026728,1.7352223,225.2,15.09,277.79,4.95,5.77,28.95,29.05,3.23
E-0026729,2.4701574,216.38,67.02,349.19,1.84,2.41,11.97,2.09,6.15
E-0026730,3.1276226,176.71,104.66,337.38,1.84,1.96,4.64,1.62,3.83
E-0026731,1.9089948,223.44,14.33,341.24,6.19,1.96,17.41,6.62,4.45
E-0026732,2.4301214,172.06,17.19,550.61,3.27,1.54,6.33,1.67,8.61
E-0026733,2.2163932,120.73,27.58,395.05,6.38,4.06,22.21,16.42,4.11
E-0026734,2.3252528,109.46,37.15,642.32,7.44,3.06,18.34,12.6,3.96
E-0026735,2.2976465,100.4,36.21,747.22,7.83,2.95,16.14,9.53,3.91
E-0026736,1.9351164,222.99,30.07,300.13,4.28,3.74,11.85,4.36,4.61
E-0026737,1.9228705,249.05,18.41,208.17,8.05,4.72,28.26,31.06,8.38
E-0026738,2.534366,219.98,23.88,208.08,6.29,4,22.53,28.67,6.29
E-0026739,3.0678344,130.43,28.22,186.7,1.5,4.16,13.41,18.93,5.51
E-0026740,3.0966325,113.52,45.04,346.44,2.32,2.81,8.27,11.72,3.96
E-0026741,2.2392762,238.76,26.52,316.24,3.01,2.26,8.79,2.39,3.19
E-0026742,2.1430364,249.45,40.52,330.49,4.16,3.13,17.24,5.18,10.63
E-0026743,1.3647484,224.38,10.36,234.41,4.64,10.21,40.62,34.19,7.51
E-0026744,1.9164106,216.49,18.87,278.87,3.75,5.11,27.05,28.07,3.06
E-0026745,2.0788217,158.98,19.41,239.81,3.18,6.46,21.62,17.36,2.07
E-0026746,3.561929,77.7,109.8,410.76,1.26,2.22,2.49,0.8,2.73
E-0026747,3.8468037,10.7,89.74,467.65,0.82,3.64,1.34,0.29,2.58
E-0026748,2.8886003,168.6,97.86,267.62,2.07,2.71,6.17,3.47,9.6
E-0026749,4.3824444,6.51,144.51,415.87,0.71,3.85,0.74,0.19,4.19
E-0026750,3.5180447,171.84,110.64,411.59,1.6,2.18,2.94,1.04,4.44
E-0026751,3.511699,167.35,114.84,407.24,1.53,2.16,3.08,1.11,4.46
E-0026752,3.0424492,200.89,123.29,290.7,1.36,4.79,6.15,2.78,9.12
E-0026753,3.0482264,137.68,145.63,288.19,2.1,2.68,4.82,2.39,6.79
E-0026754,2.405046,193.14,58.65,293.9,2.18,4.91,10.25,3.65,4.6
E-0026755,3.0673122,168.95,48.43,443.86,2.1,2.12,5.12,1.71,3.19
E-0026756,2.2614708,199.67,44.69,282.44,1.68,6.19,10.02,1.74,7.09
E-0026757,1.5234228,129.8,12.56,172.3,4.81,14.95,31.9,11.56,16.4
E-0026758,2.039991,108.69,16.73,354.39,12.77,5.37,17.49,6.99,6.55
E-0026759,2.1743681,88.77,16.03,64.09,0.5,41.57,3.7,1.34,3.19
E-0026761,1.0968274,180.92,5.68,86.33,8.84,6.04,29.87,12.02,21.74
E-0026762,2.4971392,28.94,17.4,115.11,1.09,26.63,9.75,3.55,2.38
E-0026763,2.4407673,31.15,13.18,80.15,1.28,19.41,15.58,7.35,3.24
E-0026764,2.6133344,17.34,14.64,69.15,1.37,19.67,12.91,4.4,2
E-0026765,2.4937434,28.91,17.52,119.92,1.04,28.04,9.82,3.55,2.37
E-0026766,2.4516742,30.73,13.3,82.07,1.37,18.32,14.86,7.02,3.22
E-0026767,2.7031155,16.54,15.13,74.62,1.6,16.15,12.58,4.52,1.95
E-0026768,3.314995,60.37,56.18,389.09,1.16,11.19,2.82,1.84,0.95
E-0026769,4.1918516,7.84,55.32,633.73,1.85,3.05,1.2,1.5,1.01
E-0026770,3.8591187,11.34,28.55,246.57,0.58,17.68,1.26,0.44,0.65
E-0026771,3.3114278,54.09,37.81,241.43,0.93,5.49,2.05,0.61,2.17
E-0026772,3.2715716,22.67,19.64,108.63,0.56,43.33,1.92,0.46,0.96
E-0026773,3.6262846,12.27,23.11,169.99,0.46,16.25,1.14,0.24,0.93
E-0026774,1.4079379,138.86,10.66,127.15,19.46,1.29,6.14,2.02,14.96
E-0026775,1.716586,244.38,63.9,588.22,3.01,7.49,21.26,14.97,14.24
E-0026776,1.7199204,245.86,65.78,551.3,2.95,7.14,22.72,17.54,14.97
E-0026777,2.466218,212.32,19.8,282.81,2.01,2.11,5.98,1.7,2.57
E-0026778,2.1761792,241.29,31.56,318.35,4.38,2.37,9.84,3.35,8.56
E-0026779,1.8781596,194.1,16.74,376.54,8.16,4.46,31.42,32.84,6.74
E-0026780,1.9853398,246.3,28.06,337.47,6.13,2.33,14.23,5,4.38
E-0026781,2.2655172,240.84,22.91,280.5,2.34,2.36,10.89,2.36,3.8
E-0026782,1.7416666,192.98,91.16,217.95,1.26,7.38,7.15,1.06,7.74
E-0026783,3.9107625,30.69,147.7,466.63,0.63,3.79,1.37,0.38,7.02
E-0026784,4.051686,14.81,144.9,464.7,0.85,3,1.26,0.35,3.5
E-0026785,3.9024186,25.87,159.72,429.16,0.56,3.92,1.19,0.38,5.18
E-0026786,1.9767741,187.11,25.14,236.8,1.75,11.89,9.92,4.59,7.91
E-0026787,4.093239,20.23,113.41,515.46,0.77,3.39,1.15,0.33,6.43
E-0026788,1.8007405,203.04,63.97,271.61,1.37,5.78,9.11,1.63,6.49
E-0026789,1.797065,198.82,66.18,273.6,1.27,5.67,8.98,1.53,6.24
E-0026790,1.9322996,197.58,65.49,284.85,1.26,6.7,9.83,1.82,4.44
E-0026791,2.6403947,197.04,102.36,279.83,2.02,3.2,5.38,1.76,5.24
E-0026792,2.0984676,236.33,31.86,312.58,4.23,2.47,13.45,5.61,5.07
E-0026793,2.0943906,235.14,31.84,314.81,4.23,2.56,13.23,5.37,4.96
E-0026794,2.6257572,55.92,58.75,868.06,7.41,2.3,13.15,11.2,2.95
E-0026795,2.5465405,62.02,55.91,823.41,7.49,2.3,12.78,11.12,3.11
E-0026796,1.991054,249.25,26.9,289.38,5.23,2.67,17.27,5.93,5.36
E-0026797,1.843666,209.65,12.32,301.19,7.04,6,24.06,23.78,2.53
E-0026798,2.7707276,146.94,90.38,361.95,1.59,5.11,5.31,1.39,12.85
E-0026799,2.7958796,182.71,101.37,273.49,0.93,6.72,5.83,2.05,4.87
E-0026800,3.3518014,94.63,181.17,428.73,0.82,5.97,2.84,1.19,6.87
E-0026801,2.0382245,206.99,42.56,279.59,1.46,6.36,11.62,2.8,2.78
E-0026802,2.883206,111.86,88.21,332.89,2.62,2.76,5.38,2.43,5.09
E-0026803,3.2549067,100.75,101.9,375.16,0.85,2.75,3.3,0.58,6.42
E-0026804,2.0931737,237.15,23.23,342.71,5.04,2.61,16.09,4.4,3.82
E-0026805,2.1205115,236.49,23.73,342.86,4.63,2.77,15.5,4.18,3.64
E-0026806,2.982439,78.44,32.88,282.77,0.85,6.18,2.08,0.61,2.22
E-0026807,2.9744864,85.07,36.4,232.25,1.98,10.24,5.72,3.68,2.36
E-0026808,2.670213,95.17,29.74,84.32,1.01,24.76,8.42,4.36,2.85
E-0026809,3.9090784,14.69,29.58,208.28,0.57,17.01,0.86,0.42,0.82
E-0026810,3.7591581,19.8,26.82,216.14,0.67,15.33,1.02,0.39,0.97
E-0026811,4.1845217,3.91,41.42,247.46,0.73,6.44,0.93,0.17,0.6
E-0026812,2.997543,22.46,15.95,195.03,4.38,3.53,4.18,0.38,1.96
E-0026813,3.0804222,18.5,21.53,155.63,0.73,26.02,3,0.56,1.19
E-0026829,3.4471793,30.66,31.02,165.69,0.57,24.49,1.58,0.43,1.33
E-0026830,3.34077,14.01,25.48,138.36,0.64,29.43,2.67,0.55,0.94
E-0026831,1.9184752,103.49,18.45,92.95,1.07,28.45,13.88,6.76,6.15
E-0026832,1.0470912,163.45,7.13,161.15,19.85,1.34,7.5,2.19,12.51
E-0026833,1.0481664,163.38,7.11,160.65,19.83,1.35,7.53,2.2,12.51
E-0026834,1.0467715,175.45,9.14,253.77,21.29,1.25,7.12,1.97,11.91
E-0026835,1.0788713,178.43,9.19,245.2,21.4,1.24,7.45,2.14,12.06
E-0026836,1.4110016,172.97,8.39,134.93,19.33,1.63,6.42,1.66,14.34
E-0026837,1.413122,174.32,8.62,134.84,19.24,1.62,6.59,1.72,14.46
E-0026838,3.4435682,146.82,110.74,448.77,1.02,2.73,2.61,1,2.79
E-0026839,3.4097505,144.88,109.98,459.56,1.06,2.82,2.53,0.96,2.75
E-0026840,1.6611488,204.42,64.6,252.89,1.41,5.85,8.14,1.6,6.51
E-0026841,2.5034242,173.53,123.68,304.99,0.99,3.89,6.06,1.22,5.67
E-0026842,2.4789,176.35,124.95,305.77,1.01,3.96,6.77,1.43,5.57
E-0026843,2.7625635,222.97,60.03,367.41,1.53,2.4,8.27,2.18,4.23
E-0026939,2.9480474,148.16,54.87,277.98,0.87,3.42,3.54,0.99,2.59
E-0026940,3.3650312,56.6,90.71,288.85,0.67,3.7,1.92,0.43,2.99
E-0026941,3.2331142,68.32,90.59,277.08,0.68,4.06,1.86,0.44,2.85
E-0026942,3.045563,142.32,42.3,296.2,0.9,3.32,4.13,0.71,2.4
E-0026943,1.4597076,210.71,19.23,356.94,3.72,7.38,32.98,30.7,6.69
E-0026944,2.9808838,152.07,63.58,663.8,21.87,1.12,31.06,39.35,29.36
E-0026945,2.9400854,146.94,54.18,285.21,0.87,3.45,3.38,0.93,2.59
E-0026967,1.8940502,149.3,7.23,218.4,10.6,2.32,17.1,8.6,10.04
E-0026969,2.7398996,229.31,85.95,335,3.48,2.63,11.23,3.77,9.4
E-0026976,1.9754639,179.85,11.49,282.17,14.88,1.77,18.81,8.63,16.42
E-0026979,1.7054393,261,21.68,273.7,6.01,2.79,23.57,13.87,8.13
E-0026980,1.6160634,170.45,12.76,248.14,8.35,4.73,22.53,11.36,16.81
E-0026981,1.5809462,121.35,11.94,297.42,21.57,1.19,22.19,8.53,14.03
E-0026982,1.2048252,154.55,7.26,222.8,16.62,2.24,32.77,10.32,9.83
E-0026983,2.2813873,40.8,19.57,82.51,1.32,87.28,4.63,1.63,2.66
E-0026984,2.529725,38.51,19.01,67.63,1.25,75.37,3.85,1.48,1.63
E-0026985,2.4226046,76.67,21.52,176.86,1.34,14.16,10.01,6.63,3.81
E-0026986,2.4231226,64.31,18.07,141.66,0.78,32.46,9.03,4.52,4.59
E-0026987,3.4727075,23.01,46.88,427.93,0.67,16.91,1.25,0.58,1.15
E-0026988,3.1541703,6.22,54.62,556.82,19.09,0.75,1.75,1.52,2.54
E-0026989,3.2246878,24.63,16.96,333.76,14.71,0.91,2.45,1.57,3.72
E-0026990,2.092886,49.76,17.13,62.29,0.99,88.97,5.5,1.7,1.65
E-0026992,0.40924504,148.77,3.83,177.82,9.99,5.2,32.91,10.58,15.09
E-0026993,2.0788963,46.48,18.75,58.41,0.96,96.69,6.84,2.65,1.96
E-0026994,3.3798566,4.64,60.47,692.94,17.13,0.91,1.56,1.79,1.62
E-0026995,1.9695462,63.39,20.4,82.21,1.07,84.87,8.4,3.31,3.01
E-0026996,3.6968098,27.63,45.2,150.45,1.48,30.65,3.17,2.16,2.59
E-0026997,2.1569293,44.72,20.2,95.27,1.19,106.7,6.83,3.27,4.17
E-0026998,2.194848,39.4,21.84,96.08,1.02,109.01,5.8,2.19,3.36
E-0026999,3.1232157,28.82,27.96,143.12,1.28,43.19,3.5,1.41,2.69
E-0027000,2.9163651,31.91,30.23,168.13,1.23,48.41,4.04,1.8,3.24
E-0027001,2.8914309,32.73,29.78,171.65,1.34,51.5,4.48,2.21,3.43
E-0027002,2.7393453,33.26,27.77,161.18,1.44,64.37,5.12,2.65,3.61
E-0027003,2.9466913,33.16,31.78,163.26,1.16,43.81,3.76,1.59,3.21
E-0027004,1.3820288,159.7,10.89,175.63,7.45,4.04,13.84,3.76,16.69
E-0027005,2.3336031,85.33,23.76,240.12,1.22,16.94,9.26,5.96,6.23
E-0027006,1.8144227,132.25,9.48,162.87,18.15,1.13,8.38,4.09,6.91
E-0027007,2.2901783,58.23,39.05,531.93,21.67,0.76,6.56,5.4,12.17
E-0027008,3.0158005,3.05,48.17,345.21,19.77,0.82,2.09,1.66,2.7
E-0027009,3.3798609,7.97,73.4,"1,025.85",16.83,0.86,2.04,1.83,2.3
E-0027010,1.8771412,63.24,20.54,151.75,1.07,98.51,6.83,3.07,2.72
E-0027011,2.8971457,7.02,38.42,606.95,20.47,0.89,5.28,4.85,2.85
E-0027012,2.6791024,52.67,29.57,132.91,1.35,34.22,3.9,2.33,2.57
E-0027013,2.4807572,55.97,25.76,133.51,0.96,51.64,4.14,2.09,2.45
E-0027014,2.565279,57.37,24.78,105.85,1.05,50.54,4.33,2.17,2.39
E-0027015,2.5258052,63.31,34.95,254.98,1.64,27.95,5.17,3.27,4.28
E-0027016,2.55473,50.86,30.26,221.43,1.33,32.85,3.06,1.73,2.56
E-0027017,1.9001666,59.4,18.98,145.24,0.97,71.65,5.67,2.28,3.26
E-0027018,2.4969215,58.06,32.46,178.64,1.46,36.6,4.6,2.31,3.4
E-0027019,2.191133,74.73,16.9,270.57,4.55,7.24,13.49,7.78,12.12
E-0027020,2.285483,72.45,16.97,187.13,3.7,6.9,14.97,9.61,11.2
E-0027021,3.1522532,25.57,28.78,151.28,1.3,40.74,3.35,1.3,2.62
E-0027022,2.181969,82.56,14.7,322.41,5.85,5.35,11.11,4.69,10.3
E-0027023,2.5843606,44.57,22.7,80.91,1.38,63.54,5.31,2,4.26
E-0027024,4.1139617,5.88,48.41,522.78,3.1,1.3,0.67,0.55,3.02
E-0027025,3.3543856,36.28,51.59,856.79,9.94,1,2.33,2.48,12.04
E-0027026,0.67734903,183.96,8.05,173.02,19.13,1.23,15.31,6.17,28.78
E-0027028,2.782106,61.64,39.42,258.09,1.32,31.32,3.53,2.15,2.89
E-0027029,2.142709,65.82,25.35,218.04,1.02,67.89,4.25,1.61,2.58
E-0027030,2.6454728,52.83,32.9,206.15,1.45,37.49,4.21,2.14,3.18
E-0027031,2.236473,59.45,24.88,162.49,1.13,71.47,4.74,1.7,2.66
E-0027032,2.9296691,47.29,31.33,162.1,1.43,36,3.6,2.24,2.5
E-0027033,3.0303545,56.79,38.28,216.77,1.35,27.19,3.63,2.18,2.85
E-0027034,2.3046348,61.98,24.74,191.29,1.12,73.49,4.09,1.64,2.36
E-0027035,2.7716677,53.15,31.06,140.54,1.61,40.57,4.86,2.62,3.25
E-0027036,2.4427357,56.01,32.16,178.33,1.49,37.57,4.57,2.95,3.17
E-0027037,3.6234293,21.62,66,390.05,1.11,19.12,1.39,0.92,1.49
E-0027038,2.3376212,68.25,34.3,338.54,1.5,40.91,4.4,2.96,3.98
E-0027039,3.4970438,29.72,49.72,172.64,1.69,38.44,3.47,2.58,2.9
E-0027040,2.6578023,65.8,40.46,324.19,1.33,29.12,3.23,1.96,3.07
E-0027041,2.440493,56.58,33.73,156.25,1.32,32.8,3.69,2.35,2.78
E-0027042,3.814255,14.12,72.32,390.15,1.07,13.7,0.89,0.59,1.21
E-0027043,2.4984505,59.87,22.22,396.15,2.44,7.8,7.15,2.8,5.95
E-0027044,1.9505054,91.32,12.46,251.65,4.98,7.99,14.79,6.7,15.74
E-0027045,1.9307629,105.62,11.14,217.37,9.43,3.69,13.19,6.5,16.66
E-0027046,3.0796375,74.12,42.18,235.33,1,14.38,6.25,3.78,2.73
E-0027047,2.2015972,64.06,22.81,110.02,1.3,69.63,5.7,2.05,2.79
E-0027048,2.507926,58.43,30.84,150.62,1.63,35.26,5.64,3.9,3.45
E-0027049,2.1896322,64.3,25.75,162.42,1.2,47.1,7.19,4.68,4.27
E-0027050,2.3916717,71.6,31.66,290.17,1.65,35.93,5.69,4.38,4.44
E-0027051,2.353476,66.43,27.96,171.89,1.78,31.92,7.45,4.39,4.95
E-0027052,1.6632484,78.63,19.75,130.31,1.47,91.55,10.17,4.61,5.33
E-0027053,1.6584346,82.98,22.08,185.45,1,75.39,5.62,2.22,3.57
E-0027054,2.3077748,72.1,36.53,362.56,1.42,36.73,3.97,2.54,3.92
E-0027055,2.3883734,45.07,22.95,76.47,1.41,74.29,6.62,3.07,5.84
E-0027056,2.3805168,44.73,21.05,72.95,1.44,74.96,6.15,2.55,5.1
E-0027057,2.9104202,27.3,26.17,101.98,1.37,59.53,3.97,1.48,3.43
E-0027058,2.8816888,57.92,50.15,400.14,1.21,14.59,2.23,1.8,3.06
E-0027059,3.5553718,24.7,48.34,396.07,0.65,14.02,1.34,0.62,1.15
E-0027060,2.6078286,65.36,41.57,312.16,1.5,20.31,3.85,2.48,4.03
E-0027061,2.461323,41,21.08,71.05,1.48,75.28,5.68,2.33,4.52
E-0027062,2.806111,32.18,28.01,112.25,1.32,61.33,4.61,2.02,4.28
E-0027063,2.6579568,31.76,26.12,112.3,1.41,72.18,5.3,2.31,4.41
E-0027064,2.2358298,47.64,25.98,123.16,1.56,57.93,8.78,5.01,8.65
E-0027065,1.6894382,58.21,18.31,70.74,1.31,90.8,12.49,6.42,10.52
E-0027066,1.8701217,54.8,24.51,93.93,1.75,62.12,15.73,8.46,14.36
E-0027067,2.0597723,47.38,24.76,115.27,1.44,67.69,11.49,5.4,8.63
E-0027068,2.312769,42.05,22.5,85.49,1.55,82.69,7.37,3.72,5.78
E-0027069,2.9089158,30.96,28.97,145.88,1.5,46.78,5.17,2.56,4.52
E-0027070,3.5981705,10.75,34.09,292.53,0.69,20.11,1.15,0.54,1.35
E-0027071,3.2399442,21.97,33.85,320.44,0.94,14.29,1.49,0.75,1.58
E-0027072,2.1732612,33.98,18.91,265.3,0.88,32.63,3.44,2.4,4.25
E-0027073,1.7230884,56.55,18.86,75.37,1.29,92.75,11.71,6.13,10.26
E-0027074,1.9182489,48.3,20.35,91.85,1.27,90.81,10.21,5.37,8.41
E-0027075,2.1766746,46.11,24.94,126.6,1.62,62.16,8.85,4.59,8.53
E-0027076,1.8536267,50.56,19.61,84.51,1.3,89.57,11.24,5.77,8.73
E-0027077,1.8518071,51.71,26.02,103.92,1.66,63.48,14.2,7.02,14.13
E-0027078,2.3155534,43.18,37.56,138.27,1.06,79.09,5.4,2.2,5.74
E-0027079,2.2194614,43.86,21.68,80.65,1.51,85.09,7.39,3.43,6.05
E-0027080,4.0367107,7.04,36.64,198.96,0.85,26.52,1.46,0.84,1.23
E-0027081,3.579971,11.98,42.98,173.6,1.2,47.78,2.63,1.21,1.86
E-0027082,1.84878,48.21,25.93,100.52,1.48,65.47,11.12,5.69,12.62
E-0027083,1.9500375,47.39,26.82,105.51,1.55,50.65,11.76,5.97,13.01
E-0027084,1.411024,72.98,20.63,75.19,1.61,72.93,18.72,8.69,19.16
E-0027085,1.4355999,72.88,21.05,78.85,1.62,72.75,18.17,8.67,19.18
E-0027086,1.3516176,77.57,20.6,63.33,1.53,65.79,18.76,9,19.59
E-0027087,1.368361,76.09,20.56,67.8,1.53,66.65,18.01,8.37,19.32
E-0027088,2.01363,45.81,30.03,116.89,1.45,58.19,10.89,5.28,11.19
E-0027089,1.965406,42.41,27.63,106.05,1.53,62.07,10.1,5.02,11.84
E-0027090,1.9817259,42.78,27.75,103.09,1.52,59.95,10.4,5.21,11.98
E-0027091,1.4239402,64.98,23.94,81.18,1.11,84.99,13.81,5.96,12.26
E-0027092,2.5235257,46.05,35.33,147.65,1.07,65.92,5.73,2.5,5.08
E-0027093,1.7774134,61.09,30.92,102.9,1.38,57.29,11.15,5,11.09
E-0027094,2.5992723,30.29,47.39,147.1,1.29,60.26,6.97,2.93,5.79
E-0027095,1.501721,161.53,34.99,419.74,2.11,6.48,18.61,11.66,6.78
E-0027096,1.4560924,167.64,33.83,313.63,1.51,8.61,18.88,11.31,5.15
E-0027097,0.7863886,181.57,9.61,83.04,10.21,3.84,51.88,25.69,69.49
E-0027098,1.6247276,65.98,24.55,78.64,1.57,59.76,13.77,7.2,15.71
E-0027099,1.4446578,67.94,18.44,55.19,1.47,72.33,15.7,7.8,14.88
E-0027100,1.7832669,148.95,48.22,620.78,2.31,2.76,13.69,4.57,5.98
E-0027101,2.1993227,170.65,64.63,989.2,6.01,2,19.4,8.52,11.56
E-0027102,0.97954774,178.36,14.61,430.31,2.98,7.82,35.25,10.97,12.65
E-0027103,0.99434227,190.03,15.67,375.09,2.76,8.73,43.91,18.98,30.64
E-0027104,2.2756987,134.91,36.77,918.99,13.46,1,19.36,7.13,13.25
E-0027105,2.3155901,42.96,21.94,72.69,1.35,81.27,6.1,2.51,5.51
E-0027106,1.0030181,168.33,12.79,79.1,5.82,7.09,46.75,15.51,42.43
E-0027107,1.2127074,101.02,26.76,82.81,1.33,60.94,18.44,8.1,13.85
E-0027108,2.9197035,33.59,46.62,172.92,1.24,32.66,3.86,1.6,4.66
E-0027109,2.0809433,121.71,33.59,420.11,1.59,3.16,7.03,4.05,4.39
E-0027110,2.8253863,89.4,18.16,554.61,4.83,1.2,5.74,0.51,5.33
E-0027112,2.7005172,81.35,18.74,648.52,9.22,1.03,12.86,2.24,7.71
E-0027113,2.2829075,97.08,20.22,543.69,4.25,2.64,20.53,5.39,7.59
E-0027114,1.7477459,61.19,25.79,102.88,1.14,86.79,11.52,5.67,9.99
E-0027115,2.66634,26.09,52.68,113.24,1.15,62.46,6.1,2.66,5.14
E-0027116,2.7472613,22.46,55.86,119.97,1.23,57.4,5.98,2.79,5.27
E-0027117,1.3658261,91.85,21.62,79.24,1.46,51.47,17.7,7.44,16.97
E-0027118,1.0063761,171.56,10.07,12.48,1.74,17.77,34.54,15.89,46.56
E-0027119,1.0332412,135.67,10.38,95.65,2.47,17.8,34.7,9.7,11.37
E-0027120,1.89709,135.33,11.55,373.79,2.75,2.21,9.23,0.74,3.62
E-0027121,3.1381927,46.55,35.28,641.83,1.24,3.62,5.29,1.05,1.57
E-0027122,3.1857476,42.58,39.13,640.61,1.37,3.19,6.12,1.52,1.87
E-0027123,2.990051,33.06,44.68,980.26,2.02,2.71,8.45,2.68,2.31
E-0027124,2.2728012,99.33,20.54,545.01,4.18,2.63,20.3,5.36,7.76
E-0027125,2.4635618,120.7,51.44,861.23,1.2,3.74,7.27,0.9,2.47
E-0027126,2.2964458,39.59,34.08,119.15,1.47,51.19,8.48,4.58,10.1
E-0027127,1.6459062,54.4,27.07,35.94,1.15,77.28,17.06,6.97,14.21
E-0027128,1.6802809,54.1,27.74,37.75,1.16,76.38,16.68,6.94,14.22
E-0027129,1.3809336,54.46,25.47,57.46,1.05,92.64,15.61,6.63,16.3
E-0027130,1.7890282,71.13,8.08,159.79,21.49,1.07,15.39,6.86,4.86
E-0027131,2.779591,39.94,11.74,379.04,6.52,1.24,4.83,0.67,1.62
E-0027132,1.9104106,96.97,34.72,891.91,1.67,3.96,13.93,1.97,2.6
E-0027133,0.7553722,181.9,25.11,452.09,1.15,17.02,38.65,9.95,4.89
E-0027134,0.91385305,169.38,27.5,579.5,1.2,15.89,34.66,8.22,5.31
E-0027135,1.1121261,213.92,34.33,766.24,2.68,7.02,40.16,7.08,4.85
E-0027136,1.2742275,201.76,46.81,987.98,3.41,8.93,35.88,6.73,5.93
E-0027137,1.3008173,155.25,11.23,377.62,3.37,3.55,26.5,4.47,5.08
E-0027138,1.7476345,127.77,54.22,"1,009.89",1.57,8.05,15.52,2.69,3.6
E-0027139,2.623802,42.15,18.01,501.36,3.86,1.6,5.7,0.99,2.43
E-0027140,1.2403109,243.86,51.76,619.9,6.66,3.66,42.85,19.82,20.08
E-0027141,1.1292568,167.83,32.81,390.02,1.76,15.53,33.18,19.51,9.75
E-0027143,1.5689616,53.4,24.68,52.4,1.23,91.46,16.86,7.71,15.18
E-0027144,1.5963914,55.36,25.22,47.91,1.22,85.4,17.75,8.58,15.53
E-0027145,1.4347514,52.21,27.13,42.98,0.98,78.12,16.16,6.18,15.32
E-0027146,0.94595766,179.38,19.62,257.41,1.97,8.09,35.04,16.25,15.04
E-0027147,0.6955123,191.27,16.34,209.71,1.24,22.37,42.29,19.85,11.88
E-0027148,1.1398982,104.86,20.64,64.32,1.44,66.38,22.11,8.85,17.85
E-0027152,1.1895778,189.93,23.06,445.55,4.02,7.46,35.62,16.61,11.17
E-0027153,1.2881837,184.33,23.7,467.27,5.41,5.23,40.78,23.41,20.57
E-0027157,1.5606073,169.35,45.25,730.09,1.3,13.74,22.38,5.89,4
E-0027159,0.6380304,199.24,9.87,227.16,1.43,15.45,52.67,24.04,22.21
E-0027160,0.2565957,182.01,11.08,147.42,0.8,21.7,43.05,18.57,15.95
E-0027161,0.26569203,183.3,9.76,133.44,0.71,31.74,47.48,20.4,16.9
E-0027168,0.5019017,186.57,14.09,232.81,0.89,29.34,47.82,19.14,11.96
E-0027170,0.34937844,189.11,11.66,160.94,0.88,27.5,48.87,23.12,18.12
E-0027171,-0.10975044,187.92,9.15,117.41,0.64,48.49,49.35,21.07,19.68
E-0027172,1.6079172,148.05,39.4,427.91,2.48,4.68,21.78,11.72,7.7
E-0027173,0.679681,199.96,12.55,274.36,1.39,16.6,44.6,18.09,10.38
E-0027175,0.1857979,184.33,8.86,141.65,0.73,27.06,46.67,18.51,15.57
E-0027182,2.2417912,37.45,33.06,122.81,1.47,58.01,8.29,4.09,9.78
E-0027183,0.6317813,180.94,18.01,244.5,1.38,26.7,48.44,28.99,18.64
E-0027184,-0.13976178,193.05,6.36,64.02,0.61,41.86,54.99,26.37,22.95
E-0027185,0.4471798,171.92,16.74,208.41,0.97,20.39,40.77,16.26,14.27
E-0027186,0.3829425,176.43,8.41,144.91,0.73,24.27,43.17,13.67,12.32
E-0027187,0.6113163,166.11,14.98,212.09,1,17.18,39.48,12.56,12.05
E-0027188,0.16844666,181.42,10.99,134.59,0.68,30.06,44.56,20.17,15.95
E-0027189,0.29686183,177.73,12.25,149.26,0.81,19.19,41.87,18.64,16.24
E-0027190,-0.0058192383,173.67,8.87,167.54,0.82,27.56,56.36,24.56,18.36
E-0027191,1.5323852,153.58,42.62,703.34,1.33,11.44,18.3,3.56,3.25
E-0027192,1.419391,171.32,41.47,715.47,1.11,17.08,24.24,5.3,3.34
E-0027193,1.5961136,167.39,44.13,784.87,1.39,15.88,22.54,5.84,4.63
E-0027194,1.7743951,157.21,47.87,718.78,1.47,6.74,17.85,3.94,4.36
E-0027195,1.5513933,168.79,41.4,657.45,1.12,16.47,17.24,5.07,4.09
E-0027196,1.2563528,178.69,43.5,527.26,1.15,13.35,21.8,4.42,3.7
E-0027197,1.8419731,135,35.32,640.58,1.26,7.51,15.54,2.29,2.28
E-0027198,1.3516508,178.43,38.24,480.53,1.08,11.55,21.19,3.39,3.2
E-0027199,1.2314308,181.67,35.44,529.38,1.04,15.46,22.5,5.7,4.62
E-0027200,1.1758525,187.39,35.96,517.99,1,16.42,24.16,6.37,4.94
E-0027201,1.8552296,163.49,62.79,674.61,1.32,8.05,19.26,4.89,3.71
E-0027202,1.0829066,180.18,34.24,631.95,1.44,18.29,35.11,12.14,6.65
E-0027203,0.87356955,173.91,20.41,193.42,1.07,27.48,38.9,20.13,8.05
E-0027210,1.0947329,190.57,22.65,214.45,1.8,9.52,36.28,16.71,11.74
E-0027213,1.4397389,162.72,41.67,649.12,2.16,8.94,27.65,9.52,7.45
E-0027214,1.3354149,164.33,38.96,733.78,2.18,12.61,29.3,9.59,6.77
E-0027215,1.0663841,175.64,30.19,488.35,1.71,17.42,31.51,11.83,10.37
E-0027218,0.87096846,193.33,21.65,555.94,1.15,19.84,23.95,3.53,6.3
E-0027231,0.87948453,188.46,16.6,168.06,1.53,16.6,36.32,23.45,15.26
E-0027235,0.80737424,164.48,18.83,186.68,0.97,26.2,47.76,30.19,20.63
E-0027239,-0.03061459,186.75,7.01,68.29,0.53,45.45,54.26,28.93,26.44