Molecule Name,LogD,KSOL,HLM CLint,MLM CLint,Caco-2 Permeability Papp A>B,Caco-2 Permeability Efflux,MPPB,MBPB,MGMB
E-0020101,1.8866146,48.61,12.61,91.12,10.75,3.38,29.84,4.56,6.75
E-0020102,1.4225204,100.57,10.81,69.19,6.06,8.99,34,3.98,5.84
E-0020103,0.59110266,237.57,2.41,6.18,6.85,5.23,53.79,11.85,19.32
E-0020104,1.4379959,170.59,9.65,63.09,10.56,3.47,27.29,5.82,9.35
E-0020105,0.6083537,271.11,1.78,1.2,6.62,5.52,53.98,11.37,18.27
E-0020106,1.7782382,165.26,13.57,113.52,15.17,2,24.46,6.96,10.13
E-0020107,2.460724,113.23,28.75,192.18,12.6,1.74,10.57,3.9,5.63
E-0020108,2.3339393,22.59,16.52,34.91,4.58,6.29,10.2,1.23,2.45
E-0020109,3.1106095,31.31,26.6,44.31,2.33,3.88,2.84,0.53,0.95
E-0020126,3.829182,49.69,68.45,665.74,4.08,1.32,1.04,0.87,1.64
E-0020131,0.56041104,235.28,5.75,24.49,2.64,12.13,51.88,4.14,7.98
E-0020132,0.04877646,249.82,4.17,45.53,4.48,10.72,45.73,20.2,27.9
E-0020133,0.8599016,248.63,4.09,31.69,7.91,5.25,40.51,13.38,19.53
E-0020134,0.6335313,218.8,10.79,66.53,2.64,14.89,50.3,5.93,7.87
E-0020135,0.9559329,229.1,18.14,70.58,3.58,13.68,43.08,3.41,5.34
E-0020136,2.5917802,0,29.4,62.39,2.97,8.01,6.13,0.79,1.52
E-0020137,1.1781088,84.34,8.5,37.34,6.7,6.24,31.04,5.08,8.53
E-0020138,1.1634445,247.87,5.56,39.82,7.53,5.34,37.5,6.93,12.67
E-0020139,0.9376881,264.24,4.23,37.3,5.03,7.98,44.13,8.6,14
E-0020140,0.94621634,257.44,4.96,40.59,5.04,8.15,43.74,9.35,14.11
E-0020141,3.7509952,0,38.78,32.68,0,6.31,0.46,0,0
E-0020142,2.196939,19.01,15.52,19.57,1.72,16.38,8.6,0.68,1.57
E-0020143,2.5418975,12.01,23.29,24.94,1.14,14.83,5.96,0.31,0.8
E-0020144,2.6789014,0,18.7,27.92,0.91,12.31,2.74,0.1,0.61
E-0020145,2.4257634,1.88,17.62,22.48,1.96,9.06,5.94,0.41,1.14
E-0020146,2.5476103,0,19.82,33.62,2.2,7.36,5.53,0.35,1.2
E-0020147,3.4797645,7.87,77.85,62.59,1.8,2.55,2.86,0.16,0.28
E-0020148,2.313204,83.29,18.24,77.29,4.91,8.26,11.67,1.49,2.28
E-0020149,1.6825,223.53,9.98,12.83,2.26,18.41,20.58,0.84,2.03
E-0020150,1.5958356,27.43,13.08,48.13,2.83,18.67,19.84,1.31,2.37
E-0020151,1.4735131,83.61,11.85,57.54,2.81,25.22,24.75,2.24,3.26
E-0020152,2.3314552,23.47,19.4,59.05,4.2,7.06,10.82,0.95,1.63
E-0020153,2.1870239,48.01,17.52,78.88,4.44,10.35,12.44,1.34,2.21
E-0020154,1.36446,273.62,3.89,28.52,5.46,5.76,33.61,6.35,11.12
E-0020155,1.3808316,274.31,3.39,27.07,5.8,5.64,33.46,6.27,11.38
E-0020156,1.2653759,272.58,2.61,16.14,6.7,6.11,36.48,6.19,11.97
E-0020157,1.2217265,273.86,2.51,12.08,6.05,6.64,37.64,6.23,11.96
E-0020158,0.7810629,303.2,1.37,14.31,4.17,7.34,50.54,6.65,13.13
E-0020159,1.3182179,240.87,8.37,62.32,9.53,4.06,30.44,6.78,10.79
E-0020160,1.340343,181.66,12.13,100.8,6.87,7.6,34.02,4.92,7.4
E-0020161,2.3454826,91.32,35.02,252.71,9.29,3.58,13.19,3.26,4.47
E-0020162,1.8028798,70.54,13.37,70.46,8.24,5.95,19.66,3.75,6.12
E-0020163,3.1007636,16.22,18.1,47.28,6.63,1.64,7.17,1.62,3.26
E-0020164,1.6417035,155.57,10.83,91.38,8.18,7.55,22.71,4.13,6.72
E-0020165,2.3581564,48.41,26.67,38.02,9.6,2.37,10.39,1.34,2.35
E-0020166,3.0447564,21.99,34.73,57.5,4.2,2.72,4.68,0.91,1.52
E-0020167,2.2687914,16.91,24.02,35.09,10.08,2.31,9.63,1.08,2.29
E-0020168,1.9107782,69.08,14.42,35.03,13.5,2.18,17.75,3.88,6.41
E-0020169,3.6571283,0,53.94,98.7,2.56,2.36,1.64,0.61,0.97
E-0020170,3.7945995,0,68.48,114.72,1.92,2.22,1.23,0.17,0.37
E-0020171,2.6896262,4.77,30,32.5,2.56,5.85,5.43,0.41,1.06
E-0020172,2.6231003,23.28,27.58,59.83,4.11,5.58,7,1.18,2.04
E-0020173,2.1276648,22.36,22.71,41.84,4.34,6.89,10.07,1.39,2.64
E-0020174,1.9008411,71.01,20.62,62.25,10.3,3.01,22.77,2.96,5.29
E-0020177,3.405152,58.29,96.62,619.51,4.52,1.45,2.52,1.57,2.37
E-0020178,2.9563186,33.7,53.48,428.23,10.42,1.3,4.81,3.01,4.23
E-0020184,2.8905597,100.34,78.58,826.25,12.74,1.24,5.69,3.92,5.34
E-0020194,3.6276684,31.38,63.02,627.02,5.82,1.21,2.2,1.3,2.19
E-0020195,3.7251794,96.69,32.99,587.85,6.9,1.17,2.39,1.15,2.38
E-0020199,1.4776878,31.07,11.37,54.47,3.09,17.67,20.29,2.01,3.39
E-0020200,3.0308301,0,30.03,45.95,0.35,9.28,2.63,0,0
E-0020201,-0.27245438,271.9,0.75,0,0,21.43,62.2,12.47,17.44
E-0020202,1.2883749,189.25,7.24,60.37,5.15,9.19,24.97,3.96,7.11
E-0020203,3.0169,0,25.64,50.51,1.12,9.42,4.68,0.42,0.72
E-0020204,2.2988544,30.52,21.6,47.59,2.55,13.89,7.38,1.04,1.94
E-0020205,2.6771019,9.81,23.02,53.96,1.53,11.66,2.93,0.44,1
E-0020206,2.719747,38.16,25.15,43.11,2.02,8.38,4.04,0.5,1.14
E-0020207,2.5610561,21.32,26.8,81.47,4.59,5.24,6.43,1.16,2.05
E-0020208,3.197232,5.35,17.86,39.17,0.72,7.54,2.05,0,0.05
E-0020209,1.8330172,137.09,12.75,33.56,3.16,10.7,17.11,1.03,2.31
E-0020210,2.2776055,115.31,22.03,40.42,3.89,7.77,12.42,1.48,2.57
E-0020211,0.5902325,226.79,4.89,28.64,3.73,10.19,60.62,7.41,12.09
E-0020212,1.6409292,137.62,14.6,125.32,9.68,4.22,31.88,4.89,7.11
E-0020213,2.0635715,90.24,9.97,54.33,5.6,11.14,16.97,3.65,5.73
E-0020214,2.6413746,59.09,23.7,37.46,4.18,5.13,7.54,1.03,1.83
E-0020215,2.7474897,24.15,20.41,46.8,3.17,5.05,4.5,0.81,1.46
E-0020216,2.1396291,29.79,14.85,62.42,6.5,5.48,12.78,2.53,3.99
E-0020217,1.1911786,88.57,8.67,5.16,6.11,6.29,30.4,3.25,5.67
E-0020218,1.7536478,108.36,13.16,15.31,6.05,5.27,21.31,1.88,3.43
E-0020219,2.4399545,18.62,28.58,28.01,7.4,2.75,8.6,1.16,2.27
E-0020220,2.8930383,24.6,30.87,77.08,5.69,2.4,5.42,1.02,1.7
E-0020221,2.3633769,77.05,25.17,55.38,9.13,2.38,10.79,1.74,2.87
E-0020222,1.7825444,58.56,21.1,28.09,13.39,2.22,17.49,2.31,4.15
E-0020223,2.9278822,18.24,31.78,61.63,9.14,1.57,7.79,2.42,4.11
E-0020224,1.9118963,31.63,16.62,52.33,5.16,12.61,21.56,1.71,2.85
E-0020225,2.3560042,19.49,19.64,57.24,4.46,9.36,13.75,1.28,2.22
E-0020226,2.487214,5.02,20.61,58.31,2.61,12.46,7.76,0.84,1.42
E-0020227,3.6601272,0,23.9,28.39,2.17,2.08,3.06,0.43,1.03
E-0020228,2.243719,9.41,25.83,27.77,5.92,3.84,11.86,1.34,2.62
E-0020229,1.1242589,223.41,7.77,49.59,3.74,13.28,29.9,3.68,6.49
E-0020230,1.9300494,173.5,14.66,73.17,5.16,8.04,16.19,1.94,3.14
E-0020231,2.9092765,40.77,37.38,51.06,3.28,4.82,5.54,0.79,1.36
E-0020232,2.323115,25.12,27.91,50.54,3.35,9.15,8.23,0.99,1.89
E-0020233,2.8794754,46.45,36.09,114.03,3.88,4.4,5.34,1.47,2.07
E-0020234,1.2982098,130.82,12.23,36.42,5.03,8.94,27.31,1.91,3.93
E-0020235,2.9982858,0,40.38,33.14,0.36,9.71,3.77,0,0.08
E-0020236,3.3875196,0,90.46,43.45,0.58,3.45,2.67,0,0
E-0020242,-0.44905105,303.98,0,0,0,21.61,68.13,23.12,28.2
E-0020243,-0.26774284,298.63,0,0,0,13.71,64.56,15.3,21.37
E-0020244,1.2396083,50.44,8.21,31.86,4.11,10.12,36.76,4.02,6.12
E-0020245,3.1709242,0,21.65,38.61,0,7.88,0.12,0,0
E-0020246,2.6944058,0,37.04,227.94,0,34.55,0.53,0.05,0.26
E-0020247,1.945719,53,15.49,75.74,3.21,21.32,11.1,1.43,2.29
E-0020248,1.9413638,53.28,15.38,76.25,3.26,21.03,11.15,1.45,2.31
E-0020249,2.6017632,17.08,23.66,58.64,4.09,5.65,6.07,0.99,1.81
E-0020250,2.4945748,115.39,29.79,69.11,6.72,2.46,8.22,1.59,2.42
E-0020251,2.1155553,24.76,16.66,29.87,4.37,6.95,14.19,1.19,2.14
E-0020252,1.9982736,20.74,21.46,25.12,2.19,14.7,12.29,0.34,0.96
E-0020253,2.5391695,1.51,46.64,37.2,5.35,3.39,9.8,0.87,1.74
E-0020254,0.9931265,175.15,6.84,20.99,2.07,19.07,33.89,2.52,5.31
E-0020255,2.4485343,71.28,19.08,51,3.02,10.22,7.97,0.89,1.4
E-0020256,1.8182309,86.67,17.19,42.07,2.95,15.91,13.52,1.07,1.95
E-0020257,1.0461473,248.25,7.73,80.83,6.2,7.6,32.17,8.16,13.53
E-0020258,2.0673351,100.39,21.6,77.03,8,3.58,16.13,2.2,3.63
E-0020259,2.290286,89.28,24.16,100.27,5.67,4.49,9.7,2.07,3.02
E-0020260,1.755054,99.63,15.27,67.98,7.23,6.43,20.3,2.81,4.02
E-0020261,1.2642789,89.19,10.48,63.02,6.91,7.58,28.62,3.99,5.64
E-0020262,1.1702837,174.36,12.23,36.01,5.16,7.77,38.97,1.76,4.44
E-0020263,2.0536137,84.32,19.9,76.03,5.95,6.81,15.32,1.79,3.04
E-0020264,3.1026952,0,66.57,87.04,2.46,3.39,4.58,0.44,0.94
E-0020265,4.565681,0,171.57,99.09,0,1.39,0,0,0
E-0020266,2.6399353,41.5,27.17,35.79,1.9,7.89,6.85,0.46,0.79
E-0020267,4.5233927,0,115.82,133.13,0,1.68,0,0,0
E-0020268,2.476957,21.76,55.09,75.42,9,2.57,8.87,1.72,2.78
E-0020269,1.3003174,108.55,12.18,21.18,8.49,4.2,28.18,3.81,6.5
E-0020270,0.046748552,257.89,4.49,2.76,0,21.68,62.74,6.5,9.73
E-0020271,0.014979248,257.83,4.38,1.28,0,22.7,63.19,6.65,9.82
E-0020272,3.0152721,47,57.59,155.41,4.77,2.03,4.91,1.88,2.92
E-0020273,2.2190087,26.08,21.12,52.53,4.3,9.74,10.28,1.27,2.35
E-0020274,2.4260733,14.19,20.21,35.17,6.72,3.37,11.39,1.66,3.31
E-0020275,2.6972392,0,57.65,72,3,4.66,6.35,0.46,1.04
E-0020276,1.986199,56.33,18.05,37.51,1.46,23.76,11.61,0.43,0.91
E-0020282,3.3005042,176.96,25.6,242.26,3.45,1.52,3.44,1.26,2.65
E-0020285,2.2581728,98.77,35.48,633.22,17.35,1.44,12.36,8.11,9.6
E-0020286,2.6551049,125.97,59,593.63,13.41,1.34,7.03,5.13,6.68
E-0020288,3.3050559,88.67,48.64,431.7,5.3,1.42,4.02,1.91,3
E-0020292,3.346946,136.53,46.7,468.77,4.95,1.53,3.34,1.42,2.63
E-0020293,3.5019171,55.65,64.1,678.61,7.02,1.31,2.81,1.65,2.64
E-0020295,3.0113113,226.37,26.77,304,6.87,1.34,7.99,2.4,5.12
E-0020297,3.1698534,175.14,24.56,317.55,6.1,1.65,5.48,1.88,3.54
E-0020298,3.8461206,100.02,39.35,594.35,5.1,1.22,1.51,0.79,1.87
E-0020300,3.3153374,131.85,25.43,322.6,8.06,1.14,6.68,2.15,3.86
E-0020304,0.66512114,279.63,5.31,55.5,2.66,16.4,44.61,10.34,14.17
E-0020305,0.89095235,43.1,6.39,16.56,0.47,34.19,32.43,2.56,3.74
E-0020306,0.43910164,276.54,3.5,6.17,2.27,12.25,52.12,9.35,14.12
E-0020307,2.1236947,20.92,17.61,53.45,4.88,6.74,10.03,1.43,2.64
E-0020308,3.4809678,0,37.7,60.66,3.34,1.79,4.31,0.91,1.47
E-0020309,2.6709754,3.96,27.92,25.97,1.67,8.45,6.61,0.04,0.23
E-0020310,1.625596,12.19,18.78,1.28,5.48,5.12,17.11,1.57,3.26
E-0020311,1.5089216,132.14,14.08,64.72,8.83,3.86,25.53,3.04,4.94
E-0020312,4.1765227,0,89.25,126.43,0,1.51,0,0,0
E-0020313,2.457602,66.09,22.7,68.02,3.91,8.83,8.03,1.42,2.25
E-0020314,2.309685,62.91,26.56,36.91,9.43,2.62,10.96,1.74,2.89
E-0020315,1.7692932,43.42,20.28,20.27,13.04,2.56,16.77,2.4,4.09
E-0020316,3.220276,11.39,68.8,111.79,4.47,2.1,3.43,1.45,2.27
E-0020317,2.8236904,61.87,37.64,115.56,4.68,3.68,5.06,2,3.31
E-0020318,2.7467139,69.22,34.78,113.84,4.74,3.87,5.44,2.04,3.42
E-0020319,3.0016139,56.91,56.34,150.42,4.39,2.72,4.63,2.04,3.21
E-0020320,2.934116,60.11,57.71,167.18,4.81,2.76,5.01,2.14,3.26
E-0020321,3.150569,53.93,56.37,154.84,3.9,2.92,3.83,1.68,2.75
E-0020322,2.645336,61.83,45.35,130.65,4.8,3.61,6.46,2.17,3.4
E-0020323,1.9447675,103.03,17.71,38.88,3.32,9.01,15.01,1.05,2.12
E-0020324,1.798901,120.42,15.1,74.03,4.07,14.32,15.47,1.89,3.18
E-0020325,1.1742748,178.84,8.8,43.89,3.04,17.64,27.43,2.15,4.67
E-0020326,-0.046395198,271.24,5.43,3.57,1.57,10.7,63.66,8.41,13.15
E-0020327,1.2957066,168.72,15.89,113.14,5.79,7.08,35.97,5.15,7.51
E-0020328,0.81291795,154.01,8.03,63.45,3.45,12.11,46.99,6.85,9.14
E-0020329,1.0465523,208.13,8.78,56.29,3.82,10.74,31.92,5.86,8.97
E-0020330,0.80340993,128.52,7.22,0,0,27.02,27.59,0.91,2.54
E-0020331,0.1287922,289.35,6.19,5.18,0.05,19.37,58.48,5.7,8.98
E-0020332,3.0624514,0,44.86,45.41,1.79,4.21,3.61,0.11,0.41
E-0020333,1.5559212,160.89,17.86,88.69,8.62,3.02,21.79,4.32,6.77
E-0020334,1.0308962,72.2,2.78,0,1.88,11.79,29.63,2.49,4.81
E-0020335,2.740275,10.34,26.66,53.79,5.39,2.18,6.84,1.68,2.78
E-0020336,3.3514893,0,38.6,66.97,3.95,1.61,3.95,0.74,1.53
E-0020337,1.6880646,45.11,16.43,44.88,4.82,6.91,15.53,1.89,3.35
E-0020338,2.8557184,0,82.69,61.44,3.49,2.56,5.3,0.28,0.8
E-0020339,2.0227094,46.27,14.94,61.42,5.76,9.02,13.11,1.98,3.28
E-0020340,3.1670423,0,65.67,22.07,3.52,1.93,3.46,0.21,0.69
E-0020341,1.8186505,24.94,12.86,25.05,6.88,4.46,17.32,3.05,4.82
E-0020342,3.0169713,0,73.92,65.86,5.62,1.86,5.91,1.29,1.98
E-0020343,3.48213,0,81.71,46.27,3.47,1.59,3.56,0.28,0.79
E-0020344,2.148406,15.94,45.69,75.63,4.07,4.84,9.68,0.93,1.85
E-0020345,2.4519343,25.81,35.11,61.35,4.76,4.52,7.65,1.17,1.99
E-0020346,0.5819185,221.64,5.36,0,0.85,21.88,47.58,2.04,4.67
E-0020347,1.1116184,208.08,9.81,31.66,1.59,37.6,24.8,1.47,2.88
E-0020348,2.785524,35.56,39.78,99.17,4.32,3.21,5.09,1.08,1.73
E-0020349,0.9667167,193.63,8.08,10.44,0.63,39.99,29.18,1.48,3.08
E-0020350,3.3796825,0,72.87,86.2,0,4.87,1.65,0,0
E-0020351,1.0872072,184.13,9.64,14.84,0.8,26.1,24.32,1.11,2.59
E-0020352,2.9258935,26.47,60.61,98.75,2.97,2.9,4.2,0.74,1.28
E-0020353,1.3370503,163.84,10.94,53.26,5.98,8.02,27.3,3.82,5.95
E-0020354,2.7828493,33.39,60.08,157.21,6.61,2.15,6.43,1.51,2.22
E-0020355,1.5165783,142.66,12.93,74.6,6.75,6.14,26.64,3.49,5.65
E-0020356,2.5463727,28.17,62.81,140.56,8.66,1.94,9.87,2.06,3.27
E-0020357,2.447371,126.81,23.73,113.91,4.23,7.52,7.81,1.96,2.71
E-0020358,1.6982938,164.62,14.25,74.01,3.15,28.82,15.02,1.65,2.68
E-0020359,3.2268884,13,73.45,171.31,2.98,2.83,2.99,0.8,1.12
E-0020362,2.909397,66.8,51.3,149.52,4.6,2.79,5.08,2.13,3.38
E-0020371,0.96969527,226.73,3.53,20.08,4.75,9.22,40.23,7.99,13.45
E-0020372,0.80352,230.39,6.05,49.12,3.66,12.33,32.36,5.87,10.03
E-0020373,3.445315,0,49.96,51.12,0,5.68,1.52,0,0
E-0020374,3.1581233,10.39,30.76,79.5,1.11,8.52,2.66,0.51,0.76
E-0020375,2.3051984,56.28,17.68,57.73,3.35,7.68,8.22,0.95,1.76
E-0020376,2.0424967,202.19,15.76,30.61,2.07,20.17,11.72,0.81,1.68
E-0020377,2.5311098,52.36,21.45,55.73,4.23,6.85,8.25,1.22,1.95
E-0020378,3.6028771,0,100.73,63.99,0.72,2.18,2.06,0,0
E-0020379,3.3575912,0.47,49.09,69.97,1.44,3.55,2.74,0.13,0.29
E-0020380,2.4472392,133.85,27.28,60.06,7.36,2.2,8.78,1.79,2.68
E-0020381,3.5727735,21.71,93.55,199.8,2.24,2.2,1.74,1.07,1.63
E-0020382,3.062569,61.12,53.72,152.8,4.12,3.04,4.21,1.78,2.92
E-0020383,3.5158587,18.77,67.44,140.91,1.91,2.64,2.06,1.01,1.8
E-0020384,3.1734302,42.37,67.75,133.11,3.34,2.75,3.5,1.55,2.52
E-0020385,2.0185325,98.48,17.74,49.7,3.83,8.27,13.92,1.19,2.26
E-0020386,1.9055508,118.67,15.97,38.66,3.32,10.27,16.59,1.2,2.42
E-0020387,2.139256,43.75,31.89,85.67,3.14,7.99,9.91,1.21,2.14
E-0020388,1.5296172,165.21,10.04,48.67,4.01,11.47,21.61,2.02,4.19
E-0020389,2.4948554,16.97,35.78,47.78,3.05,3.61,6.03,0.63,1.46
E-0020390,2.4709687,33.75,25.24,70.38,1.67,10.93,5.39,0.64,1.09
E-0020391,3.710169,0,87.99,91.88,0,4.29,0,0,0
E-0020392,1.4740791,82.13,13.14,23.7,1.73,11.24,14.1,0.64,1.78
E-0020393,3.3235412,0,89.12,52.25,1.91,2.48,3.11,0,0
E-0020394,2.1138864,21.08,10.85,16.62,7.95,3.99,14.88,2.63,4.59
E-0020395,3.3177185,0,54.22,10.11,5.47,1.43,4.11,0.94,1.85
E-0020396,2.0485027,33.29,16.9,29.46,3.56,9.82,11.36,1.12,2.39
E-0020397,1.8824401,102.88,19.61,78.66,6.89,3.64,17.48,2.48,4.26
E-0020398,2.0569315,94.71,14.23,31.47,1.01,36.14,8.36,0.56,1.25
E-0020399,3.494923,0,41.45,65.62,0.13,5.08,0.38,0,0
E-0020400,1.3716377,262.22,10.33,0,0,56.88,18,0.51,1.51
E-0020401,1.0917879,184.44,9.68,15.38,0.84,25.86,24.25,1.13,2.61
E-0020402,2.8654146,25.51,62.06,88.57,2.69,3.18,4.56,0.63,1.13
E-0020403,1.9324337,85.26,18.31,43.03,9.74,3.48,15,2.56,4.06
E-0020404,2.883934,0,61.66,35.98,7.84,1.76,5.46,0.75,1.33
E-0020405,1.6624265,159.16,14.17,83.3,6.16,7.69,20.96,2.76,4.29
E-0020406,3.4067695,14.1,71.2,186.25,2.21,3.27,1.99,0.61,0.8
E-0020407,1.4809331,172.07,12.28,41.82,3.44,17.78,21.42,1.58,3.01
E-0020408,2.6793962,39.66,42.5,153.38,5.36,3.4,6.4,1.42,2.16
E-0020409,2.1554012,92.36,24.48,107.25,2.85,14.02,9.22,1.37,2.18
E-0020410,3.8374338,0,115.72,285.51,0,2.18,0,0,0
E-0020411,0.9553748,204.17,7.62,0,0,30.2,28.83,1.09,2.67
E-0020412,2.8882504,36.1,54.95,90.86,2.78,3.39,4.61,0.84,1.36
E-0020413,2.7412324,5.08,57.83,52.95,7.32,1.91,6.51,1.22,2.06
E-0020414,0.70093966,266.87,8.28,9.04,0.56,28.07,45.53,2.49,5.29
E-0020415,2.2323914,100.83,30.98,103.49,5.44,3.67,11.35,2.23,3.71
E-0020416,2.1090755,66.16,17.39,90.12,4.54,7.67,8.81,1.81,2.93
E-0020417,3.0224802,0,64.66,36.73,7.94,1.57,4.85,0.49,0.94
E-0020418,2.3616526,69.48,20.8,66.99,4.01,5.81,8.09,1.29,2.21
E-0020419,1.9950808,57.1,16.09,39.94,2.62,19.35,11.46,1.13,2.1
E-0020420,3.256726,0,64.86,38.95,1.04,3.54,2.57,0,0.05
E-0020421,2.0916452,41.06,22.76,170.6,7.75,5.1,10.23,2.41,3.88
E-0020422,1.7358246,44.01,8.88,54.38,4.46,9.59,20.56,2.33,3.77
E-0020424,1.213143,167.82,4.02,17.52,2.91,12.7,32.2,3.17,6.39
E-0020425,2.8033822,69.96,41.72,127.1,4.33,2.92,4.84,1.89,3.24
E-0020426,1.781439,53.32,6.64,21,3.61,10.18,20.33,1.58,3.41
E-0020427,3.169917,21.76,46.04,134.37,5.3,1.63,4.78,1.51,2.4
E-0020428,3.227784,17.36,42.59,133.08,5.46,1.51,4.46,1.47,2.5
E-0020429,1.5899014,73.27,7.21,44.61,3.87,11.93,22.85,2.8,4.65
E-0020430,3.1641152,9.04,52.7,117.87,4.52,1.74,4.6,1.58,2.26
E-0020431,1.0012271,217.06,7,1.46,0.11,32.01,26.58,1.07,2.51
E-0020432,2.6836505,5.77,53.83,81.68,9.4,1.41,10.71,3.15,5.12
E-0020433,2.6924555,5.16,57.42,88.84,8.69,1.55,11.18,3.27,5.11
E-0020434,3.0839355,2.16,64.25,140.64,8.17,1.15,7.44,2.89,4.57
E-0020435,3.1781433,0,22.47,46.21,3.62,2.3,4.47,1.35,2.21
E-0020436,2.8400898,8.95,8.37,39.02,5.57,2.64,8.24,2,3.49
E-0020437,3.3924084,0,41.28,64.19,2.66,2.05,3.58,0.7,1.26
E-0020438,3.3377733,0,70.49,147.88,4.12,1.65,3.97,1.12,1.43
E-0020439,2.614857,85.61,21.38,80.16,6.06,2.29,9.61,2.15,3.7
E-0020440,3.8275976,0,55.88,86.99,1.82,1.23,2.08,0.46,0.77
E-0020441,2.1723382,55.76,9.22,32.73,3.85,9.35,11.99,1.22,2.12
E-0020442,3.6995175,0,26.58,43.79,1.85,1.61,1.6,0.29,0.5
E-0020443,2.6509356,21.69,15.02,31.5,3.05,7.07,7.03,0.69,1.23
E-0020444,3.8585863,0,41.58,40.88,0.02,2.25,0.88,0,0
E-0020445,3.3135495,0,46.97,39.31,1.64,3.05,3.14,0.39,0.74
E-0020446,1.2433214,47.05,4.94,0,2.81,11.35,24.94,3.28,5.38
E-0020447,2.708127,10.33,38.27,54.27,3.68,3.27,6.04,1.38,2.03
E-0020448,1.2949228,53.84,4.61,1.97,1.87,15.51,23.24,2.97,4.55
E-0020449,1.8468305,41.26,11.92,17.26,3.84,7.83,14.08,1.96,3.47
E-0020450,3.45827,0,82.79,98,1.58,2.41,1.95,0.43,0.46
E-0020451,2.0796099,52.26,12.63,47.95,4.01,8.34,11.14,2,3.23
E-0020454,1.0467666,248.3,6.43,30.95,2.75,13.58,40.09,5.3,9.05
E-0020455,2.2831213,24.05,13.43,31.32,5.55,5,10.48,1.55,3.22
E-0020456,2.3058236,39.34,20.67,159.56,8.49,3.67,11.56,3.07,4.62
E-0020457,0.58966804,214.89,5.74,91.19,3.66,10.08,33.41,7.7,13.94
E-0020458,-0.06506066,224.05,4.37,83.39,1.82,8.95,36.61,11,20.24
E-0020463,1.7900395,240.98,7.77,173.23,15.04,1.65,12.98,7.74,12.71
E-0020466,1.8689167,254.39,12.75,498.32,13.9,1.4,20.55,7.52,11.17
E-0020467,3.3025863,125.55,10.63,742.99,3.63,1.3,3.35,0.61,2.41
E-0020468,1.6813873,42.86,9.41,58.74,5.17,9.2,22.52,3.33,4.66
E-0020469,2.9829519,0.46,63.22,135.58,6.18,1.98,6.48,1.97,2.6
E-0020470,0.30826932,202.55,0,0,0.15,23.86,56.83,8.32,12.3
E-0020471,1.8539319,103.8,10.01,71.98,5.31,8.32,19.25,2.61,4.48
E-0020472,1.8354857,106.04,10.28,71.68,5.23,8.34,19.54,2.65,4.47
E-0020473,2.3206656,141.02,25.55,92.54,6.83,2.89,9.32,2.05,3.08
E-0020474,3.3165424,7.34,77.4,113.3,3.9,1.81,2.82,0.38,0.65
E-0020475,0.9184181,203.11,4.27,11.16,5.45,6.87,43.99,7.41,14.33
E-0020476,3.1427906,6.55,16.1,48.23,4.52,2.05,5.59,1.21,2.23
E-0020477,1.809198,92.78,8.63,45.39,5.48,7.07,22.47,2.33,5.13
E-0020478,1.8666877,85.16,8.58,43.68,4.36,10.37,19.46,1.96,3.94
E-0020479,3.132755,2.03,43.6,70.66,3.79,2.29,4.12,0.98,1.73
E-0020480,2.2117455,99.34,15.42,74.1,9.57,1.86,12.43,3.32,5.2
E-0020481,1.225582,160.59,6.26,44.86,6.55,5.31,29.01,4.77,8.33
E-0020482,1.4380517,168.73,7.75,41.61,3.14,17.12,23.65,2.82,5.26
E-0020483,2.9936705,38.34,41.05,140.96,5.3,2.51,5.74,1.85,3.02
E-0020484,1.4452881,42.01,4.12,0,2.47,18.27,24.15,3.34,5.41
E-0020485,3.1375875,1.44,25.93,27.41,3.06,2.78,3.47,1.08,1.83
E-0020486,1.5156271,60.32,3.6,0,1.73,23.17,21.86,2.8,4.48
E-0020487,2.1338868,31.04,9.31,12.89,3.77,10.96,11.82,2,3.65
E-0020488,3.810799,0,48.83,25.67,0.62,2.24,0.37,0.1,0.26
E-0020489,2.3783555,48.72,9.96,29.59,3.47,11.06,9.26,1.72,3.02
E-0020490,2.2989304,27.42,10.94,23.72,4.66,7.9,9.84,1.89,3.53
E-0020491,1.890982,30.22,8.3,15.27,3.28,13.15,16.17,1.84,3.4
E-0020492,2.0036492,29.82,8.26,18.86,2.66,15.81,14.09,1.61,2.88
E-0020493,2.5881402,16.02,18.18,28.41,3.5,7.01,7.23,0.99,1.93
E-0020494,4.028639,0,77.52,52.39,0,2.4,0,0,0
E-0020495,2.7581484,18.34,18.51,36.99,2.79,7.72,6.05,0.94,1.7
E-0020496,2.4991415,22.07,16.81,36.98,3.64,8.06,7.56,1.25,2.25
E-0020497,3.4302042,0,73.74,84.41,4.66,1.58,3.34,1.04,1.47
E-0020504,1.7197614,221.58,9.71,63.23,6.6,5.67,21.28,4.34,7.33
E-0020506,2.4082856,128.91,28.48,114.97,6.67,2.36,11.58,3.28,5.45
E-0020507,2.6313376,36.55,38.39,134.15,5.68,3.59,7.22,2.12,2.99
E-0020508,2.8416643,26.48,23.47,108.59,1.99,10.44,4.74,1.23,1.98
E-0020509,2.386769,31.24,17.77,88.74,3.97,7.89,8.68,1.49,2.34
E-0020510,3.096371,4.87,28.43,117.47,1.74,6.42,3.8,0.44,0.56
E-0020511,2.5354548,31.3,35.41,151.22,2.98,7.94,6.47,1.57,2.21
E-0020512,2.7132745,42.04,38.89,105.75,8.43,1.42,7.78,2.6,4.11
E-0020513,1.6905415,135.27,9.69,71.68,5.61,9.3,23.45,3.43,5.87
E-0020514,1.6746022,121.38,4.51,89.93,11.37,2.74,14.03,7.15,11.77
E-0020515,1.013048,78.87,7,186.01,10.8,4,24.19,8.25,13.47
E-0020516,1.663086,171.58,9.5,128.86,7.41,3.86,18.12,5.1,8.82
E-0020518,2.718484,241.03,25.94,482.98,3.56,1.63,6.51,1.4,3.83
E-0020522,4.4731903,0,108.17,160.65,0,2.15,0,0,0
E-0020523,0.7004016,151.06,1.74,5.27,2.12,19.49,53.42,6.66,10.28
E-0020524,2.1975229,32.47,14.4,48.15,4.09,7.63,12.42,1.28,2.07
E-0020525,3.6509254,0,71.41,94.29,1.33,1.98,2.27,0.11,0
E-0020526,2.1072302,85.62,11.91,51.35,7.01,4.42,15.23,3.13,5.03
E-0020528,1.6108272,54.14,14.96,92.28,7.57,4.08,17.75,3.94,6.16
E-0020529,2.269912,41.05,27.71,99.91,6.32,3.88,10.15,2.13,3.03
E-0020530,3.164989,0,44.89,143.58,0.77,9.1,3.13,0.44,0.63
E-0020531,2.0727139,71.58,10.51,78.95,4.55,7.06,10.01,1.97,3.09
E-0020532,2.6607687,41.32,18.82,93.79,3.33,6.5,6.17,1.13,1.53
E-0020533,3.2763193,1.07,28.99,210.67,0.86,9.02,1.7,0.58,0.94
E-0020534,2.5097046,22.56,16.55,169.97,3.53,10.44,6.25,1.55,2.38
E-0020535,2.4968588,93.88,42.23,330.8,5.81,7.29,8.87,3.26,4.53
E-0020536,1.9935989,134.45,16.82,129.14,4.88,11.86,10.92,3.32,4.63
E-0020537,3.074949,51.9,65.75,210.26,5.7,2.2,5.33,2.19,3.26
E-0020538,3.55518,4.35,108.02,268.92,3.92,1.6,3.31,1.5,2.4
E-0020539,1.9397098,178.29,11.19,80.04,5.45,9.71,18.82,4.22,6.45
E-0020540,1.7727559,210.29,10.75,59.75,6.28,8,24.07,5.29,8.38
E-0020541,2.1993713,78.17,20.58,215.33,6.49,6.98,11.39,2.97,4.26
E-0020542,3.3147187,9.32,56.1,191.09,5.85,1.55,5.42,1.85,3.15
E-0020543,2.152081,35.66,19.09,43.02,4.64,6.78,12.76,1.49,2.54
E-0020544,1.7349585,222.1,9.66,68.05,7.86,4.62,22.7,7.52,10.63
E-0020545,-0.09161704,249.16,3.12,27.42,6.02,2.64,54.51,33.49,43.05
E-0020546,-0.42301238,245.2,2.64,31.66,4.3,3.9,47.85,23.1,34.53
E-0020547,2.5146616,67.39,17.91,206.72,9.49,1.93,8.05,3.02,4.66
E-0020548,1.1480294,209.46,8.46,112.55,3.08,14.08,18.82,14.08,20.4
E-0020549,1.3764279,234.63,10.01,109.38,5.07,8.58,14.39,11.57,18.7
E-0020550,1.6406109,191.84,12.27,153.36,4.85,9.18,13.19,8.27,13.41
E-0020551,1.5831162,189.55,12.05,153.6,5.07,9.63,12.12,8.81,14.2
E-0020552,1.2984332,215.01,10.35,118.75,3.13,12.3,17.3,11.77,18.13
E-0020553,1.6148468,193.54,11.63,189.52,5.95,7.64,10.22,7.84,13.26
E-0020554,1.9354806,160.71,15.13,203.84,8.65,4.4,8.68,6.35,10.4
E-0020555,1.3718094,208.47,8.59,94.06,3.85,12.31,15.27,12.16,17.86
E-0020556,1.4587103,212.2,9.05,97.67,6.13,8.22,14.33,11.91,17.55
E-0020557,1.7039734,178.54,8.62,97.07,6.18,7.02,12.56,8.62,13.04
E-0020558,1.8668345,188.49,16.64,207.93,6.85,5.76,10.8,7.34,11.25
E-0020559,1.4153131,209.07,6.8,77.78,5.2,9.15,16.4,12.3,18.32
E-0020560,1.3919652,219.08,7.75,78.84,8.33,5.34,16.15,14.01,20.78
E-0020561,1.8810865,179.09,9.23,163.42,9.93,3.29,9.35,7.34,11.37
E-0020562,1.7381506,180.94,8.72,109.33,7.86,5.54,11.3,7.9,12.31
E-0020563,2.1262977,233.95,19.17,379.61,7.99,1.67,14.68,4.42,6.96
E-0020564,1.6065558,263.02,6.27,255.52,17.1,1.41,22.06,8.98,13.65
E-0020565,1.535996,170.5,9.6,99.49,7.35,5.01,25.31,4.73,7.99
E-0020566,3.0889807,24.75,45.32,162.35,5.76,2.32,5.89,2.24,3.7
E-0020567,1.5028131,44.86,6.47,23.47,3.36,11.54,25.91,2.5,4
E-0020568,3.1103516,0,55.69,88.85,4.38,1.97,5.48,1.24,1.7
E-0020569,2.339751,36.01,22.61,104.4,3.44,6.61,7.73,1.21,1.73
E-0020570,1.840934,118.11,10.42,90.84,10.25,3.12,16.64,5.96,9.62
E-0020571,1.6923527,111.04,11.77,102.28,5.05,10.69,12.74,2.72,4.03
E-0020572,2.5314176,85.16,28.87,90.17,3.94,7.15,7.92,1.63,2.38
E-0020573,1.3829794,234.24,4.98,119.52,7.8,3.71,12.59,6.21,10.08
E-0020574,1.7676911,213.93,7.23,189.6,7.52,2.52,7.94,4.24,7.07
E-0020575,1.4038413,200.21,5.09,127.84,7.95,2.99,11.62,4.46,8.83
E-0020576,2.3503602,123.18,19.69,303.69,11.38,1.99,5.07,4.15,6.26
E-0020577,2.346017,127.67,19.55,311.37,11.41,1.98,5.09,4.15,6.29
E-0020578,0.37222695,243.05,1.74,42.73,3.82,5.85,21.87,8.54,17.88
E-0020579,0.34604913,253.11,1.88,18.08,6.11,4.23,19.22,10.14,19.99
E-0020580,1.0926381,232.71,3.4,92.78,3.28,11.33,18.39,9.12,13.99
E-0020581,2.0459497,179.04,9.2,433.46,15.37,1.59,7.7,5.48,8.32
E-0020582,1.2811956,209.93,3.34,87.27,5.75,6.99,12.55,11.77,16.2
E-0020583,1.6225506,221.8,7.91,114.14,9.03,3.14,17.75,9.21,13.08
E-0020584,1.6203247,222.89,7.85,112.03,9.05,3.12,17.75,9.34,13.23
E-0020585,1.291431,227.56,6.87,99.31,5.88,7.21,18.63,7.89,12.03
E-0020586,1.428077,231.11,8.48,202.57,6.87,6.52,20.79,9.01,13.99
E-0020587,1.4549332,228.08,8.81,209.46,6.8,6.83,19.77,8.86,13.82
E-0020588,-0.7412054,245.33,0.35,26.56,0,17.54,48.98,18.7,29.71
E-0020589,2.3258812,122.82,10.15,158.79,10.13,2.26,5.72,3.7,5.9
E-0020590,1.4250467,225.94,7.88,96.14,5.46,8.31,18.2,10.73,16.24
E-0020591,2.6548193,240.27,56.62,248.68,3.83,2.07,8.84,3.27,5.29
E-0020592,0.89828354,185.83,13.28,99.15,0.06,21.93,31.41,18.07,19.33
E-0020593,2.3429651,255.53,24.78,358.21,6.65,1.74,10.29,3.38,6.11
E-0020618,2.8428771,42.41,34.14,163.95,7.07,2.14,7.41,2.26,3.55
E-0020619,0.42891994,249.53,4.64,51.24,10.67,1.65,43.92,27.53,37.46
E-0020620,1.3082592,234.09,4.71,106.98,7.07,4.4,13.7,6.52,10.67
E-0020621,1.8068143,216.03,7.68,197.47,7.59,2.43,7.8,4.37,7.03
E-0020622,1.8439833,219.58,7.41,242.89,8.25,2.42,7.33,4.3,6.94
E-0020623,1.3161502,217.36,5.93,152.76,7.27,4.19,12.13,5.34,9.29
E-0020624,1.3110622,245.95,4.44,205.83,7.2,4.5,13.58,5.69,9.7
E-0020625,1.6107459,233.28,6.75,193.4,7.69,2.92,10.02,4.03,7.1
E-0020626,-0.10584277,188.33,3.55,22.02,8.12,2.9,73.46,33.19,35.18
E-0020627,0.73507535,240.89,2.92,134.28,2.9,11.37,22.81,8.72,14.14
E-0020628,1.9381022,212.06,7.06,245.3,16.55,1.55,10.29,8.06,10.99
E-0020629,1.791463,214.14,4.8,289.88,14.29,1.81,9,6.22,9.54
E-0020630,0.99936,231.5,6.58,85.11,2.14,14.93,21.33,17.85,24.23
E-0020631,1.599448,223.95,10.96,135.91,6.64,7.75,12.97,10.74,16.38
E-0020632,1.5284542,220.46,13.25,130.51,6.96,7.78,12.53,12.06,20.28
E-0020633,2.2290123,99.85,22.63,300.49,14.27,2.48,10.53,5.5,8.12
E-0020634,1.4769351,159.94,10.23,147.07,5.4,11.55,20.8,11.52,15.53
E-0020635,2.4406364,129.94,15.62,466.64,16.09,1.24,7.62,2.64,3.7
E-0020636,2.0732386,228.74,27.93,720.33,15.83,1.26,13.12,2.71,5.35
E-0020637,2.1214752,223.05,24.31,663.88,15.99,1.24,12.17,2.58,5.07
E-0020638,-0.038073488,245.67,1.56,35.62,0,20.6,46.15,13.36,21.08
E-0020639,1.128535,218.36,5.35,126.35,4.72,10.03,32.14,12.03,19.49
E-0020640,0.18565273,238.35,3.19,69.41,1.25,8.94,43.76,20.74,31.03
E-0020641,1.9747101,128.36,15.07,122.46,7.08,5.71,9.49,6.94,10.61
E-0020642,1.9430215,165.73,10.21,147.34,9.3,3.69,9.79,6.96,10.45
E-0020643,1.9888822,191.08,10.89,140.1,9.36,3.21,8.64,6.54,10.09
E-0020644,1.8150233,155.62,14.52,197.17,8.35,5.03,10.5,6.95,10.74
E-0020645,2.378671,140.67,10.92,140.48,9.29,2.39,4.56,3.34,5.3
E-0020646,1.6696054,233.3,9.91,108.45,5.43,8.67,12.4,8.61,13.31
E-0020647,2.5289538,123.62,19.65,143.01,10.77,1.98,7.62,4.08,5.9
E-0020648,0.83986837,191.04,13.3,91.17,0,28,31.58,14.76,14.99
E-0020649,1.8989292,118.63,58.78,265.5,5.83,9.8,15.22,6.58,6.9
E-0020650,1.0207014,166.98,12.26,125.65,1.63,20.96,31.94,17.5,17.3
E-0020651,2.568839,149.82,37.57,503.6,10.86,1.5,7.92,4.43,6.08
E-0020652,1.5846153,92.86,8.59,58.63,7.2,7.37,27.58,5.47,7.61
E-0020653,-0.15410036,238.42,3.02,17.32,5.7,2.72,55.2,35.25,44.98
E-0020654,-0.26490992,231.51,3.36,71.32,1.6,11.4,45.83,13.17,21.71
E-0020655,1.8497119,191.97,8.17,246.47,10.72,3.47,13.29,5.03,7.06
E-0020656,2.1486785,172.48,12.02,381.87,12,1.83,9.94,4.07,5.43
E-0020657,1.8313924,214.59,17.68,446.54,9.03,5.48,10.64,7.97,12.62
E-0020658,1.7631046,216.09,16.23,206.09,8.58,6.05,10.54,8.93,14.81
E-0020659,1.9539932,144.6,15.51,205.45,10.18,5.54,10.64,9.56,13.31
E-0020660,1.091423,248.29,6.44,105.92,0,23.77,16.39,12.99,19.94
E-0020661,2.0359275,172.64,17.63,310.16,9.24,4.68,7.65,5.99,9.71
E-0020662,1.5528781,210.21,10.89,169.81,8.03,5.9,22.09,8.5,12.19
E-0020663,1.4832482,219.87,11.04,256.83,6.11,9.48,17.32,7.23,11.99
E-0020664,1.058949,233.47,8.01,129.85,4.31,9.45,20.75,8.81,16.54
E-0020665,0.21150543,187.72,5.63,112.84,0.8,14.1,22.62,6.54,15.21
E-0020666,1.4558334,197.63,8.66,136.87,5.88,7.78,16.05,7.95,12.91
E-0020667,1.5804721,224.33,7.06,100.83,6.07,5.24,12.47,6,10.08
E-0020668,2.2675128,94.87,16.88,412.73,9.04,3.7,7.53,3.99,6.28
E-0020669,1.4444126,234.57,8.28,208.03,7.66,5.88,19.13,8.22,13.73
E-0020670,1.7433562,202.72,12.64,210.31,7.35,5.9,12.52,6.26,10.35
E-0020671,1.1884849,207.1,6.82,67.71,4.14,11.38,18.44,14.7,20.56
E-0020672,1.7144791,223.57,9.19,126.46,7.83,5.33,10.51,7.42,11.86
E-0020673,1.7519146,181.16,15.11,187.35,6.11,7.37,11.2,7.85,12.62
E-0020674,1.5569934,186.26,8.99,165.86,7.96,4.68,18.88,7.05,11.09
E-0020675,1.4373868,216.21,7.53,161.87,7.43,5.46,22.19,8.24,12.54
E-0020676,1.65906,174.59,8,150.32,7.86,4.82,18.59,5.84,9.71
E-0020677,2.1417687,128.01,10.23,374.84,15.4,1.29,6.09,4.66,7.34
E-0020678,1.9614743,177.12,7.31,349.4,12.33,1.9,7.29,4.84,8.1
E-0020679,2.1108882,196.51,8.61,390.79,13.13,1.69,6.92,4.9,7.78
E-0020680,2.1812432,140.37,10.69,203.19,10.11,2.73,6.85,4.98,7.86
E-0020681,2.356906,130.36,12.28,331.69,11.43,1.91,4.59,3.82,5.77
E-0020682,2.4189646,125.96,9.86,185.14,9.65,2.03,4.51,2.92,4.49
E-0020683,2.4466686,114.02,11.8,258.85,10.69,1.98,5.45,3.33,5.37
E-0020684,2.6347375,88.3,9.51,194.28,8.84,1.85,4.28,2.05,3.62
E-0020685,1.6011087,185.36,12.99,151.13,4.44,10.49,14.61,8.68,13.66
E-0020686,1.2815076,194.91,18.32,130.45,1.68,18.26,24.37,10.63,11.44
E-0020687,1.3327566,186.79,19.74,138.57,2.07,17.63,23.33,10.26,10.98
E-0020688,1.0297855,227.09,13.08,92.6,0.27,19.11,29.71,16.75,17.41
E-0020689,1.0348597,223.43,13.47,94.46,0.25,20.03,29.56,16.31,16.9
E-0020690,1.1206172,201.41,15.23,105.88,0.53,21.07,27.49,15.05,15.38
E-0020691,0.9150307,186.97,11.26,101.55,0.36,23.12,29.34,16.11,16.69
E-0020692,3.055686,202.49,34.22,353.37,4.12,1.78,4.62,1.43,3.19
E-0020693,2.7198267,237.44,32.22,391.88,3.66,1.84,7.42,1.9,3.86
E-0020763,0.7167178,197.2,5.46,95.97,6.38,4.95,39.84,14.02,20.5
E-0020764,2.0412486,180.21,5.84,355.08,14.36,1.47,11.38,3.96,5.99
E-0020765,1.3332783,246.5,8.21,139.45,4.17,9.54,15.9,10.85,16.15
E-0020766,1.571895,222.98,9.24,143.59,7.16,6.6,18.43,7.62,11.43
E-0020767,1.8215462,163.28,12.62,183.93,8.89,5.41,13.58,7.19,10.77
E-0020768,1.6886797,137.39,10.53,160.6,8.44,6.86,18.29,9.35,11.63
E-0020769,1.5603546,238.04,6.39,89.21,5.36,5.56,14.5,5.71,8.97
E-0020770,2.1487937,165.96,14.67,177.55,7.32,3.75,7.99,3.72,6.02
E-0020771,1.8856523,142.87,11.69,212.99,7.67,5.58,9.27,5.99,9.67
E-0020772,1.508469,218.49,6.94,236.44,8.62,4.48,17.12,6.9,11.25
E-0020773,1.7286371,156.92,11.56,151.21,6.34,8.46,19.75,7.51,11.42
E-0020774,1.4271784,163.45,8.99,120.97,5.08,10.89,25.5,11.81,15.81
E-0020775,1.2265007,213.19,8.29,111.56,4.7,8.76,25.41,11.14,16.71
E-0020776,1.9889871,135.71,17.71,160.25,7.3,5.68,9.69,6.81,10.44
E-0020777,1.2642833,234.4,6.55,197.53,6.45,6.17,19.14,8.44,13.64
E-0020778,1.2776753,232.78,6.62,209.99,6.54,6.15,18.86,8.32,13.47
E-0020779,1.5322461,222.76,8.38,232.65,6.88,5.8,14.71,6.68,11.24
E-0020780,1.5369287,221.84,8.36,235.43,6.86,5.81,14.63,6.62,11.16
E-0020781,1.3907155,185.34,9.92,140.82,4.6,10.1,18.66,8.3,12.59
E-0020782,1.9845773,159.41,14.74,221.06,6.45,6.1,11.25,4.87,7.84
E-0020783,1.1944511,220.32,11.37,114.48,3.21,13.11,19.09,13.94,21.64
E-0020784,1.9682279,169.3,8.2,114.09,10.54,2.79,7.8,6.1,9.41
E-0020785,1.7660488,167.64,10.48,136.86,7.73,5.29,11.85,8.05,12.25
E-0020786,1.872273,229.07,6.77,338.6,16.59,1.49,10.79,8.35,11.18
E-0020787,1.860357,231.37,6.82,341.67,16.36,1.52,11.03,8.78,11.45
E-0020788,1.6135659,204.38,14.71,195.04,5.31,8.68,10.12,7.7,13.53
E-0020789,1.4005442,197.08,5.4,113.37,7.5,6.12,14.99,12.23,16.32
E-0020790,0.98988825,248.45,4.9,59.35,1.55,16.29,29.6,17.93,23.18
E-0020791,2.1523342,108.98,22.65,242.89,6.7,6.18,7.13,4.61,7.46
E-0020792,1.4668472,202.69,12.41,147.38,3.7,12.26,16.96,10.22,15.64
E-0020793,1.4894049,202.71,12.61,153.22,3.98,11.5,16.66,9.88,15.22
E-0020794,1.4853945,227.55,10.28,157.53,6.15,6.88,11.91,9.37,15.4
E-0020795,1.5827947,210.97,10.47,121.39,7.9,5.27,14.6,10.34,15.58
E-0020796,2.6799657,181.87,12,838.22,13.65,1.09,8.34,2.6,5.13
E-0020797,1.1312556,143.05,16.81,148.83,2.01,20.72,27.21,14.18,13.83
E-0020798,3.586328,36.81,35.53,630.37,5.45,1.28,2.67,1.16,2.18
E-0020799,3.2263346,179.98,30.27,315.41,4.74,1.65,5.4,1.67,3.58
E-0020800,3.1141796,261.9,43.43,277.53,4.83,1.44,8.36,2.76,5.38
E-0020801,2.5297897,54.68,40.65,408.37,13.07,1.6,6.3,4.63,6.35
E-0020802,4.047086,10.54,47.05,926.07,2.5,1.36,0.39,0.06,0.86
E-0020803,2.2595496,183.09,40.3,309.99,8.97,2.08,10.4,5.53,7.71
E-0020804,0.37211782,245.75,2.13,138.91,5.17,5.07,22.19,5.52,13
E-0020805,2.2265394,164.39,13.59,406.41,12.29,1.69,9.2,3.98,5.14
E-0020806,1.7308255,200.32,12.31,182.93,6.81,6.94,12.56,5.82,9.71
E-0020807,0.7310954,248.3,6.33,148.18,3.63,9.52,26.62,11.54,18.8
E-0020808,1.6579541,161.42,12.8,126.52,7.54,6.81,11.7,9.97,14.84
E-0020809,1.7796926,192.69,10.63,128.53,9.39,5,8.73,8.85,13.13
E-0020810,1.4972154,235.1,11.69,235.92,5.96,10,12.61,8.4,14.07
E-0020811,0.3105566,212.9,3.58,121.58,0.12,23.76,34.49,9.07,15.91
E-0020812,2.1511075,195.35,24.66,398.75,10.91,3.4,10.92,5.26,8.04
E-0020813,-0.17067276,234.6,3.35,63.5,0,17.93,31.36,9.33,18.55
E-0020814,1.9403173,123.95,11.15,210.82,16.51,1.79,17.02,8.31,10.5
E-0020815,0.9987136,207.42,6.75,87.41,3.47,10.47,31.13,17.57,22.89
E-0020816,1.623704,196.93,10.14,193.15,6.53,6.96,15.05,7.6,12.24
E-0020817,1.4453897,178.5,10.54,147.45,4.73,9.89,17.81,8.03,12.2
E-0020818,1.0714066,216.93,7.52,223.22,3.46,13.12,22.33,7.25,12.66
E-0020819,1.3364967,212.98,8.13,141.38,4.48,11.73,19.71,9.15,14.29
E-0020820,1.4473925,213.94,10.42,225.17,6.51,8.35,19.24,6.82,11.45
E-0020821,1.5358801,221.69,11.67,181.36,5.89,8.97,15.56,7.58,12.3
E-0020822,1.9348751,134.7,13.47,148.79,9.77,3.26,9.82,5.87,9.01
E-0020823,1.989935,144.01,12.15,123.31,10.72,2.78,9.18,6.62,10
E-0020824,2.1422014,124.25,17.31,232.34,9,4.41,6.86,5.13,8.22
E-0020825,2.6877706,60.28,42.28,451.88,9.96,2.16,5.33,2.98,4.55
E-0020826,2.6002502,68.12,41.48,429.88,10.96,2.25,5.71,3.22,5.11
E-0020827,1.4911026,231.39,11.95,161,6.53,7.75,14.83,9.27,14.77
E-0020828,1.7558647,210.27,14.82,179.55,5.88,7.97,10.15,7.26,12.48
E-0020829,1.8597424,170.21,17.13,190.26,7.35,6.27,10,6.92,11.12
E-0020830,2.0123193,256.37,4.79,117.29,15.11,1.91,17.02,8.52,15.86
E-0020831,2.478643,62.74,20.51,142.44,9.44,1.82,5.53,2.44,3.72
E-0020832,1.4284967,182.12,10.26,138.58,4.78,9.4,18.01,8.13,12.25
E-0020833,1.6163403,201.94,12.37,138.32,6.11,7.54,12.7,8.64,13.86
E-0020834,1.6204184,223.67,11.32,117.06,6.54,7.21,11.14,8.62,14.23
E-0020835,1.5652347,186.8,13.27,130.35,5.35,8.77,11.3,8.6,14.76
E-0020836,2.3271601,22.61,8.6,166.37,9.02,2.58,5.04,2.41,3.83
E-0020837,2.5075295,25.48,10.26,232.77,9.23,2.19,4.49,2.06,3.48
E-0020838,1.8505685,176.25,13.48,249.74,13.47,2.09,18.37,7.02,9.47
E-0020840,2.94418,77.05,71.98,789.17,12.58,1.21,5.45,3.6,4.95
E-0020841,3.2254574,90.2,52.5,800.95,10.46,1.19,4.52,2.61,3.99
E-0020842,2.4261177,35.61,39.4,371.12,13.63,1.79,6.63,5.24,6.55
E-0020843,2.4562054,224.79,66.82,394.93,7.84,1.95,9.89,5.1,6.9
E-0020844,2.7289965,71.94,34.05,325.52,9.27,1.85,5.71,3.33,4.58
E-0020854,1.7292514,125.11,15.23,129.53,5.72,8.43,14.14,8.78,12.63
E-0020855,1.1644033,208.04,6.35,75.05,5.44,7.89,19.94,11.54,17.43
E-0020856,2.0284863,111.72,14.97,210.96,8.11,4.49,9.93,4.4,6.27
E-0020857,1.6880666,229.4,16.12,311.3,8.59,5.51,12.71,8.96,13.41
E-0020858,1.2598745,243.06,6.75,87.49,1.07,15.95,15.31,11.93,17.3
E-0020859,1.5167047,234.57,10.42,151.39,6.6,7.24,12.92,8.55,13.66
E-0020860,2.0116885,196.3,21.61,370.14,8.29,4.64,8.88,5.22,8.56
E-0020861,1.0460069,245.59,6.45,141.78,3.71,10.21,19.86,8.17,14
E-0020862,1.5247917,216.6,10.22,212.52,5.95,7.55,16.68,5.67,9.89
E-0020863,1.5726715,214.51,10.13,160.88,5.94,8.51,17.2,7.16,11.61
E-0020864,1.624812,212.24,10.83,165.07,6.1,8.36,16.26,6.88,11.27
E-0020865,1.5647928,213.1,13.03,238.12,6.23,8.37,15.79,6.6,10.53
E-0020866,1.3693138,211.28,8.46,147.01,4.67,11.47,19.16,8.94,13.97
E-0020867,1.435119,223.21,10.83,179.94,5.66,10.48,15.58,8.27,13.73
E-0020868,1.3596762,222.58,10.46,171.94,5.47,9.14,16.9,7.98,14.01
E-0020869,1.266202,218.81,8.81,134.95,4.7,10.61,18.92,8.18,14.26
E-0020870,1.0282387,231.3,6.71,101.6,3.95,9.48,23.51,9.39,14.67
E-0020871,0.9581827,233.4,6.24,98.48,3.82,9.47,24.41,9.47,14.97
E-0020872,1.6210179,224.45,10.38,145.75,7.95,5.99,14.24,10.57,15.56
E-0020873,1.6168503,225.23,10.4,144.56,7.83,6.12,14.31,10.72,15.68
E-0020874,1.5777266,235.36,9,98.68,6.86,7.34,19.9,13.8,20.92
E-0020875,2.00152,218.42,4.23,95.99,13.65,2.17,19.5,10.21,15.92
E-0020876,2.0555315,218.86,10.79,189.99,13.05,2.15,15.61,8.75,13.1
E-0020877,1.96039,201.87,19.28,345.43,9.05,4.33,11.26,5.24,8.86
E-0020878,1.6015512,211.23,11.08,210.23,8.55,5.17,14,7.52,12.28
E-0020879,1.4221616,184.39,10.14,136.84,4.81,9.29,18.22,8.21,12.37
E-0020880,1.1643844,250.9,7.42,113.23,7.71,4.62,26.21,13.12,18.52
E-0020881,1.8909807,174.3,13.04,146.52,8.06,5.12,9.53,7.38,10.28
E-0020882,1.7969974,68.3,11.17,138.36,6.9,6.4,8.14,6.04,9.1
E-0020883,2.0168157,23.15,5.63,171.67,10.72,2.72,6.21,4.14,6.06
E-0020884,1.8483284,140.48,13.01,281.27,6.99,5.63,11.83,5.08,8.66
E-0020885,1.8438547,271.28,4.73,50.42,15.42,1.88,16.08,16.06,25.99
E-0020886,1.9699774,133.41,14.61,213.89,12,3.96,14.11,7.27,10.08
E-0020887,1.8161217,252.86,11.2,201.1,10.61,1.79,15.14,6.86,10.31
E-0020888,2.257528,239.44,18.3,340.82,9.84,1.63,12.6,4.41,7.3
E-0020889,2.57976,137.9,40.95,692.95,16.42,1.18,7.91,6.13,8.16
E-0020890,3.833711,32.84,43.89,662.63,2.82,1.42,1.48,0.64,1.4
E-0020891,3.5441756,33.79,56.08,769.75,5.01,1.33,2.78,1.34,2.33
E-0020892,3.2657604,204.11,96.12,305.75,1.64,2.56,4.78,1.92,3.23
E-0020893,3.2685754,20.62,50.1,687.49,7.42,1.35,3.48,1.7,2.85
E-0020894,2.2686136,137.84,17.75,255.69,12.7,2.36,9.94,6.61,8.91
E-0020895,2.2187583,236.44,16.49,299.02,12.06,1.48,13.43,6.22,9.83
E-0020896,0.7412889,212.94,3.13,35.08,2.86,12.05,25.77,20.01,27.42
E-0020897,2.2998927,84.98,28.86,374.3,9.87,4.13,6.22,4.37,7.19
E-0020898,1.8513086,123.34,12.61,178.82,7.5,4.79,10.07,5.36,7.89
E-0020899,1.3721272,221.89,8.67,147.65,5.04,9.63,20.43,8.04,13.08
E-0020900,1.7149473,175.82,9.73,117.54,9.44,4.11,12.55,8.46,13.34
E-0020902,2.037735,149.68,10.3,123.7,9.74,3,7.69,5.75,8.86
E-0020903,1.6177253,227.84,10.36,112.49,7.64,6.17,13.36,11.72,17.86
E-0020904,1.7340487,213.67,16.85,160.02,6.12,7.6,12.5,8.15,13.94
E-0020905,1.7184929,218.78,16.54,157.76,5.9,7.85,12.68,8.37,14.21
E-0020906,1.6157217,238.03,12.3,135.3,6.5,8.02,17.39,12.09,18.31
E-0020907,1.8886025,233.18,13.28,118.35,6.18,7.99,13.53,8.98,13.98
E-0020908,1.1931427,226.19,9.92,132.22,6.01,7.2,15.4,7.58,13.59
E-0020909,1.9389871,157.43,15.45,173.38,6.42,6.77,8.41,5.39,9.76
E-0020910,1.2006993,239.44,7.06,130.97,9.39,3.42,26.62,13.87,18.93
E-0020911,0.5290132,232.11,5.02,80.93,4.16,5.41,41.4,19.85,28.69
E-0020912,1.3052613,221.26,5.79,127.2,7.08,5.86,31.21,11.56,18.57
E-0020913,1.2483827,212.98,8.42,166.46,6.9,4.27,23.3,8.5,14.62
E-0020914,2.1059225,164.92,15.1,317.73,9.94,2.59,14.48,4.91,9.11
E-0020915,1.3089029,222.64,8.29,153.29,7.17,3.92,23.01,7.41,13.29
E-0020916,2.1068397,172.41,15.14,221.62,9.12,2.75,14.66,4.6,8.65
E-0020917,1.5031445,201.82,8.44,155.54,8.72,3.1,19.85,6.39,11.68
E-0020918,2.2975256,139.44,17.64,272.57,10.34,2.18,11.9,3.97,7.41
E-0020919,1.2494448,238.02,6.41,184.95,4.89,10.36,24.57,12.29,16.27
E-0020920,1.5709693,180.05,8.12,150.6,4.8,9.52,17.26,6.72,9.94
E-0020921,1.2748418,248.75,5.35,132.07,4.57,10.81,26.27,11.31,15.3
E-0020922,1.8343121,144.58,12.8,281.7,7.1,5.23,12.14,5,8.6
E-0020923,1.7840232,223.64,10.15,119.59,4.75,11.93,15.99,10.31,14.71
E-0020924,1.7857766,226.73,9.8,112.96,4.62,12.03,16.57,10.6,15.06
E-0020925,3.0354645,48.84,34.03,205.34,8.84,1.55,4.71,2.08,3.28
E-0020926,2.0596855,171.22,20.02,441.31,11.68,2.53,12.59,4.88,8.51
E-0020927,1.137833,218.09,7.03,128.56,6.07,5.85,24.12,10.37,15.77
E-0020928,1.8459067,185.18,9.25,162.18,9.46,3.67,17.28,5.98,8.39
E-0020929,3.9471014,18.18,128.44,588.09,1.29,2.54,0.34,0.6,1.03
E-0020930,2.1138182,269.94,30.83,261.38,8.14,2.03,16.27,6.96,10.27
E-0020931,2.848414,169.12,101.61,816.13,10.43,1.37,6.58,4.26,5.45
E-0020932,3.4976075,14.07,78.99,"2,233.08",10.29,1.12,2.25,1.12,2.95
E-0020933,3.5463424,35.31,90.23,"1,332.03",7.57,1.2,2.63,1.37,2.73
E-0020934,3.4024894,52.26,60.87,"1,546.86",11.34,1.08,3.4,1.67,3.5
E-0020935,3.0612946,77.91,46.38,"1,300.03",14.73,1.11,5.19,2.87,4.77
E-0020936,2.2492385,142.59,20.67,214.98,15.17,1.6,9.21,6.68,9.69
E-0020937,2.7668638,90.91,63.38,669.89,12.2,1.33,6.78,4.32,5.68
E-0020938,3.9999151,5.81,66.03,613.4,2.86,1.3,0.6,0.28,0.9
E-0020939,1.1530962,192.03,9.1,81.58,2.36,14.5,21.81,16.04,22.46
E-0020940,0.8672578,232.58,5.68,97.41,3.5,9.67,32.36,12.76,18.72
E-0020941,1.7272037,235.57,11.58,156.12,4.85,10.31,11,6.48,10.5
E-0020942,1.8678213,207.15,18.98,288.48,9.76,4.35,12.49,7.1,11.07
E-0020943,1.8659761,198.05,13.98,225.86,10.22,4.32,13.51,7.79,11.79
E-0020944,1.937233,200,22.24,321.7,10.06,4.3,11.65,6.81,10.69
E-0020945,1.8619903,200.05,13.95,229.17,10.33,4.38,13.5,7.88,11.98
E-0020946,1.574129,200.41,9.73,178.87,6.17,7.32,15.87,8,12.73
E-0020947,1.5777388,197.67,10.12,159.75,5.75,7.86,15.65,8.28,12.86
E-0020948,1.5719235,201.3,9.65,174.02,6.34,6.96,15.95,7.88,12.54
E-0020949,1.4167956,220.43,9.15,151.13,5.17,9.55,19.61,7.86,12.83
E-0020950,1.3785536,227.44,10.57,171.56,4.74,11.73,20.07,8.31,12.74
E-0020951,2.583389,108.1,13.5,181.37,12.69,1.2,4.47,2.18,3.91
E-0020952,2.4271047,139.97,19.91,355.99,8.6,1.91,7.51,2.32,4.78
E-0020953,2.4558146,89.37,17.1,598.24,10.59,1.45,6.43,2.35,4.08
E-0020954,1.6603096,208.05,10.27,272.64,6.78,5.92,17.55,6.59,10.52
E-0020955,1.5755181,190.84,13.71,124.97,3.04,14.67,13.57,10.46,15.67
E-0020956,2.2271974,229.54,8.82,130.76,10.87,2.14,16.71,6.58,10.78
E-0020957,2.0545137,175.31,20.18,452.18,11.77,2.47,12.92,4.88,8.51
E-0020958,2.1675127,134.53,15.5,372.69,9.74,2,9.03,2.81,4.96
E-0020959,2.2941332,90.56,13.18,407.05,14.49,1.42,9.19,3.64,4.62
E-0020960,2.6076844,65.92,13.3,311.23,11.47,1.52,6.21,2.53,3.69
E-0020961,1.9922891,166.39,18.27,422.7,13.88,2.93,11.73,8.52,11.55
E-0020962,1.2502679,243.97,8.82,153.97,6.54,6.55,21.45,10.8,15.62
E-0020963,1.5690315,211.71,9.49,147.72,12.82,2.57,23.61,10.01,12.72
E-0020964,1.8687999,209.51,11.51,192.7,14.11,1.9,17.31,7.55,9.62
E-0020965,1.7530084,202.96,11.73,218.63,13.29,2.14,20.14,7.77,9.76
E-0020966,1.6676575,196.94,11.5,235.54,6.51,6.59,13.07,7.05,11.56
E-0020967,1.8264574,245.63,7.9,249.88,19.93,1.41,24.27,10.52,13.73
E-0020968,2.1947677,252.79,24.33,227.87,7.79,1.98,14.07,6.29,9.18
E-0020969,2.4629962,179.25,40.48,240.72,10.05,1.89,8.32,6.23,7.88
E-0020970,2.4520931,145.3,45.31,361.23,12.92,1.7,8.55,6.82,8.65
E-0020971,2.0845308,249.34,18.49,134.74,9.34,1.89,11.26,7.25,10.89
E-0020972,2.6135416,202.3,32.37,222.02,7.72,1.74,9.77,4.11,6.65
E-0020973,2.2588427,261.8,30.95,460.76,7.06,2.37,13.39,4.3,7.06
E-0020974,3.2976584,50.09,45.05,702.53,7.18,1.38,3.91,1.99,3.07
E-0020975,2.920157,101.04,92.77,773.02,12.79,1.24,5.74,3.9,5.18
E-0020976,2.874057,105.78,91.71,721.35,11.87,1.26,6.03,3.78,5.04
E-0020977,1.9370966,262.71,11.96,435.83,12.9,1.89,19.3,6.57,10.77
E-0020978,3.1736267,123.4,109.82,542.47,5.48,1.43,3.65,2.95,3.58
E-0020979,2.3594124,86.12,15.66,254.19,11.37,2.97,9.11,4.25,5.35
E-0020980,1.5690429,202.18,13.42,176.85,6.31,8.16,14.27,8.31,13.88
E-0020981,1.5737703,202.03,13.41,178.49,6.42,8,14.27,8.21,13.74
E-0020982,2.2660494,68.43,8.85,110.79,13.05,1.58,4.4,2.47,3.84
E-0020983,2.1174212,88.22,20.32,205.65,9.62,4.98,9.85,8.73,10.94
E-0020984,1.8886771,176.63,12.82,231.11,15,1.78,19.06,7.28,9.89
E-0020985,0.7612282,220.93,5.88,110.49,4.84,5.17,34.29,12.57,20.6
E-0020986,1.596661,167.9,8.21,147.55,7.31,5.22,23.22,7.23,12.57
E-0020987,0.92526644,199.19,7.82,101.66,2.73,11.76,26.98,12.81,18.83
E-0020988,1.0002835,207.33,7.47,92.08,3.74,9.09,26.59,15.25,21.3
E-0020989,2.8560581,48.81,19.35,440.77,6.46,1.75,4.45,1.6,2.98
E-0020990,1.5200057,167.71,8.45,211.19,4.77,10.09,17.18,8.26,11.52
E-0020991,1.8980249,117.57,13.27,352.6,7.3,4.54,12.43,4.99,7.77
E-0020992,1.5002664,213.61,8.66,228.94,6.28,6.86,21.03,8.84,12.85
E-0020993,2.4968407,144.93,21,419.03,11.14,1.53,7.31,2.45,4.84
E-0020994,1.9116983,113.23,13.36,343.75,7.23,4.71,12.26,5.07,7.79
E-0020995,2.2305512,121.01,18.44,347.06,8.84,4.13,8.32,4.49,7.24
E-0020996,1.9461303,159.62,18.31,542.66,11.87,1.83,13.16,3.92,6.73
E-0020997,1.8849859,173.72,19.5,565.05,11.98,1.82,14.47,4.12,7.06
E-0020998,2.2375033,119.78,14.88,347.25,9.48,2.07,8.14,2.63,4.65
E-0020999,2.6154902,2.59,16.82,523.34,15.89,1.23,3.39,2.63,4.38
E-0021000,2.8886309,0,17.85,407.87,12.18,1.38,2.76,1.76,3.23
E-0021001,1.952215,177.87,17.22,263.29,7.57,5.21,11.23,4.82,8.51
E-0021002,1.8553942,160.46,14.27,212.94,7.99,6.2,13.21,6.08,9.43
E-0021003,1.6592003,200.52,11.33,230.32,6.75,6.08,13.54,6.97,11.43
E-0021004,2.341203,156.78,18.61,339.67,11.47,1.95,10.79,3.98,5.86
E-0021005,1.6253873,255.91,6.49,151.3,18.01,1.49,28.97,11.23,16.95
E-0021006,2.6361299,137.94,15.49,533.66,14.05,1.29,8.37,3.29,4.3
E-0021007,1.5324861,241.26,12.26,146.57,4.13,16.35,18.35,7.8,11.71
E-0021008,1.4702142,208.01,7.4,303.03,10.5,3.47,22.73,8.49,12.68
E-0021009,1.7972635,192.75,11.88,260.89,13.58,2.28,20.91,8.26,10.61
E-0021010,1.5435525,237.2,11.22,112.7,3.84,13.08,14.92,7.19,10.31
E-0021011,1.3649582,239.22,8.2,122.27,6.92,7.59,20.38,15.31,20.54
E-0021012,1.2935733,204.24,12.3,110.14,2.64,14.55,15.58,9.92,16.23
E-0021013,2.1935568,133.74,13.55,205.49,13.78,1.87,12.44,5.68,8.33
E-0021014,-0.044544477,268.1,0,0,0,20.83,37.8,19.42,32.72
E-0021015,2.0653906,183.04,15.95,153.86,8.92,3.45,7.99,5.72,9.9
E-0021016,2.308037,107.64,16.63,150.28,10.66,1.89,9.01,3.4,5.67
E-0021017,1.9999783,91.13,12.86,447.17,10.84,2.14,10.91,3.95,6.38
E-0021018,1.8936976,211.65,17.25,487.92,12.69,1.93,14.98,4.88,8.35
E-0021019,1.5711622,159.07,9.17,238.31,5.06,9.46,16.04,7.8,11.03
E-0021020,2.369566,68.17,10.97,194.26,11.21,2.13,9.93,5.31,7.37
E-0021021,2.4029162,102.47,11.76,468.19,11.04,2.13,12.93,4.51,6.92
E-0021022,3.0974817,22.83,14.97,118.35,8.29,1.52,2.76,1.35,2.31
E-0021023,2.0194385,79.34,8.39,304.63,10.37,1.67,7.22,2.6,4.87
E-0021024,1.5665696,199.36,10.59,183.03,6.4,7.08,16.32,7.84,12.71
E-0021025,1.4991788,209.09,9.69,177.86,6.37,6.96,17.53,8.11,13.14
E-0021026,1.5870486,201.98,10.5,205.48,7.07,6.24,16.12,7.44,12.31
E-0021027,1.5994444,201.14,10.58,208.15,7.2,6.08,15.97,7.33,12.16
E-0021028,1.1927179,220.53,5.95,113.86,6.36,6.71,24.69,9.02,14.13
E-0021029,1.2756478,226.17,6.16,101.88,8.25,4.64,24.39,12.12,16.18
E-0021030,0.40756568,243.03,4.18,96.65,1.97,13.08,29.16,10.25,17.45
E-0021031,1.2213416,221.47,7.54,106.67,4.46,9.39,21.02,7.92,12.76
E-0021032,2.3042753,145.18,17.35,272.69,9.06,2.01,9.73,3.18,5.75
E-0021033,1.0377809,262.18,7.22,137.92,11.12,2.35,32.97,14.92,19.82
E-0021034,2.4444022,83.37,20.22,407.96,9.68,2.71,7.47,3.49,4.99
E-0021035,3.3727007,15.54,19.78,441.36,10.29,1.32,3.22,1.52,1.38
E-0021036,2.179978,156.25,19.95,319.25,10.66,3.29,9.79,4.82,7.33
E-0021037,2.016314,165.62,10.26,141.68,12.79,2.81,12.08,6.14,8.42
E-0021038,2.0233521,165.76,10.5,138.93,13.01,2.7,11.97,6.11,8.36
E-0021039,1.6027836,226.38,7.74,120.65,12.08,2.72,19.86,8.63,11.44
E-0021040,2.9395142,83.82,29.76,380.4,10.2,1.32,5.78,3.2,4.78
E-0021041,3.1762943,239.04,90.04,311.4,1.79,2.64,6.24,2.17,3.76
E-0021042,3.6998272,85.21,140.68,600.55,2.33,1.68,1.41,1.38,1.82
E-0021043,2.5645037,59.41,54.06,494.54,14.59,1.38,7.24,5.17,6.79
E-0021044,2.989665,122.39,89.01,914.32,10.06,1.38,4.97,3.73,4.81
E-0021045,3.7979553,27.36,49.89,616.58,3.47,1.42,1.64,0.74,1.46
E-0021046,2.9909692,54.45,34.92,734.76,12.57,1.24,4.82,2.72,4.42
E-0021047,2.4176798,154.12,30.07,430.02,18.47,1.18,9.02,6.39,9.09
E-0021048,2.7608185,77.53,36.9,334.83,16.73,1.18,5.69,4.72,6.66
E-0021049,2.7752013,102.93,35.01,480.35,14.29,1.2,6.58,4.4,6.24
E-0021050,2.3722014,109.38,36.58,296.74,9.88,2.26,8.74,4.38,6.2
E-0021051,3.0451765,48.08,44.73,"1,072.08",15.73,1.11,5.21,2.65,4.64
E-0021052,1.9112912,184.7,15.66,162.62,16.59,1.87,17.56,12.57,15.22
E-0021053,2.0182688,139.36,19.22,379.85,16.7,1.61,14.39,8.81,11.22
E-0021054,2.6984167,167.91,33.49,331.39,15.61,1.14,8.48,5.73,8.17
E-0021055,2.0459144,230.7,20.04,192.52,11.16,1.69,14.87,7.31,11.35
E-0021059,3.7417011,57.85,35.79,398.54,4.96,1.33,2.11,0.93,1.98
E-0021060,2.7893884,111.83,39.62,848.35,16.7,1.11,7.01,4.66,6.98
E-0021061,3.2492123,88.08,36.21,505.36,9.12,1.23,4.34,2.3,3.71
E-0021062,2.872058,71.54,52.89,951.34,15.98,1.17,6.36,3.67,5.62
E-0021063,2.0296714,216.85,12.38,160.88,12.73,1.94,15.41,6.89,10.66
E-0021064,3.332351,88.75,63.96,"1,034.1",10.91,1.11,3.41,2.36,3.92
E-0021065,1.682484,170.69,10.15,218.63,12.24,2.51,21.45,8.06,10.31
E-0021066,1.69361,231.04,9.37,245.54,9.86,4.53,16.12,7.03,11.23
E-0021067,1.9184699,166.27,13.48,213.6,6.25,6.38,11.96,5.11,8.3
E-0021068,1.1971954,230.86,8.88,108.63,8.11,4.63,32.87,12.64,16.88
E-0021069,1.6325252,210.31,11.05,167.9,8.85,5.49,24.49,7.33,10.15
E-0021070,2.291352,61.69,9.14,234.55,8.17,1.86,4.83,1.78,3.63
E-0021071,2.133037,120.5,12.81,402.24,10.56,2.2,8.58,3.33,5.04
E-0021072,2.7990003,77.8,25.91,644.19,13.3,1.3,5.34,2.38,3.33
E-0021073,3.0845733,52.7,23.88,417.92,10.1,1.55,4.17,1.84,2.7
E-0021074,1.8011353,198.3,12.6,206.5,8.19,5.94,16.28,6.43,9.92
E-0021075,1.7893687,199.9,12.5,200.79,8.2,5.68,16.38,6.45,9.87
E-0021076,2.432756,136.43,18.76,370.85,14.13,1.34,10.41,3.74,6.25
E-0021077,1.3603287,191.03,9.03,138.98,6.65,6.3,18.89,7.69,12.11
E-0021078,2.534937,119.32,22.25,252.21,10.68,2.57,7.44,3.71,5.49
E-0021079,2.47873,90.73,32.97,497.64,12.35,2.02,8.16,4.09,6.1
E-0021080,1.4240454,234.72,10.46,213.98,8.15,5.71,24.57,7.39,10.57
E-0021081,2.1143951,140.17,12.25,203.33,18.65,1.28,13.92,6.81,9.4
E-0021082,1.2160639,193.83,6.6,111.77,4.91,7.75,20.96,7.58,11.92
E-0021083,0.9516231,245.39,5.68,36.66,13.21,1.68,15.46,18.77,29.02
E-0021084,1.508734,182.43,9.18,120.82,8.61,4.15,18.59,8.13,11.46
E-0021085,1.4517406,186.85,8.76,117.27,7.92,4.75,19.6,8.57,12.01
E-0021086,1.4400492,188.14,8.56,116.08,8.07,4.63,19.77,8.6,12.03
E-0021087,0.80363554,245.37,6.13,133.83,7.02,4.84,28.65,12.75,18.99
E-0021088,1.1197225,242.92,5.76,118.27,7,4.9,21.52,8.58,13.24
E-0021089,1.3646121,237.77,6.49,128.84,9,4.3,18.74,8.79,12.94
E-0021090,1.7035193,230.48,9.39,262.32,10.04,4.46,15.8,6.86,11.1
E-0021091,2.1170762,164.12,16.49,370.5,16.93,1.34,13.14,4.54,6.19
E-0021092,1.4688766,180.01,7.54,155.28,7.67,4.81,26.47,7.8,13.83
E-0021093,1.7021545,194.04,8.87,168.74,8.91,3.77,22.42,7.23,12.89
E-0021094,2.246042,85.06,11.52,283.5,12.44,1.97,10.71,5.42,8.07
E-0021095,2.8929472,44.21,15.86,158.31,9.46,1.46,3.9,1.87,2.94
E-0021096,1.8851911,164.1,12.72,615.22,12.8,1.77,13.7,3.98,6.93
E-0021097,1.849236,174.53,13.22,632.76,12.99,1.74,14.72,4.15,7.18
E-0021098,1.9378455,91,8.55,409.67,11.02,1.64,7.84,2.81,5.3
E-0021099,2.4039884,87.34,14.44,292.63,8.72,2.42,5.99,2.39,3.94
E-0021100,1.51065,213.22,7.89,136.5,7.15,4.91,19.09,6.34,10.21
E-0021101,1.9247082,166.81,12.92,168.53,10.04,3.46,14.41,6.08,9.36
E-0021102,1.4341304,199.52,15.44,334.16,7.27,5.85,19.73,7.55,11.84
E-0021103,2.1599286,124.68,17.99,372.53,8.83,3.68,9.79,4.08,6.53
E-0021104,1.4521575,196,15.6,335.99,7.19,6.04,19.17,7.43,11.67
E-0021105,2.1458933,128.87,17.71,377.71,8.84,3.61,9.95,4.07,6.59
E-0021106,1.6148077,191.76,11.17,121.07,6.87,6.45,20.73,8.91,12.75
E-0021107,1.8853725,120.32,10.39,206.89,21.73,1.21,18.59,9.45,11.44
E-0021108,1.94827,169.05,11.58,157.36,16.16,1.6,15.19,6.6,9.72
E-0021109,2.534007,120.36,26.85,390.98,11.76,1.81,7.49,3.23,5.47
E-0021110,1.4189023,229.54,9.41,164.89,5.39,8.23,15.91,7.01,12.52
E-0021111,1.5218747,163.98,7.9,167.06,6.45,6.08,17.47,5.95,9.69
E-0021112,1.4711117,183.22,8.9,118.91,7.98,4.66,19.13,8.36,11.7
E-0021113,1.7577287,208.28,9.89,156.8,11.16,2.91,13.38,5.84,9.28
E-0021114,1.3477051,211.87,8.7,118.2,10.42,3.54,30.4,12.45,15.37
E-0021115,2.3723505,109.95,15.61,366.93,14.04,1.35,8.93,3.16,4.41
E-0021116,1.3100069,209.18,9.39,135.64,6.47,7.98,29.11,10.09,13.73
E-0021117,3.0630288,85.32,16.59,461.37,9.22,1.3,5.47,1.94,3.22
E-0021118,2.8047743,123.49,19.99,470.35,14.21,1.17,7.15,3.29,5.25
E-0021119,1.3719918,225.04,6.02,118.36,6.5,4.77,18.38,7.28,11.83
E-0021120,2.0244668,177.91,10.58,157.67,8.18,3.2,10.17,3.9,7.18
E-0021121,1.1792928,231.61,6.47,128.81,7.63,4.93,24.72,10.7,15.65
E-0021122,1.0990422,207.28,7.29,131.52,6.12,6.32,28.03,11.76,16.79
E-0021123,2.8353736,115.26,79.94,734.54,11.48,1.37,5.95,4.07,5.3
E-0021124,2.648161,175.92,35.46,393.48,15.74,1.14,10.84,6.43,8.53
E-0021125,2.723123,245.39,22.41,285.57,17.25,1.01,12.23,5.33,8.5
E-0021126,2.8103876,201.64,28.57,348.1,18.07,0.98,10.52,5.26,8.12
E-0021127,1.7385314,215.01,10.24,128.7,6.21,10.87,19.88,6.91,8.95
E-0021128,1.2973464,243.47,8.7,251.98,7.67,4.17,21.56,7.03,12.19
E-0021129,1.4603888,185.25,10.58,127.42,6.07,6.46,19.38,9.4,14.03
E-0021130,1.3958123,231.26,8.92,136.75,5.61,8.18,18.78,10.87,16.67
E-0021131,1.4438906,228.19,9.71,141.61,5.7,8.29,17.76,10.61,16.33
E-0021132,1.4297757,229.49,9.3,142.99,5.86,7.97,18.09,10.56,16.34
E-0021133,0.77801424,238.08,6.83,114.02,2.28,12.2,21.96,10.82,18.52
E-0021134,0.23828532,235.1,5.23,80.58,0,21.35,26.23,6.77,14.52
E-0021135,2.927461,95.66,20.33,551.3,13.29,1.05,5.75,1.82,3.34
E-0021136,1.867688,148.4,11.57,168.9,9.73,3.66,18.35,5.3,7.78
E-0021137,2.7049804,65.36,13.95,392.63,12.88,1.18,5.34,1.7,3.21
E-0021138,0.14865507,198.89,4.95,116.61,0.24,17.2,25.76,7.71,16.05
E-0021139,1.8285407,172.58,9.95,149.94,14.38,1.91,19.01,6.37,9.03
E-0021140,1.8761579,176.89,9.62,169.17,17.87,1.47,15.86,8.07,10.43
E-0021141,-0.09166316,255.55,3.68,97.29,1.67,11.94,31.4,10.19,18.88
E-0021142,2.2631135,200.64,14.99,349.02,19.75,1.17,13.2,6.51,8.19
E-0021143,1.5433159,233.11,11.33,165.06,14.58,1.57,25.61,10.58,13.68
E-0021144,2.355275,128.7,25.77,334.73,12.95,1.44,10.83,4.02,6.42
E-0021145,3.3756983,48.34,20.66,552.82,8.32,1.25,3.8,1.31,2.43
E-0021146,1.3604816,216.8,6.89,116.54,7.32,5.04,21.12,7.37,11.93
E-0021147,1.1501622,223.74,6.74,97.6,4.05,9.99,24.54,9.38,14.02
E-0021148,0.7765654,241.48,5.28,85.24,1.88,13.84,30.99,13.42,18.72
E-0021149,1.7798637,181.06,9.58,158.49,7.22,4.21,14.41,4.96,8.48
E-0021150,1.5781305,215.2,10.63,183.76,7.27,3.7,17.87,6.21,10.25
E-0021151,1.6055831,217.06,9.7,201.77,9.46,3.38,17.46,5.87,9.13
E-0021152,1.826662,191.51,11.21,193.33,10.02,3.08,13.36,4.73,7.64
E-0021153,1.6265771,221.94,9.6,137.52,11.24,3.27,19.81,8.66,11.08
E-0021154,2.3556135,94.86,13.76,229.53,16.12,1.5,9.87,5.02,5.65
E-0021155,1.9269983,176.91,10.92,161.01,12,2.57,14.23,6.57,9.16
E-0021156,2.258365,148.99,17.73,256.79,15.69,1.46,10.44,4.64,6.59
E-0021157,1.4873945,214.64,8.57,109.35,9.11,4.69,23.6,13.08,15.39
E-0021158,2.4360054,91.82,33.36,397.07,13.77,1.58,7.96,3.85,5.93
E-0021159,0.14148931,253.59,1.41,27.91,0,18.18,47.73,21.11,27.01
E-0021160,0.9838018,233.74,7.19,113.79,3.62,10.74,28.63,9.35,13.72
E-0021161,0.4583371,215.87,4.6,121.93,3.16,13.51,34.62,9.88,15.79
E-0021162,2.38238,158.56,24.81,235.3,14.22,1.69,9.44,7.92,9.92
E-0021163,2.5195484,53.43,32.67,453.1,13.89,1.72,7.07,5.57,6.81
E-0021164,2.5675178,179.84,31.22,266.67,10.72,1.74,7.18,5.41,7.36
E-0021165,2.6490858,202.63,65.29,400.98,10.13,1.59,7.59,5.34,6.83
E-0021166,2.438016,156.01,42.04,239.76,7.5,2.43,8.64,5.23,6.56
E-0021167,2.5411327,94.57,50.67,387.69,9.62,2.1,6.95,5.01,6.27
E-0021168,2.8135128,20.46,27.94,384.73,12.95,1.34,5.41,2.97,4.54
E-0021169,2.678594,177,30.84,444.22,12.27,1.25,7.85,4.75,6.91
E-0021170,1.8388634,223.72,12.74,123.45,15.04,2.12,18.62,12.85,15.49
E-0021171,3.0842736,68.64,87.88,898.37,9.49,1.34,4.95,2.88,4.02
E-0021172,2.6411865,146.34,70.09,597.76,11.87,1.44,7.42,4.92,6.19
E-0021173,3.805553,19.47,186.69,"1,243.57",4.93,1.31,1.13,0.97,1.49
E-0021174,2.2186425,221.59,30.88,471.74,11.74,1.86,15.82,6.03,8.99
E-0021175,2.790739,178.13,22.28,375.09,15.53,1.1,10.79,5.22,7.8
E-0021176,1.7267604,250.62,15.34,275.04,25.12,1.04,32.17,8.64,13.17
E-0021177,2.6226032,192.7,38.23,426.34,13.77,1.33,8.68,5.39,7.62
E-0021178,2.3054922,152.02,16.9,202.8,19.22,1.24,11.68,7.98,10.84
E-0021179,2.9719148,45.89,51.52,586.32,9.45,1.42,5.03,2.72,3.85
E-0021180,2.737621,57.86,56.82,538.63,11.34,1.4,6.29,4.06,5.18
E-0021181,2.5750616,96.62,19.55,239.57,8.89,1.97,6.6,3.63,5.31
E-0021182,2.167242,111.99,18.67,278.29,7.22,6.41,7.79,4.64,7.83
E-0021183,2.184417,116.26,19.08,289.01,7.61,5.57,7.61,4.37,7.59
E-0021184,1.9850339,169.64,14.83,272.56,8.81,3.63,13.98,4.88,7.26
E-0021185,2.533206,115.91,19.07,380.9,11.25,1.83,8.51,3.41,5.21
E-0021186,2.1455467,103.42,15.17,147.68,9.19,4.08,7.63,7.94,10.02
E-0021187,2.1152759,151.34,21.13,224.52,7.24,5.76,9.57,5.01,7.56
E-0021188,0.6128089,243.19,8.24,103.4,2.82,13.49,25.09,11.87,18.53
E-0021189,0.4534587,240.3,8.16,93.57,1.72,17.27,26.11,12.19,18.75
E-0021190,1.4137918,199.1,9.81,164.58,7.18,5.9,24.46,9.54,13.52
E-0021191,1.9708248,154.44,16.56,280.4,12.74,2.43,14.74,7.43,10.41
E-0021192,1.8071846,173.82,10.97,150.53,11.47,3.17,17.04,9,12.02
E-0021193,1.6356694,192.46,9.57,91.87,11.14,3.11,21.77,9.64,13.06
E-0021194,1.8400384,177.95,11.32,213.93,12.6,2.16,16.63,6.12,8.97
E-0021195,2.906954,130.76,23.4,749.46,13.39,1.19,6.86,2.71,3.88
E-0021196,1.3131607,216.02,8.79,139.62,13.39,2,24.08,12.19,14.9
E-0021197,1.9110678,196.33,12.43,206.15,14.03,1.75,17.06,6.04,7.44
E-0021198,3.1713793,61.23,16.74,362.62,10.32,1.26,4.6,1.88,2.88
E-0021199,1.8407787,175.95,11.77,301.91,13.14,1.95,15.57,5.74,8.57
E-0021200,2.8273563,129.78,16.54,561.46,14.21,1.07,6.4,2.54,3.76
E-0021201,3.5508366,40.83,16.26,571.99,8.6,1.13,3.08,0.93,1.82
E-0021202,2.777477,107.58,18.87,393.39,9.86,1.37,7.79,2.79,4.22
E-0021203,1.1762745,207.44,5.24,71.32,9.08,3.68,27.32,12.3,16.69
E-0021204,1.7261758,167,12.72,171.52,10.17,3.7,15.21,6.81,10.9
E-0021205,1.1155187,211.63,6.44,115.16,3.69,9.13,13.04,4.2,9.78
E-0021206,0.09111502,223.65,4.38,118.93,0.3,18.26,34.32,10.79,18.98
E-0021207,2.1264749,184.58,12.45,294.88,14.73,1.41,12.35,4.54,5.62
E-0021208,2.197029,162.71,20.22,275.05,15.17,1.64,10.77,5.36,7.49
E-0021209,1.4810934,196.8,7.37,136.95,7.23,5.67,20.64,8.29,12.47
E-0021210,1.174271,237.69,6.5,127.06,6.02,5.68,24.02,9.07,14.14
E-0021211,0.31416795,195.81,5.9,106.11,3.26,9.05,25.2,8.14,15.45
E-0021212,1.7085464,211.22,12.81,200.22,7.75,6.61,14.97,6.87,11.15
E-0021213,1.3174385,229.65,7.54,98.27,8.33,4.24,27.69,13,15.4
E-0021214,1.6618735,190.64,10.2,137.97,7.48,5.5,18.66,6.32,9.55
E-0021215,2.0273104,144.78,13.46,244.55,13.5,2.12,14.68,5.12,7.43
E-0021216,2.0831056,160.1,13.56,248.12,11.69,1.81,12.81,4.57,6.72
E-0021217,2.974505,112.38,17.22,543.1,12.7,1.11,5.3,2.27,3.32
E-0021218,1.7133191,195.98,11.7,141.09,8.31,5.08,19.18,7.62,11.35
E-0021219,2.64117,118.24,16.55,372.31,13.45,1.21,6.26,2.14,3.54
E-0021220,1.6889815,214.96,11.4,172.02,8.63,5.8,17.79,9.23,13.34
E-0021221,1.9349778,148.64,17.43,275.94,17.77,1.41,16.24,8.45,10.83
E-0021222,1.7380934,194.74,10.84,124.33,13.71,2.22,20.01,8.33,11.42
E-0021223,2.465849,133.23,15.98,390.96,15.08,1.18,9.06,3.19,4.67
E-0021224,3.4678507,60.18,18.78,594.55,5.72,1.42,3.67,1.28,2.17
E-0021225,2.8999474,64.9,17.93,470.64,12.65,1.21,6.93,2.36,3.84
E-0021226,1.4198331,181.35,10.73,179.42,8.38,4.6,23.13,7.91,11.38
E-0021227,2.3950722,130.91,14.78,363.39,15.3,1.24,9.19,3.78,5.54
E-0021228,2.4468653,108.59,21.16,346.19,12.25,1.58,9.31,3.17,5.14
E-0021229,3.212475,51.07,21.96,527.37,8.58,1.3,4.46,1.62,2.87
E-0021230,2.5318496,131.39,16.5,432.2,14.33,1.32,9.3,3.57,5.37
E-0021231,3.1772954,95.08,20.11,555.36,11.69,1.14,4.82,1.72,2.68
E-0021232,1.7496965,192.34,9.88,161.66,14.08,2.15,19.61,7.91,11.29
E-0021233,2.2065012,166.66,13.1,271.99,15.81,1.24,12.35,4.99,7.41
E-0021234,2.1528506,131.95,14.69,299.93,15.05,1.35,11.11,4.03,6.7
E-0021235,2.023498,149.67,15.9,346.36,10.46,2.83,11.83,4.17,7.42
E-0021236,2.0605297,151.28,16.15,344.74,10.97,2.48,11.66,4.02,7.22
E-0021237,0.18558627,233.23,4.58,125.6,0.71,15.99,28.7,8.96,17.37
E-0021238,1.3436617,214.11,6.77,120.02,6.35,6.57,21.97,6.71,11.04
E-0021239,2.708447,84.7,30.43,485.99,10.3,2.12,5.79,2.89,4.44
E-0021240,2.684275,100.05,26.27,438.89,12.71,1.49,5.46,2.85,4.68
E-0021241,1.416268,237.79,5.37,122.83,7.98,3.98,18.21,7.22,11.33
E-0021242,0.17512222,247.24,3.21,109.93,1.12,15.47,30.84,9.24,17.27
E-0021243,2.079557,180.05,12.89,300.95,12.84,2.12,11.36,5.62,8.56
E-0021244,1.9693465,198,12.59,149.83,10.56,2.39,12.17,4.03,6.96
E-0021245,1.7937067,171.42,9.18,130.74,16.99,1.63,18.71,10.41,12.98
E-0021246,3.2632227,64.84,135.5,925.78,8.24,1.31,3.99,2.36,3.21
E-0021247,2.9291306,124.63,92.71,664.47,10.29,1.35,5.74,3.71,4.94
E-0021248,0.7247642,251.19,5.71,101.25,9.76,2.93,34.3,9.1,16.02
E-0021249,1.5957675,266.06,11.13,222.57,23,1.14,34.7,12.07,17.47
E-0021250,2.7062116,222.65,22,306.55,19.56,0.99,11.2,5.35,8.73
E-0021251,3.2852721,70.46,35.33,640.65,10.04,1.13,4.36,2.19,3.78
E-0021252,2.9117498,204.76,27.65,381.39,9.04,1.18,6.66,2.43,4.57
E-0021253,1.9066843,109.39,15.21,165.99,7.63,4.55,11.89,7.09,9.52
E-0021254,2.0958505,130.8,13.47,245.65,13.78,1.83,13.97,4.77,7.07
E-0021255,2.1936126,158.62,15.38,316.56,19.37,1.17,13.56,6.02,8.66
E-0021256,2.6983678,109.07,18.74,519.71,16.76,1.1,7.88,3.48,5.08
E-0021257,2.5954664,81.14,15.83,343.39,13.36,1.31,6.82,3.15,4.64
E-0021258,2.7742548,122.45,19.41,450.29,12.43,1.26,7.12,2.92,4.3
E-0021259,1.5986304,184.65,10.63,132.17,10.69,2.93,21.12,9.99,13.13
E-0021260,2.0029256,167.06,12.32,222.03,17.43,1.24,13.53,6.88,9.23
E-0021261,1.8768729,177.37,14.7,208.52,11.29,2.31,15.14,6.04,8.38
E-0021262,2.7968757,79.71,32.61,560.44,14.77,1.14,8,3.26,5.28
E-0021263,0.41654018,232.15,5.75,107.65,2.93,6.4,40.12,17.56,26.39
E-0021264,1.6309396,207,8.72,131.84,11.02,2.95,17.28,6.28,9.41
E-0021265,1.7312099,212.31,10.42,127.33,9.39,2.98,14.38,4.64,8.02
E-0021266,1.938045,190.13,10.59,134.09,9.2,2.63,10.71,3.52,6.36
E-0021267,1.6419983,200.98,10.03,149.73,7.71,5.15,16.13,5.55,9.04
E-0021268,1.8548545,178.22,11.16,150.38,7.53,4.79,12.56,4.49,7.5
E-0021269,2.204936,149.14,18.99,335.38,11.08,2.52,9.26,4.35,7.16
E-0021270,1.4320301,224.42,5.32,100.75,6.76,5.36,19.29,6.14,10.43
E-0021271,2.260709,134.01,19.47,303.91,18.2,1.29,11.26,6.24,8.16
E-0021272,2.8494775,123.65,21.51,551.88,12.47,1.17,6.72,2.94,4.49
E-0021273,2.0074568,153.25,11.64,203.64,19.4,1.32,14.43,8.32,10.86
E-0021274,2.089334,144.37,13.15,219.87,14.37,2.17,12.33,6.99,9.57
E-0021275,2.428383,120.09,18.44,198.86,12,2.06,8.67,4.33,6.74
E-0021276,1.7732687,175.75,9.31,193.03,15.5,1.99,19.19,7.99,10.4
E-0021277,1.4780965,209.08,7.35,94.3,14.67,2.18,21.99,9.26,12.66
E-0021278,2.5135694,125.16,20.42,233.63,8.22,2.44,7.65,3.12,4.7
E-0021279,3.7536793,45.69,82.56,563.83,3.73,1.53,1.81,0.79,1.46
E-0021280,3.5121155,126.57,93.52,591.14,5.91,1.51,3,1.76,2.71
E-0021281,4.005885,9.96,85.09,595.21,1.4,1.55,0.65,0.24,0.72
E-0021282,3.6969917,58.54,79.77,563.95,4.49,1.31,2.28,1.01,1.91
E-0021283,3.7313523,35.11,86.82,674.1,5.6,1.31,2.08,1.07,1.86
E-0021284,3.1063645,94.08,29.88,373.11,10.8,1.05,6.39,2.8,4.78
E-0021285,3.2149003,42.98,62.1,576.29,8.5,1.27,4.1,2.24,3.39
E-0021286,2.4748855,177.03,53.77,356.16,8.25,1.94,8.73,4.65,6.24
E-0021287,2.599195,199,51.67,491.4,9.66,1.49,8.3,4.17,6.1
E-0021288,3.05925,89.58,114.37,846.35,8.66,1.47,4.89,3.1,4
E-0021289,2.4524763,124.49,52.35,468.77,14.74,1.54,9.6,6.76,8.21
E-0021290,2.8385859,109.45,106.44,829.89,10.91,1.38,6.17,4.28,5.28
E-0021291,2.5594318,152.2,51.49,495.46,11.84,1.74,7.57,5.33,7.01
E-0021292,2.6711874,152.2,79.13,607.52,13.42,1.3,7.92,5.64,7.11
E-0021293,3.1027207,85.79,34.41,822.5,10.68,1.17,5.37,3.04,4.44
E-0021294,2.7271295,145.18,25.2,607.3,17.7,0.98,8.39,4.87,7.28
E-0021631,2.720421,139.08,38.57,524.1,11.94,1.3,8.2,4.43,6.14
E-0021632,2.4997482,148.91,29.36,401.02,15.25,1.21,12.04,6.11,8.6
E-0021633,3.130996,45.24,117,630.74,7.69,1.34,4.43,2.47,3.15
E-0021634,2.3563666,260.6,19.68,258.25,20.45,1.07,20.61,6.77,10.67
E-0021635,2.626697,163.75,67.12,476.09,10.41,1.97,7.57,4.76,6.22
E-0021636,2.6147683,174.33,65.16,470.62,10.13,2.06,7.96,4.8,6.35
E-0021637,2.7693272,101.36,101.72,740.05,12.35,1.36,6.64,4.41,5.61
E-0021638,2.9993591,86.53,123.05,794.9,9.48,1.42,5.27,3.24,4.07
E-0021639,2.8663294,187.46,25.88,466.92,20.32,0.96,8.97,4.59,7.45
E-0021640,3.4261987,33.08,114.42,829.44,7.32,1.2,3,1.83,2.6
E-0021641,2.2278845,152.75,16.94,223.87,9.18,3.15,10.85,4.34,7.12
E-0021642,2.239113,152.45,16.37,224.39,13.6,1.69,11.72,4.59,7.5
E-0021643,1.8106323,179.57,11.02,186.78,9.15,4.53,12.54,5.57,9.65
E-0021644,1.1169059,195.51,10.42,154.35,3.6,14.02,16.55,6.45,12.06
E-0021645,1.8541763,178.83,12.56,214.94,12.4,2.15,18.55,6.4,9.3
E-0021646,2.4744887,156.3,19.93,444.9,15.32,1.21,10.59,3.83,5.54
E-0021647,1.2916634,195.02,9.66,145.36,6.72,6.83,26.13,9.17,13.04
E-0021648,3.7424407,34.54,25.86,608.29,5.29,1.32,2.36,0.79,1.8
E-0021649,1.4911454,238.3,9.11,163.54,12.52,1.6,20.12,7.4,11.02
E-0021650,1.6563468,202.9,10.03,166.47,8.93,2.81,16.32,5.1,10.2
E-0021651,1.4293214,217.02,9.16,219.31,8.19,4.4,20.76,8.38,12.7
E-0021652,1.5299127,223.35,8.98,186.19,6.4,5.67,17.4,5.66,9.64
E-0021653,1.8505831,190.08,9.53,147.11,11.4,2.51,13.44,5.12,7.83
E-0021654,2.4858522,79.56,17.31,299.71,18.39,1.18,9.78,5.32,6.16
E-0021655,2.2390234,136.44,14.88,287.97,12.12,2.3,10.02,4.06,6.86
E-0021656,1.942385,189.17,13.14,156.64,7.41,4.07,11.64,3.79,6.88
E-0021657,2.3143897,141.02,15.39,179.67,16.64,1.33,10.28,5.38,8.15
E-0021658,1.9429034,194.63,10.44,182.68,17.17,1.43,15.9,6.52,9.21
E-0021659,1.9933634,192.84,10.87,188.59,13.05,2.12,14.42,5.58,8.56
E-0021660,1.7272034,173.7,8.93,174.03,19.4,1.43,20.55,8.99,11.02
E-0021661,2.3477492,87.25,11.86,375.15,21.85,1,11.11,5.91,6.49
E-0021662,2.7060173,96.11,15.82,436.72,15.66,1.1,6.07,2.41,3.56
E-0021663,2.4305534,167.46,11.73,291.33,11.23,1.25,6.04,2.04,3.56
E-0021664,3.1151574,47.17,21.7,501.98,11.78,1.08,3.86,1.55,2.79
E-0021665,1.9941009,159.61,14.8,207.16,17.52,1.42,14.44,7.63,10.04
E-0021666,1.3940555,218.4,6.68,94.79,10.52,3.43,18.67,7.59,12.97
E-0021667,2.466422,142.09,19.25,241.02,10.53,1.67,8.1,3.38,4.96
E-0021668,1.8412049,205.47,9.58,147.45,13.81,2.1,15.6,7.58,10.1
E-0021669,2.472289,41.47,84.53,876.89,2.09,24.68,8.3,3.34,3.78
E-0021670,2.7528968,36.61,113.73,"1,054.5",3.1,16.13,6.07,2.51,3.15
E-0021671,2.9028563,25.3,131.04,"1,282.3",2.4,15.75,4.82,2,2.71
E-0021675,2.6208239,249.22,30.66,207.31,16.24,1.1,5.53,6.51,9.31
E-0021677,2.6685135,151.12,28.99,233.03,15.22,1.06,7.6,5.71,8.29
E-0021679,3.777995,27.3,174.84,630.21,2.96,1.61,0.63,0.86,1.06
E-0021680,3.076951,45.27,45.51,447.21,12.47,1.23,3.82,2.93,4.66
E-0021681,2.5422144,206.36,34.31,461.59,14.11,1.29,9.51,5.39,7.83
E-0021682,2.8946388,91.25,126.81,836.97,12.02,1.29,5.76,3.85,4.86
E-0021683,3.0914385,72.25,131.67,833.28,9.27,1.35,4.94,2.86,3.82
E-0021684,2.9819262,89.02,120.56,794.32,9.73,1.41,5.39,3.33,4.18
E-0021685,2.862153,189.83,21.75,311.8,22.03,0.96,10.28,4.82,8.22
E-0021686,2.3569791,235.67,14.81,776.12,12.63,1.22,11.61,4.29,7.15
E-0021687,2.9728284,98.95,75.41,775.44,8.71,1.43,5.57,3.11,4.18
E-0021688,2.4279313,201.11,22.02,939.94,13.02,1.14,9.82,4.27,6.84
E-0021690,1.0402062,231.31,5.93,105.25,11.29,2.94,36.34,13.31,19.11
E-0021691,1.0131406,230.56,5.92,104.84,11.02,3.01,36.66,13.45,19.36
E-0021692,1.2886429,221.39,7.75,121.2,8.64,4.39,29.52,9.28,13.72
E-0021693,0.75958395,241.79,4.31,94.28,9.33,3.68,32.94,13.5,17.55
E-0021694,0.9963133,227.41,4.17,106.87,6.18,6.27,38.76,12.29,18.75
E-0021695,0.9599405,236.04,3.39,58.08,3.7,9.97,25.17,12.07,18.79
E-0021696,1.6051675,185.07,8.88,191.91,7.63,5.54,15.22,8.44,12.5
E-0021697,0.9686792,212.6,3.99,73.45,4.05,9.33,24.7,13.67,20.48
E-0021698,0.95607674,247.95,4.29,94.84,3.75,12.92,29.93,13.71,18.57
E-0021699,2.6283615,70.71,20.65,293.65,11.41,1.99,6.83,3.29,4.51
E-0021700,1.2601933,242.07,5.66,110.04,11.78,2.92,23.08,11.08,14.84
E-0021701,2.6464243,80.71,20.26,299.89,15.25,1.27,6.87,3.47,4.6
E-0021702,1.6292557,209.48,11.05,140.05,5.97,6.5,14.62,4.64,8.55
E-0021703,1.8206085,181.74,11.47,132.96,5.72,6.32,11.2,3.72,6.97
E-0021704,2.2826548,73.77,13.69,317.97,11.5,1.62,7.51,2.72,4.95
E-0021705,1.5745815,206.78,7.3,91.43,14.44,2.06,19.46,8.21,11.94
E-0021706,1.5124112,179.39,8.27,196.47,13.06,1.74,15.97,5.79,8.23
E-0021707,1.7735437,184.54,8.01,168.96,16.29,1.43,15.32,6.38,8.19
E-0021708,2.1196597,151.76,13.68,201.12,16.7,1.37,12.77,6.78,9.16
E-0021709,1.5963776,230.01,4.52,249.18,11.19,1.94,15.24,5.43,8.44
E-0021710,1.7172229,226.56,5.67,254.07,11.73,2.01,16.86,5.4,8.05
E-0021711,2.1744082,169.36,8.11,496.68,14,1.32,9.08,3.6,5.71
E-0021712,2.101454,74.78,8.89,540.23,13.78,1.38,9.64,3.63,5.25
E-0021713,1.9752556,56.77,7.52,507.35,14.42,1.67,12.53,5.49,7.12
E-0021714,1.888242,182.7,7.12,464.37,12.7,1.86,11.72,4.69,7.56
E-0021715,1.7738605,185.85,4.45,511.82,14.88,1.6,11.47,6.27,9.16
E-0021716,1.4862027,225.67,5.73,226.94,10.51,2.55,17.32,7.25,10.51
E-0021717,0.5131539,247.73,3.36,108.86,4.02,6.94,18.52,6.85,13.38
E-0021718,2.4348867,119.08,17.77,298.01,18.81,1.15,9.9,4.95,6.83
E-0021719,1.9765891,87.11,7.73,538.8,14.23,1.6,7.61,5.6,7.45
E-0021720,1.2844521,250.39,2.19,87.29,6.94,4.97,19.16,11.76,17.23
E-0021721,1.2190834,249.42,2.45,81.36,6.22,5.33,21.95,12.7,18.55
E-0021722,2.029657,127.66,11.15,156.59,20.4,1.19,12.81,6.83,8.54
E-0021723,2.0165474,129.86,10.8,156.14,20.21,1.21,12.93,6.79,8.57
E-0021724,1.619494,184.34,7.94,147.43,16.34,2.02,20.88,8.91,11.86
E-0021725,2.2441022,152.11,17.42,258.54,11.15,2.86,9.82,4.24,6.41
E-0021726,2.2793784,158.6,26.62,336.41,14.9,1.28,11.94,5.03,7.63
E-0021727,2.8789713,120.76,51.3,404.47,11.42,1.25,5.95,2.52,4.16
E-0021728,3.0502284,90.06,57.48,384.77,9.17,1.4,5.07,2.03,3.34
E-0021729,3.2378187,65.25,90.24,461.45,8.4,1.39,3.01,2.63,3.59
E-0021730,3.9805045,13.27,35.61,672.87,2.54,1.3,1.16,0.36,1.1
E-0021731,3.0970404,149.03,70.02,395.11,5.74,1.42,6.64,2.98,4.05
E-0021732,2.716305,152,88.47,517.76,8.14,1.62,7.4,3.55,4.9
E-0021733,2.8649633,95.88,127.28,812.34,11.88,1.31,5.97,3.99,4.92
E-0021734,3.0688322,72.43,129.68,828.18,9.43,1.35,5.03,2.91,3.88
E-0021735,1.7402326,246.14,12.62,422.94,12.25,1.99,21.86,8.27,11.57
E-0021736,2.6978004,222.07,23.57,496.83,17.85,1.06,10.13,4.97,7.95
E-0021737,1.6127167,262.76,8.02,92.05,18.94,1.83,24.56,16.31,20.49
E-0021738,2.1230936,279.18,15.36,352.28,22.45,1.02,23.4,7.11,11.69
E-0021739,2.6080973,188.08,16.88,899.22,10.77,1.19,9.15,3.32,5.63
E-0021740,2.885482,153.06,30.34,721.66,14.62,1.05,6.17,3.91,5.84
E-0021741,2.0731976,219.3,25.57,480.6,11.29,1.69,13.49,5.62,8.63
E-0021742,2.6691833,241.68,58.3,398.89,3.38,1.72,6.52,2.7,4.43
E-0022435,2.4105237,110.04,33.53,294.66,8.75,2.41,8.61,4.2,5.92
E-0022436,2.1131716,75.28,14.41,118.12,9.72,2.25,10.97,4.65,6.4
E-0022437,2.2157779,175.92,15.53,236.03,10.47,1.98,11.3,4.39,6.47
E-0022438,3.5545673,22.07,20.81,517,6.73,1.24,2.7,0.92,1.89
E-0022439,1.9528472,139.91,15.11,430.11,21.51,1.17,18.41,7.35,9.33
E-0022440,3.4291065,62.89,41.12,"1,027.83",10.44,1.06,4.05,1.57,2.94
E-0022441,1.3098617,226.16,7.07,107.53,6.38,5.49,16.99,5.51,9.75
E-0022442,1.7979419,196.66,10.28,149.11,11.84,3.06,14.02,6.16,10.12
E-0022443,2.4959114,123.37,18.29,285.08,12.81,1.43,6.46,3.04,4.97
E-0022444,0.27118945,240.97,1.58,64.9,2.26,9.15,23.48,6.19,13.53
E-0022445,1.3255,177.29,5.38,97.47,5.57,2.92,9.45,2.39,6.08
E-0022446,2.5062978,116.16,18.68,296.25,15.25,1.47,9.22,4.3,6.02
E-0022447,2.0302691,145.09,8.81,418.07,19.2,1.22,10.88,6.38,7.53
E-0022448,2.104397,127.71,11.98,167.15,16.11,1.7,12.19,6.05,7.68
E-0022449,2.0848358,130.55,11.35,167.58,15.96,1.71,12.37,6.03,7.76
E-0022450,1.6423439,185.37,9.16,167.61,11.12,3.94,18.93,7.76,11.1
E-0022451,2.39168,172.16,14.37,229.78,14.66,1.3,8.97,3.94,6.27
E-0022452,1.8549901,217.21,12.33,165.61,11.43,3.71,15.34,7.88,10.05
E-0022453,1.972167,110.3,10.6,188.6,17.89,1.54,16.35,9.86,10.66
E-0022454,1.5703256,204.71,7.9,106.45,10.21,3.54,18.6,7.5,11.21
E-0022455,1.6838293,215.33,5.68,328.11,10.78,2.24,13.9,4.81,7.74
E-0022456,1.477304,224.1,6.04,256.59,9.91,3.51,20.51,8.75,11.82
E-0022457,1.6261499,186.3,9.31,142.91,13.67,2.52,19.85,7.67,10.8
E-0022458,2.4483097,137.3,20.31,239.3,12.76,1.59,7.97,3.47,5.18
E-0022460,2.6718905,87.15,69.39,554.36,10.22,1.68,6.58,3.54,4.8
E-0022461,3.043744,72.84,114.22,607.55,8.04,1.44,4.37,2.67,3.47
E-0022462,1.9254144,230.62,20.06,440.59,11.27,2.06,16.48,6.31,9.58
E-0022463,1.9344797,250.56,15.39,432.15,11.66,1.92,16.82,6.71,9.99
E-0022464,2.0647705,220.19,18.29,495.84,11.17,1.74,15.5,6.02,8.94
E-0022465,2.9109223,144.58,38.83,529.55,11.58,1.19,7.61,4.4,6.29
E-0022466,2.666191,151.99,39.96,698.17,12.75,1.3,6.93,3.99,5.84
E-0022469,2.2866354,130.24,19.63,373.82,13.15,1.59,11.25,4.25,6.44
E-0022470,3.180953,45.3,33.18,640.82,9.81,1.24,4.23,1.59,2.92
E-0022471,1.3879814,197.27,10.48,157.14,6.24,5.17,21.02,7.51,13.02
E-0022472,1.2935386,213.47,8.11,187.39,14.76,1.96,26.07,11.15,15.24
E-0022473,2.256502,107.32,11.24,263.71,16.24,1.49,13.48,6.09,8.03
E-0022474,2.0173092,92.15,10.92,278.74,20.54,1.21,16.92,8.27,9.9
E-0022475,1.4686841,118.62,8.83,87.73,12.8,2.52,26.94,15.48,18.47
E-0022476,1.6696864,182.6,7.61,173.73,17.4,1.42,18.5,7.54,9.06
E-0022477,3.0412738,54.99,18.57,491.82,10.59,1.17,3.93,1.6,2.88
E-0022478,0.976572,229.09,5.64,92.8,7.63,3.71,20.65,9.25,12.83
E-0022479,1.8805325,127.79,8.84,269.53,15.85,1.67,15.75,8.46,7.78
E-0022480,1.7820787,217.27,8.24,426.95,16.1,1.54,13.69,6.04,7.36
E-0022481,1.4849263,205.34,7.91,106.43,10.83,3.6,21.03,8.21,11.8
E-0022482,1.7199069,224.42,9.44,122.18,10.13,3.5,16.09,6.25,9.26
E-0022483,2.4685404,163.69,16.73,247.1,12.02,1.62,8.42,3.4,5.46
E-0022484,1.6672134,227.52,7.91,99.31,13.03,2.31,17.52,7.2,10.24
E-0022485,1.992265,190.6,10.42,174.91,15.28,1.67,13.34,6.66,9.88
E-0022486,1.7842572,241.77,10.74,138.38,10.05,3.98,13.9,6.34,9.03
E-0022487,1.6911854,214.33,9.19,129,12.77,2.77,18.67,9.71,12.62
E-0022488,2.1972,143.62,12.81,206.18,16.3,1.53,11.88,6.17,8.46
E-0022489,1.7469596,183.91,10.01,129.63,14.55,2.43,19.31,11.97,13.99
E-0022490,1.9811201,163.53,14.24,192.62,13.87,1.9,11.71,6.11,8.39
E-0022491,1.6836897,201.86,10.41,170.13,16.08,1.91,17.79,9.3,12.28
E-0022492,1.7188815,199.6,11.1,178.54,16.45,1.83,17.32,9.15,12.07
E-0022493,0.9766194,233.26,5.95,73.64,7.27,4.8,23.35,11.88,15.91
E-0022494,1.5818689,198.98,8,127.6,7.22,2.45,10.32,3.28,6.06
E-0022495,2.4414337,77.56,17.2,397.77,18.51,1.21,11.68,5.36,7.23
E-0022496,1.590975,208.34,8.43,128.65,12.49,3.08,19.67,8.42,11.93
E-0022497,1.5056655,214.51,7.68,117.82,11.66,3.44,20.9,8.82,12.49
E-0022498,2.9075909,159.8,36.53,356.69,12.34,1.24,5.54,4.61,6.61
E-0022499,2.3587186,91.01,38.72,450.95,13.37,1.65,9.53,6.32,7.69
E-0022500,2.7635999,110.07,62.11,423.88,9.33,1.51,6.2,4.04,5.25
E-0022501,2.673413,185.54,45.66,505.62,15.19,1.19,9.27,5.29,7.4
E-0022502,2.7026477,180.84,82.8,537.75,8.91,1.68,7.15,3.78,5.16
E-0022503,2.8567686,101.31,118.42,737.32,8.35,1.7,5.64,3.32,4.22
E-0022504,2.8156545,103.72,114.6,731.81,8.7,1.72,5.82,3.47,4.42
E-0022505,2.0230618,259.2,12.51,352.05,21.66,1.04,22.98,7.01,11.3
E-0022506,2.1321473,253.45,17.32,436.21,18.38,1.14,20.62,8.64,11.69
E-0022507,2.0251095,239.43,19.16,210.29,9.83,2.43,12.55,7.15,10.07
E-0022508,2.3252466,229.78,16.24,751.88,14.1,1.13,12.39,4.53,7.66
E-0022509,2.0748756,256.94,11.53,847.21,15,1.16,18.09,5.97,9.48
E-0022510,3.3325818,66.06,77.96,875.8,7.78,1.25,3.64,2.22,3.21
E-0022511,1.8717945,173.16,11.11,156.42,12.14,2.56,17.02,7.47,10.35
E-0022512,0.8865887,233.16,5.79,86.86,8.32,4.09,35.66,21.24,25.77
E-0022513,2.343797,83.4,10.46,280.15,18.82,1.06,10.09,4.62,5.73
E-0022514,2.147356,128.89,10.65,293.34,20.3,1.17,13.49,6.37,7.14
E-0022515,1.5897292,150.78,5.34,141.32,10.41,2.11,16.21,4.48,7.66
E-0022516,1.7344338,211.6,12.15,516.67,17.28,1.46,20.63,7.91,10.14
E-0022517,1.2165098,216.31,6.31,91.95,11.09,3.41,22.16,9.67,15.35
E-0022518,2.3112173,142.92,12.3,228.01,12.32,1.78,11.43,4.5,6.84
E-0022519,1.6781307,223.55,6.97,111.82,9.67,3.21,15.27,6.12,9.27
E-0022520,2.0358586,181.81,12.7,210.58,11.97,2.51,12.22,5.77,8.82
E-0022521,1.6521292,228.56,6.68,99.64,12.56,2.22,16.25,6.9,9.93
E-0022522,2.229415,181.34,15.52,312.91,15.02,1.48,11.06,5.04,7.86
E-0022523,2.2385073,179.84,15.72,309.34,15.13,1.48,10.92,5.06,7.85
E-0022524,2.0353544,199.37,9.88,162.54,12.85,2,12.25,5.46,8.2
E-0022525,2.031784,154.16,12.74,217.4,15.02,1.7,14.54,7.38,9.24
E-0022526,1.8928704,99.03,11.8,248.46,20.89,1.28,19.4,9.48,11.2
E-0022527,2.2577448,93.16,12.39,294.65,21.37,1.09,13.51,5.52,6.89
E-0022528,1.695238,222.12,11.28,201.2,15.12,1.81,20.68,8.02,9.53
E-0022529,2.552284,138.42,16.62,230.76,11.36,1.63,7.09,3.16,4.92
E-0022530,1.4896084,209.88,5.25,54.84,11.46,2.85,13.97,12.88,19.21
E-0022531,1.7780428,183.29,8.11,90.29,10.14,2.8,11.79,8.38,12.01
E-0022532,2.281115,154.34,11.33,432.94,13.27,1.36,10.98,3.28,4.85
E-0022533,2.579422,63.56,18.57,420.91,17.99,1.1,9.68,4.82,6.45
E-0022534,2.4311292,138.1,13.28,264.55,11.76,1.45,8.12,3.18,5.45
E-0022535,2.086485,178.93,10.16,162.47,14.67,1.56,11.21,5.55,8.74
E-0022536,2.1304662,162.85,12.32,179.64,11.08,2.5,10.3,5.04,7.72
E-0022537,2.625682,85.83,19.85,342.79,14.43,1.37,8.68,4.15,5.92
E-0022538,2.42201,88.23,20.66,409.51,18.06,1.22,11.16,5.59,7.12
E-0022539,1.9156973,167.46,11.09,194.88,17.82,1.52,15.8,8.08,10.18
E-0022540,2.2404947,205.63,48.32,697.3,9.76,1.64,11.19,4.57,7.68
E-0022542,2.1838586,253.42,14.88,541.9,18.2,1.13,19.79,6.74,10.07
E-0022543,1.934657,233.39,18.56,190.92,10.19,2.31,16.63,8.2,12.09
E-0022544,2.1308758,222.32,30.57,296.18,10.46,2.35,13.83,6.62,9.66
E-0022545,2.5987656,179.13,50.54,"1,237.61",10.29,1.29,8.17,3.25,5.77
E-0022546,2.8933945,154.91,35.65,628.93,17.35,0.95,6.98,4.35,6.5
E-0022547,3.2282686,56.34,46.54,818.79,7.88,1.26,4.31,2.44,3.53
E-0022548,2.2717736,190.6,36.8,400.18,10.6,2.12,9.5,4.87,7.2
E-0022549,2.3075616,190.79,37.03,423.08,10.84,1.95,9.24,4.66,7.04
E-0022550,2.6681182,115.64,37.83,504.59,11.39,1.41,7.22,4.61,6.23
E-0022551,2.004798,275.02,22.16,295.46,21.99,1.08,24.48,7.08,11.89
E-0022552,2.1879427,217.5,24.1,287.86,9.48,2.13,14.16,6.32,8.85
E-0022553,1.5537803,259.52,10.61,223.24,9.19,3.25,24.37,10.89,14.24
E-0022554,2.1508517,231.36,30.7,518.82,11.94,1.69,15.14,6.1,9.01
E-0022555,2.1908033,229.06,32.06,444.59,9.05,1.96,14.76,5.39,7.83
E-0022556,2.3041484,242.08,37.84,620.66,10.09,1.61,13.41,4.84,7.57
E-0022557,2.7945676,256.82,66.32,335.21,3.14,1.91,7.74,2.6,4.35
E-0022558,1.8312656,178.22,9.42,137.83,16.83,1.58,18.5,8.49,11.44
E-0022559,2.0189545,136.53,11.59,230.14,16.14,1.51,16.26,7.18,9.39
E-0022560,2.5692475,131.25,18.37,281.12,15.43,1.22,7.74,3.59,5.66
E-0022561,2.6196232,124.32,19.74,279.6,12.3,1.59,7.51,3.37,5.1
E-0022562,2.0616665,178.67,16.8,244.98,15.04,1.69,14.76,6.98,9.12
E-0022563,2.057679,179.67,16.53,247.05,15.11,1.66,14.75,6.93,9.11
E-0022564,2.1272779,120.01,15.46,238.3,17.66,1.47,14.54,8.04,9.35
E-0022565,2.4886315,91.63,30.02,427.11,17.81,1.24,10.24,4.94,6.46
E-0022566,1.8418442,192.18,8.83,129.63,10.78,2.79,15.78,5.37,8.38
E-0022567,2.523598,156.58,16.81,256.77,10.72,1.41,8.08,2.7,4.5
E-0022568,1.5228993,208.52,6.94,84.74,13.16,2.51,21.29,8.47,11.98
E-0022569,2.4799292,154.89,14.46,224.2,13.85,1.31,7.39,3.37,5.6
E-0022570,2.5689025,149.01,16.36,223.17,12.34,1.36,7.54,3.17,5.01
E-0022571,2.5248494,63.02,12.52,674.78,19.72,1.03,10.52,3.92,4.87
E-0022572,1.8633579,180.04,12.13,189.91,10.09,1.95,13.02,4.65,6.88
E-0022573,2.607746,81.44,24.67,409.75,15.12,1.35,8.3,4.14,5.88
E-0022574,2.9488776,62.51,27.32,443.11,14.13,1.25,6.36,2.73,4.17
E-0022575,2.7148993,78.47,23.46,419.81,15.08,1.19,7.18,3.84,5.51
E-0022576,3.076573,58.01,26.86,470.99,13.39,1.2,5.43,2.44,3.77
E-0022577,2.7327895,78.3,20.17,367.11,14.35,1.21,7.53,3.83,5.45
E-0022578,1.890271,163.2,9.53,150.13,17.8,1.48,13.75,7.72,9.28
E-0022579,1.9147676,158.45,10.03,153.43,18.22,1.42,13.4,7.71,9.13
E-0022580,1.9486051,188.81,8.57,150.81,15.11,1.8,13.56,6.28,9.39
E-0022581,1.5621456,210.26,9.24,127.65,10.35,3.96,21.5,9.54,11.97
E-0022582,1.240734,208.11,8.5,138.89,7.47,5.39,23.33,8.44,12.18
E-0022583,1.8872992,195.86,13.13,162.14,11.18,2.8,14.33,5.82,8.09
E-0022584,1.6103793,200.32,10.13,144.19,11.15,3.28,17.73,8.81,11.58
E-0022585,2.036127,168.48,16.13,226.49,12.83,2.15,12.33,5.97,8.27
E-0022586,2.0890663,149.61,18.38,234.85,8.81,3.99,10.99,4.97,7.42
E-0022587,1.2492256,189.81,9.06,171.78,16.87,1.67,34.5,13.51,16.33
E-0022588,2.9237375,80.08,32.53,452.11,13.03,1.33,6.28,2.9,4.2
E-0022589,2.513694,112.19,28.4,396.76,14.6,1.4,8.88,4.78,6.36
E-0022590,1.4977227,208.05,9.22,166.61,14.41,2.33,22.5,9.63,13.28
E-0022591,1.476069,212.05,9.13,166.42,14.18,2.36,23.1,9.77,13.44
E-0022592,1.7838115,206.06,9.78,198.22,14.64,2.09,16.45,8.16,11.83
E-0022593,1.8225812,203.22,10.21,207.3,14.9,1.98,15.83,7.96,11.57
E-0022594,1.844841,168.06,8.86,119.39,15.48,1.8,14.91,6.83,9.8
E-0022595,1.8772817,162.7,9.05,117.87,15.67,1.8,14.6,6.71,9.63
E-0022596,1.9787024,166.38,12.16,200.58,13.55,2.45,14.33,6.95,9.18
E-0022597,2.049928,174.85,12.41,168.96,15.61,1.63,13.08,7.02,9.89
E-0022598,2.1330886,157.23,14.53,196.59,11.39,2.84,10.9,5.94,8.62
E-0022603,2.4310236,147.63,25.1,365.08,14.21,1.38,9.33,4.02,6.12
E-0022604,1.5045575,186.64,7.17,140.08,13.29,2.53,22.01,8.79,12.13
E-0022605,2.1452894,161.75,14.56,305.17,12.71,1.85,12.2,4.6,7.54
E-0022606,2.631881,109.65,24.56,410.39,12.45,1.52,7.23,3.11,5.25
E-0022607,2.9107795,94.69,25.06,388.38,11.33,1.43,5.75,2.28,3.95
E-0022608,2.259205,146.11,14.48,270.83,11.63,1.85,10.12,3.93,6.4
E-0022609,2.7372503,117.67,19.86,372.21,12,1.32,6.06,2.72,4.74
E-0022610,3.0306323,98.7,21.57,383.88,10.59,1.32,4.84,1.96,3.51
E-0022611,2.1638403,131.32,10.19,223.53,14.25,1.55,9.75,4.78,7.44
E-0022612,2.6215954,111.87,13.86,293.78,13.54,1.29,6.33,2.84,4.75
E-0022613,1.737289,204.97,6.86,109.91,11.24,2.14,12.99,5.35,8.35
E-0022614,1.5655426,169.21,9.37,164.16,8.97,3.9,17.51,6.56,10.17
E-0022615,3.141936,80.43,35.76,274.69,8.93,1.21,5.24,2.42,3.87
E-0022616,1.979331,274.03,16.61,524.23,9.61,1.64,20.86,6.86,9.77
E-0022617,2.1622572,253.8,30.95,576.63,11.69,1.79,17.46,6.27,9.19
E-0022618,1.7774756,253.36,7.25,754.53,15.42,1.3,22.24,6.74,10.94
E-0022619,1.8844615,273.33,16.78,328.27,9.87,2.67,22.02,8.4,11.78
E-0022620,1.86702,273.84,16.25,312.55,9.82,2.75,22.77,8.57,12.01
E-0022621,2.1818933,226.04,29.94,473.7,9.69,1.91,14.65,5.38,7.99
E-0022622,2.2977333,242.14,37.47,615.19,10.06,1.63,13.47,4.87,7.6
E-0022623,3.1527886,210.33,99.17,351.86,2.37,1.84,6.79,2.03,3.07
E-0022624,2.8894928,210.69,66.25,305.77,3.4,2.14,6.58,2.25,3.7
E-0022625,2.1945732,253.77,45.99,346.55,2,2.54,11.17,3.01,5.29
E-0022626,2.9953187,222.24,75.21,373.64,2.01,2.2,7.08,2.06,3.36
E-0022627,1.3729285,193.34,7.92,107.89,10.39,3.13,20.2,8.49,12.32
E-0022628,1.2367251,238.87,6.55,69.69,16.85,1.32,19.46,9.85,14.41
E-0022629,1.626207,201.16,7.98,121.76,13.65,2.27,19.19,7.81,10.65
E-0022630,1.2255011,197.2,7.52,147.84,6.6,5.65,16.93,5.36,10.21
E-0022631,1.5200565,178.08,7.6,112.18,12.69,2.35,19.08,7.53,11.05
E-0022632,1.5807595,178.99,16.29,348.08,12.53,2.28,19.88,7.63,11.12
E-0022633,1.6209027,173.66,16.72,349.15,12.93,2.19,18.99,7.35,10.79
E-0022634,1.9437033,167.55,10.71,285.02,13.64,1.92,12.8,5.96,9.19
E-0022635,2.0132065,162.08,11.47,298.9,14.07,1.78,11.97,5.69,8.79
E-0022636,2.4441757,135.68,16.72,441.26,14.17,1.39,7.93,3.5,5.92
E-0022637,2.4616163,132.49,16.91,434.59,14.26,1.38,7.76,3.49,5.89
E-0022638,1.8317508,192.85,9.09,236.71,12.51,2.1,14.31,5.69,8.93
E-0022639,1.8694522,189.7,9.39,243.29,12.73,2.03,13.59,5.46,8.64
E-0022640,1.7440109,224.21,7.11,98.88,11.26,2.28,14.77,5.92,8.77
E-0022641,0.73664886,228.9,5.41,86.55,5.7,6.24,25.19,7.99,13.86
E-0022642,1.7807068,215.53,8.03,115.23,8.25,3.34,14.08,5.23,8.02
E-0022643,0.55994,227.47,5.05,99.27,2.39,12.1,26.24,7.24,14.05
E-0022658,1.7656406,256.02,9.19,147.17,14.96,1.95,24.88,8.88,13.07
E-0022659,3.5174363,38,77.03,472.1,5.16,1.35,2.86,1.5,2.21
E-0022660,1.8713003,275.14,7.86,299.23,11.59,1.5,21.13,7.7,11.62
E-0022661,2.3035975,234.89,9.78,233.81,9.52,1.33,10.95,3.28,6.29
E-0022662,1.9183275,250.67,20.38,351.86,8.32,2.46,18.38,6.58,9.28
E-0022663,1.8738446,253.14,18.63,367.39,8.55,2.47,18.8,6.89,9.72
E-0022664,1.9963307,254.84,20.64,370.51,11.09,1.81,19.7,7.57,10.26
E-0022665,2.1296275,229.62,29.95,513.42,12.09,1.71,15.39,6.18,9.17
E-0022666,3.1153698,220.63,70.48,601.63,2.06,1.96,5.02,1.87,3.27
E-0022667,3.2518616,218.88,98.34,384.07,0.97,2.43,5.57,1.61,2.65
E-0022668,3.0606883,197.56,68.98,438.07,2.88,2.06,5.16,1.99,3.34
E-0022669,2.1827128,252.49,11.29,729.52,13.52,1.29,14.73,4.74,8.28
E-0022670,2.5058649,259.46,33.94,415.43,4.5,1.77,7.87,2.8,4.93
E-0022671,2.458498,201.92,24.88,350.07,12.52,1.39,10.27,4.88,7.52
E-0022745,2.6087482,160.83,20.25,311.14,11.8,1.39,7.12,2.98,4.74
E-0022746,1.0255218,228.07,5.44,82.58,10.3,3.74,32.56,13.82,18.28
E-0022747,-0.10395479,249.11,3.13,78.83,2.16,10.59,41.23,13.8,22.04
E-0022748,1.948852,193.94,11.75,247.38,14.63,1.82,14.41,6.08,9.26
E-0022749,1.9344296,173.88,15.15,227.3,9.11,3.16,10.21,3.95,7.09
E-0022750,2.2764692,171.99,18.49,417.95,12.44,1.84,10.62,3.99,6.87
E-0022751,2.4687314,113.03,17.41,308.71,12.43,1.53,8.31,6.42,7.77
E-0022752,1.2385795,239.26,4.92,97.16,10.16,3.7,25.77,10.39,14.67
E-0022753,2.2922623,169.64,18.62,416.61,12.52,1.8,10.43,3.96,6.79
E-0022754,2.7413723,120.94,28.97,533.55,12.86,1.4,6.61,2.8,4.76
E-0022755,2.7824667,114.62,29.48,532.22,12.84,1.38,6.41,2.73,4.6
E-0022756,2.3181043,163.43,16.33,373.82,11.82,1.83,9.28,3.7,6.25
E-0022757,2.3121753,165.31,16.3,383.31,11.78,1.83,9.41,3.66,6.27
E-0022758,2.419149,149.26,26.33,509.78,12.86,1.74,9.04,4.03,6.69
E-0022759,2.4444165,146.1,26.97,507.98,12.96,1.71,8.81,3.98,6.59
E-0022760,1.9882,212.95,7.91,120.33,9.1,2.38,11.84,4.13,6.62
E-0022761,0.86727065,210.68,5.58,88.14,4.13,9.5,21.56,5.4,10.76
E-0022762,1.5851479,184.9,8.86,218.05,9.73,3.69,19.41,7.81,11.51
E-0022763,0.68186,219.09,6.16,154,3.96,9.84,26.05,8.1,14.61
E-0022764,1.7748111,197.84,8.96,216.8,9.81,3.16,15.16,5.76,9.04
E-0022765,2.6535492,114.98,26.17,468.51,12.09,1.56,7.36,3.18,4.98
E-0022766,2.3298175,110.36,13.95,455.96,10.79,1.86,8.74,3.32,5.55
E-0022767,2.4431145,131.94,12.63,311.27,9.65,1.77,6.92,2.69,4.57
E-0022768,3.1413894,53.59,21.83,482.63,9.76,1.55,4.65,1.87,3.23
E-0022769,2.8689487,56.57,21.69,512.31,10.55,1.57,5.56,2.38,3.87
E-0022770,2.6203573,91.97,29.13,429.21,15.03,1.37,8,4.6,6.49
E-0022771,1.3262796,208,11.8,208.64,8.24,4.17,17.06,6.31,10.91
E-0022772,1.2643734,213.3,10.98,192.98,7.98,4.4,17.78,6.58,11.39
E-0022773,1.2144834,154.37,8.71,170.14,5.44,6.11,14.61,4.31,9.08
E-0022798,2.752852,99.97,32.88,409.85,8.45,1.7,5.75,3.03,4.47
E-0022799,2.380465,161.65,15.82,230.84,12.7,1.54,8.66,4.36,7.26
E-0022800,1.6810695,243.91,7.1,262.64,12.06,1.73,15.27,5.78,9.94
E-0022801,2.2561824,238.16,20.02,522.46,10.16,1.52,11.62,4.08,7.32
E-0022802,1.9984332,269.14,6.92,206.36,10.94,1.49,16.21,5.41,9.27
E-0022803,3.2664728,204.29,100.7,331.44,1.86,2.36,5.28,1.84,3.1
E-0022804,3.398192,192.36,63.53,351.56,1.17,2.28,3.98,1.32,2.42
E-0022805,3.46846,207.97,111.22,380.21,0,2.67,4.32,1.21,2.1
E-0022806,2.844777,207.36,39.23,535.62,15.96,1.07,9.15,4.38,6.44
E-0022807,2.3405306,254.85,52.12,361.1,1.86,2.45,10,2.71,4.76
E-0022808,2.3143837,151.8,20.95,372.71,12.65,1.81,9.65,3.9,6.81
E-0022809,2.1662006,148.78,18.39,406.31,13.44,1.94,12.4,4.76,7.76
E-0022810,2.1281927,154.63,17.74,408.54,13.33,1.97,12.82,4.83,7.93
E-0022811,2.2186532,176.31,19.93,421.13,11.33,2.03,10.19,4.44,7.14
E-0022812,2.2050529,179.89,19.68,419.53,11.14,2.05,10.42,4.45,7.21
E-0022813,1.152178,238.9,5.54,110.28,6.05,6.63,25.41,9.7,14.55
E-0022814,-0.38365018,254.31,1.75,67.29,0,18.75,42.23,12.57,22.11
E-0022815,2.1064637,170.26,22.17,501.56,13.39,1.89,13.55,5.14,8.47
E-0022816,2.1181037,167.33,22.12,493.74,13.42,1.88,13.31,5.15,8.44
E-0022817,1.9116321,216.51,14.88,272.98,9.89,3.69,12.97,5.61,8.75
E-0022818,1.892681,217.73,14.44,270.84,9.82,3.77,13.24,5.64,8.83
E-0022819,0.95889467,230.69,6.92,141.78,6.31,6.98,20.51,7.41,12.9
E-0022820,1.5693096,204.9,7.93,210.99,11.64,2.87,18.81,8.43,12.31
E-0022821,2.274993,140.34,22.82,392.55,13.59,1.85,10.7,5.13,7.82
E-0022822,2.4144936,141.44,16.73,342.93,12.36,1.69,8.58,3.34,5.6
E-0022823,1.5013723,191.63,9.12,138.48,7.03,4.67,13.76,4.47,8.6
E-0022824,1.4760681,193.9,8.99,137.51,6.95,4.72,13.92,4.51,8.71
E-0022825,2.3934438,144.37,16.46,346.06,12.26,1.72,8.74,3.38,5.67
E-0022826,2.8618264,84.58,27.2,433.54,12.33,1.42,5.81,2.56,4.15
E-0022827,2.828159,88.78,26.64,438.87,12.38,1.42,5.92,2.59,4.22
E-0022828,1.3240665,213.78,10.22,165.39,8.9,3.37,16.49,6.32,10.72
E-0022829,0.999579,232.28,6.27,115.24,7.86,4.69,18.76,7.05,12.24
E-0022830,1.2859534,196.06,6.78,105.98,7.58,4.09,15.18,5.03,9.5
E-0022831,1.6525178,202.79,7.99,194.63,13.39,2.13,17.54,7.98,11.58
E-0022832,2.2966468,164.67,27.23,484.83,13.81,1.51,11.01,4.7,7.52
E-0022833,2.1101356,176.65,25.78,500.67,13.23,1.9,13.24,5.4,8.63
E-0022834,2.1529953,169.61,26.52,503.68,13.42,1.85,12.63,5.3,8.43
E-0022835,1.7819858,253.86,11.27,175.06,21.11,1.29,27.03,10,15.13
E-0022836,2.0736103,240.33,18.73,201.8,13.84,1.44,20.07,11.14,14.05
E-0022837,2.7747302,257.71,66.41,330.18,3.19,1.93,7.91,2.65,4.4
E-0022838,3.2266424,201.87,80.57,427.27,1.97,2.15,4.59,1.78,2.93
E-0022839,3.1944788,196.57,76.48,434.39,2.33,2.11,4.67,1.82,3.04
E-0022840,2.4435155,236.33,53.94,318.77,2.17,2.66,9.19,2.34,4.35
E-0022841,3.4815722,92.39,58.98,381.93,2.08,4.87,3.41,1.13,2.34
E-0022842,2.418263,252.18,25.7,407.39,4.85,1.66,10.71,3.15,5.6
E-0022843,3.006403,193.57,33.75,529.06,3.68,1.96,6.04,1.48,3.51
E-0022844,2.905729,248.64,46.78,397.08,2.04,2.34,7.4,2.16,3.98
E-0022845,2.254166,160.91,12.8,268.02,12.67,1.5,10.73,4.09,6.65
E-0022846,1.4511768,201.94,9.16,187,7.84,4.71,15.85,5.56,9.93
E-0022847,1.4285694,203.8,8.86,181.96,7.74,4.77,16.02,5.61,10.03
E-0022848,2.4012856,160.47,22.8,510.04,14.28,1.44,10.15,3.91,6.7
E-0022849,2.382778,162.59,22.56,509.43,14.3,1.45,10.34,3.95,6.8
E-0022850,2.5215073,112.32,22.85,340.53,12.63,1.57,7.44,4.34,6.32
E-0022851,1.7514153,199.17,11.24,236.32,8.78,3.58,12.78,4.57,8.32
E-0022852,1.7661661,198.13,11.5,237.88,8.81,3.54,12.64,4.53,8.24
E-0022854,2.8284292,92.46,85.15,603.21,9.98,1.46,5.49,3.79,4.82
E-0022855,2.0244987,248.01,12.94,169.92,17.13,1.27,21.55,9.22,13.87
E-0022856,1.71247,265.22,6.57,490.87,13.72,1.53,19.18,8.29,12.35
E-0022857,1.5608941,265.31,4.93,190.94,19.65,1.26,31.37,11.22,16.07
E-0022858,2.9705594,222.32,103.01,305.19,3.4,1.93,7.18,2.8,4.51
E-0022859,2.081633,271.02,35.31,285.41,3.64,2.13,15.7,6.25,8.5
E-0022860,2.8469226,242.55,23.85,523.18,2.97,1.56,6.07,1.37,3.67
E-0022861,2.8671906,256.88,31.25,474.4,3.35,1.65,6.2,1.33,3.62
E-0022867,2.3076959,152.92,20.5,366.95,12.63,1.85,9.77,3.89,6.8
E-0022868,2.3329642,149.83,20.7,368.05,12.71,1.8,9.51,3.83,6.67
E-0022869,2.4492831,154.54,18.57,340.5,12.51,1.47,7.55,3.3,5.91
E-0022870,0.2952032,247.6,5.08,103.63,3.87,8.88,35.42,12.04,19.16
E-0022871,1.2769097,232.22,5.6,116.88,11.01,3.51,26.52,11.21,15.39
E-0022872,1.4870245,204.9,8,138.49,8.78,3.63,14.9,5.29,9.5
E-0022873,1.5044997,203.23,8.07,140.9,8.84,3.61,14.83,5.27,9.45
E-0022874,1.8683456,169.02,10.64,162.18,8.46,3.27,11.24,3.49,6.76
E-0022875,1.8926227,165.37,10.87,163.01,8.43,3.28,11.09,3.49,6.68
E-0022876,2.1176503,176.65,16.56,299.86,9.54,2.45,10.27,3.52,6.59
E-0022877,2.163606,172.48,16.81,311.08,9.6,2.37,9.86,3.43,6.41
E-0022878,2.4229276,120.25,15.22,216.2,11.49,2.04,7.63,4.07,6.19
E-0022879,1.5334855,188.52,8.98,251.05,9.49,3.91,20.96,8.64,12.43
E-0022880,0.9427863,220.34,7.35,172.83,4.96,8.75,22.64,7.35,13.02
E-0022881,0.91663957,222.13,7.23,171.04,4.89,8.83,22.94,7.43,13.2
E-0022882,1.5219629,192.12,8.8,251.33,9.65,3.79,21.29,8.67,12.49
E-0022883,1.8333194,186.01,10.47,261.39,10.52,3.06,15.36,6,9.36
E-0022884,1.8200955,188.09,10.18,261.23,10.52,3.08,15.6,6.06,9.47
E-0022885,2.2539127,165.02,15.01,234.07,10.6,1.96,7.76,3.32,5.64
E-0022886,1.4688942,186.42,7.9,175.93,11.16,3.37,17.43,7.64,11.76
E-0022887,2.035057,165.29,11.33,341.06,12.46,2.04,12.96,5.67,8.79
E-0022888,1.4975227,184.07,8.13,183.92,11.58,3.12,17.04,7.43,11.49
E-0022889,2.0188682,168.87,11.03,332.63,12.41,2.07,13.13,5.71,8.86
E-0022890,2.5732012,165.92,13.89,162.34,7.97,1.92,6.22,2.12,3.96
E-0022891,1.6049038,176.81,7.57,89.68,6.36,4.34,11.3,2.99,6.65
E-0022892,1.8994241,199.06,10.15,196.43,9.24,2.69,10.75,3.69,7.06
E-0022893,1.8624954,200.74,10,188.07,9.16,2.82,11.29,3.9,7.33
E-0022894,1.3588243,149.26,7.94,131.32,6.63,3.84,12.15,3.78,7.99
E-0022895,2.0080829,187.38,14.8,332.41,12.95,1.91,13.5,5.92,9.44
E-0022896,1.2215074,200.65,9.41,163.64,6.49,5.16,15.56,5.5,10.65
E-0022897,1.959254,179.82,14.55,433.33,14.19,1.72,13.75,6.09,9.87
E-0022898,1.1768804,207.5,7.62,190.02,7.45,4.87,17.48,6.46,11.65
E-0022899,0.9701439,231.85,5.9,105.89,9.37,3.96,34.79,15.57,19.86
E-0022900,2.2688363,204.56,15.37,243.22,10.44,2.13,7.93,3.73,5.8
E-0022901,1.3853178,164.88,9.71,132.82,6.7,4.8,13.2,4.11,8.61
E-0022902,2.2373571,146.3,17.97,351.11,12.08,2,9.52,3.89,6.76
E-0022903,2.5178792,108.05,12.52,402.64,11.17,1.44,7.15,2.78,4.8
E-0022904,2.2176788,167.51,22.92,482.49,13.38,1.55,12.1,4.52,7.5
E-0022905,3.1897783,213.81,76.49,573.33,1.84,2.02,4.66,1.82,3.07
E-0022906,2.5753205,245.82,50.05,466.55,3.67,1.62,9.75,2.93,4.64
E-0022907,2.607134,245.85,51.7,465.8,3.6,1.62,9.49,2.89,4.56
E-0022908,2.5140817,249.33,33.2,380.97,2.93,1.82,9.87,3.19,5.19
E-0022909,2.5931528,246.64,32.17,438.84,3.8,1.59,8.48,2.31,4.51
E-0022910,2.1236513,243.37,28.15,248.95,4.47,2.55,12.9,4.33,6.82
E-0022911,2.4517205,266.92,29.14,412.93,3.64,1.69,10.06,2.7,5.27
E-0022912,2.7618003,222.88,34.15,432.35,3.83,1.84,6.97,1.98,4.06
E-0022913,3.0370593,239.66,47.93,356.39,3.35,1.81,5.05,1.37,3.2
E-0022914,2.7884376,257.29,41.67,352.02,5.22,1.59,7.26,2.62,4.73
E-0022923,2.4425056,156.34,18.08,333.15,12.4,1.51,7.66,3.3,5.91
E-0022924,2.4708788,153.06,18.37,333.28,12.48,1.46,7.46,3.26,5.82
E-0022925,1.2868358,231.32,5.69,117.12,11.07,3.5,26.07,11.04,15.21
E-0022926,0.27963296,247.99,5,102.95,3.88,8.77,35.52,12.03,19.21
E-0022927,2.396306,110.23,38.28,893.91,12.11,1.65,9.32,3.4,5.85
E-0022928,2.3608925,116.97,41.13,919.43,11.96,1.65,9.74,3.44,6
E-0022929,2.5949464,112.19,17.71,557.24,11.74,1.51,6.96,2.65,4.7
E-0022930,2.573067,116.44,17.39,566.53,11.66,1.52,7.11,2.67,4.75
E-0022931,2.9997284,63.01,26.86,642.88,11.64,1.46,5.14,2.17,3.71
E-0022932,2.9576862,66.6,26.41,654.85,11.88,1.44,5.28,2.23,3.8
E-0022933,2.721959,75.52,26.29,635.73,11.61,1.57,6.15,2.7,4.46
E-0022934,2.7156734,78.31,26.1,651.81,11.69,1.54,6.19,2.66,4.45
E-0022935,2.4026704,143.99,16.86,346.14,11.37,1.83,9.28,3.22,5.64
E-0022936,1.4787484,192.93,8.12,157.21,6.61,5.41,15.07,4.48,8.64
E-0022937,1.502968,190.41,8.34,159.35,6.68,5.34,14.91,4.44,8.52
E-0022938,2.4110918,142.52,17.13,341.62,11.43,1.82,9.19,3.23,5.61
E-0022939,1.3395523,216.82,11.9,142.31,9.01,3.67,13.56,6.87,11.14
E-0022940,1.3697041,190.48,9.2,216.67,7.08,4.73,14.7,4.73,9.15
E-0022941,1.3999009,187.26,9.42,219.28,7.2,4.61,14.46,4.67,9
E-0022942,0.9990792,228.63,5.99,107.9,9.6,3.9,33.97,15.27,19.54
E-0022943,1.3018075,211.57,10.43,137.26,7.44,4.48,15.92,5.35,10.11
E-0022944,1.3224442,208.34,10.64,139.47,7.45,4.55,15.89,5.41,10.08
E-0022945,2.1257794,166.74,22.13,403.81,12.86,2.08,12.43,4.67,8.03
E-0022946,1.0833728,225.35,8.08,138.17,5.77,7.16,17.37,5.55,10.77
E-0022947,2.2416065,163.39,22.84,478.26,13.52,1.53,11.76,4.49,7.42
E-0022948,2.8114462,66.55,32.29,350.73,13.92,1.35,7.24,3.43,5.1
E-0022949,3.090675,35.29,27.49,405.39,15.42,1.14,5.51,2.65,4.26
E-0022950,2.3252056,153.42,22.57,388.96,13.95,1.57,9.97,3.8,6.83
E-0022951,1.7727063,199.82,9.69,218.44,12.46,2.44,16.35,7.84,10.53
E-0022952,1.3747646,209.09,9.58,115.28,8.55,3.43,14.43,4.95,9.42
E-0022953,1.4988593,169.81,8.23,152.38,7.98,5.13,16.35,5.57,9.46
E-0022954,1.4205929,260.49,5.8,357.34,15.7,1.69,27.28,12.36,16.65
E-0022955,2.7890232,220.79,44.48,404.87,3.93,1.89,6.46,2.11,4.07
E-0022956,2.9609754,261.65,34.57,421.89,2.26,1.87,5.41,1.01,3.13
E-0022957,3.058036,234.23,48.28,517.15,4.94,1.64,5.89,1.58,3.37
E-0022958,3.0190845,240.53,45.52,357.93,3.7,1.77,5.12,1.4,3.31
E-0022959,2.761176,259.19,43.88,342.49,5.19,1.65,7.57,2.75,4.82
E-0022960,2.6810174,231.37,71.61,338.69,4.19,2.2,8.39,3.04,4.73
E-0022961,2.2248805,248.51,38.81,436.23,5.36,1.84,12.57,3.9,6.3
E-0022962,1.4436766,255.47,16.58,281.27,6.2,3.44,24.51,10.31,13.35
E-0022963,2.2055936,249.53,31.57,427.1,3.83,1.8,12.03,3.51,6.01
E-0022964,2.5905511,234.4,57.25,374.3,2.05,2.53,8.2,2.21,4.26
E-0022965,2.5295703,237.89,54.54,382.29,2.03,2.48,8.65,2.3,4.41
E-0022966,2.197808,256.49,19.97,352.3,4.43,2.47,11.4,3.02,5.66
E-0022967,2.1845558,235.5,42.12,253.93,4.29,2.49,12.73,3.88,5.86
E-0022968,2.2027073,238.95,44.35,273.76,3.99,2.47,11.91,3.68,5.77
E-0022969,1.9837598,236.75,14.77,349.84,6.72,2.59,14.1,5.07,7.83
E-0022970,1.6791432,254.79,7.55,449.2,11.71,2.08,24.11,9.02,12.23
E-0022971,1.6343007,231.93,8.04,269.79,7.7,3.28,17.51,6.44,9.92
E-0023632,2.1785216,159.61,22.55,399.88,12.97,2.03,11.72,4.5,7.71
E-0023633,1.7680789,190.66,11.43,248.19,10.54,3,15.09,5.76,9.48
E-0023634,0.9565424,228.24,7.04,166.42,7.57,4.11,30.41,11.14,16.63
E-0023635,2.8083863,58.68,32.55,563.19,13.47,1.22,7.48,3.33,5
E-0023636,1.185474,192.86,6.39,119.56,5.64,7.94,24.12,7.84,12.66
E-0023637,2.7532835,74.87,34.83,380.18,14.68,1.31,7.57,3.86,5.56
E-0023638,2.7531018,74.88,34.61,377.69,14.68,1.31,7.57,3.86,5.56
E-0023639,2.1812625,107.39,16.62,278.9,14,2.13,14.31,9.63,11.38
E-0023640,2.4301124,73.37,18.11,316.8,16.54,1.29,8.7,5.24,6.97
E-0023641,1.842515,200.6,10.49,292.61,13.8,1.96,14.91,8.16,10.83
E-0023642,1.2214103,153.15,8.58,180.89,5.2,6.84,14.17,4.3,9.14
E-0023643,0.58377916,227.48,5.83,82.42,5.82,6.39,26.56,8.92,15.21
E-0023644,1.5771469,230.14,8.59,74.63,23.53,1.2,14.95,22.28,29.8
E-0023645,0.35618478,220.36,5.88,66.98,5.99,4.38,29.37,13.22,20.17
E-0023646,1.3133228,216.15,6.62,76.47,18.53,1.26,22.99,15.8,20.18
E-0023647,0.6864151,235.61,7.04,74.84,5.98,5.55,23.91,7.34,13.29
E-0023648,-0.23313507,258.17,0.47,46.33,5.48,4.37,57.5,19.16,25.81
E-0023649,0.42747262,227.86,4.83,78.85,9.67,2.94,24.77,10.9,16.81
E-0023650,0.8432754,217.1,5.3,359.87,8.82,6.79,26.29,6.64,10.86
E-0023651,0.5997358,239.41,6.8,97.93,6.44,5.2,21.73,7.71,13.87
E-0023652,0.84676516,219.68,6.52,184.34,2.02,20.13,20.75,5.93,11.83
E-0023653,0.61688393,106.06,5.65,113.71,4.11,5.32,13.14,2.13,7.95
E-0023654,1.8016559,106.47,10.73,164.37,7.62,2.74,6.22,1.68,4.28
E-0023655,1.1764193,201.3,7.21,190.71,7.27,5.64,15.8,4.56,8.91
E-0023656,1.9776566,171.02,11.98,209.36,8.87,1.86,6.73,2.07,4.44
E-0023697,1.283504,236.16,16.16,162.89,2.34,5.96,13.29,2.18,6.72
E-0023698,1.7833422,229.99,7.81,191.13,10.08,2.37,15.35,4.93,8.25
E-0023699,2.8863428,219.55,43.77,417.74,3.66,1.88,5.95,1.88,3.8
E-0023700,2.4640794,228.98,37.2,327.34,6.19,2.23,8.44,3.95,6
E-0023701,2.1801705,236.95,20.61,384.01,11.17,1.84,13.75,6.28,9.1
E-0023702,1.3445642,254.47,4.7,230.93,11.01,2.88,28.75,11.55,15.16
E-0023703,2.1823874,229.99,23.51,279.03,6.99,2.72,10.24,4.85,7.49
E-0023704,1.8491583,246.61,11.63,215.22,11.51,2.45,17.69,8.95,12.11
E-0023705,2.4661398,120.69,19.96,307.97,12.96,1.81,7.85,3.84,6.27
E-0023706,2.5419238,108.77,20.59,315.05,13.18,1.69,7.34,3.63,5.9
E-0023707,0.9332589,226.51,6.69,144.98,7.15,4.3,30.37,11.88,17.22
E-0023708,0.4978604,248.02,5.08,93.33,5.94,3.92,40.95,14.47,20.17
E-0023709,0.58135515,252.45,5.59,106.42,6.5,3.67,39.84,12.9,18.65
E-0023710,-1.0505793,275.13,0,0,1.06,7.54,51.09,23.67,34.51
E-0023711,0.9744791,248.15,3.79,108.35,24.85,0.94,15.91,19.7,27.34
E-0023712,1.7364682,103.87,16.24,160.83,18.21,1.26,7.21,11.35,16.89
E-0023713,0.9269957,227.89,4.2,42.5,12.64,2.88,14.39,22.86,32.13
E-0023714,0.8785902,223.76,3.82,34.93,10.79,3.51,14.55,24.39,33.64
E-0023715,0.809434,250.22,3.01,66.99,19.19,1.22,29.49,26.14,31.55
E-0023716,0.6335102,234.99,5.68,60.69,7.67,3,34.15,19.3,24.71
E-0023717,1.5669993,218.63,9.12,73.95,14.47,1.97,16.47,16.92,21.87
E-0023718,1.2609528,225.58,8.06,96.15,10.88,2.37,19.38,8.78,13.17
E-0023719,1.3378112,197.37,5.58,99.21,24.32,0.92,21.34,11.77,14.56
E-0023720,1.903608,128.03,7.64,377.66,23.88,1.03,17.74,7.55,7.59
E-0023721,1.3155917,234.75,8.73,130.96,12.21,1.92,16.65,9.38,13.36
E-0023722,-0.47893342,226.52,4.35,48.56,3.08,5.23,26.81,11.4,21.53
E-0023723,2.241474,128.89,16.78,475.36,10.17,2.17,8.82,3.32,5.95
E-0023724,0.998992,224.69,7.17,86.38,12.73,1.68,21.18,13.08,18.01
E-0023725,2.2940366,156.83,12.69,479.94,11,1.3,6.83,2.12,3.9
E-0023726,2.0455508,110.31,9.22,254.58,21.9,1.1,14.45,8.39,8.34
E-0023795,2.4113069,253.83,48.27,320.57,2.87,2.27,12.81,3.53,5.24
E-0023796,1.9306008,265.88,24.9,218.03,7.62,2.24,17.97,10,12.03
E-0023797,2.7878406,224.21,35.8,419.74,3.54,1.89,6.89,1.96,3.96
E-0023798,2.9652252,214.99,54.57,353.22,3.72,2.09,5.29,1.62,3.34
E-0023799,2.5643418,259.61,33.88,327.81,2.81,1.85,9.92,2.4,4.71
E-0023800,1.7524983,225.47,7.99,325.43,8.93,2.5,19.16,6.86,10.06
E-0023801,1.8778503,244.12,11.8,366.13,10.85,1.96,20.81,7.61,10.67
E-0023802,1.6348333,266.91,7.78,505.02,15.2,1.37,27.79,10.79,14.57
E-0023803,2.7886963,73.45,13.9,260.98,14.33,1.11,3.36,1.69,3.13
E-0023804,0.2952731,266.21,2.56,22.24,9.67,2.6,43.79,26,32.05
E-0023805,0.51315826,252.46,5.03,67.95,13.98,1.45,14.96,16.12,24.52
E-0023806,0.49643752,253.07,2.76,19.46,6.28,4.48,35.7,30.8,41.32
E-0023807,0.5788531,248.64,3.25,27.81,7.56,4.07,32.12,29.74,40.15
E-0023808,0.99286056,202.95,4.61,68.83,13.38,2.06,21.98,10.69,15.13
E-0023809,0.654085,230.93,5.71,60.69,8.03,2.93,33.49,18.96,24.17
E-0023810,1.65293,205.18,8.49,188.05,8.73,3.42,17.08,4.58,7.44
E-0023811,0.14237124,212.11,3.67,165.42,3.12,9.58,26.19,5.74,13.31
E-0023812,-0.5638134,264.24,0.04,95.29,0.35,14.65,49.56,13.59,22.6
E-0023813,0.7917172,247.61,4.33,104.69,9.44,4.13,37.61,14.71,18.67
E-0023814,1.8744274,163.99,9.44,177.58,15.77,1.6,17.54,7.18,8.88
E-0023815,1.1886111,213.21,5.04,78.23,10.35,3.24,24.34,8.54,11.95
E-0023816,-0.56210274,241.26,3.04,22.41,2.34,5.93,33.34,14.02,23.88
E-0023817,0.76819277,241.07,4.04,36.44,12.46,2,29.07,16.11,21.17
E-0023818,0.06979119,262.41,6.44,28.14,13.48,1.57,20.5,16.9,25.92
E-0023819,0.72562236,246.12,3.26,50.24,19.38,1.11,25.93,23.03,28.19
E-0023820,0.12337986,252.79,6.53,62,7.5,3.36,23.86,20.07,27.89
E-0023821,1.3949227,211.11,6.44,84.75,20.82,1.04,18.98,16.14,20.25
E-0023822,0.90893626,233.72,7.15,94.39,9.17,2.59,22.09,20.31,24.55
E-0023823,-0.08329355,251.89,6.4,60.44,5.92,4.91,25.63,19.14,27.05
E-0023824,0.19682033,239.03,4.62,116.57,3.54,7.74,19.2,3.7,11.05
E-0023825,1.5723457,230.34,16.75,587.06,16.55,1.48,22.41,9.21,12.46
E-0023826,1.3916674,176.28,7.8,195.92,8.64,3.21,13.37,3.06,6.63
E-0023827,2.4377215,122.76,11.61,429.56,18.16,1.06,8.49,2.88,4.02
E-0023828,1.3509188,163.91,7.7,192.43,6.31,6.06,11.51,2.29,5.59
E-0023838,1.5589393,236.98,22.13,194.36,3.28,5.13,13.15,2.62,6.33
E-0023839,1.5427786,238.2,22.57,193.76,3.12,5.18,13.49,2.67,6.4
E-0023840,1.768607,279.32,3.5,233.34,8.16,2.49,17.88,7.92,11.33
E-0023841,2.132306,276.81,7.56,797.33,11.31,1.68,16.51,6.72,9.44
E-0023842,2.292811,221.25,22.67,324.65,8.84,2.03,11.11,5.27,7.76
E-0023843,2.3889024,241.58,28.01,320.77,10.88,1.67,12.27,5.63,8.27
E-0023844,2.9447973,264,59.74,268.13,2.33,1.99,6.67,1.95,3.68
E-0023845,1.9874585,266.16,14.7,508.53,8.95,1.71,19.49,6.89,9.66
E-0023846,0.36554885,238.52,6.69,146.64,6.87,3.86,35.36,12.6,19.54
E-0023847,1.5637408,207.25,13.78,359.99,13.06,1.95,20.42,6.71,9.77
E-0023848,1.877577,210.58,12.94,80.64,18.33,1.43,8.4,9.49,14.32
E-0023849,-0.30188945,248.33,2.83,17.28,3.16,5.33,35.25,19.22,28.41
E-0023850,-0.08781526,243.57,8.23,9.82,0.39,9.16,26.97,8.09,16.37
E-0023851,0.41536123,241.07,7.38,71.34,5.05,5.72,20.84,8.23,15.97
E-0023852,1.0032591,203.48,4.7,70.5,13.09,2.12,21.74,10.5,15.04
E-0023853,0.93826187,212.7,5.33,149.39,4.27,11.4,22.42,4.75,9.31
E-0023854,1.3193065,242.89,7.78,76.85,13.81,1.81,13.94,17.68,24.04
E-0023855,1.3693063,239.61,8.02,78.95,14.21,1.74,12.82,17.43,23.87
E-0023856,1.4158124,222.08,7.26,90.01,12.23,2.32,13.36,5.94,10.58
E-0023857,0.79795784,244,7.65,119.01,11.84,2.24,20.31,10.83,15.71
E-0023858,1.3966352,235.55,5.67,268.71,18.62,1.46,22.64,12.42,14.05
E-0023859,1.8844055,189.9,12.3,133.06,12.89,2.06,18.65,6.04,8.37
E-0023860,0.8607181,242.66,6.65,86.78,10.61,1.9,21.52,24.75,29.82
E-0023861,1.9425815,167.81,10.76,86.87,13.97,1.21,5.44,16.1,20.06
E-0023862,2.7693212,28.99,17.42,194.33,12.55,1.13,2.42,2.07,3.12
E-0023863,2.5501678,101.41,16.37,305.04,12.93,1.28,6.88,2.3,4
E-0023864,1.2280948,123.18,7.77,112.1,5.62,6.69,15.35,3.02,6.98
E-0023865,2.2562096,189.92,13.42,379.99,10.97,1.51,8.03,2.06,3.66
E-0023866,0.8773818,251.15,4.15,84.49,22.04,1.04,25.61,25.11,31.55
E-0023867,0.90033567,253.72,2.99,42.66,17.08,1.35,27.4,25.67,31.99
E-0023962,1.9120368,172.83,14.33,242.2,7.93,4.6,15.1,5.25,7.73
E-0023963,2.2164164,150.59,21.2,294.59,9.52,2.56,8.31,3.22,5.97
E-0023964,1.6663654,211.26,8.17,75.83,16.1,1.55,7.52,10.46,15.11
E-0023965,1.5141023,156.94,9.65,143.84,5.36,8.35,16.37,5.36,9.41
E-0023966,2.396561,119.03,22.73,327.96,12.23,1.85,10.53,4.03,6.59
E-0023967,-0.29785436,252.98,0.06,38.21,4.92,4.57,58.02,20.76,27.21
E-0023968,-0.020091558,239.37,4.2,47.52,9.04,2.84,25.01,14.94,24.44
E-0023969,0.6247875,228.29,5.07,212.66,8.58,4.52,22.61,6.93,13.08
E-0023970,1.2358208,247.46,5.75,57.12,12.18,2.19,13.8,19.81,26.5
E-0023971,1.2956443,244.28,6.14,58.59,12.42,2.15,13.03,19.59,26.27
E-0023972,1.848848,188.77,7.84,210.61,11.12,2.3,10.54,4.28,7.33
E-0023973,0.74346733,205.05,5.1,156.15,4.56,11.58,29.1,6.96,12.18
E-0023974,-0.020019665,226.34,2.68,104.78,1.83,12.09,31.41,7.47,15.11
E-0023975,1.4789847,196.64,5.55,210.87,11.43,2.62,18.91,5.78,8.95
E-0023976,2.1260304,100.74,14.94,630.28,17.21,1.59,10.57,7.16,9.01
E-0023977,1.055234,223.31,6.32,165.92,6.95,5.16,29.12,10.17,14.38
E-0023978,1.0819283,219.92,6.41,167.11,7.19,4.96,28.41,9.99,13.99
E-0023979,0.90110517,237.17,7.66,93.54,9.48,2.69,20.02,13.08,19.08
E-0023980,1.0408015,243.22,6.74,54.55,11.27,2.33,18.69,10.7,15.79
E-0023981,0.54585373,239.17,3.47,20.33,3.81,7.4,21.99,19.67,26.99
E-0023982,1.2493081,240.8,6.17,62.02,16.11,1.42,10.78,14.86,22.48
E-0023983,0.9824164,232.25,6.66,60.24,11.87,2.16,16.63,14.44,20.95
E-0023984,1.4255993,200.07,8.91,88.87,14.3,1.83,16.35,12.47,16.97
E-0023985,1.412153,199.25,8.67,88.08,14.24,1.87,16.67,12.37,16.73
E-0023986,1.4869096,196.35,7.65,95.41,16.3,1.49,19.13,14.49,16.65
E-0023987,1.3576038,235.91,6.73,86.99,18.4,1.15,16.13,14.58,18.95
E-0023988,1.1269479,209.12,6.66,105.49,7.15,4.32,28.36,11.34,16.74
E-0023989,1.4997197,210.33,8.61,116.28,9.19,3.43,22.15,7.03,11.2
E-0023990,1.2987529,240.65,8.33,73.72,13.27,1.77,11.03,18.5,26.29
E-0023991,1.2492135,241.89,8.06,71.71,12.99,1.81,11.7,18.72,26.54
E-0024192,1.6605579,262.56,12.59,321.84,9.97,2.14,26.33,11.47,13.58
E-0024193,1.3729497,266.99,6.97,221.17,13.26,2,31.53,13.91,17.98
E-0024194,1.7779309,247.03,12.43,341.54,12.02,1.57,19.1,6.64,10.37
E-0024195,2.0549881,211.09,20,381.56,10.78,2.2,14.17,5.87,8.97
E-0024196,1.3848312,236.93,5.42,157,13.66,2.29,26.4,11.58,16.04
E-0024254,1.3535812,263.6,6.59,198.51,8.64,2.75,26.77,9.34,13.28
E-0024255,1.8649701,237.04,11.39,216.94,10.65,2.15,17.24,7.73,10.64
E-0024256,2.4853191,245.91,16.85,564.52,6.88,1.4,10.08,2.59,5.42
E-0024257,2.2369087,261.14,15.26,857.9,9.27,1.36,15.13,4.27,7.39
E-0024258,1.3968624,239.75,5.1,172.91,14.49,2.06,26.76,11.63,16.26
E-0024259,1.3429251,230,11.04,165.27,12,1.74,20.26,8.95,13.86
E-0024260,1.2900403,216.24,10.67,199.95,9.92,3.19,28.7,9.07,12.21
E-0024261,1.1021954,236.06,4.98,146.39,10.16,3.73,21.54,7.81,11.88
E-0024262,1.1336328,234.77,5.12,147.54,10.41,3.57,21.12,7.82,11.73
E-0024263,1.6868527,190.58,10.35,196.83,9.6,2.84,13.05,3.99,7.16
E-0024264,1.2826501,226.2,7.76,97.72,11.69,2.53,18.28,17.08,21.43
E-0024265,1.3115401,223.98,7.94,102.13,12.05,2.45,17.58,16.97,21.35
E-0024266,2.337917,145.26,10.65,197.51,9.96,1.54,4.41,1.3,3.35
E-0024267,2.0669196,160.17,9.07,210.99,11.94,1.57,9.2,2.25,4.52
E-0024268,1.4659286,142.37,8.31,111.58,5.05,7.02,11.43,2.01,5.16
E-0024269,1.5467297,204.02,12.85,267.21,8.19,3.08,18.75,5.12,8.43
E-0024270,1.5632792,199.91,13.03,261.4,8.18,3.11,18.26,4.93,8.23
E-0024271,1.5774809,221.23,8.7,84.9,15.27,1.45,9.68,14.46,21.24
E-0024272,0.921931,238.28,6.04,63.94,12.77,1.81,13.52,17.07,23.79
E-0024273,1.1331687,233.7,6.71,101.8,14.92,1.55,14.05,12.32,17.93
E-0024274,1.1386201,233.34,6.8,104.75,14.84,1.57,14.2,12.13,17.66
E-0024275,0.9695173,233.04,6.57,59.25,11.81,2.18,17.06,14.53,21.04
E-0024276,1.3057742,211.95,6.33,70.38,15.18,1.52,9.4,9.14,14.12
E-0024277,1.3135962,211.82,6.4,72.83,15.4,1.46,9.28,8.99,13.94
E-0024278,1.5514514,213.14,10.84,107.56,15.98,1.34,10.09,11.81,16.61
E-0024279,2.974604,41.82,27.22,640.83,9.69,1.61,5.08,2.24,3.26
E-0024280,1.1288813,202.48,7.22,117.79,6.32,5.49,27.59,9.03,14.47
E-0024281,1.4598666,144.77,12.3,88.5,13.06,1.81,6.6,14.65,20.87
E-0024282,1.3416204,229.56,8.58,80.05,12.17,1.91,13,17.74,24.74
E-0024283,1.3996742,236.57,8.74,72.25,12.52,1.85,9.51,17.26,24.2
E-0024284,1.4256389,236.1,8.9,72.73,12.59,1.83,9.12,17.32,24.26
E-0024286,2.2634683,244.14,21.57,105.74,7.03,3.11,12.81,3.01,5.44
E-0024287,1.8424584,229.9,17.52,98.63,7.32,4.43,18.57,4.49,7.43
E-0024288,1.709328,222.32,11.59,92.93,7.48,4.38,20.16,4.61,7.76
E-0024289,2.4189193,89.9,19.85,134.9,7.57,3.02,8.46,2.58,4.1
E-0024290,2.0481222,114.03,14.94,84.29,7.26,3.51,14.36,2.92,5.1
E-0024291,1.8728048,226.96,10.12,62.42,4.57,10.94,16.95,3.3,5.14
E-0024292,2.7555535,100,47.66,237.94,9.61,2.2,7.52,3.14,4.62
E-0024293,3.1084907,47.28,35.42,209.94,5.77,2.91,4.36,1.94,2.89
E-0024294,3.0702932,62.49,61.96,374.92,8.38,2.13,4.59,2.38,3.5
E-0024295,1.7512314,213.23,6.27,180.29,12.03,2.2,11.27,7.08,10.05
E-0024296,1.8122084,206.65,6.77,186.5,12.34,2.1,10.7,6.86,9.71
E-0024297,1.4905672,183.22,11.69,232.92,12.54,1.6,19.27,8.21,11.45
E-0024298,-0.7540351,291.29,0,0,4.95,2.78,65.21,34.47,42.54
E-0024299,1.1733787,234.39,6.81,91,9.75,3.25,19.61,20.73,25
E-0024300,1.2011545,233.71,6.97,92.71,9.92,3.22,19.15,20.71,24.98
E-0024301,1.2523197,217.69,6.79,198.93,9.7,4.22,23.12,8.36,12.12
E-0024302,1.488685,195.69,5.59,212.97,11.19,2.72,18.65,5.67,8.88
E-0024303,2.1277637,158.55,9.44,215.24,12.31,1.46,8.73,2.15,4.33
E-0024304,3.286412,38.55,61.7,754.22,9.14,1.27,3.89,1.7,2.99
E-0024305,2.3477588,149.48,14.65,219.21,8.66,1.79,6.91,1.84,3.67
E-0024306,1.4103482,232.21,6.84,73.17,16.48,1.46,15.71,13.56,21.65
E-0024307,1.4130179,230.88,6.71,73.41,16.8,1.41,14.87,13.47,21.59
E-0024308,1.4783069,240.02,6.71,34.68,16.74,1.39,12.91,20.89,29.7
E-0024309,1.5947162,223.23,6.6,72.4,16.69,1.15,7.87,10.39,16.09
E-0024310,1.9253436,155.91,10.16,144.41,15.63,1.42,9.56,9.45,13.01
E-0024311,1.8379796,144.84,5.23,66.31,13.71,1.84,8.1,8.25,12.33
E-0024312,2.4732347,106.66,20.16,173.71,7.71,2.2,7.23,3.07,4.62
E-0024313,1.4776251,237.09,6.2,45.46,16.9,1.49,20.37,22.04,28.59
E-0024314,1.4704297,237.22,6.15,44.88,16.77,1.5,20.48,22.19,28.61
E-0024315,1.4564549,225.14,7.92,49.12,16.77,1.42,9.32,19.22,31.28
E-0024316,1.5626173,237.93,6.89,43.06,16.99,1.42,16.81,24.59,31.02
E-0024317,2.1906967,89.38,9.93,35.18,3.45,14.51,11.56,2.1,3.6
E-0024318,2.2540781,102,13.62,54.93,3.83,13.1,10.16,2.31,3.78
E-0024319,2.2388916,91.56,13.37,67.19,4.65,10.19,9.9,2.39,3.83
E-0024320,1.539782,188.24,8.2,103.03,15.85,1.47,12.64,7.14,11.04
E-0024321,1.5302757,190.74,8.14,104.53,15.73,1.47,12.83,7.2,11.12
E-0024322,1.4082444,212.51,7.89,100.69,14.96,1.57,12.63,8.73,12.92
E-0024323,1.5665004,209.69,8.59,132.98,14.69,1.5,11.99,7.28,11.05
E-0024324,1.5471486,210.78,8.38,132.07,14.63,1.51,12.13,7.32,11.12
E-0024325,2.015338,154.06,9.3,94.35,16.68,1.09,6.65,4.39,7.28
E-0024326,2.0492685,154.31,9.43,100.82,16.7,1.06,6.51,4.21,7.05
E-0024327,1.0801139,205.24,7.68,97.99,9.85,2.72,23,9.17,13.67
E-0024328,2.1306849,258.39,20.56,626.51,11.71,1.3,14.57,4.85,8.16
E-0024329,1.8519675,259.82,12.42,222.73,6.75,2.18,17.13,4.94,8
E-0024330,2.3405366,234.16,21.15,569.23,7.33,1.41,11.54,3.16,5.85
E-0024331,2.7788846,220.64,29.09,510.48,5.01,1.4,7.37,1.86,4.03
E-0024332,2.362165,229.34,26.42,594.16,6.25,1.44,12.24,3.32,5.87
E-0024333,1.6041818,228.57,6.28,210.59,13.16,1.87,20.52,7.64,11.5
E-0024347,1.2506132,257.4,6.69,80.65,6.4,5.06,25.98,7.21,11.25
E-0024348,1.8883885,163.84,7.41,120.05,14.31,1.55,10.66,3.35,6.21
E-0024349,2.6306741,35.32,25.71,419.04,14.18,1.22,4.68,2.33,3.96
E-0024350,1.2290871,246.06,5.78,58.13,16.78,1.49,15.77,13.42,21.46
E-0024351,1.2541385,245.29,5.87,58.24,16.88,1.5,15.86,13.04,20.99
E-0024352,1.6191034,182.91,8.93,108.47,10.51,2.92,19.47,6.99,11.21
E-0024353,1.5228997,239.27,7.28,42.1,19.38,1.28,11.3,17.91,33.54
E-0024354,1.5064522,238.48,7.16,41.15,19.11,1.3,11.59,18.28,33.79
E-0024355,1.7577546,148.78,9.99,114.05,15.34,1.67,12.34,7.6,11.69
E-0024356,0.7454314,223.19,6.75,90.22,9.29,2.87,29.44,12.73,18.09
E-0024357,2.516337,119.79,18.21,338.74,15.05,1.36,6.72,4.65,6.89
E-0024358,0.7510062,254.99,3.29,29.59,6.85,3.44,33.1,30.42,35.75
E-0024359,0.62863904,237.03,4.36,49.34,5.35,6.63,29.98,19.8,24.86
E-0024360,0.28479302,264.22,0.44,0,2.75,7.85,35.88,25.56,33.97
E-0024361,2.3280609,121.79,11.85,673.58,11.1,1.53,9.27,2.9,4.62
E-0024362,3.3023777,41.9,18.71,716.02,9.17,1.58,4.09,1.2,2.39
E-0024363,2.3099732,127.93,12.79,673.79,14.77,1.47,11.99,3.57,4.57
E-0024364,2.9760394,56.41,17.89,776.68,12.56,1.41,6.08,1.81,2.85
E-0024365,2.6695037,57.35,17.03,887.37,13.4,1.41,7.38,2.38,3.75
E-0024366,2.105154,177.65,8.98,109.05,16.76,1.07,6.36,5.75,9.03
E-0024367,0.7846628,245.97,43.55,228.32,8.33,2.68,13.49,3.74,9.27
E-0024368,1.7106787,251.47,12.58,742.79,14.35,1.42,12.08,3.02,5.53
E-0024369,1.368067,236.52,8.13,80.85,12.56,1.89,18.31,23.22,28.24
E-0024370,1.1967717,234.26,6.4,73.2,7.92,3.5,19.11,30.6,33.63
E-0024371,1.5182369,256.78,14.34,163.68,4.38,3.7,26.92,10.05,12.2
E-0024372,1.5245712,254.92,12.16,285.67,9.18,3.2,24.72,8.99,12.31
E-0024373,2.6307626,227.72,62.43,547.14,2.93,1.85,9.38,2.45,4.63
E-0024374,1.920748,261.89,37.18,425.54,8.76,1.97,17.9,8.14,10.96
E-0024375,2.2373354,213.09,13.23,586.99,9.77,1.32,12.51,3.63,6.47
E-0025768,1.6581079,260.72,9.53,327.41,10.22,2.04,22.24,7.96,11.72
E-0025769,2.8485641,207.93,12.29,882.33,6.35,1.22,7.31,1.62,4.17
E-0025770,2.3392968,248.51,45.72,423.05,2.34,2.06,11.94,2.48,5.03
E-0025771,2.3078165,194.6,15.98,515.29,10.63,1.23,10.95,3.22,6.18
E-0025772,2.5096135,219.04,47.05,479.49,7,1.57,10.95,3.78,5.97
E-0025773,2.6008518,230.53,68.29,458.62,5.36,1.77,10.19,3.33,5.02
E-0025774,1.8066827,168.1,6.89,115.27,14.17,1.65,11.41,3.66,6.65
E-0025775,1.1561912,241.04,6.13,62.46,11.9,2.05,10.89,12.73,19.47
E-0025776,1.1282282,215.56,4.9,55.56,10.84,3,26.34,16.73,24.62
E-0025777,0.4810523,255.7,4.13,0,11.96,1.94,27.85,35.85,49.26
E-0025778,0.67790246,275.09,1.92,0,1.27,16.95,54.15,6.98,11.72
E-0025779,1.2522078,200.27,4.87,9.1,2.71,16.3,35.44,4.36,7.72
E-0025780,-0.3372004,249.93,2.9,32.56,1.4,9.24,34.54,20.86,29.98
E-0025781,1.5460018,217.18,9.98,125.92,10.97,2.73,20.93,6.89,9.15
E-0025782,1.3336612,223.03,9.2,108.63,9.72,3.99,29.54,9.68,12.1
E-0025783,1.3239621,224.29,8.9,107.04,9.65,4.14,29.74,9.72,12.25
E-0025784,0.4690205,254.42,2.83,27.44,3.29,8.2,34.91,25.88,32.28
E-0025785,0.97116584,245.12,3.8,27.3,15.21,1.52,23.68,20.01,26.3
E-0025786,0.99786085,227.92,5.52,63.8,5.47,5.8,22.46,14.16,19.52
E-0025787,1.0472351,230.94,5.99,69.64,9.35,3,24.4,20.68,23.94
E-0025788,-0.1441001,238.67,4.25,42,3.19,7.56,29.95,18.89,27.18
E-0025789,-0.1664228,239.54,4.17,41.9,3.11,7.67,30.48,18.99,27.33
E-0025790,-1.5513709,287.84,0,0,0,13.84,46.26,32.11,44.44
E-0025791,2.5522242,109.11,11.03,465.14,14.13,1.14,4.87,2.56,3.99
E-0025792,2.2300956,108.22,8.35,328.05,13.59,1.34,5.59,3.73,5.08
E-0025793,1.8183069,150.61,6.7,115.55,8.85,2.34,5.69,2,4.56
E-0025794,1.4441116,221.11,4.83,94.78,6.37,3.04,8.13,2.21,5.78
E-0025795,1.1132665,227.19,6.06,105.99,5.51,8.79,25.61,10.76,14.14
E-0025796,1.897546,204.72,7.66,502.78,16.28,1.48,8.77,6.84,9.58
E-0025797,1.8902841,207.23,7.8,549.9,16.44,1.45,8.64,6.77,9.54
E-0025798,1.9706975,228.65,9.46,443,16.84,1.43,12.16,10.16,11.87
E-0025799,1.9724083,229.33,9.59,462.53,16.87,1.42,12.05,10.05,11.75
E-0025800,2.058803,107.12,7.52,295.65,16.27,1.73,7.81,6.66,9.68
E-0025801,2.027077,216.79,9.48,352.37,16.72,1.48,12.32,10.56,12.09
E-0025802,2.1811862,183.08,11.88,409.43,14.16,1.41,8.71,3.53,5.5
E-0025803,2.5539675,165.08,13.38,397.09,14.52,1.18,5.18,2.33,3.87
E-0025804,2.5359356,168.12,13.67,396.7,14.35,1.2,5.33,2.45,3.94
E-0025805,2.18384,196.18,14.22,607.46,13.59,1.41,8.66,3.96,5.83
E-0026542,1.9255497,145.44,7.3,185.45,9.06,1.99,5.77,1.64,4.17
E-0026543,2.3260975,205.62,20.6,468.18,10.21,1.42,10.91,3.69,5.97
E-0026544,0.82059723,241.48,3.69,22.7,9.83,3.02,21.44,25.3,35.3
E-0026545,1.8641198,205.03,6.73,324.31,14.38,1.8,11.84,6.29,9.09
E-0026546,1.9187279,197.74,7.25,327.38,14.73,1.71,10.99,6.16,8.84
E-0026547,-0.90513825,291.56,0,0,4.8,2.65,64.89,35.53,44.39
E-0026548,1.0114824,202.12,6.47,165.77,22.07,1.25,40.22,19.49,22.71
E-0026549,0.5510723,205.14,6.96,130.58,12.94,1.81,39.23,17.57,22.6
E-0026550,2.298309,207.86,12.27,123.04,11.74,1.5,6.4,5.23,7.38
E-0026551,2.962813,42.2,18.06,918.25,10.21,1.56,5.3,1.69,3.19
E-0026552,0.763644,248.99,5.58,55.6,8.82,2.5,40.08,25.5,30.16
E-0026553,1.3921554,224.89,6.32,64,10.2,2.84,16.54,9.97,14.84
E-0026554,1.1688141,226.78,6.63,74.05,8.63,3.53,19.3,11.53,16.59
E-0026555,1.4828258,230.75,7.26,152.89,8.07,4.78,19.16,12.67,14.56
E-0026556,1.4800315,219.61,7.89,215.77,9.22,4.79,21.59,8.29,10.19
E-0026557,1.7097833,194.78,5.99,135.42,8.33,2.5,8.53,3.66,6.97
E-0026558,1.2522657,217.4,4.11,128.65,8.23,3.2,11.73,5.85,10.81
E-0026559,1.2977093,230.12,4.45,74.42,6,4.11,12.71,6.02,10.7
E-0026560,2.2831602,114.52,8.6,150.48,9.21,1.7,3.72,1.28,3.17
E-0026561,2.1111734,89.86,7.45,139.63,13.06,1.95,7.01,4.74,7.08
E-0026562,2.178268,185.05,11.88,421.69,14.15,1.4,8.85,3.5,5.53
E-0026563,2.1483245,195.5,13.47,602.2,13.6,1.43,8.82,3.99,5.92
E-0026564,1.065185,198.44,7.7,80.81,7.4,4.57,17.76,11.4,15.41
E-0026565,1.5255346,252.44,10.98,250.41,7.7,3.1,25.08,10.56,12.95
E-0026566,2.4720104,254.3,35.34,363.01,3.04,1.76,12.35,2.94,5.18
E-0026567,2.4937067,254.36,37.15,338.04,2.8,1.82,12.12,2.92,5.1
E-0026568,2.7349088,218.12,38.19,728.61,3.9,1.95,8.14,2.27,4.44
E-0026569,2.984859,197.29,50.94,314.75,3.46,1.97,6.58,2.22,3.68
E-0026570,1.9463521,228.72,26.66,376.07,11.2,1.92,18.93,7.41,10.36
E-0026571,2.3926792,238.66,32.11,570.54,9.46,1.36,8.81,3.79,6.3
E-0026572,0.98907125,259.28,5.16,86.48,7.62,4.37,32.24,14.32,18.44
E-0026573,1.7296525,242.13,8.48,317.53,11.85,1.97,20.39,7.62,11.54
E-0026574,2.748424,238.34,72.3,514.07,5.2,1.59,9.15,2.65,4.5
E-0026575,2.9699817,198.5,50.62,313.88,3.43,1.98,6.62,2.22,3.71
E-0026576,3.0431602,191.85,53.7,314.14,3.29,2,6.29,2.16,3.51
E-0026577,2.5301223,240.39,46.01,544.29,4.43,1.67,10.3,3.05,4.83
E-0026578,1.5031412,205.55,16.32,301.87,7.38,3.97,20.57,6.71,10.69
E-0026579,2.0311053,236.59,28.45,364.83,6.1,2.1,13.57,4.41,6.96
E-0026580,1.8635434,243.08,30.06,293.56,5.15,3.03,14.53,4.3,7.47
E-0026581,2.2618499,251.61,27.78,563.47,11.03,1.34,11.38,4.04,6.93
E-0026582,2.1513627,251.28,32.07,349.26,3.91,1.79,16.45,4.27,6.41
E-0026583,2.7368422,124.74,19.87,263.29,12.18,1.35,7.33,2.92,3.92
E-0026584,1.062942,232.08,4.07,40.4,12.4,2.25,20.77,20.14,27.98
E-0026585,0.5248343,256.54,2.95,16.13,10.12,3.09,26.73,23.05,32.39
E-0026586,0.9252597,230.19,6,63.64,11.5,2.6,20.86,15.82,22.94
E-0026587,0.43392098,212.58,4.12,34.95,9.72,2.78,34.03,29.12,36.96
E-0026588,1.9241998,199.69,10.6,145.2,13.41,1.6,14.81,4.8,6.84
E-0026589,1.606822,218.45,10.18,129.15,10.81,2.83,20.78,6.6,8.61
E-0026590,0.646744,243.12,5.19,62.29,7.06,2.99,19.71,9.65,15.53
E-0026591,0.8605055,239.36,5.97,74.37,8.36,2.56,16.52,8.99,14.26
E-0026592,1.1400088,188.59,4.73,116.05,6.74,2.98,15.39,4.46,8.64
E-0026593,1.5736831,211.86,10.04,167.11,9.38,3.53,20.33,8.52,10.79
E-0026594,2.2447283,148.77,18.1,733.23,15.93,1.3,8.08,4.19,5.49
E-0026595,1.0713496,239.04,2.87,84.18,5.88,4.05,13.2,5.17,10.59
E-0026596,2.9618065,56.75,20.39,328.05,12.04,1.35,6.05,2.71,2.72
E-0026597,1.7141339,215.21,5.37,220.45,10.51,2.42,8.78,5.23,8.54
E-0026598,2.0084467,179.2,8.37,245.48,16.95,1.57,8.05,8.12,11.32
E-0026599,2.00613,182.2,8.37,256.7,16.97,1.57,8.04,8.14,11.37
E-0026600,1.0793116,200.1,7.44,80.18,8.59,3.72,17.43,10.63,14.72
E-0026601,2.1887846,163.78,14.71,280.98,14.33,1.5,12.72,4.42,6.02
E-0026602,2.0421965,143.61,15.76,195.24,5.94,6.69,9.5,3.83,5.47
E-0026603,3.5574398,47.19,19.79,389.91,2.39,2.4,1.73,0.72,1.3
E-0026604,0.8959293,242.6,7.38,104.21,3.08,14.58,24.3,9.41,14.35
E-0026605,1.8952551,179.58,12.3,176.74,10.08,2.47,16.47,5.41,7.65
E-0026606,1.8023654,175.58,13.83,179.88,8.99,3.69,18.9,6.32,8.33
E-0026607,2.4615622,63.76,25.97,176.56,4.32,6.63,5.47,2.46,3.36
E-0026608,3.1025028,65.93,26.23,232.69,4.05,3.09,3.31,1.66,2.42
E-0026609,1.91879,130.53,16.12,141.32,5.47,9.21,9.41,5.98,8.41
E-0026610,2.1805508,148.67,10.81,389.49,10.97,1.43,8.57,2.97,4.91
E-0026611,2.66515,68.27,20.37,222.59,14.21,1.45,4.68,4.57,7.06
E-0026612,2.285115,174.02,10.36,131.47,10.99,1.57,7.52,2.46,4.5
E-0026613,1.9688796,250.6,31.69,199.18,4.73,3.25,17.39,7.48,9.29
E-0026614,2.728347,238.67,72.21,522.55,5.28,1.59,9.28,2.68,4.56
E-0026615,1.7749006,264.39,25.51,347.09,6.31,2.47,19.07,6.67,10.39
E-0026616,1.7572937,265.57,25.06,358.58,7.13,2.38,18.85,6.84,10.82
E-0026617,2.6373096,250.76,53.12,503.15,2.85,1.79,9.61,2.68,4.45
E-0026618,2.5910492,250.46,50.86,498.52,2.85,1.78,9.94,2.74,4.54
E-0026619,2.0272806,232.66,39.76,335.01,4.62,1.9,11.35,3.15,5.84
E-0026620,2.0140884,232.7,39.15,335.75,4.65,1.9,11.37,3.14,5.89
E-0026621,2.101789,230.47,39.76,332.59,4.57,1.89,10.94,3.12,5.56
E-0026622,2.2421076,228.54,37.26,300.02,4.47,1.75,9.42,3,5.07
E-0026623,1.5558634,237.41,20.7,240.6,5.78,4.58,20.14,6.2,9.91
E-0026624,1.5914333,236.3,21.12,260.16,5.37,4.43,17.96,5.19,8.77
E-0026625,2.1477044,208.82,31.68,373.13,7.11,2.36,13.29,4.08,6.84
E-0026626,2.357753,264.34,23.78,575.06,11.13,1.32,10.33,4.06,7.04
E-0026627,2.501365,251.84,47.81,334.85,2.9,1.94,12.27,3.31,5.1
E-0026628,2.4887533,251.07,47.73,330.79,2.93,1.96,12.24,3.31,5.09
E-0026629,2.7796688,110.18,14.6,429.78,13.43,1.27,6.96,2.66,3.76
E-0026630,1.0158969,192.59,7.07,91.46,13.29,1.72,24.24,13.71,18.98
E-0026631,0.03789411,263.5,1.99,8.43,5.98,2.68,52.71,38.69,43.87
E-0026633,2.8636107,88.14,12.13,138.03,6.92,1.74,4.21,1.88,3.25
E-0026634,1.7670306,232.87,6.21,411.7,15.4,1.57,9.37,7.19,10.2
E-0026635,1.7699817,230.2,6.36,370.13,15.11,1.62,9.5,7.25,10.22
E-0026636,1.0802929,197.56,7.79,82.19,7.47,4.53,17.59,11.19,15.2
E-0026637,1.0392174,200.39,7.51,78.56,7.23,4.65,18.59,11.86,15.87
E-0026638,1.9306525,183.13,11.62,221.03,13.48,1.8,16.87,5.48,7.47
E-0026639,1.9911898,172.38,16.95,240.99,12.57,2.04,14.18,5.84,8
E-0026640,1.2167485,225.72,8.17,94.75,9.95,4.06,31.41,11.7,13.83
E-0026641,1.3092388,218.79,8.71,99.82,8.66,4.74,30.64,9,11.66
E-0026642,2.7336917,56.26,25.8,319.1,5.77,3.29,5.36,2.28,3.29
E-0026643,2.1291516,151.42,16.36,217.39,7.69,4.37,10.79,4.04,5.69
E-0026644,1.8802576,163.67,13.51,171.97,9.69,3.48,16.8,5.94,7.75
E-0026645,2.2513845,176.57,10.04,130.66,10.95,1.59,7.7,2.53,4.62
E-0026646,2.891684,111.25,20.99,162.57,10.53,1.49,4.85,1.8,3.26
E-0026647,2.4332533,156.65,15.77,148.06,10.22,1.78,6.8,2.73,4.52
E-0026648,2.4685087,153.46,15.56,152.75,10.31,1.72,6.54,2.6,4.38
E-0026649,2.0829127,229.97,16.47,145.22,7.96,4.67,9.96,3.79,5.49
E-0026650,2.7915435,117.44,18.46,234.35,11.78,1.34,5.51,1.92,3.41
E-0026651,1.3901017,199.6,8.32,125.24,10.67,2.99,19.47,6.86,10.5
E-0026652,1.3747367,203.61,8.33,126.47,10.5,3.02,20.05,7.12,10.73
E-0026678,1.5419747,219.44,9.12,122.01,10.94,2.88,22.32,7.17,9.5
E-0026679,1.100382,224.04,7.57,79.06,9.51,2.46,23.48,21.29,26.35
E-0026680,0.8121534,263.03,4.82,49.31,13.69,1.49,26.82,19.07,26.11
E-0026681,1.9802722,211.5,10.87,159.85,11.69,1.86,13.29,5.18,6.67
E-0026682,2.3307557,147.03,15.11,273.56,7.94,2.22,7.05,2.57,4.6
E-0026683,3.3647785,62.73,23.15,368.54,4.73,1.88,3.29,1.38,2.19
E-0026684,2.6235218,76.46,22.57,178.39,13.38,1.48,4.86,4.52,6.86
E-0026685,2.1117935,227.75,15.72,154.52,8.47,4.14,9.4,3.58,5.37
E-0026686,2.7814453,119.64,19.53,226.27,11.37,1.4,5.65,2.01,3.42
E-0026687,1.5610099,207.28,8.48,104.16,8.74,3.18,15.19,5.08,8.2
E-0026688,1.8145938,197.74,9.08,136.44,9.69,2.35,13.22,4.15,6.99
E-0026689,1.8311017,195.87,9.32,135.6,9.8,2.3,12.92,4.03,6.8
E-0026690,2.5733302,126.49,20.04,186.78,10.5,1.63,7.13,2.49,4.18
E-0026691,2.5302012,133.65,19.83,183.22,10.02,1.72,7.42,2.62,4.31
E-0026692,2.0090597,176.7,11.69,152.23,9.72,2.33,10.77,4.03,6.5
E-0026693,1.950333,176.69,11.65,132.54,9.22,2.63,11.31,4.38,6.83
E-0026694,1.7267767,234.82,10.64,142.43,7.1,6.29,14.69,5.16,7.61
E-0026695,1.6836377,236.86,10.62,134.26,6.58,7.05,15.77,5.53,7.93
E-0026696,2.4730122,139.25,18.27,274.27,12.27,1.5,7.85,2.77,4.69
E-0026697,2.4523432,141.61,18.8,261.42,11.79,1.57,8.08,2.87,4.73
E-0026698,1.0624554,229.29,6.87,129.5,8.76,3.94,22.4,8.39,12.92
E-0026699,3.3014376,36.75,20.51,264.3,8.76,1.3,3.22,1.31,2.36
E-0026700,2.0402105,246.92,31.89,457.66,6.38,1.87,13.27,4.36,7.16
E-0026701,1.7604436,252.98,24.97,348.81,8.32,1.99,16.84,7.2,10.21
E-0026702,2.2850246,247.74,34.45,484.45,5.43,1.72,11.04,3.58,6.07
E-0026703,2.1513052,244.17,42.4,455.28,5.16,2.09,13.5,4.43,6.48
E-0026704,2.4271724,253.1,35.66,462.56,4.06,1.86,11.11,3.33,5.71
E-0026706,2.4533205,135.94,19.24,390.47,12.79,1.43,10.67,3.84,5.02
E-0026707,2.224519,148.74,15.09,201.61,13.37,1.59,10.58,4.72,6.53
E-0026708,0.046100564,213.61,1.19,7.61,2.32,10.45,51.66,29.66,34.95
E-0026709,1.9829489,161.06,10.24,120.57,12.24,1.74,9.8,3.02,5.74
E-0026710,1.9849926,161.36,9.66,126.78,12.74,1.65,9.58,2.91,5.72
E-0026711,2.8805342,111.09,20.69,163.17,10.68,1.48,4.87,1.8,3.29
E-0026712,1.8561606,211.35,6.83,210.22,13.47,1.85,16.07,4.97,8.11
E-0026713,1.8215418,209.09,10.01,214.79,11.56,2.35,17.19,5.67,8.72
E-0026714,1.7561026,216.48,9.56,210.14,11.3,2.43,18.22,5.98,9.08
E-0026715,2.160716,213.72,9.73,241.1,15.31,1.4,11.9,3.82,6.23
E-0026716,2.1490564,216.64,9.48,248.16,15.6,1.37,12.1,3.88,6.3
E-0026717,1.8494158,183.73,8.22,127.13,10.1,2.06,12.32,4.61,7.44
E-0026718,2.28824,181.15,16.46,232.17,18.89,1.29,8.67,4.22,6.39
E-0026719,2.1512036,189.2,14.43,207.58,18.72,1.43,9.84,4.75,7.18
E-0026720,2.375847,78.22,37.54,707.09,7.7,4.46,7.29,3.24,4.67
E-0026721,2.434336,75.55,39.52,789.96,8.05,3.78,6.81,3.01,4.45
E-0026722,2.826514,87.04,25.68,287.23,13.88,1.36,6.33,3.01,4.93
E-0026723,1.8164368,248.33,32.16,361.31,4.72,3.96,17.68,4.69,7.54
E-0026724,2.258393,247.02,39.92,314.24,4.98,2.54,13.19,3.9,6
E-0026725,2.0889442,252.33,40.93,390.27,6.01,2.49,15.02,4.79,7.24
E-0026726,2.1063485,254.48,44.79,369.83,5.68,2.57,14.94,4.93,7.21
E-0026727,1.7594857,250.12,19.94,218.23,9.5,2.43,19.03,12.8,14.16
E-0026728,1.7759284,261.17,25.49,240.92,3.55,3.6,20.4,7.65,9.4
E-0026729,2.3493426,263.09,64.31,392.15,2.43,2.14,12.46,3.24,5.55
E-0026730,3.1223755,250.58,91.06,327.75,1.55,2.2,6.16,2,3.44
E-0026731,1.9952114,246.86,18.41,313.02,5.6,1.81,12.52,4.89,7.6
E-0026732,2.2146697,218.54,17.37,219.77,6.55,1.75,9.02,4.33,6.5
E-0026733,2.0704248,272.23,49.93,606.07,5.09,2.52,17.57,7.35,8.71
E-0026734,1.76937,238.19,30.75,393.9,5.21,3.86,17.75,5.14,7.95
E-0026735,1.7105064,242.73,28.09,445.74,5.88,3.76,18.56,5.21,8.51
E-0026736,2.329875,245.16,41.37,335.19,5.37,2.26,12.18,3.65,5.78
E-0026737,1.584833,264.16,17.59,129.63,7.36,3.3,24.2,17.71,17.53
E-0026738,2.1781888,246.09,33.94,230.9,5.49,2.3,13.69,8.04,8.94
E-0026739,2.421878,217.8,47.6,305.61,5.77,2.27,10.54,5.56,6.78
E-0026740,2.5009658,213.15,40.02,274.67,5.33,2.05,9.62,4.46,5.96
E-0026741,2.4179013,248.97,26.66,444.34,3.92,1.64,8.69,2.5,5.02
E-0026742,2.4087384,239.64,41.53,415.17,4.92,1.76,10.19,3.73,5.79
E-0026743,1.3521488,258.9,11.08,158.7,4.82,4.97,29.64,11.96,14.22
E-0026744,1.8349904,248.8,31.32,219.48,4.15,3.47,18.65,7.22,9.09
E-0026745,1.6987808,257.03,23.15,179.23,4.12,3.93,21.35,7.96,10.01
E-0026746,3.4492333,211.71,96.89,421.18,1.13,2.25,3.8,1.6,2.63
E-0026747,3.9371233,50.71,112.57,572.3,1.71,2.09,1.3,0.74,1.22
E-0026748,3.0478792,182.05,103.49,317.07,3.45,2.07,6.46,2.48,3.82
E-0026749,3.8538055,118.21,110.4,448.8,0.28,2.86,1.84,0.75,1.49
E-0026750,3.5598993,137.08,103.03,459.19,0.97,2.02,2.81,1.4,1.99
E-0026751,3.4994445,157.56,105.14,464.48,0.97,2,3.05,1.49,2.21
E-0026752,3.126087,234.15,123.28,328.81,2.42,2.01,6.59,2.42,3.8
E-0026753,2.9108343,221.08,72.83,279.02,3.56,1.99,6.9,2.5,4.02
E-0026754,2.7004528,225.98,75.75,314.08,3.47,2.17,8.58,2.78,4.17
E-0026755,3.1487188,224.48,68.17,626.37,2.07,2.3,5.03,2.12,3.44
E-0026756,2.8828025,240.44,77.4,466.61,1.6,2.71,6.25,2.08,3.59
E-0026757,1.6183418,171.29,9.63,129.7,13.03,2.6,21.74,8.5,11
E-0026758,2.2108905,183.03,18.62,279.45,14.13,1.46,12.18,4.91,6.13
E-0026759,2.2003868,118.82,19.51,180.38,6.86,6.08,9.54,3.6,4.76
E-0026761,0.9438716,244.27,5.65,72.98,9.44,3.4,31.12,12.75,16.95
E-0026762,2.1523638,72.59,23.27,467.72,6.17,7.68,8.81,3.72,5.21
E-0026763,2.3815668,85.12,23.98,493.93,8.33,3.3,7.49,3.17,4.63
E-0026764,2.3252606,74.54,22.36,423.75,7.58,4.01,8.01,3.35,4.82
E-0026765,2.1287506,76.97,22.72,460.58,6.1,7.79,8.97,3.77,5.29
E-0026766,2.3887894,86.92,24.35,523.18,8.43,3.08,7.4,3.1,4.58
E-0026767,2.3568256,78.89,23.36,436.23,7.77,3.51,7.86,3.24,4.68
E-0026768,2.6948655,81.45,35.6,461.22,8.78,1.68,7.1,3.09,4.34
E-0026769,3.1819396,41.82,39.22,548.45,11.68,1.32,4.54,2.2,3.61
E-0026770,2.9700043,50.42,30.36,489.11,5.38,2.46,4.1,1.86,2.88
E-0026771,2.8899589,145.38,43.21,372.02,5.58,2.12,6.01,2.35,3.67
E-0026772,2.5398476,46.89,32.06,238.61,6.05,4.16,5.44,2.77,3.84
E-0026773,2.7284539,66.49,22.72,293.56,6.24,2.81,4.29,2.16,3.4
E-0026774,1.0949234,236.48,15.44,127.04,14.14,2.11,18.82,8.82,14.71
E-0026775,1.7293395,238.29,21.82,283.27,6.89,3.16,19.29,6.34,9.47
E-0026776,1.766939,239.08,24.9,264.27,6.47,3.17,18.86,6.31,9.23
E-0026777,2.0169814,240.87,16.01,347.2,5.54,1.71,12.49,3.41,6.29
E-0026778,1.9926683,241.31,19.64,305.97,6.83,1.95,13.98,4.01,6.91
E-0026779,1.4164536,243.01,11.48,147.16,7.22,3.19,25.75,13.62,15.46
E-0026780,2.3199134,234.12,36.77,478.15,5.89,1.64,9.29,3.03,5.55
E-0026781,2.3321435,249.44,25.38,399.75,3.39,1.79,9.87,3.45,5.8
E-0026782,2.073261,240.06,56,288.54,2.39,3.15,10.32,2.13,4.67
E-0026783,3.7228408,133.59,146.44,406.15,0.81,2.28,2.38,1.16,1.69
E-0026784,4.013769,61.85,124.78,503.46,0.79,2.35,1.15,0.75,1.13
E-0026785,3.6395805,139.48,120.67,391.49,1.18,2.43,2.69,1.2,1.96
E-0026786,2.153451,234.83,35.43,174.47,4.41,3.47,9.98,3.86,6.33
E-0026787,3.7800674,99.78,92.56,409.61,0.94,2.48,1.79,0.73,1.43
E-0026788,2.143314,247.78,40.57,324.43,4.07,2.8,11.46,3.21,5.71
E-0026789,2.0803747,246.74,38.23,322.05,4.22,2.94,12.04,3.36,6
E-0026790,2.0395663,248.33,43.32,271.68,3.05,3.01,13.04,3.41,5.73
E-0026791,3.208579,186.84,83.98,366.35,2.87,1.96,5,1.84,2.99
E-0026792,2.0586,246.23,37.76,394.7,5.83,2.1,12.52,4.1,6.54
E-0026793,2.1543195,232.92,38.8,400.77,5.68,2.08,11.61,3.84,6.17
E-0026794,2.195922,248.05,40.26,459.39,5.82,2.54,14.32,4.31,6.72
E-0026795,2.2067828,248.16,40.99,459.89,5.93,2.5,14.06,4.28,6.69
E-0026796,2.236531,238.14,31.95,454.37,5.81,1.73,10.56,4.04,6.48
E-0026797,1.450028,250.39,11.75,155.71,5.37,3.39,25.37,9.72,12.34
E-0026798,3.2927823,139.72,105.32,452.18,2.62,2.37,4.06,1.56,2.54
E-0026799,3.1660137,210.41,111.43,485.6,1.11,2.66,4.84,1.81,2.9
E-0026800,3.7863054,81.44,151.42,670.84,0.77,2.68,1.52,0.86,1.29
E-0026801,2.4356802,225.11,66.89,252.32,3.24,2.61,9.13,2.87,4.53
E-0026802,2.7967083,219.01,84.68,472.55,4.02,1.8,7.49,2.44,3.87
E-0026803,2.6219692,251.07,70.49,394.55,3.33,1.97,10.06,2.91,4.87
E-0026804,2.238429,243.74,39.76,409.62,5.21,1.71,11.03,3.31,5.52
E-0026805,2.2400358,243.21,40.66,404.8,5.1,1.74,11.04,3.31,5.47
E-0026806,2.4693172,197.15,21.92,233.6,6.98,2.88,8,2.75,4.56
E-0026807,2.0822806,169.54,20.49,214.42,8.09,4.22,13.13,4.64,6.85
E-0026808,2.3360407,123.22,29.32,246.76,6.9,3.88,10.24,3.86,5.38
E-0026809,3.8108747,42.61,31.59,308.66,1.85,2.06,1.53,0.67,1.14
E-0026810,3.7020965,42.11,25.5,289.31,2.37,2.11,1.94,0.8,1.33
E-0026811,3.1885638,59.26,22.05,304.91,5.2,1.69,3.73,1.39,2.43
E-0026812,3.0145469,63.5,14.7,298.81,11.11,1.25,5.58,2.07,3.24
E-0026813,3.1338477,42.37,30.68,288.53,5.01,2.04,4.15,1.85,2.71
E-0026829,3.3407578,64.04,27.85,226.33,3.25,2.29,2.93,1.26,1.96
E-0026830,3.1933777,47.34,42.14,304.23,4.89,1.95,3.99,1.92,2.66
E-0026831,1.9606699,176.34,14.08,115.29,7.24,4.01,12.73,4.97,7.51
E-0026832,1.3526776,216.58,12.15,220.39,16.52,1.53,20.36,8.77,13.5
E-0026833,1.3736222,214.84,12.18,224.36,16.55,1.53,20.17,8.71,13.38
E-0026834,1.3601074,232.34,11.13,200.09,13.87,1.77,17.7,7.15,11.86
E-0026835,1.4025475,230.29,10.99,200.25,13.98,1.78,17.39,7.19,11.79
E-0026836,1.641866,191.37,14.39,241.95,16.62,1.57,15.84,7,11
E-0026837,1.6895354,184.77,14.99,253.32,16.83,1.56,15.55,6.84,10.71
E-0026838,3.2688177,225.73,87.9,710.83,2.2,2.33,4.44,1.62,2.95
E-0026839,3.202074,229.62,82.85,725.28,2.5,2.27,4.72,1.7,3.13
E-0026840,1.3864958,212.49,33.44,231.56,3.09,8.27,16.11,2.92,6.6
E-0026841,2.501712,254.69,58.21,360.51,2.93,2.38,9.04,2.35,4.37
E-0026842,2.5614753,255.41,63.18,349.86,2.7,2.42,8.76,2.35,4.21
E-0026843,2.369051,252.12,43.03,319.9,3.07,2.2,13.3,3.63,5.41
E-0026939,2.747019,217.69,49.8,298.74,3.25,2.1,7.76,2.23,3.9
E-0026940,2.1429043,230.76,39.95,325.37,3.73,2.31,10.91,2.53,5.09
E-0026941,2.2239883,233.67,43.89,323.45,3.5,2.27,10.55,2.48,4.87
E-0026942,2.714714,237.03,47.74,355.74,2.95,2.13,8.22,2.14,3.94
E-0026943,1.6454834,250.63,14.59,213.56,5.65,3.31,23.88,8.56,11.19
E-0026944,2.568442,155.59,47.2,580.47,12.98,1.43,9.17,4.02,5.96
E-0026945,2.5895922,225.49,43.84,308.74,3.49,2.05,8.42,2.31,4.24
E-0026967,1.8636969,226.24,12.42,251.02,10.75,2.51,17.07,6.86,10.11
E-0026969,2.9639997,228.11,73.48,400.1,4.21,1.76,6.23,2.63,4.01
E-0026976,1.2725912,215.1,7.29,104.77,15.95,1.45,22.99,11.16,15.62
E-0026979,1.6728265,265.9,22.96,262.39,7,2.42,21.81,9.51,12.23
E-0026980,1.3832192,212.89,9.04,152.56,15.51,1.76,24.6,10.95,13.76
E-0026981,1.8143997,175.41,13.18,352.44,20.07,1.24,17.51,8.23,10.07
E-0026982,1.3755187,215.22,8.1,178.87,15.21,1.83,25.65,11.27,13.29
E-0026983,3.9012368,1.98,112.09,289.73,0,18.75,0,0,0
E-0026984,3.9581056,39.88,91.83,171.4,0,16.47,0,0,0
E-0026985,3.2801173,20.62,108.15,663.35,4.99,1.9,3.35,1.52,2.3
E-0026986,2.8137176,66.02,84.75,352.97,4.52,6.59,6.26,2.49,3.14
E-0026987,3.0908844,0,32.8,201.19,0,6.96,0.51,0,0.28
E-0026988,2.8213995,66.96,40.38,681.69,17.61,1.13,5.48,3.09,5.08
E-0026989,2.2192996,135.48,16.6,318.62,13.02,1.78,7.28,3.63,6.89
E-0026990,2.625495,59.83,39.13,194.98,0.84,15.76,6.16,1.47,1.82
E-0026992,1.1254163,165.43,7.33,183.5,9.38,4.48,21.97,6.18,9.85
E-0026993,1.9084764,103.84,33.14,156.82,1.18,26.12,13.67,3.08,3.57
E-0026994,3.1861877,35.74,51.02,"1,061.96",16.65,1.05,4.01,2.09,3.65
E-0026995,2.094509,99.2,46.65,204.93,1.19,21.22,11.95,2.68,3
E-0026996,5.2116337,0,576.19,"1,996.1",0,1.82,0,0,0
E-0026997,2.8323956,19.88,107.65,367.05,0,23.51,4.06,0.81,0.51
E-0026998,2.677921,25.15,77.72,252.19,0,22.7,5.03,1.33,1.25
E-0026999,4.155167,0,190.77,642.08,0,7.74,0,0,0
E-0027000,3.4872172,17.94,172.52,666.78,0,11.55,0.61,0.18,0.01
E-0027001,3.509599,23.64,193.83,684.53,0,11.72,0.69,0.05,0
E-0027002,3.2992225,26.91,190.49,707.82,0,16.89,1.91,0.19,0
E-0027003,3.4653974,24.74,159.47,561.29,0,9.68,0.98,0.45,0.35
E-0027004,1.4437717,237.85,14.51,140.55,8.75,3.65,14.88,7.18,12.57
E-0027005,2.7237873,55.66,45.38,398.03,6.44,2.6,6.22,2.55,3.66
E-0027006,1.2809305,185.07,12.96,130.74,9.92,2.71,11.79,6.08,10.56
E-0027007,2.5104282,76.84,50,"1,078.27",25.54,1.01,8.15,4.46,7.28
E-0027008,2.5431364,69.21,20.53,239.45,20.87,1.12,5.97,4.32,6.95
E-0027009,3.7811363,2.89,40.49,812.97,17.74,0.86,0.46,0.63,2.14
E-0027010,2.073219,84.26,33.96,151.14,0.85,24.75,11.27,2.53,3.1
E-0027011,2.9656873,42.52,44.58,663.43,16.8,1.13,4.63,2.68,4.31
E-0027012,3.5736306,35.73,110.99,585.3,0.37,3.36,0.91,0.47,0.56
E-0027013,2.9278746,17.48,45.67,246.3,0,8.81,2.39,0.46,0.61
E-0027014,3.2013874,12.91,62.37,287.39,0,7.68,1.04,0.06,0
E-0027015,3.3578699,53.78,120.39,622.04,1.32,3.78,2.28,1.01,1.17
E-0027016,3.377941,33.2,81.64,611.79,1.39,3.39,1.64,0.79,1.18
E-0027017,2.422164,22.23,28.77,205.52,0,16.18,5.08,0.85,1.36
E-0027018,3.3421717,46.28,102.73,530.41,0.85,4.59,2.24,0.89,0.93
E-0027019,2.079978,166.97,25.83,194.65,7.24,6.77,11.93,5.81,7.97
E-0027020,2.135411,151.36,38.91,220.81,6.71,8.06,11.9,5.03,6.36
E-0027021,3.7739606,0,159.53,545.99,0,9.13,0,0,0
E-0027022,2.086688,163.75,16.61,154.69,7.8,5.34,11.64,5.31,8.1
E-0027023,3.8207202,0,180.23,525.97,0,9.57,0,0,0
E-0027024,3.2844033,38.48,179.02,"1,164.23",8,1.36,4.19,2.07,2.9
E-0027025,3.1492705,53,221.11,"1,829.66",11.67,1.22,4.54,2.4,3.56
E-0027026,0.80293983,223.41,13.05,123.09,11.31,1.89,13.31,8.51,14.86
E-0027028,3.919862,9.53,133.04,554.97,0,3.38,0,0,0
E-0027029,2.594369,0,31.74,157.79,0,20.14,3,0,0.01
E-0027030,3.8375835,10.35,121.78,704.51,0,4.17,0,0,0
E-0027031,2.5180979,10.28,36.04,181.4,0,21.41,4.12,0.06,0.12
E-0027032,3.9353778,10.81,126.3,700.21,0,3.38,0,0,0
E-0027033,4.27124,0,153.22,625.69,0,3.27,0,0,0
E-0027034,2.8496482,0,42.94,188.28,0,18.88,1.57,0,0
E-0027035,3.93134,18.26,145.9,677.51,0,4.18,0,0,0
E-0027036,2.9040308,64.71,84.67,543.18,3.7,5.22,4.8,2.03,2.57
E-0027037,4.1678863,0,104.77,599.07,0,2.47,0,0,0
E-0027038,3.0098586,40.17,93.42,535.19,2.33,5.95,3.63,1.47,1.93
E-0027039,4.38739,0,567.66,"1,870.17",0,2.59,0,0,0
E-0027040,3.630372,19.68,105.98,505.25,0,3.4,0.3,0.23,0.31
E-0027041,2.9046545,75.17,73.88,454.16,4.57,3.42,5.18,2.31,2.89
E-0027042,4.209913,0,76.33,497.23,0,2.23,0,0,0
E-0027043,2.344233,123.74,25.16,205.74,7.36,5.58,9.14,3.93,5.74
E-0027044,1.9863799,184.51,17.08,162.94,7.66,6.61,12.8,6.91,10.07
E-0027045,1.9959015,204.49,12.46,132.52,9.96,4.24,13.32,7.12,10.88
E-0027046,3.0996313,97.45,94.14,313.7,1.97,5.98,4.6,1.73,2.09
E-0027047,2.6540458,24.44,47.93,200.93,0,19.2,4.14,0.12,0
E-0027048,2.9834116,71.45,113.81,541.55,3.14,5.03,4.72,1.9,2.26
E-0027049,2.518894,43.61,48.73,257.86,1.3,12.15,5.52,1.44,1.8
E-0027050,3.212312,41.91,128.66,558.98,1.37,5,2.73,1.07,1.31
E-0027051,3.2033517,61.83,134.02,612.7,1.45,5.44,3.37,1.23,1.32
E-0027052,1.7825372,63.38,36.97,157.69,0,34.36,11.57,1.67,1.71
E-0027053,2.163333,16.78,23.69,99.77,0,23.04,6.4,0.38,0.81
E-0027054,2.9221835,55.24,75.3,424.94,3.5,4.48,4.54,1.93,2.49
E-0027055,3.6498077,9.47,210.57,695.54,0,10.62,0,0,0
E-0027056,3.9708807,0,207.23,699.09,0,9.74,0,0,0
E-0027057,4.1144733,0,203.95,640.26,0,7.83,0,0,0
E-0027058,3.9430952,9.51,115.48,615.8,0,3.02,0,0,0
E-0027059,3.3593109,0,41.49,214.07,0,5.65,0,0,0
E-0027060,3.4225035,54.97,105.28,559.03,1.53,2.72,2.16,1.06,1.27
E-0027061,4.18989,0,226.86,789.87,0,9.79,0,0,0
E-0027062,3.8418949,0,214.18,645.8,0,8.17,0,0,0
E-0027063,3.6460767,0,207.27,684.99,0,12.45,0,0,0
E-0027064,2.8366692,52.05,154.76,550.44,0,17.26,5.62,1.78,1.66
E-0027065,2.522427,48.63,100,302.17,0,23.16,7.48,2.1,1.94
E-0027066,2.1899998,80.82,122.45,493.96,0.21,24.47,11.7,3.92,3.79
E-0027067,2.4048238,58.33,111.78,451,0,24.3,9.24,2.74,2.58
E-0027068,3.549845,7.39,220.6,765.99,0,15.35,0,0,0
E-0027069,4.4305587,0,274.66,884.26,0,6.08,0,0,0
E-0027070,3.2700622,30.5,68.57,472.11,1.97,4.63,2.49,1.14,1.73
E-0027071,3.5052674,7.72,105.38,771.3,1.25,3.45,0.93,0.5,1.21
E-0027072,2.5821433,67.61,44.09,417.49,5.87,5.54,6.83,2.88,3.92
E-0027073,2.514299,48.29,99.19,305.21,0,23.45,7.52,2.14,2
E-0027074,2.590066,36.79,98.01,358.52,0,27.77,6.76,1.91,1.66
E-0027075,2.8055224,44.3,147.1,598.66,0,20.2,5.53,1.77,1.67
E-0027076,2.5329359,40.04,95.87,338.05,0,28.89,7.34,2.02,1.73
E-0027077,2.1431365,77.55,105.55,483.76,0.38,26.08,11.79,4.21,4.2
E-0027078,3.0638843,9.5,78.54,301.39,0.32,10.04,2.74,0.92,1.11
E-0027079,3.4533672,8.01,201.74,721.12,0,15.93,0.03,0,0
E-0027080,3.7637982,0,118.19,697.4,0,6.11,0,0,0.02
E-0027081,5.303476,0,307.84,859.32,0,4.72,0,0,0
E-0027082,2.4350958,39.27,84.93,392.5,0,27.18,7.29,2.56,2.42
E-0027083,2.4910917,42.52,87.96,388.3,0,25.07,6.99,2.38,2.25
E-0027084,2.2950103,65.1,103.39,514.43,0,26.93,9.34,3.58,3.44
E-0027085,2.3300278,66.34,106.08,530.33,0,25.23,9.01,3.48,3.42
E-0027086,2.289191,71.2,88.76,453.3,0.01,25.6,9.5,3.84,3.82
E-0027087,2.3244925,67.04,90.35,503.86,0,25.74,9,3.74,3.78
E-0027088,2.3084476,63.11,98.98,435.36,0.61,23.06,9.9,3.4,3.46
E-0027089,2.504028,55.56,100.15,456.62,0,24.82,7.09,2.77,2.83
E-0027090,2.5009665,57.66,99.25,435.14,0,24.14,7.2,2.77,2.81
E-0027091,2.2758622,35.64,47.68,268.17,0.14,23.02,9.19,3.24,3.54
E-0027092,3.5784593,0,118.1,372.31,0,7.26,0,0,0
E-0027093,2.293898,54.66,74.19,437.39,1.66,19.65,9.77,3.7,3.97
E-0027094,2.824528,1.54,80,409.86,0,19.53,3.98,1.51,1.63
E-0027095,2.2035666,168.16,41.57,528.96,6.94,3.06,11.87,4.44,5.95
E-0027096,2.1374102,156.31,37.65,510.27,7.05,3.25,12.78,4.62,6.02
E-0027097,1.3679941,253.36,7.52,168.97,11.64,3.03,29.01,19.8,23.55
E-0027098,2.8326762,32.97,135.53,790.16,0,20.73,3.99,1.83,1.9
E-0027099,2.48761,35.58,98.49,538,0,29.16,6.59,2.26,2.08
E-0027100,2.7712743,135.4,91.06,930.91,7.2,1.95,6.99,2.98,4.16
E-0027101,2.3002284,198.26,35.87,723.02,9.18,2,10.62,4.41,6.41
E-0027102,1.8839133,220.62,23.14,414.01,7.23,2.91,15.8,5.21,7.29
E-0027103,1.8726267,245.13,23.38,497.93,9.49,2.12,20.38,6.58,9.04
E-0027104,1.6937287,210.01,12.77,322.25,12.14,1.94,18.86,8,10.77
E-0027105,3.4760985,6.99,179.18,647.15,0,12.65,0,0,0
E-0027106,1.1973319,251.22,7.36,137.91,7.01,5.09,29.81,19,22.77
E-0027107,2.2590895,76.35,90.46,727.31,2.29,19.96,10.43,4.27,4.54
E-0027108,3.4191706,13.36,144.98,703.17,0.22,7.72,1.44,0.69,0.91
E-0027109,2.474404,159.24,36.98,773.99,6.56,2.05,8.87,3.16,4.81
E-0027110,2.1472268,174.12,16.14,648.2,10.94,1.43,12.93,4.19,6.19
E-0027112,1.9402927,184.1,17.49,879.53,13.8,1.39,17.13,6.1,8.27
E-0027113,2.226432,151.05,19.77,666.49,9.37,1.62,11.44,3.87,6.03
E-0027114,2.6661375,16.69,75.5,374.66,0,18.06,5.81,1.95,2.02
E-0027115,2.7938676,21.12,54.23,273.38,0,18.87,4.68,1.82,2.06
E-0027116,2.8629615,21.55,77.45,431.01,0,17.93,4.27,1.95,2.2
E-0027117,2.2749786,87.36,81.93,679.09,3.16,16.62,10.97,4.22,4.54
E-0027118,0.89523727,260.7,5.3,59.7,1.96,11.44,31.75,20.39,26.06
E-0027119,1.4477179,183.26,11.12,118.86,8.88,3.95,24.95,6.13,7.82
E-0027120,1.8586978,175.68,14.91,312.4,9.54,2.13,17.46,5.41,7.33
E-0027121,3.224513,79.98,39.66,709.29,4.64,1.6,3.94,1.53,2.86
E-0027122,3.5476217,59.98,60.3,941.49,3.31,1.61,2.64,0.99,2.11
E-0027123,3.068711,55.93,60.11,"1,143.05",6.77,1.4,4.64,1.81,3.51
E-0027124,2.1406393,157.07,18.81,623.56,9.25,1.67,12.22,4.04,6.28
E-0027125,2.9514627,133.2,60.73,"1,173.69",5.77,1.61,6.08,2.16,3.75
E-0027126,2.7167006,32.38,116.04,433.53,0,20.11,5.65,1.73,1.61
E-0027127,2.4751523,51.66,93.62,379.02,0,29.04,6.68,2.66,2.64
E-0027128,2.5066047,51.63,95.38,387.52,0,27.86,6.4,2.58,2.58
E-0027129,2.2311287,42.46,68.97,355.47,0,25.5,8.28,3.28,3.56
E-0027130,2.2698698,66.53,20.33,388.62,15.82,1.25,9.1,3.39,5.34
E-0027131,2.707527,104.61,15.96,520.43,11.08,1.27,7.66,2.83,4.38
E-0027132,1.9167073,172.57,25.2,550.73,8.1,2.69,16.01,5.99,7.9
E-0027133,1.4564068,226.59,21.82,299.28,4.2,6.23,27.52,8.66,10.3
E-0027134,1.814754,185.2,29.13,571.71,5.67,5.28,18.77,7.04,8.55
E-0027135,1.5068271,241.52,18.45,409.88,5.79,4.06,24.53,9.89,12.21
E-0027136,1.8337088,202.07,25.1,662.53,7.62,3.07,16.7,7.26,9.53
E-0027137,1.6545254,168.33,15.27,366.03,9.32,2.29,22.53,7.78,9.46
E-0027138,2.4471967,136.5,54.06,"1,114.66",7.33,2.1,9.29,3.37,5.31
E-0027139,3.004062,73.19,30.27,"1,053.66",10.4,1.12,5.83,2,3.65
E-0027140,1.536427,244.15,22.68,452.89,7.75,2.28,24.31,9.46,12.23
E-0027141,1.9049188,177.79,32.66,444.55,7.37,3.43,16.52,6.83,8.48
E-0027143,2.4971905,34.43,97.92,441.64,0,32.28,6.17,2.45,2.38
E-0027144,2.512234,40.19,99.81,410.17,0,30.19,6.29,2.38,2.27
E-0027145,2.2709146,61.55,63.74,317.86,0.57,21.14,8.29,3.47,3.96
E-0027146,1.9213333,186.61,28.91,453.76,6.97,3.39,15.47,6.12,7.76
E-0027147,1.7076994,176.81,23.09,355.56,6.43,5.15,20,7.53,8.75
E-0027148,2.2588522,99.69,93.55,731.93,2.32,18.51,11.17,4.26,4.47
E-0027152,1.9403797,205.81,28.86,523.4,8.88,2.81,14.73,6.12,8.43
E-0027153,2.1882315,203.48,29.7,859.34,12.15,1.74,13.44,4.98,7.79
E-0027157,1.9929024,228.27,34.94,398.92,4.66,4.7,16.25,4.56,6.14
E-0027159,1.8518264,220.83,22.21,444.15,8.4,3.5,18.52,6.46,8.82
E-0027160,1.4740335,220.82,18.99,211.96,3.79,6.64,21.92,7.98,9.56
E-0027161,1.4311671,208.47,19.41,219.36,4.09,8.79,25.4,8.66,9.76
E-0027168,1.542741,218.51,22.64,246.46,4.26,7.91,23.51,8.63,9.9
E-0027170,1.3279065,222.08,16.75,178.21,3.42,9.33,27.29,10.09,11.53
E-0027171,1.1392351,205.03,15.55,175.6,3.35,11.35,32.03,10.69,11.9
E-0027172,2.1005034,184.69,30.64,400.35,6.75,3.08,13.01,4.96,6.61
E-0027173,1.5492967,225.21,20.38,238.94,5.64,6.9,22.14,8.11,9.68
E-0027175,0.9366297,221.47,10.55,128.69,2.2,11.56,33.25,10.19,11.6
E-0027182,2.6264126,27.59,107.19,461.39,0,24.44,6.11,1.86,1.79
E-0027183,1.498893,197.51,18.13,289.99,6.41,4.77,24,11.32,12.8
E-0027184,0.83746445,217.19,10.48,112.63,1.94,12.24,34.1,14.17,15.62
E-0027185,1.2929878,216.32,17.52,200.95,2.73,9.03,20.7,7.31,8.49
E-0027186,1.5371621,208.27,17.17,206.38,4.2,6.46,19.88,6.86,8.69
E-0027187,1.472387,199.15,18.23,223.12,3.74,7.32,18.32,5.95,7.34
E-0027188,1.3379791,220.58,15.63,187.25,2.76,8.08,19.39,7.25,9.15
E-0027189,1.3776987,220.59,16.25,192.11,2.83,7.11,18.68,6.74,8.65
E-0027190,1.1404389,203.19,15.08,240.64,4.22,7.15,33.73,11.9,13.38
E-0027191,2.0003278,237.13,29.19,406.55,4.39,4.03,15.05,4.22,6.12
E-0027192,1.4050894,245.49,14.3,176.02,3.07,8.66,26.37,6.21,7.94
E-0027193,2.274811,187.56,41.9,677.22,5.61,4.48,11.76,4.22,5.7
E-0027194,2.5099144,193.91,50.52,762.98,5.42,2.29,9.66,3.13,4.74
E-0027195,1.9543988,256.44,30.54,302.31,2.54,7.63,16.33,4.15,5.46
E-0027196,1.9233398,238.41,34.55,396.03,3.36,5.26,13.55,3.82,5.13
E-0027197,2.114566,231.91,28.64,367.37,4.18,3.52,13.07,3.56,5.51
E-0027198,1.9879425,230.89,31.45,396.16,3.67,4.53,13.19,3.6,5.14
E-0027199,1.9857187,233.73,32.95,372.97,3.57,4.63,12.73,3.84,5.46
E-0027200,1.8621353,238.16,28.84,331.65,3.27,5.02,14.11,4.24,6.04
E-0027201,1.8480057,232.4,25.95,391.01,5.11,5.04,19.14,5.17,6.86
E-0027202,1.8204113,217.68,26.93,351.63,5.61,4.66,18.83,6.38,8
E-0027203,1.8071694,195.85,30.1,335.87,5.96,6.67,19.23,7.57,8.72
E-0027210,1.713658,190.04,21.42,411.73,6.88,4.87,21.11,7.98,9.21
E-0027213,2.2359247,181.52,40.29,636.09,6.69,2.81,11.86,4.08,5.82
E-0027214,1.9497517,182.64,26.63,423.12,6.78,4.63,15.69,5.88,7.39
E-0027215,2.0786297,199.52,40.22,614.54,5.97,4.6,14.19,5,6.5
E-0027218,1.4801892,251.11,15.6,260.73,2.59,7.92,20.81,5.93,8.69
E-0027231,1.6765163,204.88,22.86,285.23,5.55,5.1,19.6,7.65,9.05
E-0027235,2.027563,186.26,56.64,483.68,6.85,3.97,16.6,5.97,7.25
E-0027239,1.5544326,219.37,26.54,247.54,3.91,8.79,22.7,9.11,10.13